{
"type": "FeatureCollection",
"name": "banquina_vereda",
"crs": { "type": "name", "properties": { "name": "urn:ogc:def:crs:OGC:1.3:CRS84" } },
"features": [
{ "type": "Feature", "properties": { "id_tramo": 2, "osm_id": "177321947", "zona": "URBANO", "km": 0.1316745174819805, "lado": null, "banq_vrda": "NO", "b_v_estado": null, "km_b_v": 0.1116745174819805, "fecha": "08-2026" }, "geometry": { "type": "LineString", "coordinates": [ [ -68.458113920056533, -33.187351274828281 ], [ -68.457648420282894, -33.186623074691255 ] ] } },
{ "type": "Feature", "properties": { "id_tramo": 4, "osm_id": "177321947", "zona": "URBANO", "km": 0.076735696240249812, "lado": null, "banq_vrda": "NO", "b_v_estado": null, "km_b_v": 0.056735696240249808, "fecha": "08-2026" }, "geometry": { "type": "LineString", "coordinates": [ [ -68.459256827887884, -33.188923787397741 ], [ -68.458991127774539, -33.188533387474941 ] ] } },
{ "type": "Feature", "properties": { "id_tramo": 6, "osm_id": "771230548", "zona": "URBANO", "km": 0.11779559404647701, "lado": null, "banq_vrda": "NO", "b_v_estado": null, "km_b_v": 0.097795594046477002, "fecha": "08-2026" }, "geometry": { "type": "LineString", "coordinates": [ [ -68.458741725825334, -33.188367563922576 ], [ -68.457971226078541, -33.188618163830711 ] ] } },
{ "type": "Feature", "properties": { "id_tramo": 7, "osm_id": "177321922", "zona": "URBANO", "km": 0.12392292397883316, "lado": null, "banq_vrda": "NO", "b_v_estado": null, "km_b_v": 0.10392292397883315, "fecha": "08-2026" }, "geometry": { "type": "LineString", "coordinates": [ [ -68.456226482135108, -33.187898415724739 ], [ -68.455801682343548, -33.187230915599599 ] ] } },
{ "type": "Feature", "properties": { "id_tramo": 11, "osm_id": "177322061", "zona": "URBANO", "km": 0.10614847704761934, "lado": null, "banq_vrda": "SI", "b_v_estado": "BUENO", "km_b_v": 0.08614847704761934, "fecha": "08-2026" }, "geometry": { "type": "LineString", "coordinates": [ [ -68.466614851013787, -33.197453718285423 ], [ -68.466098350770395, -33.196658318437052 ] ] } },
{ "type": "Feature", "properties": { "id_tramo": 19, "osm_id": "177322061", "zona": "URBANO", "km": 0.13744877826966284, "lado": null, "banq_vrda": "SI", "b_v_estado": "BUENO", "km_b_v": 0.11744877826966284, "fecha": "08-2026" }, "geometry": { "type": "LineString", "coordinates": [ [ -68.46523229215191, -33.19535485577952 ], [ -68.464713491886812, -33.194522755933008 ] ] } },
{ "type": "Feature", "properties": { "id_tramo": 20, "osm_id": "177321955", "zona": "URBANO", "km": 0.12677634088931433, "lado": null, "banq_vrda": "NO", "b_v_estado": null, "km_b_v": 0.10677634088931433, "fecha": "08-2026" }, "geometry": { "type": "LineString", "coordinates": [ [ -68.467800605067879, -33.194588697238466 ], [ -68.468232305264451, -33.195242597112134 ] ] } },
{ "type": "Feature", "properties": { "id_tramo": 22, "osm_id": "177322061", "zona": "URBANO", "km": 0.079714972804785927, "lado": null, "banq_vrda": "NO", "b_v_estado": null, "km_b_v": 0.059714972804785924, "fecha": "08-2026" }, "geometry": { "type": "LineString", "coordinates": [ [ -68.468910054558719, -33.200982221409056 ], [ -68.468680354450413, -33.200628421476523 ] ] } },
{ "type": "Feature", "properties": { "id_tramo": 24, "osm_id": "177322061", "zona": "URBANO", "km": 0.11644874142447516, "lado": null, "banq_vrda": "NO", "b_v_estado": null, "km_b_v": 0.096448741424475154, "fecha": "08-2026" }, "geometry": { "type": "LineString", "coordinates": [ [ -68.467857655281463, -33.199383118976357 ], [ -68.467436955092211, -33.198749619099324 ] ] } },
{ "type": "Feature", "properties": { "id_tramo": 25, "osm_id": "177321929", "zona": "URBANO", "km": 0.14160821460137962, "lado": null, "banq_vrda": "SI", "b_v_estado": "BUENO", "km_b_v": 0.12160821460137962, "fecha": "08-2026" }, "geometry": { "type": "LineString", "coordinates": [ [ -68.467838605750828, -33.196878849128218 ], [ -68.467326405512054, -33.196094149278437 ] ] } },
{ "type": "Feature", "properties": { "id_tramo": 30, "osm_id": "177322061", "zona": "URBANO", "km": 0.074628874259865696, "lado": null, "banq_vrda": "NO", "b_v_estado": null, "km_b_v": 0.054628874259865692, "fecha": "08-2026" }, "geometry": { "type": "LineString", "coordinates": [ [ -68.469308813049025, -33.201581111405964 ], [ -68.469065312932628, -33.201203511477566 ] ] } },
{ "type": "Feature", "properties": { "id_tramo": 39, "osm_id": "924950738", "zona": "URBANO", "km": 0.065089714399036228, "lado": null, "banq_vrda": "NO", "b_v_estado": null, "km_b_v": 0.045089714399036224, "fecha": "08-2026" }, "geometry": { "type": "LineString", "coordinates": [ [ -68.470335395616473, -33.201457334058006 ], [ -68.470038295731754, -33.20150723403934 ] ] } },
{ "type": "Feature", "properties": { "id_tramo": 40, "osm_id": "924950738", "zona": "URBANO", "km": 0.1351767432586464, "lado": null, "banq_vrda": "NO", "b_v_estado": null, "km_b_v": 0.11517674325864639, "fecha": "08-2026" }, "geometry": { "type": "LineString", "coordinates": [ [ -68.471798620992715, -33.201255143756988 ], [ -68.47072292141678, -33.20140864370002 ] ] } },
{ "type": "Feature", "properties": { "id_tramo": 42, "osm_id": "924950738", "zona": "URBANO", "km": 0.067632642262032319, "lado": null, "banq_vrda": "NO", "b_v_estado": null, "km_b_v": 0.047632642262032315, "fecha": "08-2026" }, "geometry": { "type": "LineString", "coordinates": [ [ -68.473431887768854, -33.200874823587384 ], [ -68.473096887702056, -33.201060223649328 ] ] } },
{ "type": "Feature", "properties": { "id_tramo": 43, "osm_id": "183315905", "zona": "URBANO", "km": 0.13211010216076335, "lado": null, "banq_vrda": "NO", "b_v_estado": null, "km_b_v": 0.11211010216076335, "fecha": "08-2026" }, "geometry": { "type": "LineString", "coordinates": [ [ -68.467667581671265, -33.197327650015275 ], [ -68.466842381462158, -33.197711850149048 ] ] } },
{ "type": "Feature", "properties": { "id_tramo": 44, "osm_id": "183315905", "zona": "URBANO", "km": 0.13211010216076335, "lado": null, "banq_vrda": "SI", "b_v_estado": "BUENO", "km_b_v": 0.11211010216076335, "fecha": "08-2026" }, "geometry": { "type": "LineString", "coordinates": [ [ -68.46753262479335, -33.197107146995833 ], [ -68.466713325001052, -33.197488446863069 ] ] } },
{ "type": "Feature", "properties": { "id_tramo": 45, "osm_id": "257800486", "zona": "URBANO", "km": 0.13248637230550045, "lado": null, "banq_vrda": "NO", "b_v_estado": null, "km_b_v": 0.11248637230550045, "fecha": "08-2026" }, "geometry": { "type": "LineString", "coordinates": [ [ -68.468955405487662, -33.199221168619147 ], [ -68.468088805261061, -33.199612668756323 ] ] } },
{ "type": "Feature", "properties": { "id_tramo": 46, "osm_id": "257800486", "zona": "URBANO", "km": 0.13248637230550045, "lado": null, "banq_vrda": "NO", "b_v_estado": null, "km_b_v": 0.11248637230550045, "fecha": "08-2026" }, "geometry": { "type": "LineString", "coordinates": [ [ -68.468788569198423, -33.199000372709435 ], [ -68.46793546941386, -33.199398772570788 ] ] } },
{ "type": "Feature", "properties": { "id_tramo": 47, "osm_id": "177170501", "zona": "URBANO", "km": 0.13266484614288995, "lado": null, "banq_vrda": "NO", "b_v_estado": null, "km_b_v": 0.11266484614288995, "fecha": "08-2026" }, "geometry": { "type": "LineString", "coordinates": [ [ -68.46952870662335, -33.200089396227455 ], [ -68.468644006842737, -33.200509396081792 ] ] } },
{ "type": "Feature", "properties": { "id_tramo": 48, "osm_id": "177170501", "zona": "URBANO", "km": 0.13266484614288995, "lado": null, "banq_vrda": "NO", "b_v_estado": null, "km_b_v": 0.11266484614288995, "fecha": "08-2026" }, "geometry": { "type": "LineString", "coordinates": [ [ -68.469403586679405, -33.199945325815818 ], [ -68.468550486899503, -33.200335825679375 ] ] } },
{ "type": "Feature", "properties": { "id_tramo": 49, "osm_id": "257800489", "zona": "URBANO", "km": 0.068444022201126928, "lado": null, "banq_vrda": "NO", "b_v_estado": null, "km_b_v": 0.048444022201126924, "fecha": "08-2026" }, "geometry": { "type": "LineString", "coordinates": [ [ -68.469440754421285, -33.200997556895288 ], [ -68.469080754323329, -33.201153556950388 ] ] } },
{ "type": "Feature", "properties": { "id_tramo": 50, "osm_id": "257800489", "zona": "URBANO", "km": 0.068444022201126928, "lado": null, "banq_vrda": "NO", "b_v_estado": null, "km_b_v": 0.048444022201126924, "fecha": "08-2026" }, "geometry": { "type": "LineString", "coordinates": [ [ -68.469856937356553, -33.200630278029344 ], [ -68.469010537582648, -33.201004377897725 ] ] } },
{ "type": "Feature", "properties": { "id_tramo": 51, "osm_id": "177321929", "zona": "URBANO", "km": 0.12708970675820089, "lado": null, "banq_vrda": "SI", "b_v_estado": "BUENO", "km_b_v": 0.10708970675820088, "fecha": "08-2026" }, "geometry": { "type": "LineString", "coordinates": [ [ -68.467095743119927, -33.195760754249747 ], [ -68.46664734291393, -33.195078654381057 ] ] } },
{ "type": "Feature", "properties": { "id_tramo": 55, "osm_id": "177170643", "zona": "URBANO", "km": 0.13420208494874841, "lado": null, "banq_vrda": "NO", "b_v_estado": null, "km_b_v": 0.11420208494874841, "fecha": "08-2026" }, "geometry": { "type": "LineString", "coordinates": [ [ -68.46830429361907, -33.198278597813911 ], [ -68.467461393407092, -33.198673797951329 ] ] } },
{ "type": "Feature", "properties": { "id_tramo": 56, "osm_id": "177170643", "zona": "URBANO", "km": 0.13420208494874841, "lado": null, "banq_vrda": "NO", "b_v_estado": null, "km_b_v": 0.11420208494874841, "fecha": "08-2026" }, "geometry": { "type": "LineString", "coordinates": [ [ -68.468165080692444, -33.198044961371984 ], [ -68.467330280900526, -33.198439461235026 ] ] } },
{ "type": "Feature", "properties": { "id_tramo": 208, "osm_id": "257781709", "zona": "URBANO", "km": 0.094975432018632969, "lado": null, "banq_vrda": "NO", "b_v_estado": null, "km_b_v": 0.074975432018632965, "fecha": "08-2026" }, "geometry": { "type": "LineString", "coordinates": [ [ -68.462696610668615, -33.196582415215566 ], [ -68.462193210798702, -33.196812515135179 ] ] } },
{ "type": "Feature", "properties": { "id_tramo": 209, "osm_id": "183315928", "zona": "URBANO", "km": 0.095514386746257673, "lado": null, "banq_vrda": "NO", "b_v_estado": null, "km_b_v": 0.07551438674625767, "fecha": "08-2026" }, "geometry": { "type": "LineString", "coordinates": [ [ -68.46348157266776, -33.197796092520477 ], [ -68.462953972531267, -33.198036992604685 ] ] } },
{ "type": "Feature", "properties": { "id_tramo": 210, "osm_id": "183315928", "zona": "URBANO", "km": 0.095514386746257673, "lado": null, "banq_vrda": "NO", "b_v_estado": null, "km_b_v": 0.07551438674625767, "fecha": "08-2026" }, "geometry": { "type": "LineString", "coordinates": [ [ -68.463322945360702, -33.197561245026229 ], [ -68.462825745488644, -33.197789444946544 ] ] } },
{ "type": "Feature", "properties": { "id_tramo": 211, "osm_id": "177321922", "zona": "URBANO", "km": 0.12253630998083478, "lado": null, "banq_vrda": "NO", "b_v_estado": null, "km_b_v": 0.10253630998083478, "fecha": "08-2026" }, "geometry": { "type": "LineString", "coordinates": [ [ -68.462742242615889, -33.197785859915754 ], [ -68.462316342410773, -33.19712296004105 ] ] } },
{ "type": "Feature", "properties": { "id_tramo": 212, "osm_id": "183315837", "zona": "URBANO", "km": 0.094503966952595594, "lado": null, "banq_vrda": "NO", "b_v_estado": null, "km_b_v": 0.074503966952595591, "fecha": "08-2026" }, "geometry": { "type": "LineString", "coordinates": [ [ -68.462060679852826, -33.195625701786994 ], [ -68.461568579719909, -33.195840701862757 ] ] } },
{ "type": "Feature", "properties": { "id_tramo": 213, "osm_id": "183315837", "zona": "URBANO", "km": 0.094503966952595594, "lado": null, "banq_vrda": "NO", "b_v_estado": null, "km_b_v": 0.074503966952595591, "fecha": "08-2026" }, "geometry": { "type": "LineString", "coordinates": [ [ -68.46194164169134, -33.195376445336919 ], [ -68.461414541834714, -33.19560494525625 ] ] } },
{ "type": "Feature", "properties": { "id_tramo": 215, "osm_id": "183312754", "zona": "URBANO", "km": 0.093737762335040969, "lado": null, "banq_vrda": "NO", "b_v_estado": null, "km_b_v": 0.073737762335040966, "fecha": "08-2026" }, "geometry": { "type": "LineString", "coordinates": [ [ -68.461277612374715, -33.19436419982204 ], [ -68.460757912505457, -33.194607799737369 ] ] } },
{ "type": "Feature", "properties": { "id_tramo": 217, "osm_id": "183312786", "zona": "URBANO", "km": 0.093257794228154028, "lado": null, "banq_vrda": "NO", "b_v_estado": null, "km_b_v": 0.073257794228154025, "fecha": "08-2026" }, "geometry": { "type": "LineString", "coordinates": [ [ -68.460647491696946, -33.193366228939809 ], [ -68.460096991553797, -33.193616329027293 ] ] } },
{ "type": "Feature", "properties": { "id_tramo": 61, "osm_id": "177170643", "zona": "URBANO", "km": 0.11811697323981549, "lado": null, "banq_vrda": "NO", "b_v_estado": null, "km_b_v": 0.098116973239815483, "fecha": "08-2026" }, "geometry": { "type": "LineString", "coordinates": [ [ -68.469456897529824, -33.197747981182708 ], [ -68.468701397334712, -33.198093481303459 ] ] } },
{ "type": "Feature", "properties": { "id_tramo": 64, "osm_id": "257800486", "zona": "URBANO", "km": 0.12078861214294849, "lado": null, "banq_vrda": "NO", "b_v_estado": null, "km_b_v": 0.10078861214294849, "fecha": "08-2026" }, "geometry": { "type": "LineString", "coordinates": [ [ -68.469911665718257, -33.19847663556444 ], [ -68.469179065906985, -33.198812435447131 ] ] } },
{ "type": "Feature", "properties": { "id_tramo": 65, "osm_id": "177170501", "zona": "URBANO", "km": 0.12135410793595812, "lado": null, "banq_vrda": "NO", "b_v_estado": null, "km_b_v": 0.10135410793595812, "fecha": "08-2026" }, "geometry": { "type": "LineString", "coordinates": [ [ -68.470636175781223, -33.199594994712754 ], [ -68.46988367597902, -33.199933194594131 ] ] } },
{ "type": "Feature", "properties": { "id_tramo": 69, "osm_id": "177321947", "zona": "URBANO", "km": 0.13640703484320302, "lado": null, "banq_vrda": "NO", "b_v_estado": null, "km_b_v": 0.11640703484320301, "fecha": "08-2026" }, "geometry": { "type": "LineString", "coordinates": [ [ -68.463377278579571, -33.194728409001655 ], [ -68.462896478356782, -33.193994009142564 ] ] } },
{ "type": "Feature", "properties": { "id_tramo": 70, "osm_id": "177321947", "zona": "URBANO", "km": 0.13640703484320302, "lado": null, "banq_vrda": "NO", "b_v_estado": null, "km_b_v": 0.11640703484320301, "fecha": "08-2026" }, "geometry": { "type": "LineString", "coordinates": [ [ -68.463099761722333, -33.194835052471163 ], [ -68.462615361944657, -33.194098552329322 ] ] } },
{ "type": "Feature", "properties": { "id_tramo": 78, "osm_id": "183312754", "zona": "URBANO", "km": 0.12393348550353563, "lado": null, "banq_vrda": "NO", "b_v_estado": null, "km_b_v": 0.10393348550353562, "fecha": "08-2026" }, "geometry": { "type": "LineString", "coordinates": [ [ -68.463660568359003, -33.193541948261014 ], [ -68.462870868156045, -33.193904748387666 ] ] } },
{ "type": "Feature", "properties": { "id_tramo": 79, "osm_id": "183315837", "zona": "URBANO", "km": 0.1223611659920292, "lado": null, "banq_vrda": "NO", "b_v_estado": null, "km_b_v": 0.1023611659920292, "fecha": "08-2026" }, "geometry": { "type": "LineString", "coordinates": [ [ -68.464355539006661, -33.194636262965972 ], [ -68.463579738795417, -33.194972163084543 ] ] } },
{ "type": "Feature", "properties": { "id_tramo": 83, "osm_id": "183315928", "zona": "URBANO", "km": 0.11976751966257937, "lado": null, "banq_vrda": "SI", "b_v_estado": "BUENO", "km_b_v": 0.099767519662579365, "fecha": "08-2026" }, "geometry": { "type": "LineString", "coordinates": [ [ -68.465723262963635, -33.196732321435739 ], [ -68.464991662768213, -33.197055721549468 ] ] } },
{ "type": "Feature", "properties": { "id_tramo": 84, "osm_id": "183315928", "zona": "URBANO", "km": 0.11976751966257937, "lado": null, "banq_vrda": "SI", "b_v_estado": "BUENO", "km_b_v": 0.099767519662579365, "fecha": "08-2026" }, "geometry": { "type": "LineString", "coordinates": [ [ -68.465578699366745, -33.196528007194459 ], [ -68.464856599561514, -33.196843907083149 ] ] } },
{ "type": "Feature", "properties": { "id_tramo": 86, "osm_id": "183315904", "zona": "URBANO", "km": 0.11948651864527335, "lado": null, "banq_vrda": "SI", "b_v_estado": "BUENO", "km_b_v": 0.099486518645273345, "fecha": "08-2026" }, "geometry": { "type": "LineString", "coordinates": [ [ -68.466098316947125, -33.197318503906239 ], [ -68.46534241718652, -33.197583003809925 ] ] } },
{ "type": "Feature", "properties": { "id_tramo": 87, "osm_id": "257800487", "zona": "URBANO", "km": 0.11789701270868833, "lado": null, "banq_vrda": "NO", "b_v_estado": null, "km_b_v": 0.097897012708688322, "fecha": "08-2026" }, "geometry": { "type": "LineString", "coordinates": [ [ -68.467099923261969, -33.198821277313122 ], [ -68.46633072306625, -33.199178077437466 ] ] } },
{ "type": "Feature", "properties": { "id_tramo": 91, "osm_id": "183312795", "zona": "URBANO", "km": 0.14835465627699823, "lado": null, "banq_vrda": "NO", "b_v_estado": null, "km_b_v": 0.12835465627699824, "fecha": "08-2026" }, "geometry": { "type": "LineString", "coordinates": [ [ -68.469140605815426, -33.201932936792318 ], [ -68.469004919590773, -33.201931857583538 ], [ -68.468841642982966, -33.201913748192524 ], [ -68.468062147655431, -33.201769083117391 ] ] } },
{ "type": "Feature", "properties": { "id_tramo": 93, "osm_id": "177170612", "zona": "URBANO", "km": 0.064878914467588866, "lado": null, "banq_vrda": "NO", "b_v_estado": null, "km_b_v": 0.044878914467588862, "fecha": "08-2026" }, "geometry": { "type": "LineString", "coordinates": [ [ -68.480433352966344, -33.194403221020906 ], [ -68.481329252708974, -33.194039621150758 ] ] } },
{ "type": "Feature", "properties": { "id_tramo": 95, "osm_id": "177170587", "zona": "URBANO", "km": 0.13521338771139896, "lado": null, "banq_vrda": "NO", "b_v_estado": null, "km_b_v": 0.11521338771139895, "fecha": "08-2026" }, "geometry": { "type": "LineString", "coordinates": [ [ -68.480424851911224, -33.194630957673922 ], [ -68.47922595156335, -33.195111257845802 ] ] } },
{ "type": "Feature", "properties": { "id_tramo": 96, "osm_id": "177170587", "zona": "URBANO", "km": 0.13521338771139896, "lado": null, "banq_vrda": "NO", "b_v_estado": null, "km_b_v": 0.11521338771139895, "fecha": "08-2026" }, "geometry": { "type": "LineString", "coordinates": [ [ -68.48032140553542, -33.194446661845475 ], [ -68.479119705891875, -33.194913561677645 ] ] } },
{ "type": "Feature", "properties": { "id_tramo": 98, "osm_id": "177322061", "zona": "URBANO", "km": 0.17026837875038159, "lado": null, "banq_vrda": "NO", "b_v_estado": null, "km_b_v": 0.1502683787503816, "fecha": "08-2026" }, "geometry": { "type": "LineString", "coordinates": [ [ -68.463084434072854, -33.192087095766773 ], [ -68.462410733756471, -33.191051295964456 ] ] } },
{ "type": "Feature", "properties": { "id_tramo": 99, "osm_id": "177322061", "zona": "URBANO", "km": 0.17026837875038159, "lado": null, "banq_vrda": "NO", "b_v_estado": null, "km_b_v": 0.1502683787503816, "fecha": "08-2026" }, "geometry": { "type": "LineString", "coordinates": [ [ -68.462827588568032, -33.192199784823394 ], [ -68.462152688890811, -33.191152784625004 ] ] } },
{ "type": "Feature", "properties": { "id_tramo": 100, "osm_id": "177321969", "zona": "URBANO", "km": 0.13174065963779324, "lado": null, "banq_vrda": "NO", "b_v_estado": null, "km_b_v": 0.11174065963779324, "fecha": "08-2026" }, "geometry": { "type": "LineString", "coordinates": [ [ -68.46219500437752, -33.195218748155305 ], [ -68.461742504166565, -33.19452554828797 ] ] } },
{ "type": "Feature", "properties": { "id_tramo": 102, "osm_id": "177321929", "zona": "URBANO", "km": 0.12201432960340199, "lado": null, "banq_vrda": "NO", "b_v_estado": null, "km_b_v": 0.10201432960340198, "fecha": "08-2026" }, "geometry": { "type": "LineString", "coordinates": [ [ -68.468466995032628, -33.197850332080094 ], [ -68.468055894841456, -33.197221332200634 ] ] } },
{ "type": "Feature", "properties": { "id_tramo": 104, "osm_id": "177321955", "zona": "URBANO", "km": 0.11830365422451675, "lado": null, "banq_vrda": "NO", "b_v_estado": null, "km_b_v": 0.098303654224516743, "fecha": "08-2026" }, "geometry": { "type": "LineString", "coordinates": [ [ -68.469589634015634, -33.197337792184996 ], [ -68.469178433822663, -33.196705792305679 ] ] } },
{ "type": "Feature", "properties": { "id_tramo": 107, "osm_id": "177321929", "zona": "URBANO", "km": 0.11805152682518301, "lado": null, "banq_vrda": "NO", "b_v_estado": null, "km_b_v": 0.098051526825183005, "fecha": "08-2026" }, "geometry": { "type": "LineString", "coordinates": [ [ -68.469091662212378, -33.198794381341308 ], [ -68.468684962024739, -33.198174481460484 ] ] } },
{ "type": "Feature", "properties": { "id_tramo": 109, "osm_id": "177321955", "zona": "URBANO", "km": 0.12157712411691127, "lado": null, "banq_vrda": "NO", "b_v_estado": null, "km_b_v": 0.10157712411691126, "fecha": "08-2026" }, "geometry": { "type": "LineString", "coordinates": [ [ -68.470207199775558, -33.198274639047618 ], [ -68.469809899590615, -33.197666439164124 ] ] } },
{ "type": "Feature", "properties": { "id_tramo": 113, "osm_id": "257800486", "zona": "URBANO", "km": 0.13679051606795067, "lado": null, "banq_vrda": "NO", "b_v_estado": null, "km_b_v": 0.11679051606795067, "fecha": "08-2026" }, "geometry": { "type": "LineString", "coordinates": [ [ -68.471222663723523, -33.19787698252258 ], [ -68.470321363954142, -33.198292782377479 ] ] } },
{ "type": "Feature", "properties": { "id_tramo": 218, "osm_id": "177321945", "zona": "URBANO", "km": 0.13217028893069901, "lado": null, "banq_vrda": "NO", "b_v_estado": null, "km_b_v": 0.11217028893069901, "fecha": "08-2026" }, "geometry": { "type": "LineString", "coordinates": [ [ -68.459510084448894, -33.195079665798765 ], [ -68.459035684233882, -33.194362765937477 ] ] } },
{ "type": "Feature", "properties": { "id_tramo": 221, "osm_id": "177321969", "zona": "URBANO", "km": 0.1737551437891523, "lado": null, "banq_vrda": "NO", "b_v_estado": null, "km_b_v": 0.15375514378915231, "fecha": "08-2026" }, "geometry": { "type": "LineString", "coordinates": [ [ -68.460804013279471, -33.193151861381061 ], [ -68.460168713627795, -33.192094461191886 ] ] } },
{ "type": "Feature", "properties": { "id_tramo": 222, "osm_id": "183312785", "zona": "URBANO", "km": 0.092377115857557146, "lado": null, "banq_vrda": "NO", "b_v_estado": null, "km_b_v": 0.072377115857557142, "fecha": "08-2026" }, "geometry": { "type": "LineString", "coordinates": [ [ -68.459886838622722, -33.192147475988364 ], [ -68.459328638482802, -33.192409976079539 ] ] } },
{ "type": "Feature", "properties": { "id_tramo": 224, "osm_id": "177321955", "zona": "URBANO", "km": 0.19150876244277595, "lado": null, "banq_vrda": "NO", "b_v_estado": null, "km_b_v": 0.17150876244277596, "fecha": "08-2026" }, "geometry": { "type": "LineString", "coordinates": [ [ -68.465561032740013, -33.19136995606415 ], [ -68.464840633152463, -33.190142155848761 ] ] } },
{ "type": "Feature", "properties": { "id_tramo": 225, "osm_id": "177321955", "zona": "URBANO", "km": 0.19150876244277595, "lado": null, "banq_vrda": "NO", "b_v_estado": null, "km_b_v": 0.17150876244277596, "fecha": "08-2026" }, "geometry": { "type": "LineString", "coordinates": [ [ -68.465361271536295, -33.191422222051919 ], [ -68.464648071940843, -33.19021292183885 ] ] } },
{ "type": "Feature", "properties": { "id_tramo": 227, "osm_id": "177170650", "zona": "URBANO", "km": 0.11012814118062146, "lado": null, "banq_vrda": "NO", "b_v_estado": null, "km_b_v": 0.090128141180621457, "fecha": "08-2026" }, "geometry": { "type": "LineString", "coordinates": [ [ -68.465477708603089, -33.189559283904053 ], [ -68.464825708798372, -33.189809183814106 ] ] } },
{ "type": "Feature", "properties": { "id_tramo": 390, "osm_id": "177321929", "zona": "URBANO", "km": 0.14099397227739915, "lado": null, "banq_vrda": "NO", "b_v_estado": null, "km_b_v": 0.12099397227739915, "fecha": "08-2026" }, "geometry": { "type": "LineString", "coordinates": [ [ -68.461139845046375, -33.186444727981751 ], [ -68.46065004480451, -33.185672528126148 ] ] } },
{ "type": "Feature", "properties": { "id_tramo": 391, "osm_id": "177321929", "zona": "URBANO", "km": 0.14099397227739915, "lado": null, "banq_vrda": "NO", "b_v_estado": null, "km_b_v": 0.12099397227739915, "fecha": "08-2026" }, "geometry": { "type": "LineString", "coordinates": [ [ -68.460864065997868, -33.186545031079902 ], [ -68.460384366239808, -33.18578063093819 ] ] } },
{ "type": "Feature", "properties": { "id_tramo": 392, "osm_id": "177322061", "zona": "URBANO", "km": 0.12964903548346235, "lado": null, "banq_vrda": "NO", "b_v_estado": null, "km_b_v": 0.10964903548346235, "fecha": "08-2026" }, "geometry": { "type": "LineString", "coordinates": [ [ -68.459751742582057, -33.18686611230779 ], [ -68.459312242375162, -33.186189512436762 ] ] } },
{ "type": "Feature", "properties": { "id_tramo": 394, "osm_id": "177322061", "zona": "URBANO", "km": 0.11731559365966331, "lado": null, "banq_vrda": "NO", "b_v_estado": null, "km_b_v": 0.097315593659663302, "fecha": "08-2026" }, "geometry": { "type": "LineString", "coordinates": [ [ -68.459034004463959, -33.185892391772427 ], [ -68.458612804674488, -33.185224291648133 ] ] } },
{ "type": "Feature", "properties": { "id_tramo": 396, "osm_id": "177321929", "zona": "URBANO", "km": 0.11582117524059822, "lado": null, "banq_vrda": "NO", "b_v_estado": null, "km_b_v": 0.095821175240598216, "fecha": "08-2026" }, "geometry": { "type": "LineString", "coordinates": [ [ -68.460367941304099, -33.185373290862927 ], [ -68.459982241499787, -33.184756790748928 ] ] } },
{ "type": "Feature", "properties": { "id_tramo": 115, "osm_id": "177170643", "zona": "URBANO", "km": 0.13507249162646584, "lado": null, "banq_vrda": "NO", "b_v_estado": null, "km_b_v": 0.11507249162646584, "fecha": "08-2026" }, "geometry": { "type": "LineString", "coordinates": [ [ -68.47057397277689, -33.196935378447129 ], [ -68.469681073005503, -33.197347078303466 ] ] } },
{ "type": "Feature", "properties": { "id_tramo": 116, "osm_id": "183315905", "zona": "URBANO", "km": 0.13304019974754897, "lado": null, "banq_vrda": "NO", "b_v_estado": null, "km_b_v": 0.11304019974754896, "fecha": "08-2026" }, "geometry": { "type": "LineString", "coordinates": [ [ -68.470039891237974, -33.196206408823038 ], [ -68.469195891031703, -33.196612108963365 ] ] } },
{ "type": "Feature", "properties": { "id_tramo": 117, "osm_id": "183315905", "zona": "URBANO", "km": 0.13304019974754897, "lado": null, "banq_vrda": "NO", "b_v_estado": null, "km_b_v": 0.11304019974754896, "fecha": "08-2026" }, "geometry": { "type": "LineString", "coordinates": [ [ -68.469913353357853, -33.195985033819866 ], [ -68.469049553577221, -33.19638633368006 ] ] } },
{ "type": "Feature", "properties": { "id_tramo": 118, "osm_id": "257781715", "zona": "URBANO", "km": 0.13012043563787221, "lado": null, "banq_vrda": "NO", "b_v_estado": null, "km_b_v": 0.1101204356378722, "fecha": "08-2026" }, "geometry": { "type": "LineString", "coordinates": [ [ -68.469262718612399, -33.195098791233221 ], [ -68.468459018413526, -33.19548099136572 ] ] } },
{ "type": "Feature", "properties": { "id_tramo": 119, "osm_id": "257781715", "zona": "URBANO", "km": 0.13012043563787221, "lado": null, "banq_vrda": "NO", "b_v_estado": null, "km_b_v": 0.1101204356378722, "fecha": "08-2026" }, "geometry": { "type": "LineString", "coordinates": [ [ -68.469111469555955, -33.194877866974252 ], [ -68.46830776975608, -33.195257966842341 ] ] } },
{ "type": "Feature", "properties": { "id_tramo": 123, "osm_id": "177321929", "zona": "URBANO", "km": 0.1336508810188532, "lado": null, "banq_vrda": "SI", "b_v_estado": "BUENO", "km_b_v": 0.11365088101885319, "fecha": "08-2026" }, "geometry": { "type": "LineString", "coordinates": [ [ -68.466181516020924, -33.194895729150502 ], [ -68.465677416260377, -33.194116329002412 ] ] } },
{ "type": "Feature", "properties": { "id_tramo": 124, "osm_id": "177321955", "zona": "URBANO", "km": 0.13420332001422572, "lado": null, "banq_vrda": "NO", "b_v_estado": null, "km_b_v": 0.11420332001422571, "fecha": "08-2026" }, "geometry": { "type": "LineString", "coordinates": [ [ -68.467580734525512, -33.194257642148749 ], [ -68.467086734299016, -33.193506842293409 ] ] } },
{ "type": "Feature", "properties": { "id_tramo": 128, "osm_id": "177321947", "zona": "URBANO", "km": 0.17299215923182168, "lado": null, "banq_vrda": "NO", "b_v_estado": null, "km_b_v": 0.15299215923182169, "fecha": "08-2026" }, "geometry": { "type": "LineString", "coordinates": [ [ -68.46612429506132, -33.198927341002538 ], [ -68.46545769473633, -33.197883441198904 ] ] } },
{ "type": "Feature", "properties": { "id_tramo": 131, "osm_id": "177321947", "zona": "URBANO", "km": 0.094678300027835019, "lado": null, "banq_vrda": "SI", "b_v_estado": "BUENO", "km_b_v": 0.074678300027835015, "fecha": "08-2026" }, "geometry": { "type": "LineString", "coordinates": [ [ -68.464972646867267, -33.197672732853903 ], [ -68.464697546988077, -33.197263132773692 ] ] } },
{ "type": "Feature", "properties": { "id_tramo": 133, "osm_id": "183315904", "zona": "URBANO", "km": 0.11717277940300194, "lado": null, "banq_vrda": "NO", "b_v_estado": null, "km_b_v": 0.097172779403001938, "fecha": "08-2026" }, "geometry": { "type": "LineString", "coordinates": [ [ -68.464954844661477, -33.197739444797406 ], [ -68.46414794491011, -33.198035444690227 ] ] } },
{ "type": "Feature", "properties": { "id_tramo": 136, "osm_id": "177321947", "zona": "URBANO", "km": 0.12379872946025089, "lado": null, "banq_vrda": "SI", "b_v_estado": "BUENO", "km_b_v": 0.10379872946025089, "fecha": "08-2026" }, "geometry": { "type": "LineString", "coordinates": [ [ -68.464488134910525, -33.196948013025398 ], [ -68.464062335107172, -33.196298712900656 ] ] } },
{ "type": "Feature", "properties": { "id_tramo": 139, "osm_id": "257800487", "zona": "URBANO", "km": 0.11831820418901173, "lado": null, "banq_vrda": "NO", "b_v_estado": null, "km_b_v": 0.098318204189011729, "fecha": "08-2026" }, "geometry": { "type": "LineString", "coordinates": [ [ -68.465843421284731, -33.199116848426087 ], [ -68.465093221474888, -33.199466048304501 ] ] } },
{ "type": "Feature", "properties": { "id_tramo": 140, "osm_id": "423678382", "zona": "URBANO", "km": 0.11797961425116797, "lado": null, "banq_vrda": "NO", "b_v_estado": null, "km_b_v": 0.097979614251167968, "fecha": "08-2026" }, "geometry": { "type": "LineString", "coordinates": [ [ -68.466293913729757, -33.199808981832469 ], [ -68.465532213535823, -33.200162081955533 ] ] } },
{ "type": "Feature", "properties": { "id_tramo": 143, "osm_id": "177321947", "zona": "URBANO", "km": 0.057092998562798994, "lado": null, "banq_vrda": "NO", "b_v_estado": null, "km_b_v": 0.03709299856279899, "fecha": "08-2026" }, "geometry": { "type": "LineString", "coordinates": [ [ -68.466752064958399, -33.199901884829437 ], [ -68.466323164760396, -33.199247984955107 ] ] } },
{ "type": "Feature", "properties": { "id_tramo": 144, "osm_id": "177321929", "zona": "URBANO", "km": 0.12249198221521236, "lado": null, "banq_vrda": "NO", "b_v_estado": null, "km_b_v": 0.10249198221521236, "fecha": "08-2026" }, "geometry": { "type": "LineString", "coordinates": [ [ -68.469723944406184, -33.19975110235999 ], [ -68.469306444218887, -33.199123202481999 ] ] } },
{ "type": "Feature", "properties": { "id_tramo": 145, "osm_id": "177321929", "zona": "URBANO", "km": 0.12249198221521236, "lado": null, "banq_vrda": "NO", "b_v_estado": null, "km_b_v": 0.10249198221521236, "fecha": "08-2026" }, "geometry": { "type": "LineString", "coordinates": [ [ -68.469458095438043, -33.199872157493502 ], [ -68.469039195624219, -33.199244957371207 ] ] } },
{ "type": "Feature", "properties": { "id_tramo": 147, "osm_id": "177321955", "zona": "URBANO", "km": 0.11986038137525021, "lado": null, "banq_vrda": "NO", "b_v_estado": null, "km_b_v": 0.099860381375250204, "fecha": "08-2026" }, "geometry": { "type": "LineString", "coordinates": [ [ -68.470566096894544, -33.199337556538829 ], [ -68.470165397081203, -33.198723956421304 ] ] } },
{ "type": "Feature", "properties": { "id_tramo": 149, "osm_id": "177170544", "zona": "URBANO", "km": 0.12252021303880956, "lado": null, "banq_vrda": "NO", "b_v_estado": null, "km_b_v": 0.10252021303880955, "fecha": "08-2026" }, "geometry": { "type": "LineString", "coordinates": [ [ -68.471866469222462, -33.198723214514679 ], [ -68.471455769397622, -33.198119914395242 ] ] } },
{ "type": "Feature", "properties": { "id_tramo": 150, "osm_id": "177170544", "zona": "URBANO", "km": 0.12753872624913992, "lado": null, "banq_vrda": "NO", "b_v_estado": null, "km_b_v": 0.10753872624913992, "fecha": "08-2026" }, "geometry": { "type": "LineString", "coordinates": [ [ -68.468703509113112, -33.194157123051731 ], [ -68.469139408924477, -33.194801823178651 ] ] } },
{ "type": "Feature", "properties": { "id_tramo": 152, "osm_id": "257781723", "zona": "URBANO", "km": 0.077765633370882964, "lado": null, "banq_vrda": "NO", "b_v_estado": null, "km_b_v": 0.05776563337088296, "fecha": "08-2026" }, "geometry": { "type": "LineString", "coordinates": [ [ -68.467711801896314, -33.192851819581463 ], [ -68.466966702088683, -33.193192619462373 ] ] } },
{ "type": "Feature", "properties": { "id_tramo": 153, "osm_id": "257781723", "zona": "URBANO", "km": 0.11782918284134855, "lado": null, "banq_vrda": "NO", "b_v_estado": null, "km_b_v": 0.097829182841348547, "fecha": "08-2026" }, "geometry": { "type": "LineString", "coordinates": [ [ -68.466701539569115, -33.193601507209884 ], [ -68.465970339379581, -33.193934707326385 ] ] } },
{ "type": "Feature", "properties": { "id_tramo": 154, "osm_id": "257781723", "zona": "URBANO", "km": 0.11782918284134855, "lado": null, "banq_vrda": "NO", "b_v_estado": null, "km_b_v": 0.097829182841348547, "fecha": "08-2026" }, "geometry": { "type": "LineString", "coordinates": [ [ -68.466559794703969, -33.193365577210081 ], [ -68.46581359489781, -33.193704877091406 ] ] } },
{ "type": "Feature", "properties": { "id_tramo": 155, "osm_id": "177321955", "zona": "URBANO", "km": 0.14275112297282433, "lado": null, "banq_vrda": "NO", "b_v_estado": null, "km_b_v": 0.12275112297282433, "fecha": "08-2026" }, "geometry": { "type": "LineString", "coordinates": [ [ -68.466867066322152, -33.193159291279969 ], [ -68.466364266089855, -33.192392291427304 ] ] } },
{ "type": "Feature", "properties": { "id_tramo": 157, "osm_id": "177170544", "zona": "URBANO", "km": 0.14079031070093914, "lado": null, "banq_vrda": "NO", "b_v_estado": null, "km_b_v": 0.12079031070093914, "fecha": "08-2026" }, "geometry": { "type": "LineString", "coordinates": [ [ -68.4680075476045, -33.192635037609605 ], [ -68.467466047393614, -33.191871037765573 ] ] } },
{ "type": "Feature", "properties": { "id_tramo": 159, "osm_id": "257781709", "zona": "URBANO", "km": 0.1150611970838564, "lado": null, "banq_vrda": "NO", "b_v_estado": null, "km_b_v": 0.095061197083856394, "fecha": "08-2026" }, "geometry": { "type": "LineString", "coordinates": [ [ -68.463963623842432, -33.196274993113192 ], [ -68.463216423660214, -33.196634893237601 ] ] } },
{ "type": "Feature", "properties": { "id_tramo": 161, "osm_id": "183315837", "zona": "URBANO", "km": 0.11449253332866767, "lado": null, "banq_vrda": "NO", "b_v_estado": null, "km_b_v": 0.094492533328667666, "fecha": "08-2026" }, "geometry": { "type": "LineString", "coordinates": [ [ -68.463212282476249, -33.195136599680623 ], [ -68.462429982256452, -33.195463299796678 ] ] } },
{ "type": "Feature", "properties": { "id_tramo": 163, "osm_id": "183312754", "zona": "URBANO", "km": 0.11367000251798036, "lado": null, "banq_vrda": "NO", "b_v_estado": null, "km_b_v": 0.093670002517980355, "fecha": "08-2026" }, "geometry": { "type": "LineString", "coordinates": [ [ -68.462517791690303, -33.19408835121223 ], [ -68.461776591505213, -33.194438051333634 ] ] } },
{ "type": "Feature", "properties": { "id_tramo": 166, "osm_id": "177321947", "zona": "URBANO", "km": 0.11079938071131154, "lado": null, "banq_vrda": "NO", "b_v_estado": null, "km_b_v": 0.090799380711311536, "fecha": "08-2026" }, "geometry": { "type": "LineString", "coordinates": [ [ -68.462419525068043, -33.193791095940917 ], [ -68.462006925259104, -33.193161095820003 ] ] } },
{ "type": "Feature", "properties": { "id_tramo": 167, "osm_id": "183315858", "zona": "URBANO", "km": 0.11549156326481759, "lado": null, "banq_vrda": "NO", "b_v_estado": null, "km_b_v": 0.095491563264817586, "fecha": "08-2026" }, "geometry": { "type": "LineString", "coordinates": [ [ -68.46193151992675, -33.193152425575121 ], [ -68.461160719709483, -33.193473025689059 ] ] } },
{ "type": "Feature", "properties": { "id_tramo": 172, "osm_id": "177321922", "zona": "URBANO", "km": 0.13154320230914038, "lado": null, "banq_vrda": "NO", "b_v_estado": null, "km_b_v": 0.11154320230914037, "fecha": "08-2026" }, "geometry": { "type": "LineString", "coordinates": [ [ -68.460654921503831, -33.194595929229614 ], [ -68.460176021274265, -33.193852229370414 ] ] } },
{ "type": "Feature", "properties": { "id_tramo": 174, "osm_id": "177321922", "zona": "URBANO", "km": 0.1245405438027694, "lado": null, "banq_vrda": "NO", "b_v_estado": null, "km_b_v": 0.10454054380276939, "fecha": "08-2026" }, "geometry": { "type": "LineString", "coordinates": [ [ -68.461034473236921, -33.195690463319231 ], [ -68.460620773435465, -33.195047663197592 ] ] } },
{ "type": "Feature", "properties": { "id_tramo": 176, "osm_id": "177321969", "zona": "URBANO", "km": 0.14670575258180937, "lado": null, "banq_vrda": "NO", "b_v_estado": null, "km_b_v": 0.12670575258180938, "fecha": "08-2026" }, "geometry": { "type": "LineString", "coordinates": [ [ -68.46271115271945, -33.196520731968654 ], [ -68.462153252988458, -33.195651831804504 ] ] } },
{ "type": "Feature", "properties": { "id_tramo": 177, "osm_id": "177321922", "zona": "URBANO", "km": 0.15363153886000303, "lado": null, "banq_vrda": "NO", "b_v_estado": null, "km_b_v": 0.13363153886000304, "fecha": "08-2026" }, "geometry": { "type": "LineString", "coordinates": [ [ -68.462096923648247, -33.196778287326559 ], [ -68.461547523378485, -33.19591488748847 ] ] } },
{ "type": "Feature", "properties": { "id_tramo": 178, "osm_id": "177321922", "zona": "URBANO", "km": 0.15363153886000303, "lado": null, "banq_vrda": "NO", "b_v_estado": null, "km_b_v": 0.13363153886000304, "fecha": "08-2026" }, "geometry": { "type": "LineString", "coordinates": [ [ -68.46181785259931, -33.196898116816719 ], [ -68.461274352874113, -33.196031216656095 ] ] } },
{ "type": "Feature", "properties": { "id_tramo": 179, "osm_id": "177321969", "zona": "URBANO", "km": 0.12374233265743566, "lado": null, "banq_vrda": "NO", "b_v_estado": null, "km_b_v": 0.10374233265743565, "fecha": "08-2026" }, "geometry": { "type": "LineString", "coordinates": [ [ -68.463605501827686, -33.197348840050452 ], [ -68.463185401641041, -33.196719940173061 ] ] } },
{ "type": "Feature", "properties": { "id_tramo": 185, "osm_id": "257781702", "zona": "URBANO", "km": 0.13142493264650001, "lado": null, "banq_vrda": "NO", "b_v_estado": null, "km_b_v": 0.11142493264650001, "fecha": "08-2026" }, "geometry": { "type": "LineString", "coordinates": [ [ -68.464250703252873, -33.19207587085937 ], [ -68.463343202944031, -33.192347870959807 ] ] } },
{ "type": "Feature", "properties": { "id_tramo": 186, "osm_id": "257781702", "zona": "URBANO", "km": 0.13142493264650001, "lado": null, "banq_vrda": "NO", "b_v_estado": null, "km_b_v": 0.11142493264650001, "fecha": "08-2026" }, "geometry": { "type": "LineString", "coordinates": [ [ -68.464107506703968, -33.191843326166655 ], [ -68.46318160701918, -33.192120626064245 ] ] } },
{ "type": "Feature", "properties": { "id_tramo": 187, "osm_id": "177321929", "zona": "URBANO", "km": 0.11272024013389523, "lado": null, "banq_vrda": "NO", "b_v_estado": null, "km_b_v": 0.092720240133895224, "fecha": "08-2026" }, "geometry": { "type": "LineString", "coordinates": [ [ -68.465000130267043, -33.192590444138666 ], [ -68.464630930089669, -33.192016444247216 ] ] } },
{ "type": "Feature", "properties": { "id_tramo": 188, "osm_id": "177321929", "zona": "URBANO", "km": 0.11272024013389523, "lado": null, "banq_vrda": "NO", "b_v_estado": null, "km_b_v": 0.092720240133895224, "fecha": "08-2026" }, "geometry": { "type": "LineString", "coordinates": [ [ -68.46472896315619, -33.192703230799793 ], [ -68.464349463347631, -33.192098530687673 ] ] } },
{ "type": "Feature", "properties": { "id_tramo": 189, "osm_id": "257781702", "zona": "URBANO", "km": 0.1225169386765699, "lado": null, "banq_vrda": "NO", "b_v_estado": null, "km_b_v": 0.1025169386765699, "fecha": "08-2026" }, "geometry": { "type": "LineString", "coordinates": [ [ -68.464659806259846, -33.191951069954328 ], [ -68.465479006538615, -33.191705469863649 ] ] } },
{ "type": "Feature", "properties": { "id_tramo": 193, "osm_id": "177321947", "zona": "URBANO", "km": 0.17187865362465737, "lado": null, "banq_vrda": "NO", "b_v_estado": null, "km_b_v": 0.15187865362465738, "fecha": "08-2026" }, "geometry": { "type": "LineString", "coordinates": [ [ -68.461965176520678, -33.192608507246113 ], [ -68.461289276207594, -33.191576207444157 ] ] } },
{ "type": "Feature", "properties": { "id_tramo": 194, "osm_id": "177321947", "zona": "URBANO", "km": 0.17187865362465737, "lado": null, "banq_vrda": "NO", "b_v_estado": null, "km_b_v": 0.15187865362465738, "fecha": "08-2026" }, "geometry": { "type": "LineString", "coordinates": [ [ -68.461708255395195, -33.192729133604118 ], [ -68.461037555718491, -33.191684633406815 ] ] } },
{ "type": "Feature", "properties": { "id_tramo": 196, "osm_id": "183312785", "zona": "URBANO", "km": 0.11899737225041418, "lado": null, "banq_vrda": "NO", "b_v_estado": null, "km_b_v": 0.098997372250414176, "fecha": "08-2026" }, "geometry": { "type": "LineString", "coordinates": [ [ -68.461927098882001, -33.190922713264314 ], [ -68.461166699075719, -33.191275013141556 ] ] } },
{ "type": "Feature", "properties": { "id_tramo": 198, "osm_id": "183312785", "zona": "URBANO", "km": 0.11716011991358356, "lado": null, "banq_vrda": "NO", "b_v_estado": null, "km_b_v": 0.097160119913583559, "fecha": "08-2026" }, "geometry": { "type": "LineString", "coordinates": [ [ -68.460785388011615, -33.191443858660435 ], [ -68.460135988173562, -33.191750658553964 ] ] } },
{ "type": "Feature", "properties": { "id_tramo": 199, "osm_id": "177170650", "zona": "URBANO", "km": 0.13738909632647059, "lado": null, "banq_vrda": "NO", "b_v_estado": null, "km_b_v": 0.11738909632647059, "fecha": "08-2026" }, "geometry": { "type": "LineString", "coordinates": [ [ -68.463353884571831, -33.190652624644159 ], [ -68.462437284283908, -33.190978024762387 ] ] } },
{ "type": "Feature", "properties": { "id_tramo": 200, "osm_id": "177170650", "zona": "URBANO", "km": 0.13738909632647059, "lado": null, "banq_vrda": "NO", "b_v_estado": null, "km_b_v": 0.11738909632647059, "fecha": "08-2026" }, "geometry": { "type": "LineString", "coordinates": [ [ -68.463221025792208, -33.190429031784923 ], [ -68.462275226094079, -33.190755131666016 ] ] } },
{ "type": "Feature", "properties": { "id_tramo": 201, "osm_id": "177321929", "zona": "URBANO", "km": 0.17740175143075157, "lado": null, "banq_vrda": "NO", "b_v_estado": null, "km_b_v": 0.15740175143075158, "fecha": "08-2026" }, "geometry": { "type": "LineString", "coordinates": [ [ -68.464345711456147, -33.191728406871292 ], [ -68.463633711811241, -33.190600406661154 ] ] } },
{ "type": "Feature", "properties": { "id_tramo": 202, "osm_id": "177321929", "zona": "URBANO", "km": 0.17740175143075157, "lado": null, "banq_vrda": "NO", "b_v_estado": null, "km_b_v": 0.15740175143075158, "fecha": "08-2026" }, "geometry": { "type": "LineString", "coordinates": [ [ -68.464145725295367, -33.191787308630296 ], [ -68.463454825655489, -33.190667608425521 ] ] } },
{ "type": "Feature", "properties": { "id_tramo": 204, "osm_id": "177321955", "zona": "URBANO", "km": 0.093908470058396726, "lado": null, "banq_vrda": "NO", "b_v_estado": null, "km_b_v": 0.073908470058396722, "fecha": "08-2026" }, "geometry": { "type": "LineString", "coordinates": [ [ -68.465873475588054, -33.192180972113434 ], [ -68.465566875721834, -33.1917257720241 ] ] } },
{ "type": "Feature", "properties": { "id_tramo": 206, "osm_id": "177170650", "zona": "URBANO", "km": 0.12008635725489474, "lado": null, "banq_vrda": "NO", "b_v_estado": null, "km_b_v": 0.10008635725489473, "fecha": "08-2026" }, "geometry": { "type": "LineString", "coordinates": [ [ -68.463612137462221, -33.190271372810841 ], [ -68.464443437212907, -33.189953372925295 ] ] } },
{ "type": "Feature", "properties": { "id_tramo": 207, "osm_id": "257781709", "zona": "URBANO", "km": 0.094975432018632969, "lado": null, "banq_vrda": "NO", "b_v_estado": null, "km_b_v": 0.074975432018632965, "fecha": "08-2026" }, "geometry": { "type": "LineString", "coordinates": [ [ -68.462842267338289, -33.196817575137509 ], [ -68.46232406720074, -33.197048175218526 ] ] } },
{ "type": "Feature", "properties": { "id_tramo": 233, "osm_id": "177170544", "zona": "URBANO", "km": 0.20124559697399363, "lado": null, "banq_vrda": "NO", "b_v_estado": null, "km_b_v": 0.18124559697399364, "fecha": "08-2026" }, "geometry": { "type": "LineString", "coordinates": [ [ -68.466503560580165, -33.191027199542141 ], [ -68.465696460942098, -33.189813399306367 ] ] } },
{ "type": "Feature", "properties": { "id_tramo": 235, "osm_id": "177170544", "zona": "URBANO", "km": 0.079308412440130191, "lado": null, "banq_vrda": "NO", "b_v_estado": null, "km_b_v": 0.059308412440130187, "fecha": "08-2026" }, "geometry": { "type": "LineString", "coordinates": [ [ -68.466972344563146, -33.191675765358006 ], [ -68.466747044655349, -33.191350865292776 ] ] } },
{ "type": "Feature", "properties": { "id_tramo": 236, "osm_id": "177170544", "zona": "URBANO", "km": 0.11285173242552837, "lado": null, "banq_vrda": "NO", "b_v_estado": null, "km_b_v": 0.092851732425528369, "fecha": "08-2026" }, "geometry": { "type": "LineString", "coordinates": [ [ -68.468482377699814, -33.193848476151707 ], [ -68.467970177933992, -33.193071076001772 ] ] } },
{ "type": "Feature", "properties": { "id_tramo": 237, "osm_id": "177170544", "zona": "URBANO", "km": 0.11285173242552837, "lado": null, "banq_vrda": "NO", "b_v_estado": null, "km_b_v": 0.092851732425528369, "fecha": "08-2026" }, "geometry": { "type": "LineString", "coordinates": [ [ -68.468576744233928, -33.193475762177876 ], [ -68.468252844098558, -33.193004262271842 ] ] } },
{ "type": "Feature", "properties": { "id_tramo": 239, "osm_id": "177170544", "zona": "URBANO", "km": 0.023355013398660331, "lado": null, "banq_vrda": "NO", "b_v_estado": null, "km_b_v": 0.0033550133986603309, "fecha": "08-2026" }, "geometry": { "type": "LineString", "coordinates": [ [ -68.468788988861164, -33.193787537682972 ], [ -68.469558189170982, -33.194888837460638 ] ] } },
{ "type": "Feature", "properties": { "id_tramo": 241, "osm_id": "177170501", "zona": "URBANO", "km": 0.079491804667574092, "lado": null, "banq_vrda": "NO", "b_v_estado": null, "km_b_v": 0.059491804667574089, "fecha": "08-2026" }, "geometry": { "type": "LineString", "coordinates": [ [ -68.471842788138389, -33.198800797652368 ], [ -68.470937588356037, -33.199241897500251 ] ] } },
{ "type": "Feature", "properties": { "id_tramo": 242, "osm_id": "257800488", "zona": "URBANO", "km": 0.066723743759036239, "lado": null, "banq_vrda": "NO", "b_v_estado": null, "km_b_v": 0.046723743759036235, "fecha": "08-2026" }, "geometry": { "type": "LineString", "coordinates": [ [ -68.472868044759949, -33.200188063710776 ], [ -68.472533044848376, -33.200337963658136 ] ] } },
{ "type": "Feature", "properties": { "id_tramo": 245, "osm_id": "177322007", "zona": "URBANO", "km": 0.08079793582489353, "lado": null, "banq_vrda": "NO", "b_v_estado": null, "km_b_v": 0.060797935824893526, "fecha": "08-2026" }, "geometry": { "type": "LineString", "coordinates": [ [ -68.468453219626227, -33.193922611364563 ], [ -68.46768821982397, -33.194272111242405 ] ] } },
{ "type": "Feature", "properties": { "id_tramo": 246, "osm_id": "257781723", "zona": "URBANO", "km": 0.045072635890843329, "lado": null, "banq_vrda": "NO", "b_v_estado": null, "km_b_v": 0.025072635890843329, "fecha": "08-2026" }, "geometry": { "type": "LineString", "coordinates": [ [ -68.467867334080509, -33.193067717975445 ], [ -68.467094133882668, -33.193424418099873 ] ] } },
{ "type": "Feature", "properties": { "id_tramo": 248, "osm_id": "257800488", "zona": "URBANO", "km": 0.08393876075846797, "lado": null, "banq_vrda": "NO", "b_v_estado": null, "km_b_v": 0.063938760758467966, "fecha": "08-2026" }, "geometry": { "type": "LineString", "coordinates": [ [ -68.472391507740028, -33.200687833735685 ], [ -68.471989507630994, -33.200862633797378 ] ] } },
{ "type": "Feature", "properties": { "id_tramo": 249, "osm_id": "257800489", "zona": "URBANO", "km": 0.063790154094678794, "lado": null, "banq_vrda": "NO", "b_v_estado": null, "km_b_v": 0.04379015409467879, "fecha": "08-2026" }, "geometry": { "type": "LineString", "coordinates": [ [ -68.472537219297607, -33.199687538826979 ], [ -68.472207519215445, -33.199843338881074 ] ] } },
{ "type": "Feature", "properties": { "id_tramo": 250, "osm_id": "257800489", "zona": "URBANO", "km": 0.063790154094678794, "lado": null, "banq_vrda": "NO", "b_v_estado": null, "km_b_v": 0.04379015409467879, "fecha": "08-2026" }, "geometry": { "type": "LineString", "coordinates": [ [ -68.47237983426767, -33.19947227512688 ], [ -68.472050134347214, -33.199632475071603 ] ] } },
{ "type": "Feature", "properties": { "id_tramo": 251, "osm_id": "257800489", "zona": "URBANO", "km": 0.081463841730081504, "lado": null, "banq_vrda": "NO", "b_v_estado": null, "km_b_v": 0.0614638417300815, "fecha": "08-2026" }, "geometry": { "type": "LineString", "coordinates": [ [ -68.471916554043702, -33.199970822417505 ], [ -68.47152865394726, -33.200154522481256 ] ] } },
{ "type": "Feature", "properties": { "id_tramo": 256, "osm_id": "257951210", "zona": "URBANO", "km": 0.12091960837065351, "lado": null, "banq_vrda": "NO", "b_v_estado": null, "km_b_v": 0.1009196083706535, "fecha": "08-2026" }, "geometry": { "type": "LineString", "coordinates": [ [ -68.461307206440338, -33.189954533460188 ], [ -68.460533206676359, -33.190243233355929 ] ] } },
{ "type": "Feature", "properties": { "id_tramo": 257, "osm_id": "183315893", "zona": "URBANO", "km": 0.12506313219221957, "lado": null, "banq_vrda": "NO", "b_v_estado": null, "km_b_v": 0.10506313219221956, "fecha": "08-2026" }, "geometry": { "type": "LineString", "coordinates": [ [ -68.460539282728291, -33.188754493039617 ], [ -68.459649182430894, -33.189033493142254 ] ] } },
{ "type": "Feature", "properties": { "id_tramo": 264, "osm_id": "642762566", "zona": "URBANO", "km": 0.13818915971427118, "lado": null, "banq_vrda": "NO", "b_v_estado": null, "km_b_v": 0.11818915971427117, "fecha": "08-2026" }, "geometry": { "type": "LineString", "coordinates": [ [ -68.45819270424532, -33.185012006447444 ], [ -68.457222204566165, -33.185323506333091 ] ] } },
{ "type": "Feature", "properties": { "id_tramo": 265, "osm_id": "177322022", "zona": "URBANO", "km": 0.13660816601077169, "lado": null, "banq_vrda": "NO", "b_v_estado": null, "km_b_v": 0.11660816601077169, "fecha": "08-2026" }, "geometry": { "type": "LineString", "coordinates": [ [ -68.457569597063582, -33.184164110089668 ], [ -68.45664389685119, -33.184632010249551 ] ] } },
{ "type": "Feature", "properties": { "id_tramo": 266, "osm_id": "177322022", "zona": "URBANO", "km": 0.13660816601077169, "lado": null, "banq_vrda": "NO", "b_v_estado": null, "km_b_v": 0.11660816601077169, "fecha": "08-2026" }, "geometry": { "type": "LineString", "coordinates": [ [ -68.457413348336928, -33.183936968452578 ], [ -68.45649504854488, -33.184405568292838 ] ] } },
{ "type": "Feature", "properties": { "id_tramo": 268, "osm_id": "177322011", "zona": "URBANO", "km": 0.13834200708862371, "lado": null, "banq_vrda": "NO", "b_v_estado": null, "km_b_v": 0.1183420070886237, "fecha": "08-2026" }, "geometry": { "type": "LineString", "coordinates": [ [ -68.45668667115352, -33.1828547556605 ], [ -68.455761871366889, -33.1833202555013 ] ] } },
{ "type": "Feature", "properties": { "id_tramo": 270, "osm_id": "177322064", "zona": "URBANO", "km": 0.14014492788068314, "lado": null, "banq_vrda": "NO", "b_v_estado": null, "km_b_v": 0.12014492788068314, "fecha": "08-2026" }, "geometry": { "type": "LineString", "coordinates": [ [ -68.455986852722333, -33.181815132179111 ], [ -68.455061852509345, -33.18228143233852 ] ] } },
{ "type": "Feature", "properties": { "id_tramo": 272, "osm_id": "177322060", "zona": "URBANO", "km": 0.14306063870292796, "lado": null, "banq_vrda": "NO", "b_v_estado": null, "km_b_v": 0.12306063870292795, "fecha": "08-2026" }, "geometry": { "type": "LineString", "coordinates": [ [ -68.455193010310211, -33.180643501604514 ], [ -68.45421301062747, -33.180972201484408 ] ] } },
{ "type": "Feature", "properties": { "id_tramo": 276, "osm_id": "177322049", "zona": "URBANO", "km": 0.1625435541459401, "lado": null, "banq_vrda": "NO", "b_v_estado": null, "km_b_v": 0.14254355414594011, "fecha": "08-2026" }, "geometry": { "type": "LineString", "coordinates": [ [ -68.454271536037922, -33.179275455847318 ], [ -68.453019136501524, -33.179556655742331 ] ] } },
{ "type": "Feature", "properties": { "id_tramo": 278, "osm_id": "545997175", "zona": "URBANO", "km": 0.16648214525164043, "lado": null, "banq_vrda": "NO", "b_v_estado": null, "km_b_v": 0.14648214525164044, "fecha": "08-2026" }, "geometry": { "type": "LineString", "coordinates": [ [ -68.453948081416002, -33.178777220021004 ], [ -68.452640481923538, -33.178994619940092 ] ] } },
{ "type": "Feature", "properties": { "id_tramo": 280, "osm_id": "257781722", "zona": "URBANO", "km": 0.13801496898273549, "lado": null, "banq_vrda": "NO", "b_v_estado": null, "km_b_v": 0.11801496898273549, "fecha": "08-2026" }, "geometry": { "type": "LineString", "coordinates": [ [ -68.462618996193484, -33.189468226481672 ], [ -68.461674796484999, -33.189813426356672 ] ] } },
{ "type": "Feature", "properties": { "id_tramo": 282, "osm_id": "658283843", "zona": "URBANO", "km": 0.1359875809187297, "lado": null, "banq_vrda": "NO", "b_v_estado": null, "km_b_v": 0.1159875809187297, "fecha": "08-2026" }, "geometry": { "type": "LineString", "coordinates": [ [ -68.462001818242342, -33.1884813391245 ], [ -68.461062118538678, -33.188812539004076 ] ] } },
{ "type": "Feature", "properties": { "id_tramo": 283, "osm_id": "177170619", "zona": "URBANO", "km": 0.13689988171433903, "lado": null, "banq_vrda": "NO", "b_v_estado": null, "km_b_v": 0.11689988171433903, "fecha": "08-2026" }, "geometry": { "type": "LineString", "coordinates": [ [ -68.460958898705599, -33.186837131443127 ], [ -68.459973398368177, -33.187127831550541 ] ] } },
{ "type": "Feature", "properties": { "id_tramo": 284, "osm_id": "177170619", "zona": "URBANO", "km": 0.13689988171433903, "lado": null, "banq_vrda": "NO", "b_v_estado": null, "km_b_v": 0.11689988171433903, "fecha": "08-2026" }, "geometry": { "type": "LineString", "coordinates": [ [ -68.460828938565825, -33.186608187115446 ], [ -68.459872938892516, -33.186891587010763 ] ] } },
{ "type": "Feature", "properties": { "id_tramo": 397, "osm_id": "177321929", "zona": "URBANO", "km": 0.11582117524059822, "lado": null, "banq_vrda": "NO", "b_v_estado": null, "km_b_v": 0.095821175240598216, "fecha": "08-2026" }, "geometry": { "type": "LineString", "coordinates": [ [ -68.46017056134805, -33.185451162489386 ], [ -68.459776161552, -33.184814562372623 ] ] } },
{ "type": "Feature", "properties": { "id_tramo": 398, "osm_id": "177321955", "zona": "URBANO", "km": 0.027700875937142502, "lado": null, "banq_vrda": "NO", "b_v_estado": null, "km_b_v": 0.0077008759371425019, "fecha": "08-2026" }, "geometry": { "type": "LineString", "coordinates": [ [ -68.46369121263092, -33.188086675225868 ], [ -68.462868912297637, -33.18690597546361 ] ] } },
{ "type": "Feature", "properties": { "id_tramo": 399, "osm_id": "177321955", "zona": "URBANO", "km": 0.15341168777670403, "lado": null, "banq_vrda": "NO", "b_v_estado": null, "km_b_v": 0.13341168777670404, "fecha": "08-2026" }, "geometry": { "type": "LineString", "coordinates": [ [ -68.463485997616218, -33.188157011040339 ], [ -68.462861297369912, -33.187270811220479 ] ] } },
{ "type": "Feature", "properties": { "id_tramo": 400, "osm_id": "177321955", "zona": "URBANO", "km": 0.070594349314835839, "lado": null, "banq_vrda": "NO", "b_v_estado": null, "km_b_v": 0.050594349314835835, "fecha": "08-2026" }, "geometry": { "type": "LineString", "coordinates": [ [ -68.46274164258719, -33.186729519132932 ], [ -68.462538242504152, -33.186436519191773 ] ] } },
{ "type": "Feature", "properties": { "id_tramo": 288, "osm_id": "177170633", "zona": "URBANO", "km": 0.1370541219707542, "lado": null, "banq_vrda": "NO", "b_v_estado": null, "km_b_v": 0.1170541219707542, "fecha": "08-2026" }, "geometry": { "type": "LineString", "coordinates": [ [ -68.45952379624859, -33.184566741268739 ], [ -68.458570996562401, -33.184875041155664 ] ] } },
{ "type": "Feature", "properties": { "id_tramo": 291, "osm_id": "177322060", "zona": "URBANO", "km": 0.13016025562410988, "lado": null, "banq_vrda": "NO", "b_v_estado": null, "km_b_v": 0.11016025562410987, "fecha": "08-2026" }, "geometry": { "type": "LineString", "coordinates": [ [ -68.456605927116868, -33.180376045861777 ], [ -68.45571762685627, -33.180726745987357 ] ] } },
{ "type": "Feature", "properties": { "id_tramo": 293, "osm_id": "177322071", "zona": "URBANO", "km": 0.11630990344317783, "lado": null, "banq_vrda": "NO", "b_v_estado": null, "km_b_v": 0.09630990344317783, "fecha": "08-2026" }, "geometry": { "type": "LineString", "coordinates": [ [ -68.455896661672128, -33.179504963767492 ], [ -68.455123361478684, -33.179869263893913 ] ] } },
{ "type": "Feature", "properties": { "id_tramo": 294, "osm_id": "177322071", "zona": "URBANO", "km": 0.11630990344317783, "lado": null, "banq_vrda": "NO", "b_v_estado": null, "km_b_v": 0.09630990344317783, "fecha": "08-2026" }, "geometry": { "type": "LineString", "coordinates": [ [ -68.45575462247615, -33.179285138632331 ], [ -68.455012222659022, -33.17963963850967 ] ] } },
{ "type": "Feature", "properties": { "id_tramo": 295, "osm_id": "257951210", "zona": "URBANO", "km": 0.11635990277674786, "lado": null, "banq_vrda": "NO", "b_v_estado": null, "km_b_v": 0.096359902776747858, "fecha": "08-2026" }, "geometry": { "type": "LineString", "coordinates": [ [ -68.460265550604362, -33.190618871963665 ], [ -68.459559750381459, -33.19086707205394 ] ] } },
{ "type": "Feature", "properties": { "id_tramo": 297, "osm_id": "183312743", "zona": "URBANO", "km": 0.11726576620340798, "lado": null, "banq_vrda": "NO", "b_v_estado": null, "km_b_v": 0.097265766203407975, "fecha": "08-2026" }, "geometry": { "type": "LineString", "coordinates": [ [ -68.459780473449115, -33.189853219631388 ], [ -68.459066073674933, -33.190104019540151 ] ] } },
{ "type": "Feature", "properties": { "id_tramo": 301, "osm_id": "771230548", "zona": "URBANO", "km": 0.11779559404647701, "lado": null, "banq_vrda": "NO", "b_v_estado": null, "km_b_v": 0.097795594046477002, "fecha": "08-2026" }, "geometry": { "type": "LineString", "coordinates": [ [ -68.458848370416604, -33.18853956970198 ], [ -68.458052370154093, -33.18879646979623 ] ] } },
{ "type": "Feature", "properties": { "id_tramo": 303, "osm_id": "257781725", "zona": "URBANO", "km": 0.12299785009572237, "lado": null, "banq_vrda": "NO", "b_v_estado": null, "km_b_v": 0.10299785009572236, "fecha": "08-2026" }, "geometry": { "type": "LineString", "coordinates": [ [ -68.458083039018547, -33.187406557241047 ], [ -68.457274539301295, -33.187631257157719 ] ] } },
{ "type": "Feature", "properties": { "id_tramo": 304, "osm_id": "257781706", "zona": "URBANO", "km": 0.12348141511422417, "lado": null, "banq_vrda": "NO", "b_v_estado": null, "km_b_v": 0.10348141511422417, "fecha": "08-2026" }, "geometry": { "type": "LineString", "coordinates": [ [ -68.457556096254024, -33.186595625444731 ], [ -68.456756895988889, -33.186850225538223 ] ] } },
{ "type": "Feature", "properties": { "id_tramo": 305, "osm_id": "257781706", "zona": "URBANO", "km": 0.12348141511422417, "lado": null, "banq_vrda": "NO", "b_v_estado": null, "km_b_v": 0.10348141511422417, "fecha": "08-2026" }, "geometry": { "type": "LineString", "coordinates": [ [ -68.457434373560247, -33.18636418106518 ], [ -68.456616973828361, -33.186631080967395 ] ] } },
{ "type": "Feature", "properties": { "id_tramo": 307, "osm_id": "257781719", "zona": "URBANO", "km": 0.12134655071793794, "lado": null, "banq_vrda": "NO", "b_v_estado": null, "km_b_v": 0.10134655071793794, "fecha": "08-2026" }, "geometry": { "type": "LineString", "coordinates": [ [ -68.456824413890487, -33.185432103337732 ], [ -68.455996314164338, -33.185697703240244 ] ] } },
{ "type": "Feature", "properties": { "id_tramo": 308, "osm_id": "177322022", "zona": "URBANO", "km": 0.11374799396415805, "lado": null, "banq_vrda": "NO", "b_v_estado": null, "km_b_v": 0.093747993964158047, "fecha": "08-2026" }, "geometry": { "type": "LineString", "coordinates": [ [ -68.456270501405527, -33.184816308464633 ], [ -68.45562030125393, -33.185141008575911 ] ] } },
{ "type": "Feature", "properties": { "id_tramo": 312, "osm_id": "177322064", "zona": "URBANO", "km": 0.10645289262746727, "lado": null, "banq_vrda": "NO", "b_v_estado": null, "km_b_v": 0.086452892627467262, "fecha": "08-2026" }, "geometry": { "type": "LineString", "coordinates": [ [ -68.454806771279067, -33.182621172287412 ], [ -68.454171671134262, -33.182943672397464 ] ] } },
{ "type": "Feature", "properties": { "id_tramo": 313, "osm_id": "177322064", "zona": "URBANO", "km": 0.10645289262746727, "lado": null, "banq_vrda": "NO", "b_v_estado": null, "km_b_v": 0.086452892627467262, "fecha": "08-2026" }, "geometry": { "type": "LineString", "coordinates": [ [ -68.454703663074838, -33.182460774296452 ], [ -68.453951049427573, -33.182847481350592 ], [ -68.453865158448238, -33.1828915767246 ], [ -68.453417267379706, -33.183121772160938 ] ] } },
{ "type": "Feature", "properties": { "id_tramo": 315, "osm_id": "177322060", "zona": "URBANO", "km": 0.18346661998565736, "lado": null, "banq_vrda": "NO", "b_v_estado": null, "km_b_v": 0.16346661998565737, "fecha": "08-2026" }, "geometry": { "type": "LineString", "coordinates": [ [ -68.453813648160619, -33.181197465588717 ], [ -68.452454247736512, -33.181685765765771 ] ] } },
{ "type": "Feature", "properties": { "id_tramo": 317, "osm_id": "257781722", "zona": "URBANO", "km": 0.12151504987658739, "lado": null, "banq_vrda": "NO", "b_v_estado": null, "km_b_v": 0.10151504987658738, "fecha": "08-2026" }, "geometry": { "type": "LineString", "coordinates": [ [ -68.463007313230122, -33.189321630963747 ], [ -68.463828312979714, -33.189015531074304 ] ] } },
{ "type": "Feature", "properties": { "id_tramo": 319, "osm_id": "257781722", "zona": "URBANO", "km": 0.10547095445468346, "lado": null, "banq_vrda": "NO", "b_v_estado": null, "km_b_v": 0.085470954454683459, "fecha": "08-2026" }, "geometry": { "type": "LineString", "coordinates": [ [ -68.464895785441655, -33.18861463137975 ], [ -68.464243785635816, -33.188866631289173 ] ] } },
{ "type": "Feature", "properties": { "id_tramo": 322, "osm_id": "183315929", "zona": "URBANO", "km": 0.12507026738349747, "lado": null, "banq_vrda": "NO", "b_v_estado": null, "km_b_v": 0.10507026738349746, "fecha": "08-2026" }, "geometry": { "type": "LineString", "coordinates": [ [ -68.462654153423557, -33.188752275210696 ], [ -68.463511953706586, -33.188475775109232 ] ] } },
{ "type": "Feature", "properties": { "id_tramo": 324, "osm_id": "183315851", "zona": "URBANO", "km": 0.12016607748091876, "lado": null, "banq_vrda": "NO", "b_v_estado": null, "km_b_v": 0.10016607748091876, "fecha": "08-2026" }, "geometry": { "type": "LineString", "coordinates": [ [ -68.461880202698609, -33.187510174928413 ], [ -68.462699302983097, -33.187277974842388 ] ] } },
{ "type": "Feature", "properties": { "id_tramo": 328, "osm_id": "177170619", "zona": "URBANO", "km": 0.10392011093391763, "lado": null, "banq_vrda": "NO", "b_v_estado": null, "km_b_v": 0.08392011093391763, "fecha": "08-2026" }, "geometry": { "type": "LineString", "coordinates": [ [ -68.463229379948515, -33.186177395398538 ], [ -68.462552579715307, -33.186373595471117 ] ] } },
{ "type": "Feature", "properties": { "id_tramo": 329, "osm_id": "177170619", "zona": "URBANO", "km": 0.10392011093391763, "lado": null, "banq_vrda": "NO", "b_v_estado": null, "km_b_v": 0.08392011093391763, "fecha": "08-2026" }, "geometry": { "type": "LineString", "coordinates": [ [ -68.463093975413486, -33.185951876225666 ], [ -68.462434275639154, -33.186146876153622 ] ] } },
{ "type": "Feature", "properties": { "id_tramo": 330, "osm_id": "177170628", "zona": "URBANO", "km": 0.10268703014683979, "lado": null, "banq_vrda": "NO", "b_v_estado": null, "km_b_v": 0.082687030146839785, "fecha": "08-2026" }, "geometry": { "type": "LineString", "coordinates": [ [ -68.46240915528908, -33.185012508726039 ], [ -68.46176305508196, -33.185233408806639 ] ] } },
{ "type": "Feature", "properties": { "id_tramo": 331, "osm_id": "177170628", "zona": "URBANO", "km": 0.10268703014683979, "lado": null, "banq_vrda": "NO", "b_v_estado": null, "km_b_v": 0.082687030146839785, "fecha": "08-2026" }, "geometry": { "type": "LineString", "coordinates": [ [ -68.462277182081905, -33.184786544095694 ], [ -68.461625882294058, -33.185002244016779 ] ] } },
{ "type": "Feature", "properties": { "id_tramo": 337, "osm_id": "177170633", "zona": "URBANO", "km": 0.10545725592742032, "lado": null, "banq_vrda": "NO", "b_v_estado": null, "km_b_v": 0.085457255927420317, "fecha": "08-2026" }, "geometry": { "type": "LineString", "coordinates": [ [ -68.459942520326024, -33.184420368657889 ], [ -68.460612520113088, -33.184187568742658 ] ] } },
{ "type": "Feature", "properties": { "id_tramo": 339, "osm_id": "177322005", "zona": "URBANO", "km": 0.10590747184393973, "lado": null, "banq_vrda": "NO", "b_v_estado": null, "km_b_v": 0.085907471843939723, "fecha": "08-2026" }, "geometry": { "type": "LineString", "coordinates": [ [ -68.459612829215899, -33.18391763100103 ], [ -68.460239629015859, -33.183701531079777 ] ] } },
{ "type": "Feature", "properties": { "id_tramo": 340, "osm_id": "177321963", "zona": "URBANO", "km": 0.10544392795212904, "lado": null, "banq_vrda": "NO", "b_v_estado": null, "km_b_v": 0.085443927952129031, "fecha": "08-2026" }, "geometry": { "type": "LineString", "coordinates": [ [ -68.459322965571332, -33.183520305109532 ], [ -68.459926465764738, -33.18331380503421 ] ] } },
{ "type": "Feature", "properties": { "id_tramo": 559, "osm_id": "177321945", "zona": "URBANO", "km": 0.1019590520762929, "lado": null, "banq_vrda": "NO", "b_v_estado": null, "km_b_v": 0.081959052076292893, "fecha": "08-2026" }, "geometry": { "type": "LineString", "coordinates": [ [ -68.456678935730324, -33.190755853927065 ], [ -68.456347035570616, -33.190239454024649 ] ] } },
{ "type": "Feature", "properties": { "id_tramo": 561, "osm_id": "177321922", "zona": "URBANO", "km": 0.090818562552815105, "lado": null, "banq_vrda": "NO", "b_v_estado": null, "km_b_v": 0.070818562552815101, "fecha": "08-2026" }, "geometry": { "type": "LineString", "coordinates": [ [ -68.458074595702911, -33.191106349239902 ], [ -68.457803695829256, -33.190691249160459 ] ] } },
{ "type": "Feature", "properties": { "id_tramo": 562, "osm_id": "177321945", "zona": "URBANO", "km": 0.091978473966515609, "lado": null, "banq_vrda": "NO", "b_v_estado": null, "km_b_v": 0.071978473966515605, "fecha": "08-2026" }, "geometry": { "type": "LineString", "coordinates": [ [ -68.457143326632035, -33.191433337920351 ], [ -68.456869226517895, -33.191035037999789 ] ] } },
{ "type": "Feature", "properties": { "id_tramo": 563, "osm_id": "177321945", "zona": "URBANO", "km": 0.091978473966515609, "lado": null, "banq_vrda": "NO", "b_v_estado": null, "km_b_v": 0.071978473966515605, "fecha": "08-2026" }, "geometry": { "type": "LineString", "coordinates": [ [ -68.456850026155962, -33.191545142523431 ], [ -68.456588926279764, -33.191141842446768 ] ] } },
{ "type": "Feature", "properties": { "id_tramo": 568, "osm_id": "177322059", "zona": "URBANO", "km": 0.10303752190253938, "lado": null, "banq_vrda": "NO", "b_v_estado": null, "km_b_v": 0.08303752190253938, "fecha": "08-2026" }, "geometry": { "type": "LineString", "coordinates": [ [ -68.455494117228838, -33.191191917964822 ], [ -68.455158617075526, -33.190682918062961 ] ] } },
{ "type": "Feature", "properties": { "id_tramo": 348, "osm_id": "177321944", "zona": "URBANO", "km": 0.10837490585316667, "lado": null, "banq_vrda": "NO", "b_v_estado": null, "km_b_v": 0.088374905853166666, "fecha": "08-2026" }, "geometry": { "type": "LineString", "coordinates": [ [ -68.460731653862851, -33.182460243849569 ], [ -68.459988153620998, -33.182707143939894 ] ] } },
{ "type": "Feature", "properties": { "id_tramo": 350, "osm_id": "612824076", "zona": "URBANO", "km": 0.11377880908902206, "lado": null, "banq_vrda": "NO", "b_v_estado": null, "km_b_v": 0.093778809089022058, "fecha": "08-2026" }, "geometry": { "type": "LineString", "coordinates": [ [ -68.46033297678342, -33.181840066810011 ], [ -68.459562376537548, -33.182105866906873 ] ] } },
{ "type": "Feature", "properties": { "id_tramo": 351, "osm_id": "612824076", "zona": "URBANO", "km": 0.11377880908902206, "lado": null, "banq_vrda": "NO", "b_v_estado": null, "km_b_v": 0.093778809089022058, "fecha": "08-2026" }, "geometry": { "type": "LineString", "coordinates": [ [ -68.460202654982027, -33.181619956795366 ], [ -68.459449955221544, -33.181880856700353 ] ] } },
{ "type": "Feature", "properties": { "id_tramo": 352, "osm_id": "177322061", "zona": "URBANO", "km": 0.11923066504120082, "lado": null, "banq_vrda": "NO", "b_v_estado": null, "km_b_v": 0.099230665041200816, "fecha": "08-2026" }, "geometry": { "type": "LineString", "coordinates": [ [ -68.461946304739982, -33.190850353225692 ], [ -68.461533304941497, -33.190203253104052 ] ] } },
{ "type": "Feature", "properties": { "id_tramo": 353, "osm_id": "177322061", "zona": "URBANO", "km": 0.11923066504120082, "lado": null, "banq_vrda": "NO", "b_v_estado": null, "km_b_v": 0.099230665041200816, "fecha": "08-2026" }, "geometry": { "type": "LineString", "coordinates": [ [ -68.462187386870056, -33.190739378085823 ], [ -68.46177918667594, -33.19010787820573 ] ] } },
{ "type": "Feature", "properties": { "id_tramo": 356, "osm_id": "177321929", "zona": "URBANO", "km": 0.12135300550371417, "lado": null, "banq_vrda": "NO", "b_v_estado": null, "km_b_v": 0.10135300550371416, "fecha": "08-2026" }, "geometry": { "type": "LineString", "coordinates": [ [ -68.463245083688122, -33.190346161853554 ], [ -68.462860483881215, -33.189734761739963 ] ] } },
{ "type": "Feature", "properties": { "id_tramo": 358, "osm_id": "177321929", "zona": "URBANO", "km": 0.024432750485039824, "lado": null, "banq_vrda": "NO", "b_v_estado": null, "km_b_v": 0.0044327504850398235, "fecha": "08-2026" }, "geometry": { "type": "LineString", "coordinates": [ [ -68.462644592676639, -33.189405615716332 ], [ -68.462209192900019, -33.188705715587496 ] ] } },
{ "type": "Feature", "properties": { "id_tramo": 360, "osm_id": "177321955", "zona": "URBANO", "km": 0.11874362340605961, "lado": null, "banq_vrda": "NO", "b_v_estado": null, "km_b_v": 0.098743623406059605, "fecha": "08-2026" }, "geometry": { "type": "LineString", "coordinates": [ [ -68.464648319312815, -33.189815897557317 ], [ -68.464272619508932, -33.189206497445937 ] ] } },
{ "type": "Feature", "properties": { "id_tramo": 361, "osm_id": "177321955", "zona": "URBANO", "km": 0.11874362340605961, "lado": null, "banq_vrda": "NO", "b_v_estado": null, "km_b_v": 0.098743623406059605, "fecha": "08-2026" }, "geometry": { "type": "LineString", "coordinates": [ [ -68.464458276183009, -33.189895763363047 ], [ -68.464081876386331, -33.18927416325112 ] ] } },
{ "type": "Feature", "properties": { "id_tramo": 366, "osm_id": "177321969", "zona": "URBANO", "km": 0.13643469710400694, "lado": null, "banq_vrda": "NO", "b_v_estado": null, "km_b_v": 0.11643469710400693, "fecha": "08-2026" }, "geometry": { "type": "LineString", "coordinates": [ [ -68.459962329127791, -33.191766351789653 ], [ -68.459480929384554, -33.19097675164668 ] ] } },
{ "type": "Feature", "properties": { "id_tramo": 367, "osm_id": "177321969", "zona": "URBANO", "km": 0.13643469710400694, "lado": null, "banq_vrda": "NO", "b_v_estado": null, "km_b_v": 0.11643469710400693, "fecha": "08-2026" }, "geometry": { "type": "LineString", "coordinates": [ [ -68.459795536356566, -33.19185426370165 ], [ -68.459297036622004, -33.191037363553598 ] ] } },
{ "type": "Feature", "properties": { "id_tramo": 368, "osm_id": "257951210", "zona": "URBANO", "km": 0.092090911628723474, "lado": null, "banq_vrda": "NO", "b_v_estado": null, "km_b_v": 0.07209091162872347, "fecha": "08-2026" }, "geometry": { "type": "LineString", "coordinates": [ [ -68.459193884380781, -33.19101915321243 ], [ -68.458563384184316, -33.191246153294763 ] ] } },
{ "type": "Feature", "properties": { "id_tramo": 369, "osm_id": "257951210", "zona": "URBANO", "km": 0.092090911628723474, "lado": null, "banq_vrda": "NO", "b_v_estado": null, "km_b_v": 0.07209091162872347, "fecha": "08-2026" }, "geometry": { "type": "LineString", "coordinates": [ [ -68.459052758051655, -33.190778477158432 ], [ -68.458418258246411, -33.191012677073722 ] ] } },
{ "type": "Feature", "properties": { "id_tramo": 372, "osm_id": "183312743", "zona": "URBANO", "km": 0.091733782882579953, "lado": null, "banq_vrda": "NO", "b_v_estado": null, "km_b_v": 0.07173378288257995, "fecha": "08-2026" }, "geometry": { "type": "LineString", "coordinates": [ [ -68.458547042807126, -33.190091757250656 ], [ -68.457969142982861, -33.190308257172511 ] ] } },
{ "type": "Feature", "properties": { "id_tramo": 373, "osm_id": "183315904", "zona": "URBANO", "km": 0.096389270710260849, "lado": null, "banq_vrda": "NO", "b_v_estado": null, "km_b_v": 0.076389270710260845, "fecha": "08-2026" }, "geometry": { "type": "LineString", "coordinates": [ [ -68.463890720768248, -33.198402040589478 ], [ -68.463316020589389, -33.198609440664754 ] ] } },
{ "type": "Feature", "properties": { "id_tramo": 374, "osm_id": "183315904", "zona": "URBANO", "km": 0.096389270710260849, "lado": null, "banq_vrda": "NO", "b_v_estado": null, "km_b_v": 0.076389270710260845, "fecha": "08-2026" }, "geometry": { "type": "LineString", "coordinates": [ [ -68.463753692317525, -33.198175890885302 ], [ -68.463210292486039, -33.198373190813768 ] ] } },
{ "type": "Feature", "properties": { "id_tramo": 376, "osm_id": "254577236", "zona": "URBANO", "km": 0.096490665318751126, "lado": null, "banq_vrda": "NO", "b_v_estado": null, "km_b_v": 0.076490665318751122, "fecha": "08-2026" }, "geometry": { "type": "LineString", "coordinates": [ [ -68.464430985397144, -33.199207635519308 ], [ -68.463896285536919, -33.199449335434643 ] ] } },
{ "type": "Feature", "properties": { "id_tramo": 379, "osm_id": "423678382", "zona": "URBANO", "km": 0.096956530366531443, "lado": null, "banq_vrda": "NO", "b_v_estado": null, "km_b_v": 0.076956530366531439, "fecha": "08-2026" }, "geometry": { "type": "LineString", "coordinates": [ [ -68.465155327971274, -33.20032444845468 ], [ -68.464624527830892, -33.200561548537927 ] ] } },
{ "type": "Feature", "properties": { "id_tramo": 381, "osm_id": "183315930", "zona": "URBANO", "km": 0.097224815505595114, "lado": null, "banq_vrda": "NO", "b_v_estado": null, "km_b_v": 0.07722481550559511, "fecha": "08-2026" }, "geometry": { "type": "LineString", "coordinates": [ [ -68.465346193449633, -33.200587414760257 ], [ -68.464849593576133, -33.200817514680026 ] ] } },
{ "type": "Feature", "properties": { "id_tramo": 382, "osm_id": "177170544", "zona": "URBANO", "km": 0.091110150237536269, "lado": null, "banq_vrda": "NO", "b_v_estado": null, "km_b_v": 0.071110150237536265, "fecha": "08-2026" }, "geometry": { "type": "LineString", "coordinates": [ [ -68.464892632145677, -33.188558337465373 ], [ -68.464638432271869, -33.188156537390384 ] ] } },
{ "type": "Feature", "properties": { "id_tramo": 383, "osm_id": "177322061", "zona": "URBANO", "km": 0.19149019234769699, "lado": null, "banq_vrda": "NO", "b_v_estado": null, "km_b_v": 0.171490192347697, "fecha": "08-2026" }, "geometry": { "type": "LineString", "coordinates": [ [ -68.460972999733016, -33.188785455166943 ], [ -68.459950599233579, -33.18718245546804 ] ] } },
{ "type": "Feature", "properties": { "id_tramo": 385, "osm_id": "177322061", "zona": "URBANO", "km": 0.12778156619041653, "lado": null, "banq_vrda": "NO", "b_v_estado": null, "km_b_v": 0.10778156619041653, "fecha": "08-2026" }, "geometry": { "type": "LineString", "coordinates": [ [ -68.461518785162099, -33.189821642022018 ], [ -68.46109108538721, -33.189124941895152 ] ] } },
{ "type": "Feature", "properties": { "id_tramo": 387, "osm_id": "177321929", "zona": "URBANO", "km": 0.024432750485039824, "lado": null, "banq_vrda": "NO", "b_v_estado": null, "km_b_v": 0.0044327504850398235, "fecha": "08-2026" }, "geometry": { "type": "LineString", "coordinates": [ [ -68.46235072974838, -33.188551250550361 ], [ -68.461775030055449, -33.187606850379375 ] ] } },
{ "type": "Feature", "properties": { "id_tramo": 388, "osm_id": "177321929", "zona": "URBANO", "km": 0.099854345749694873, "lado": null, "banq_vrda": "NO", "b_v_estado": null, "km_b_v": 0.079854345749694869, "fecha": "08-2026" }, "geometry": { "type": "LineString", "coordinates": [ [ -68.462031647486057, -33.188420542180353 ], [ -68.461503549436699, -33.187566844734498 ], [ -68.461444444707084, -33.18747133702076 ], [ -68.461063044905032, -33.186854536907788 ] ] } },
{ "type": "Feature", "properties": { "id_tramo": 402, "osm_id": "177321955", "zona": "URBANO", "km": 0.14583546133468167, "lado": null, "banq_vrda": "NO", "b_v_estado": null, "km_b_v": 0.12583546133468168, "fecha": "08-2026" }, "geometry": { "type": "LineString", "coordinates": [ [ -68.462324615068781, -33.186111337043783 ], [ -68.461753114842438, -33.185299037208623 ] ] } },
{ "type": "Feature", "properties": { "id_tramo": 404, "osm_id": "177321955", "zona": "URBANO", "km": 0.11632194387775543, "lado": null, "banq_vrda": "NO", "b_v_estado": null, "km_b_v": 0.096321943877755431, "fecha": "08-2026" }, "geometry": { "type": "LineString", "coordinates": [ [ -68.461521773893338, -33.184985756301444 ], [ -68.461108273706301, -33.184361256422306 ] ] } },
{ "type": "Feature", "properties": { "id_tramo": 407, "osm_id": "183315893", "zona": "URBANO", "km": 0.091662262370330427, "lado": null, "banq_vrda": "NO", "b_v_estado": null, "km_b_v": 0.071662262370330423, "fecha": "08-2026" }, "geometry": { "type": "LineString", "coordinates": [ [ -68.45804487949637, -33.189370618797874 ], [ -68.457469079688522, -33.189551618731308 ] ] } },
{ "type": "Feature", "properties": { "id_tramo": 408, "osm_id": "257781725", "zona": "URBANO", "km": 0.082083468040654833, "lado": null, "banq_vrda": "NO", "b_v_estado": null, "km_b_v": 0.062083468040654829, "fecha": "08-2026" }, "geometry": { "type": "LineString", "coordinates": [ [ -68.456992984372263, -33.187978776303986 ], [ -68.456511884208439, -33.188122776357147 ] ] } },
{ "type": "Feature", "properties": { "id_tramo": 412, "osm_id": "257781719", "zona": "URBANO", "km": 0.077818109809171296, "lado": null, "banq_vrda": "NO", "b_v_estado": null, "km_b_v": 0.057818109809171292, "fecha": "08-2026" }, "geometry": { "type": "LineString", "coordinates": [ [ -68.455745638177575, -33.186057912032965 ], [ -68.45531663803547, -33.186195012083289 ] ] } },
{ "type": "Feature", "properties": { "id_tramo": 413, "osm_id": "257781719", "zona": "URBANO", "km": 0.077818109809171296, "lado": null, "banq_vrda": "NO", "b_v_estado": null, "km_b_v": 0.057818109809171292, "fecha": "08-2026" }, "geometry": { "type": "LineString", "coordinates": [ [ -68.455616636013232, -33.185828526244073 ], [ -68.455193736151287, -33.185968026192995 ] ] } },
{ "type": "Feature", "properties": { "id_tramo": 414, "osm_id": "177322022", "zona": "URBANO", "km": 0.075985995625697425, "lado": null, "banq_vrda": "NO", "b_v_estado": null, "km_b_v": 0.055985995625697421, "fecha": "08-2026" }, "geometry": { "type": "LineString", "coordinates": [ [ -68.455257878015018, -33.185327152684508 ], [ -68.454877177934279, -33.185530252752976 ] ] } },
{ "type": "Feature", "properties": { "id_tramo": 416, "osm_id": "177322011", "zona": "URBANO", "km": 0.075415878424288804, "lado": null, "banq_vrda": "NO", "b_v_estado": null, "km_b_v": 0.0554158784242888, "fecha": "08-2026" }, "geometry": { "type": "LineString", "coordinates": [ [ -68.454559205795647, -33.184218530160585 ], [ -68.454200405721238, -33.184412630225765 ] ] } },
{ "type": "Feature", "properties": { "id_tramo": 422, "osm_id": "177321947", "zona": "URBANO", "km": 0.093195067294194342, "lado": null, "banq_vrda": "NO", "b_v_estado": null, "km_b_v": 0.073195067294194338, "fecha": "08-2026" }, "geometry": { "type": "LineString", "coordinates": [ [ -68.460440324124292, -33.190234934980275 ], [ -68.459635623789367, -33.18906583521354 ] ] } },
{ "type": "Feature", "properties": { "id_tramo": 423, "osm_id": "177321947", "zona": "URBANO", "km": 0.093195067294194342, "lado": null, "banq_vrda": "NO", "b_v_estado": null, "km_b_v": 0.073195067294194338, "fecha": "08-2026" }, "geometry": { "type": "LineString", "coordinates": [ [ -68.460241956270536, -33.190300981724874 ], [ -68.459964356154089, -33.189896281805417 ] ] } },
{ "type": "Feature", "properties": { "id_tramo": 426, "osm_id": "183312754", "zona": "URBANO", "km": 0.12143253007520002, "lado": null, "banq_vrda": "NO", "b_v_estado": null, "km_b_v": 0.10143253007520002, "fecha": "08-2026" }, "geometry": { "type": "LineString", "coordinates": [ [ -68.46035894897399, -33.19475461781424 ], [ -68.45959774917624, -33.19509301769537 ] ] } },
{ "type": "Feature", "properties": { "id_tramo": 428, "osm_id": "183315837", "zona": "URBANO", "km": 0.12068371358112871, "lado": null, "banq_vrda": "NO", "b_v_estado": null, "km_b_v": 0.10068371358112871, "fecha": "08-2026" }, "geometry": { "type": "LineString", "coordinates": [ [ -68.461027321610814, -33.195758210749887 ], [ -68.460254721821968, -33.196091410632171 ] ] } },
{ "type": "Feature", "properties": { "id_tramo": 429, "osm_id": "257781709", "zona": "URBANO", "km": 0.11955595780062658, "lado": null, "banq_vrda": "NO", "b_v_estado": null, "km_b_v": 0.099555957800626579, "fecha": "08-2026" }, "geometry": { "type": "LineString", "coordinates": [ [ -68.461941188615938, -33.197204246741165 ], [ -68.461188488425279, -33.197554846863213 ] ] } },
{ "type": "Feature", "properties": { "id_tramo": 432, "osm_id": "183312785", "zona": "URBANO", "km": 0.12401716285376682, "lado": null, "banq_vrda": "NO", "b_v_estado": null, "km_b_v": 0.10401716285376682, "fecha": "08-2026" }, "geometry": { "type": "LineString", "coordinates": [ [ -68.458946829688969, -33.192579065884708 ], [ -68.458175729490236, -33.192932466008088 ] ] } },
{ "type": "Feature", "properties": { "id_tramo": 435, "osm_id": "183315836", "zona": "URBANO", "km": 0.063316375184934978, "lado": null, "banq_vrda": "NO", "b_v_estado": null, "km_b_v": 0.043316375184934974, "fecha": "08-2026" }, "geometry": { "type": "LineString", "coordinates": [ [ -68.458161929358326, -33.191391308741785 ], [ -68.45789432927441, -33.191486608776401 ] ] } },
{ "type": "Feature", "properties": { "id_tramo": 438, "osm_id": "183312743", "zona": "URBANO", "km": 0.12515848182760486, "lado": null, "banq_vrda": "NO", "b_v_estado": null, "km_b_v": 0.10515848182760486, "fecha": "08-2026" }, "geometry": { "type": "LineString", "coordinates": [ [ -68.45758379507599, -33.190455312855924 ], [ -68.456750895327616, -33.190770512742326 ] ] } },
{ "type": "Feature", "properties": { "id_tramo": 440, "osm_id": "257781725", "zona": "URBANO", "km": 0.12874742293322775, "lado": null, "banq_vrda": "NO", "b_v_estado": null, "km_b_v": 0.10874742293322774, "fecha": "08-2026" }, "geometry": { "type": "LineString", "coordinates": [ [ -68.456015714336644, -33.188009254135942 ], [ -68.455163514625923, -33.188266354041112 ] ] } },
{ "type": "Feature", "properties": { "id_tramo": 441, "osm_id": "257781706", "zona": "URBANO", "km": 0.12386366617706933, "lado": null, "banq_vrda": "NO", "b_v_estado": null, "km_b_v": 0.10386366617706932, "fecha": "08-2026" }, "geometry": { "type": "LineString", "coordinates": [ [ -68.455539083612308, -33.187267100798337 ], [ -68.454720183347092, -33.187541600898662 ] ] } },
{ "type": "Feature", "properties": { "id_tramo": 447, "osm_id": "183312797", "zona": "URBANO", "km": 0.056457598095132649, "lado": null, "banq_vrda": "NO", "b_v_estado": null, "km_b_v": 0.036457598095132646, "fecha": "08-2026" }, "geometry": { "type": "LineString", "coordinates": [ [ -68.454341033515263, -33.187672550853705 ], [ -68.454080433430406, -33.187758950885318 ] ] } },
{ "type": "Feature", "properties": { "id_tramo": 449, "osm_id": "257781725", "zona": "URBANO", "km": 0.052412404913273591, "lado": null, "banq_vrda": "NO", "b_v_estado": null, "km_b_v": 0.032412404913273588, "fecha": "08-2026" }, "geometry": { "type": "LineString", "coordinates": [ [ -68.454917598156996, -33.188592660724744 ], [ -68.454695898083926, -33.188664360751034 ] ] } },
{ "type": "Feature", "properties": { "id_tramo": 451, "osm_id": "183312781", "zona": "URBANO", "km": 0.11766359288796283, "lado": null, "banq_vrda": "NO", "b_v_estado": null, "km_b_v": 0.097663592887962822, "fecha": "08-2026" }, "geometry": { "type": "LineString", "coordinates": [ [ -68.455977594374062, -33.190313303407656 ], [ -68.455172094127335, -33.190611703515508 ] ] } },
{ "type": "Feature", "properties": { "id_tramo": 452, "osm_id": "183312781", "zona": "URBANO", "km": 0.11766359288796283, "lado": null, "banq_vrda": "NO", "b_v_estado": null, "km_b_v": 0.097663592887962822, "fecha": "08-2026" }, "geometry": { "type": "LineString", "coordinates": [ [ -68.455820267357907, -33.190092185602381 ], [ -68.455026267598583, -33.190391185494562 ] ] } },
{ "type": "Feature", "properties": { "id_tramo": 453, "osm_id": "183312743", "zona": "URBANO", "km": 0.11915872055373031, "lado": null, "banq_vrda": "NO", "b_v_estado": null, "km_b_v": 0.099158720553730303, "fecha": "08-2026" }, "geometry": { "type": "LineString", "coordinates": [ [ -68.456511039556716, -33.191126811866141 ], [ -68.455707839313348, -33.191429411975278 ] ] } },
{ "type": "Feature", "properties": { "id_tramo": 456, "osm_id": "183315836", "zona": "URBANO", "km": 0.11811992237762498, "lado": null, "banq_vrda": "NO", "b_v_estado": null, "km_b_v": 0.098119922377624971, "fecha": "08-2026" }, "geometry": { "type": "LineString", "coordinates": [ [ -68.456832095775709, -33.191600300149425 ], [ -68.456051396014743, -33.19188970004484 ] ] } },
{ "type": "Feature", "properties": { "id_tramo": 458, "osm_id": "183315921", "zona": "URBANO", "km": 0.12162950730335212, "lado": null, "banq_vrda": "NO", "b_v_estado": null, "km_b_v": 0.10162950730335212, "fecha": "08-2026" }, "geometry": { "type": "LineString", "coordinates": [ [ -68.462606299665339, -33.198209742183764 ], [ -68.461804599900972, -33.198525542070534 ] ] } },
{ "type": "Feature", "properties": { "id_tramo": 514, "osm_id": "177322006", "zona": "URBANO", "km": 0.15053793610638841, "lado": null, "banq_vrda": "SI", "b_v_estado": "MALO", "km_b_v": 0.13053793610638842, "fecha": "08-2026" }, "geometry": { "type": "LineString", "coordinates": [ [ -68.461726373219733, -33.198504607163834 ], [ -68.461172472951034, -33.197639407326889 ] ] } },
{ "type": "Feature", "properties": { "id_tramo": 609, "osm_id": "183312795", "zona": "URBANO", "km": 0.090943692173776972, "lado": null, "banq_vrda": "NO", "b_v_estado": null, "km_b_v": 0.070943692173776968, "fecha": "08-2026" }, "geometry": { "type": "LineString", "coordinates": [ [ -68.46167106844787, -33.201321240992634 ], [ -68.461133368668129, -33.201313140998153 ] ] } },
{ "type": "Feature", "properties": { "id_tramo": 613, "osm_id": "177322037", "zona": "URBANO", "km": 0.13692249118418456, "lado": null, "banq_vrda": "NO", "b_v_estado": null, "km_b_v": 0.11692249118418456, "fecha": "08-2026" }, "geometry": { "type": "LineString", "coordinates": [ [ -68.456864513709164, -33.19632961601571 ], [ -68.456385513479972, -33.195586516156503 ] ] } },
{ "type": "Feature", "properties": { "id_tramo": 614, "osm_id": "177322037", "zona": "URBANO", "km": 0.13692249118418456, "lado": null, "banq_vrda": "NO", "b_v_estado": null, "km_b_v": 0.11692249118418456, "fecha": "08-2026" }, "geometry": { "type": "LineString", "coordinates": [ [ -68.456612282566169, -33.196454922158807 ], [ -68.456122282806461, -33.195685422014449 ] ] } },
{ "type": "Feature", "properties": { "id_tramo": 618, "osm_id": "183315837", "zona": "URBANO", "km": 0.080842832317823354, "lado": null, "banq_vrda": "NO", "b_v_estado": null, "km_b_v": 0.06084283231782335, "fecha": "08-2026" }, "geometry": { "type": "LineString", "coordinates": [ [ -68.458689544180245, -33.196734430902971 ], [ -68.458300844289028, -33.196897530845085 ] ] } },
{ "type": "Feature", "properties": { "id_tramo": 619, "osm_id": "183312754", "zona": "URBANO", "km": 0.080752646154569382, "lado": null, "banq_vrda": "NO", "b_v_estado": null, "km_b_v": 0.060752646154569379, "fecha": "08-2026" }, "geometry": { "type": "LineString", "coordinates": [ [ -68.458288659413654, -33.19610171355631 ], [ -68.457910359318277, -33.196278713617851 ] ] } },
{ "type": "Feature", "properties": { "id_tramo": 620, "osm_id": "183312754", "zona": "URBANO", "km": 0.080752646154569382, "lado": null, "banq_vrda": "NO", "b_v_estado": null, "km_b_v": 0.060752646154569379, "fecha": "08-2026" }, "geometry": { "type": "LineString", "coordinates": [ [ -68.458103679844029, -33.195800183765364 ], [ -68.457730579940886, -33.195969983705993 ] ] } },
{ "type": "Feature", "properties": { "id_tramo": 621, "osm_id": "183312786", "zona": "URBANO", "km": 0.080747951255568232, "lado": null, "banq_vrda": "NO", "b_v_estado": null, "km_b_v": 0.060747951255568228, "fecha": "08-2026" }, "geometry": { "type": "LineString", "coordinates": [ [ -68.457565281941669, -33.194989287972383 ], [ -68.457190581844799, -33.195160488032201 ] ] } },
{ "type": "Feature", "properties": { "id_tramo": 460, "osm_id": "183315919", "zona": "URBANO", "km": 0.12287751174687804, "lado": null, "banq_vrda": "NO", "b_v_estado": null, "km_b_v": 0.10287751174687804, "fecha": "08-2026" }, "geometry": { "type": "LineString", "coordinates": [ [ -68.463001133889819, -33.198782926260712 ], [ -68.462158134162124, -33.19906712615682 ] ] } },
{ "type": "Feature", "properties": { "id_tramo": 463, "osm_id": "257800487", "zona": "URBANO", "km": 0.060155348113770497, "lado": null, "banq_vrda": "NO", "b_v_estado": null, "km_b_v": 0.0401553481137705, "fecha": "08-2026" }, "geometry": { "type": "LineString", "coordinates": [ [ -68.463263225248625, -33.200312487395834 ], [ -68.463032725305865, -33.200421787357918 ] ] } },
{ "type": "Feature", "properties": { "id_tramo": 464, "osm_id": "257800487", "zona": "URBANO", "km": 0.061284353134948545, "lado": null, "banq_vrda": "NO", "b_v_estado": null, "km_b_v": 0.041284353134948548, "fecha": "08-2026" }, "geometry": { "type": "LineString", "coordinates": [ [ -68.463806243499604, -33.200060638003599 ], [ -68.463564643560957, -33.200172937964489 ] ] } },
{ "type": "Feature", "properties": { "id_tramo": 468, "osm_id": "771230553", "zona": "URBANO", "km": 0.077089260263013715, "lado": null, "banq_vrda": "NO", "b_v_estado": null, "km_b_v": 0.057089260263013711, "fecha": "08-2026" }, "geometry": { "type": "LineString", "coordinates": [ [ -68.458140144485128, -33.191876011966293 ], [ -68.457903744373837, -33.191512112035674 ] ] } },
{ "type": "Feature", "properties": { "id_tramo": 471, "osm_id": "177321922", "zona": "URBANO", "km": 0.14430354173196949, "lado": null, "banq_vrda": "NO", "b_v_estado": null, "km_b_v": 0.12430354173196949, "fecha": "08-2026" }, "geometry": { "type": "LineString", "coordinates": [ [ -68.458834486308419, -33.192294767308006 ], [ -68.458619886416102, -33.191953767244627 ] ] } },
{ "type": "Feature", "properties": { "id_tramo": 476, "osm_id": "183312767", "zona": "URBANO", "km": 0.050858363937310608, "lado": null, "banq_vrda": "NO", "b_v_estado": null, "km_b_v": 0.030858363937310607, "fecha": "08-2026" }, "geometry": { "type": "LineString", "coordinates": [ [ -68.455594833742182, -33.189720408389739 ], [ -68.45528613363885, -33.189816808425199 ] ] } },
{ "type": "Feature", "properties": { "id_tramo": 478, "osm_id": "183312767", "zona": "URBANO", "km": 0.050858363937310608, "lado": null, "banq_vrda": "NO", "b_v_estado": null, "km_b_v": 0.030858363937310607, "fecha": "08-2026" }, "geometry": { "type": "LineString", "coordinates": [ [ -68.455505801317429, -33.189525098072529 ], [ -68.455287501391979, -33.189589998048561 ] ] } },
{ "type": "Feature", "properties": { "id_tramo": 479, "osm_id": "257781725", "zona": "URBANO", "km": 0.052412404913273591, "lado": null, "banq_vrda": "NO", "b_v_estado": null, "km_b_v": 0.032412404913273588, "fecha": "08-2026" }, "geometry": { "type": "LineString", "coordinates": [ [ -68.454761424972759, -33.188364162889009 ], [ -68.454549125041794, -33.188434762863189 ] ] } },
{ "type": "Feature", "properties": { "id_tramo": 480, "osm_id": "257781725", "zona": "URBANO", "km": 0.070135147130473308, "lado": null, "banq_vrda": "NO", "b_v_estado": null, "km_b_v": 0.050135147130473304, "fecha": "08-2026" }, "geometry": { "type": "LineString", "coordinates": [ [ -68.454189360894006, -33.188547662223478 ], [ -68.453864561003044, -33.188648362186406 ] ] } },
{ "type": "Feature", "properties": { "id_tramo": 483, "osm_id": "177322029", "zona": "URBANO", "km": 0.26188276586143122, "lado": null, "banq_vrda": "NO", "b_v_estado": null, "km_b_v": 0.24188276586143123, "fecha": "08-2026" }, "geometry": { "type": "LineString", "coordinates": [ [ -68.4538569440478, -33.184584104198507 ], [ -68.452868964845393, -33.185034549165238 ], [ -68.452758485445955, -33.185085693340376 ], [ -68.452758161767562, -33.185085841659948 ], [ -68.452400761674468, -33.185247941716639 ], [ -68.452400362946776, -33.185248120287085 ], [ -68.452233774196074, -33.185321782665142 ], [ -68.452137982738975, -33.185365840758521 ], [ -68.452133702762879, -33.185367558010213 ], [ -68.452051802736776, -33.18539585802052 ], [ -68.45205100861385, -33.185396124675037 ], [ -68.451779008524596, -33.185484824707551 ] ] } },
{ "type": "Feature", "properties": { "id_tramo": 484, "osm_id": "177322029", "zona": "URBANO", "km": 0.26188276586143122, "lado": null, "banq_vrda": "NO", "b_v_estado": null, "km_b_v": 0.24188276586143123, "fecha": "08-2026" }, "geometry": { "type": "LineString", "coordinates": [ [ -68.453700433522286, -33.184369480672565 ], [ -68.452753831324898, -33.184823941636274 ], [ -68.452647020623019, -33.184872085860896 ], [ -68.451983646940278, -33.185160379066353 ], [ -68.451910353526571, -33.185186926285752 ], [ -68.451656321303545, -33.185259975454102 ] ] } },
{ "type": "Feature", "properties": { "id_tramo": 487, "osm_id": "177322064", "zona": "URBANO", "km": 0.24972990182873764, "lado": null, "banq_vrda": "NO", "b_v_estado": null, "km_b_v": 0.22972990182873765, "fecha": "08-2026" }, "geometry": { "type": "LineString", "coordinates": [ [ -68.452997563802867, -33.18323522385284 ], [ -68.452083464031972, -33.183665123703598 ], [ -68.452083344489481, -33.183665180134639 ], [ -68.451972655822047, -33.18371762737722 ], [ -68.45142053176977, -33.183975604108952 ], [ -68.451319135661407, -33.184012440168935 ], [ -68.45124162516737, -33.184035828621617 ], [ -68.451162868894727, -33.184054486590789 ] ] } },
{ "type": "Feature", "properties": { "id_tramo": 490, "osm_id": "177322061", "zona": "URBANO", "km": 0.062819679113116825, "lado": null, "banq_vrda": "NO", "b_v_estado": null, "km_b_v": 0.042819679113116821, "fecha": "08-2026" }, "geometry": { "type": "LineString", "coordinates": [ [ -68.458471015575327, -33.184844125867144 ], [ -68.458310815508753, -33.184611525913567 ] ] } },
{ "type": "Feature", "properties": { "id_tramo": 491, "osm_id": "177322061", "zona": "URBANO", "km": 0.14013802213501961, "lado": null, "banq_vrda": "NO", "b_v_estado": null, "km_b_v": 0.1201380221350196, "fecha": "08-2026" }, "geometry": { "type": "LineString", "coordinates": [ [ -68.457510213022047, -33.183834016271895 ], [ -68.456993812797137, -33.183067916422225 ] ] } },
{ "type": "Feature", "properties": { "id_tramo": 492, "osm_id": "177322061", "zona": "URBANO", "km": 0.13861267469544714, "lado": null, "banq_vrda": "NO", "b_v_estado": null, "km_b_v": 0.11861267469544713, "fecha": "08-2026" }, "geometry": { "type": "LineString", "coordinates": [ [ -68.456769315667813, -33.182730273301217 ], [ -68.456247415445674, -33.181964173452819 ] ] } },
{ "type": "Feature", "properties": { "id_tramo": 496, "osm_id": "177322061", "zona": "URBANO", "km": 0.10769414270474009, "lado": null, "banq_vrda": "NO", "b_v_estado": null, "km_b_v": 0.087694142704740088, "fecha": "08-2026" }, "geometry": { "type": "LineString", "coordinates": [ [ -68.455479168787548, -33.180478652913493 ], [ -68.455121868633512, -33.179951053017405 ] ] } },
{ "type": "Feature", "properties": { "id_tramo": 499, "osm_id": "177322061", "zona": "URBANO", "km": 0.06296881290031156, "lado": null, "banq_vrda": "NO", "b_v_estado": null, "km_b_v": 0.042968812900311557, "fecha": "08-2026" }, "geometry": { "type": "LineString", "coordinates": [ [ -68.454724717278637, -33.179722077542024 ], [ -68.45456011720853, -33.179480377589805 ] ] } },
{ "type": "Feature", "properties": { "id_tramo": 502, "osm_id": "545997175", "zona": "URBANO", "km": 0.16648214525164043, "lado": null, "banq_vrda": "NO", "b_v_estado": null, "km_b_v": 0.14648214525164044, "fecha": "08-2026" }, "geometry": { "type": "LineString", "coordinates": [ [ -68.45442069111067, -33.178907239675731 ], [ -68.453972290920845, -33.178250639805889 ] ] } },
{ "type": "Feature", "properties": { "id_tramo": 506, "osm_id": "177321943", "zona": "URBANO", "km": 0.13397813721539847, "lado": null, "banq_vrda": "NO", "b_v_estado": null, "km_b_v": 0.11397813721539847, "fecha": "08-2026" }, "geometry": { "type": "LineString", "coordinates": [ [ -68.458113476892564, -33.195734854680481 ], [ -68.457658077121536, -33.195010554545959 ] ] } },
{ "type": "Feature", "properties": { "id_tramo": 507, "osm_id": "177321922", "zona": "URBANO", "km": 0.034863305612521926, "lado": null, "banq_vrda": "NO", "b_v_estado": null, "km_b_v": 0.014863305612521926, "fecha": "08-2026" }, "geometry": { "type": "LineString", "coordinates": [ [ -68.463129320824976, -33.19837437130505 ], [ -68.46295122074163, -33.1981010713573 ] ] } },
{ "type": "Feature", "properties": { "id_tramo": 509, "osm_id": "177321922", "zona": "URBANO", "km": 0.12253630998083478, "lado": null, "banq_vrda": "NO", "b_v_estado": null, "km_b_v": 0.10253630998083478, "fecha": "08-2026" }, "geometry": { "type": "LineString", "coordinates": [ [ -68.462625830084221, -33.198139797749192 ], [ -68.462046430365078, -33.19723509757862 ] ] } },
{ "type": "Feature", "properties": { "id_tramo": 511, "osm_id": "177322006", "zona": "URBANO", "km": 0.068463004807947314, "lado": null, "banq_vrda": "NO", "b_v_estado": null, "km_b_v": 0.04846300480794731, "fecha": "08-2026" }, "geometry": { "type": "LineString", "coordinates": [ [ -68.462084795245715, -33.199047085562881 ], [ -68.461918295166427, -33.198789385611811 ] ] } },
{ "type": "Feature", "properties": { "id_tramo": 673, "osm_id": "177322026", "zona": "URBANO", "km": 0.075104439906180209, "lado": null, "banq_vrda": "NO", "b_v_estado": null, "km_b_v": 0.055104439906180205, "fecha": "08-2026" }, "geometry": { "type": "LineString", "coordinates": [ [ -68.450986241338654, -33.186408259016112 ], [ -68.450611341461922, -33.186530058971471 ] ] } },
{ "type": "Feature", "properties": { "id_tramo": 675, "osm_id": "177322029", "zona": "URBANO", "km": 0.073603701778793204, "lado": null, "banq_vrda": "NO", "b_v_estado": null, "km_b_v": 0.0536037017787932, "fecha": "08-2026" }, "geometry": { "type": "LineString", "coordinates": [ [ -68.450461528768159, -33.185589865656368 ], [ -68.450103928866483, -33.185743065602246 ] ] } },
{ "type": "Feature", "properties": { "id_tramo": 676, "osm_id": "177322029", "zona": "URBANO", "km": 0.073603701778793204, "lado": null, "banq_vrda": "NO", "b_v_estado": null, "km_b_v": 0.0536037017787932, "fecha": "08-2026" }, "geometry": { "type": "LineString", "coordinates": [ [ -68.450604781207048, -33.185860606939265 ], [ -68.450251481086369, -33.185965506977986 ] ] } },
{ "type": "Feature", "properties": { "id_tramo": 678, "osm_id": "183312763", "zona": "URBANO", "km": 0.14212200155069257, "lado": null, "banq_vrda": "NO", "b_v_estado": null, "km_b_v": 0.12212200155069257, "fecha": "08-2026" }, "geometry": { "type": "LineString", "coordinates": [ [ -68.453210826871469, -33.196352773060724 ], [ -68.452680626591643, -33.195488173218003 ] ] } },
{ "type": "Feature", "properties": { "id_tramo": 886, "osm_id": "177170544", "zona": "URBANO", "km": 0.017526321295991139, "lado": null, "banq_vrda": "NO", "b_v_estado": null, "km_b_v": -0.0024736787040088616, "fecha": "08-2026" }, "geometry": { "type": "LineString", "coordinates": [ [ -68.469664292379505, -33.195549246512158 ], [ -68.469359692508746, -33.195102846423666 ] ] } },
{ "type": "Feature", "properties": { "id_tramo": 887, "osm_id": "177170544", "zona": "URBANO", "km": 0.042896268107885223, "lado": null, "banq_vrda": "NO", "b_v_estado": null, "km_b_v": 0.022896268107885222, "fecha": "08-2026" }, "geometry": { "type": "LineString", "coordinates": [ [ -68.469911787697171, -33.195912139874409 ], [ -68.469787387750003, -33.195729739838264 ] ] } },
{ "type": "Feature", "properties": { "id_tramo": 888, "osm_id": "391480877", "zona": "URBANO", "km": 0.060542342055896134, "lado": null, "banq_vrda": "NO", "b_v_estado": null, "km_b_v": 0.04054234205589613, "fecha": "08-2026" }, "geometry": { "type": "LineString", "coordinates": [ [ -68.469759601793399, -33.195724559714442 ], [ -68.469393901696577, -33.195887659771714 ] ] } },
{ "type": "Feature", "properties": { "id_tramo": 890, "osm_id": "177170500", "zona": "URBANO", "km": 0.072705336344295907, "lado": null, "banq_vrda": "NO", "b_v_estado": null, "km_b_v": 0.052705336344295903, "fecha": "08-2026" }, "geometry": { "type": "LineString", "coordinates": [ [ -68.469941017298012, -33.193398113143814 ], [ -68.470208117382882, -33.193745313068433 ] ] } },
{ "type": "Feature", "properties": { "id_tramo": 892, "osm_id": "177170500", "zona": "URBANO", "km": 0.13677791049198723, "lado": null, "banq_vrda": "NO", "b_v_estado": null, "km_b_v": 0.11677791049198723, "fecha": "08-2026" }, "geometry": { "type": "LineString", "coordinates": [ [ -68.469466029340694, -33.193179799115136 ], [ -68.468970029549297, -33.192455698971145 ] ] } },
{ "type": "Feature", "properties": { "id_tramo": 512, "osm_id": "177321952", "zona": "URBANO", "km": 0.11890447832836394, "lado": null, "banq_vrda": "NO", "b_v_estado": null, "km_b_v": 0.098904478328363937, "fecha": "08-2026" }, "geometry": { "type": "LineString", "coordinates": [ [ -68.459316427637688, -33.196436137548972 ], [ -68.458934027454134, -33.195841937661399 ] ] } },
{ "type": "Feature", "properties": { "id_tramo": 513, "osm_id": "177321943", "zona": "URBANO", "km": 0.1151500733817625, "lado": null, "banq_vrda": "NO", "b_v_estado": null, "km_b_v": 0.095150073381762498, "fecha": "08-2026" }, "geometry": { "type": "LineString", "coordinates": [ [ -68.458727848611133, -33.196663680539046 ], [ -68.458371448779147, -33.196114780434435 ] ] } },
{ "type": "Feature", "properties": { "id_tramo": 515, "osm_id": "177322006", "zona": "URBANO", "km": 0.15053793610638841, "lado": null, "banq_vrda": "NO", "b_v_estado": null, "km_b_v": 0.13053793610638842, "fecha": "08-2026" }, "geometry": { "type": "LineString", "coordinates": [ [ -68.461454136188635, -33.198596562687889 ], [ -68.46089913645099, -33.197740662524922 ] ] } },
{ "type": "Feature", "properties": { "id_tramo": 517, "osm_id": "1238956367", "zona": "URBANO", "km": 0.14171030918684432, "lado": null, "banq_vrda": "NO", "b_v_estado": null, "km_b_v": 0.12171030918684432, "fecha": "08-2026" }, "geometry": { "type": "LineString", "coordinates": [ [ -68.460284455269189, -33.199071692381771 ], [ -68.459770455511077, -33.198280792230904 ] ] } },
{ "type": "Feature", "properties": { "id_tramo": 518, "osm_id": "1238956367", "zona": "URBANO", "km": 0.063149804147355812, "lado": null, "banq_vrda": "NO", "b_v_estado": null, "km_b_v": 0.043149804147355808, "fecha": "08-2026" }, "geometry": { "type": "LineString", "coordinates": [ [ -68.460616007893222, -33.199576173440526 ], [ -68.460486607953356, -33.199378273402587 ] ] } },
{ "type": "Feature", "properties": { "id_tramo": 519, "osm_id": "177321969", "zona": "URBANO", "km": 0.12613571457732631, "lado": null, "banq_vrda": "NO", "b_v_estado": null, "km_b_v": 0.1061357145773263, "fecha": "08-2026" }, "geometry": { "type": "LineString", "coordinates": [ [ -68.464440242986726, -33.19914687355476 ], [ -68.463978043204847, -33.198434673419037 ] ] } },
{ "type": "Feature", "properties": { "id_tramo": 520, "osm_id": "177321969", "zona": "URBANO", "km": 0.060757241965825798, "lado": null, "banq_vrda": "NO", "b_v_estado": null, "km_b_v": 0.040757241965825794, "fecha": "08-2026" }, "geometry": { "type": "LineString", "coordinates": [ [ -68.464723998755446, -33.199580459496481 ], [ -68.464591598817108, -33.199377759457647 ] ] } },
{ "type": "Feature", "properties": { "id_tramo": 524, "osm_id": "177321922", "zona": "URBANO", "km": 0.036847316320502088, "lado": null, "banq_vrda": "NO", "b_v_estado": null, "km_b_v": 0.016847316320502088, "fecha": "08-2026" }, "geometry": { "type": "LineString", "coordinates": [ [ -68.463826886235722, -33.199451865659036 ], [ -68.463312486002579, -33.198674565809476 ] ] } },
{ "type": "Feature", "properties": { "id_tramo": 525, "osm_id": "177321972", "zona": "URBANO", "km": 0.13371105598699098, "lado": null, "banq_vrda": "NO", "b_v_estado": null, "km_b_v": 0.11371105598699098, "fecha": "08-2026" }, "geometry": { "type": "LineString", "coordinates": [ [ -68.457375892897758, -33.196082538130327 ], [ -68.45689939313084, -33.195335137989964 ] ] } },
{ "type": "Feature", "properties": { "id_tramo": 529, "osm_id": "177321972", "zona": "URBANO", "km": 0.11177255855182144, "lado": null, "banq_vrda": "NO", "b_v_estado": null, "km_b_v": 0.09177255855182144, "fecha": "08-2026" }, "geometry": { "type": "LineString", "coordinates": [ [ -68.457961535752034, -33.197000089953065 ], [ -68.457623735923534, -33.196460189853198 ] ] } },
{ "type": "Feature", "properties": { "id_tramo": 530, "osm_id": "177321972", "zona": "URBANO", "km": 0.11177255855182144, "lado": null, "banq_vrda": "NO", "b_v_estado": null, "km_b_v": 0.09177255855182144, "fecha": "08-2026" }, "geometry": { "type": "LineString", "coordinates": [ [ -68.4582250711196, -33.196886204995394 ], [ -68.457877070950829, -33.196342705097834 ] ] } },
{ "type": "Feature", "properties": { "id_tramo": 531, "osm_id": "1238956368", "zona": "URBANO", "km": 0.16231420794549983, "lado": null, "banq_vrda": "NO", "b_v_estado": null, "km_b_v": 0.14231420794549984, "fecha": "08-2026" }, "geometry": { "type": "LineString", "coordinates": [ [ -68.459570351973724, -33.197965339635132 ], [ -68.458924952270621, -33.196983139446154 ] ] } },
{ "type": "Feature", "properties": { "id_tramo": 534, "osm_id": "177321972", "zona": "URBANO", "km": 0.16475531760520368, "lado": null, "banq_vrda": "NO", "b_v_estado": null, "km_b_v": 0.14475531760520369, "fecha": "08-2026" }, "geometry": { "type": "LineString", "coordinates": [ [ -68.459091591019245, -33.198197673734413 ], [ -68.45843009071902, -33.197197473927851 ] ] } },
{ "type": "Feature", "properties": { "id_tramo": 535, "osm_id": "177322037", "zona": "URBANO", "km": 0.10475160377115224, "lado": null, "banq_vrda": "NO", "b_v_estado": null, "km_b_v": 0.084751603771152234, "fecha": "08-2026" }, "geometry": { "type": "LineString", "coordinates": [ [ -68.457223828195993, -33.197269674538219 ], [ -68.45690632802841, -33.196751874632419 ] ] } },
{ "type": "Feature", "properties": { "id_tramo": 537, "osm_id": "183312785", "zona": "URBANO", "km": 0.085303336845413802, "lado": null, "banq_vrda": "NO", "b_v_estado": null, "km_b_v": 0.065303336845413798, "fecha": "08-2026" }, "geometry": { "type": "LineString", "coordinates": [ [ -68.457807343127058, -33.193092826774617 ], [ -68.457334743009469, -33.193316526852215 ] ] } },
{ "type": "Feature", "properties": { "id_tramo": 539, "osm_id": "183312786", "zona": "URBANO", "km": 0.08726345837353848, "lado": null, "banq_vrda": "NO", "b_v_estado": null, "km_b_v": 0.067263458373538476, "fecha": "08-2026" }, "geometry": { "type": "LineString", "coordinates": [ [ -68.458703009567586, -33.194459083169029 ], [ -68.458239809449594, -33.194673783243836 ] ] } },
{ "type": "Feature", "properties": { "id_tramo": 540, "osm_id": "183312786", "zona": "URBANO", "km": 0.08726345837353848, "lado": null, "banq_vrda": "NO", "b_v_estado": null, "km_b_v": 0.067263458373538476, "fecha": "08-2026" }, "geometry": { "type": "LineString", "coordinates": [ [ -68.458608694509167, -33.194300790128672 ], [ -68.458138794389356, -33.1945183902045 ] ] } },
{ "type": "Feature", "properties": { "id_tramo": 541, "osm_id": "183312754", "zona": "URBANO", "km": 0.088349106318036524, "lado": null, "banq_vrda": "NO", "b_v_estado": null, "km_b_v": 0.06834910631803652, "fecha": "08-2026" }, "geometry": { "type": "LineString", "coordinates": [ [ -68.45942213702898, -33.195554829934466 ], [ -68.458949536911319, -33.195778430012034 ] ] } },
{ "type": "Feature", "properties": { "id_tramo": 542, "osm_id": "183312754", "zona": "URBANO", "km": 0.088349106318036524, "lado": null, "banq_vrda": "NO", "b_v_estado": null, "km_b_v": 0.06834910631803652, "fecha": "08-2026" }, "geometry": { "type": "LineString", "coordinates": [ [ -68.459231855795139, -33.195267232813144 ], [ -68.458782355909349, -33.195476032740409 ] ] } },
{ "type": "Feature", "properties": { "id_tramo": 543, "osm_id": "183315837", "zona": "URBANO", "km": 0.089276541845243085, "lado": null, "banq_vrda": "NO", "b_v_estado": null, "km_b_v": 0.069276541845243081, "fecha": "08-2026" }, "geometry": { "type": "LineString", "coordinates": [ [ -68.460004451386453, -33.196487700943862 ], [ -68.459533851257632, -33.196690301015451 ] ] } },
{ "type": "Feature", "properties": { "id_tramo": 548, "osm_id": "183315919", "zona": "URBANO", "km": 0.088605589740216983, "lado": null, "banq_vrda": "NO", "b_v_estado": null, "km_b_v": 0.06860558974021698, "fecha": "08-2026" }, "geometry": { "type": "LineString", "coordinates": [ [ -68.461919470968283, -33.199423558586481 ], [ -68.461405870808107, -33.199608258653498 ] ] } },
{ "type": "Feature", "properties": { "id_tramo": 551, "osm_id": "183312781", "zona": "URBANO", "km": 0.037714190428316016, "lado": null, "banq_vrda": "NO", "b_v_estado": null, "km_b_v": 0.017714190428316016, "fecha": "08-2026" }, "geometry": { "type": "LineString", "coordinates": [ [ -68.456800046483124, -33.19000089929586 ], [ -68.456359446354583, -33.190176199358575 ] ] } },
{ "type": "Feature", "properties": { "id_tramo": 552, "osm_id": "177321969", "zona": "URBANO", "km": 0.09045135665344016, "lado": null, "banq_vrda": "NO", "b_v_estado": null, "km_b_v": 0.070451356653440156, "fecha": "08-2026" }, "geometry": { "type": "LineString", "coordinates": [ [ -68.459141220502161, -33.190685575462147 ], [ -68.458875620389051, -33.190295675539339 ] ] } },
{ "type": "Feature", "properties": { "id_tramo": 554, "osm_id": "177321969", "zona": "URBANO", "km": 0.095997752386793006, "lado": null, "banq_vrda": "NO", "b_v_estado": null, "km_b_v": 0.075997752386793002, "fecha": "08-2026" }, "geometry": { "type": "LineString", "coordinates": [ [ -68.458653078989755, -33.190004393473153 ], [ -68.458291878864159, -33.189518193575964 ] ] } },
{ "type": "Feature", "properties": { "id_tramo": 556, "osm_id": "177321922", "zona": "URBANO", "km": 0.099405209721718166, "lado": null, "banq_vrda": "NO", "b_v_estado": null, "km_b_v": 0.079405209721718162, "fecha": "08-2026" }, "geometry": { "type": "LineString", "coordinates": [ [ -68.457874201176253, -33.190294646498749 ], [ -68.457533301017364, -33.189772446598688 ] ] } },
{ "type": "Feature", "properties": { "id_tramo": 558, "osm_id": "177321922", "zona": "URBANO", "km": 0.20476779371609491, "lado": null, "banq_vrda": "NO", "b_v_estado": null, "km_b_v": 0.18476779371609492, "fecha": "08-2026" }, "geometry": { "type": "LineString", "coordinates": [ [ -68.457385421196747, -33.189530725040115 ], [ -68.456498720791188, -33.18818472529955 ] ] } },
{ "type": "Feature", "properties": { "id_tramo": 569, "osm_id": "183315836", "zona": "URBANO", "km": 0.11811992237762498, "lado": null, "banq_vrda": "NO", "b_v_estado": null, "km_b_v": 0.098119922377624971, "fecha": "08-2026" }, "geometry": { "type": "LineString", "coordinates": [ [ -68.457065407630608, -33.193109967237859 ], [ -68.456770789402029, -33.192678846221554 ], [ -68.456472484824701, -33.192742070829979 ], [ -68.456464653387471, -33.192743095754885 ], [ -68.456456731359978, -33.192742891736444 ], [ -68.456448989211097, -33.192741465740077 ], [ -68.456441691268338, -33.192738866451315 ], [ -68.456435086693389, -33.192735182613404 ], [ -68.456429400975338, -33.192730539997584 ], [ -68.456424828232144, -33.192725097109069 ], [ -68.456072728380363, -33.192210997006882 ] ] } },
{ "type": "Feature", "properties": { "id_tramo": 570, "osm_id": "177322037", "zona": "URBANO", "km": 0.16807348938374178, "lado": null, "banq_vrda": "NO", "b_v_estado": null, "km_b_v": 0.14807348938374179, "fecha": "08-2026" }, "geometry": { "type": "LineString", "coordinates": [ [ -68.456191452973115, -33.195279969651622 ], [ -68.455500952655029, -33.194228369853811 ] ] } },
{ "type": "Feature", "properties": { "id_tramo": 571, "osm_id": "177322037", "zona": "URBANO", "km": 0.16807348938374178, "lado": null, "banq_vrda": "NO", "b_v_estado": null, "km_b_v": 0.14807348938374179, "fecha": "08-2026" }, "geometry": { "type": "LineString", "coordinates": [ [ -68.455924985239164, -33.195389835975 ], [ -68.455237785560399, -33.194335835773487 ] ] } },
{ "type": "Feature", "properties": { "id_tramo": 572, "osm_id": "177321972", "zona": "URBANO", "km": 0.17261976822118322, "lado": null, "banq_vrda": "NO", "b_v_estado": null, "km_b_v": 0.15261976822118323, "fecha": "08-2026" }, "geometry": { "type": "LineString", "coordinates": [ [ -68.455787316545255, -33.193666129059658 ], [ -68.455089716876714, -33.192587528854773 ] ] } },
{ "type": "Feature", "properties": { "id_tramo": 573, "osm_id": "177321972", "zona": "URBANO", "km": 0.17261976822118322, "lado": null, "banq_vrda": "NO", "b_v_estado": null, "km_b_v": 0.15261976822118323, "fecha": "08-2026" }, "geometry": { "type": "LineString", "coordinates": [ [ -68.456064690594616, -33.193543176994552 ], [ -68.455353290286581, -33.192490977201572 ] ] } },
{ "type": "Feature", "properties": { "id_tramo": 576, "osm_id": "177321947", "zona": "URBANO", "km": 0.057092998562798994, "lado": null, "banq_vrda": "NO", "b_v_estado": null, "km_b_v": 0.03709299856279899, "fecha": "08-2026" }, "geometry": { "type": "LineString", "coordinates": [ [ -68.466203296111601, -33.199556855445564 ], [ -68.466066496175358, -33.199347355405443 ] ] } },
{ "type": "Feature", "properties": { "id_tramo": 577, "osm_id": "177321947", "zona": "URBANO", "km": 0.05995946902598577, "lado": null, "banq_vrda": "NO", "b_v_estado": null, "km_b_v": 0.039959469025985767, "fecha": "08-2026" }, "geometry": { "type": "LineString", "coordinates": [ [ -68.466497780360925, -33.200008731600427 ], [ -68.466361680424583, -33.199799931560499 ] ] } },
{ "type": "Feature", "properties": { "id_tramo": 580, "osm_id": "177321969", "zona": "URBANO", "km": 0.059998778140488387, "lado": null, "banq_vrda": "NO", "b_v_estado": null, "km_b_v": 0.039998778140488384, "fecha": "08-2026" }, "geometry": { "type": "LineString", "coordinates": [ [ -68.465564752227351, -33.200446024948818 ], [ -68.465429952281099, -33.200253924909894 ] ] } },
{ "type": "Feature", "properties": { "id_tramo": 581, "osm_id": "177321969", "zona": "URBANO", "km": 0.056317161117436745, "lado": null, "banq_vrda": "NO", "b_v_estado": null, "km_b_v": 0.036317161117436741, "fecha": "08-2026" }, "geometry": { "type": "LineString", "coordinates": [ [ -68.46533393088896, -33.199964832616033 ], [ -68.465200130830524, -33.199766132655007 ] ] } },
{ "type": "Feature", "properties": { "id_tramo": 584, "osm_id": "183312795", "zona": "URBANO", "km": 0.060049517343797015, "lado": null, "banq_vrda": "NO", "b_v_estado": null, "km_b_v": 0.040049517343797011, "fecha": "08-2026" }, "geometry": { "type": "LineString", "coordinates": [ [ -68.466662379311686, -33.201408749789508 ], [ -68.466328079448672, -33.201416749787668 ] ] } },
{ "type": "Feature", "properties": { "id_tramo": 585, "osm_id": "183312795", "zona": "URBANO", "km": 0.068246769233606008, "lado": null, "banq_vrda": "NO", "b_v_estado": null, "km_b_v": 0.048246769233606004, "fecha": "08-2026" }, "geometry": { "type": "LineString", "coordinates": [ [ -68.467351598592813, -33.201396543145506 ], [ -68.46704029872042, -33.201402043144562 ] ] } },
{ "type": "Feature", "properties": { "id_tramo": 586, "osm_id": "183315930", "zona": "URBANO", "km": 0.059593881888866017, "lado": null, "banq_vrda": "NO", "b_v_estado": null, "km_b_v": 0.03959388188886602, "fecha": "08-2026" }, "geometry": { "type": "LineString", "coordinates": [ [ -68.466073118084282, -33.200541892063235 ], [ -68.465828518023727, -33.200658192103553 ] ] } },
{ "type": "Feature", "properties": { "id_tramo": 587, "osm_id": "183315930", "zona": "URBANO", "km": 0.05803489289576659, "lado": null, "banq_vrda": "NO", "b_v_estado": null, "km_b_v": 0.038034892895766587, "fecha": "08-2026" }, "geometry": { "type": "LineString", "coordinates": [ [ -68.466615970849958, -33.200292701735201 ], [ -68.466358570784237, -33.200411701776702 ] ] } },
{ "type": "Feature", "properties": { "id_tramo": 591, "osm_id": "177321969", "zona": "URBANO", "km": 0.12405004943971627, "lado": null, "banq_vrda": "NO", "b_v_estado": null, "km_b_v": 0.10405004943971627, "fecha": "08-2026" }, "geometry": { "type": "LineString", "coordinates": [ [ -68.466253013145263, -33.201374757540222 ], [ -68.466055419997645, -33.201071868243638 ], [ -68.466005926912146, -33.200995878909964 ], [ -68.465815415344153, -33.200703761353154 ] ] } },
{ "type": "Feature", "properties": { "id_tramo": 592, "osm_id": "177321922", "zona": "URBANO", "km": 0.059512436336344614, "lado": null, "banq_vrda": "NO", "b_v_estado": null, "km_b_v": 0.039512436336344617, "fecha": "08-2026" }, "geometry": { "type": "LineString", "coordinates": [ [ -68.46476677465138, -33.200815513184338 ], [ -68.464624374594237, -33.200612013225488 ] ] } },
{ "type": "Feature", "properties": { "id_tramo": 594, "osm_id": "177321922", "zona": "URBANO", "km": 0.056331110014085466, "lado": null, "banq_vrda": "NO", "b_v_estado": null, "km_b_v": 0.036331110014085469, "fecha": "08-2026" }, "geometry": { "type": "LineString", "coordinates": [ [ -68.464727176520611, -33.20135647221003 ], [ -68.464597977421775, -33.201155873475074 ], [ -68.464542577682707, -33.201069873822632 ], [ -68.464036477925234, -33.200284173673786 ] ] } },
{ "type": "Feature", "properties": { "id_tramo": 597, "osm_id": "177321969", "zona": "URBANO", "km": 0.12405004943971627, "lado": null, "banq_vrda": "NO", "b_v_estado": null, "km_b_v": 0.10405004943971627, "fecha": "08-2026" }, "geometry": { "type": "LineString", "coordinates": [ [ -68.46593863321965, -33.201422504863544 ], [ -68.465773431766991, -33.20116470242295 ], [ -68.465710136161675, -33.201065909215764 ], [ -68.465549740600665, -33.200815815969058 ] ] } },
{ "type": "Feature", "properties": { "id_tramo": 600, "osm_id": "177322006", "zona": "URBANO", "km": 0.1751743620557171, "lado": null, "banq_vrda": "NO", "b_v_estado": null, "km_b_v": 0.15517436205571711, "fecha": "08-2026" }, "geometry": { "type": "LineString", "coordinates": [ [ -68.462964435192802, -33.200419839224118 ], [ -68.462263434871403, -33.199354739429374 ] ] } },
{ "type": "Feature", "properties": { "id_tramo": 601, "osm_id": "183315872", "zona": "URBANO", "km": 0.088894281339753273, "lado": null, "banq_vrda": "NO", "b_v_estado": null, "km_b_v": 0.068894281339753269, "fecha": "08-2026" }, "geometry": { "type": "LineString", "coordinates": [ [ -68.463514677231146, -33.200177212297575 ], [ -68.463209477082984, -33.199700312387421 ] ] } },
{ "type": "Feature", "properties": { "id_tramo": 602, "osm_id": "183315872", "zona": "URBANO", "km": 0.088894281339753273, "lado": null, "banq_vrda": "NO", "b_v_estado": null, "km_b_v": 0.068894281339753269, "fecha": "08-2026" }, "geometry": { "type": "LineString", "coordinates": [ [ -68.463288497148127, -33.200275303471031 ], [ -68.462971197299495, -33.19978380337777 ] ] } },
{ "type": "Feature", "properties": { "id_tramo": 604, "osm_id": "177321972", "zona": "URBANO", "km": 0.19183555296548918, "lado": null, "banq_vrda": "NO", "b_v_estado": null, "km_b_v": 0.17183555296548919, "fecha": "08-2026" }, "geometry": { "type": "LineString", "coordinates": [ [ -68.460714714081533, -33.201277017482212 ], [ -68.460003514435797, -33.200151317272308 ] ] } },
{ "type": "Feature", "properties": { "id_tramo": 606, "osm_id": "1238394593", "zona": "URBANO", "km": 0.073940654091806376, "lado": null, "banq_vrda": "NO", "b_v_estado": null, "km_b_v": 0.053940654091806373, "fecha": "08-2026" }, "geometry": { "type": "LineString", "coordinates": [ [ -68.462441666033413, -33.201296194074637 ], [ -68.462199168506217, -33.200917798187817 ], [ -68.462138071070839, -33.200822402256378 ], [ -68.461397967094925, -33.199667296827251 ] ] } },
{ "type": "Feature", "properties": { "id_tramo": 608, "osm_id": "183315919", "zona": "URBANO", "km": 0.080228665574877317, "lado": null, "banq_vrda": "NO", "b_v_estado": null, "km_b_v": 0.060228665574877313, "fecha": "08-2026" }, "geometry": { "type": "LineString", "coordinates": [ [ -68.460594340721244, -33.199617795481011 ], [ -68.460156040860213, -33.199770895425239 ] ] } },
{ "type": "Feature", "properties": { "id_tramo": 622, "osm_id": "183312786", "zona": "URBANO", "km": 0.080747951255568232, "lado": null, "banq_vrda": "NO", "b_v_estado": null, "km_b_v": 0.060747951255568228, "fecha": "08-2026" }, "geometry": { "type": "LineString", "coordinates": [ [ -68.457465549330252, -33.194816257098651 ], [ -68.457079149230779, -33.194993557160551 ] ] } },
{ "type": "Feature", "properties": { "id_tramo": 624, "osm_id": "183312785", "zona": "URBANO", "km": 0.080752220438064778, "lado": null, "banq_vrda": "NO", "b_v_estado": null, "km_b_v": 0.060752220438064775, "fecha": "08-2026" }, "geometry": { "type": "LineString", "coordinates": [ [ -68.456537474359308, -33.193389486511975 ], [ -68.456135974463479, -33.193572286448074 ] ] } },
{ "type": "Feature", "properties": { "id_tramo": 626, "osm_id": "183315836", "zona": "URBANO", "km": 0.080653793915562141, "lado": null, "banq_vrda": "NO", "b_v_estado": null, "km_b_v": 0.060653793915562138, "fecha": "08-2026" }, "geometry": { "type": "LineString", "coordinates": [ [ -68.45566054948506, -33.192040843447735 ], [ -68.455233849616576, -33.192197343391094 ] ] } },
{ "type": "Feature", "properties": { "id_tramo": 627, "osm_id": "183312743", "zona": "URBANO", "km": 0.080855477081427499, "lado": null, "banq_vrda": "NO", "b_v_estado": null, "km_b_v": 0.060855477081427495, "fecha": "08-2026" }, "geometry": { "type": "LineString", "coordinates": [ [ -68.455331561199031, -33.191569941333292 ], [ -68.45492566107562, -33.191722041388175 ] ] } },
{ "type": "Feature", "properties": { "id_tramo": 628, "osm_id": "183312781", "zona": "URBANO", "km": 0.081787719022752919, "lado": null, "banq_vrda": "NO", "b_v_estado": null, "km_b_v": 0.061787719022752915, "fecha": "08-2026" }, "geometry": { "type": "LineString", "coordinates": [ [ -68.45465234458969, -33.190523670108057 ], [ -68.454229944716431, -33.190685170049932 ] ] } },
{ "type": "Feature", "properties": { "id_tramo": 632, "osm_id": "177321972", "zona": "URBANO", "km": 0.10351630342634012, "lado": null, "banq_vrda": "NO", "b_v_estado": null, "km_b_v": 0.083516303426340116, "fecha": "08-2026" }, "geometry": { "type": "LineString", "coordinates": [ [ -68.454422348428764, -33.191578521920256 ], [ -68.454087648590416, -33.191056821821789 ] ] } },
{ "type": "Feature", "properties": { "id_tramo": 633, "osm_id": "177322037", "zona": "URBANO", "km": 0.10367536204975034, "lado": null, "banq_vrda": "NO", "b_v_estado": null, "km_b_v": 0.083675362049750332, "fecha": "08-2026" }, "geometry": { "type": "LineString", "coordinates": [ [ -68.453620261740085, -33.191867686292767 ], [ -68.453297861899017, -33.191359986197746 ] ] } },
{ "type": "Feature", "properties": { "id_tramo": 634, "osm_id": "177322037", "zona": "URBANO", "km": 0.10367536204975034, "lado": null, "banq_vrda": "NO", "b_v_estado": null, "km_b_v": 0.083675362049750332, "fecha": "08-2026" }, "geometry": { "type": "LineString", "coordinates": [ [ -68.453888098027917, -33.191770794749829 ], [ -68.453563297873046, -33.191267694845244 ] ] } },
{ "type": "Feature", "properties": { "id_tramo": 636, "osm_id": "258516833", "zona": "URBANO", "km": 0.13408636071510474, "lado": null, "banq_vrda": "NO", "b_v_estado": null, "km_b_v": 0.11408636071510474, "fecha": "08-2026" }, "geometry": { "type": "LineString", "coordinates": [ [ -68.467821279167751, -33.194191578594946 ], [ -68.467280779414779, -33.193371378436751 ] ] } },
{ "type": "Feature", "properties": { "id_tramo": 637, "osm_id": "183315919", "zona": "URBANO", "km": 0.078796260587969402, "lado": null, "banq_vrda": "NO", "b_v_estado": null, "km_b_v": 0.058796260587969398, "fecha": "08-2026" }, "geometry": { "type": "LineString", "coordinates": [ [ -68.459776699864236, -33.199889640193668 ], [ -68.4593883999881, -33.200023740144779 ] ] } },
{ "type": "Feature", "properties": { "id_tramo": 639, "osm_id": "183315921", "zona": "URBANO", "km": 0.079206338859175815, "lado": null, "banq_vrda": "NO", "b_v_estado": null, "km_b_v": 0.059206338859175811, "fecha": "08-2026" }, "geometry": { "type": "LineString", "coordinates": [ [ -68.459502386436554, -33.199440107142138 ], [ -68.45910178655194, -33.19960230708422 ] ] } },
{ "type": "Feature", "properties": { "id_tramo": 640, "osm_id": "257781709", "zona": "URBANO", "km": 0.082087076424543048, "lado": null, "banq_vrda": "NO", "b_v_estado": null, "km_b_v": 0.062087076424543045, "fecha": "08-2026" }, "geometry": { "type": "LineString", "coordinates": [ [ -68.458929268397199, -33.198605002657885 ], [ -68.458526468294309, -33.198791202722802 ] ] } },
{ "type": "Feature", "properties": { "id_tramo": 641, "osm_id": "257781709", "zona": "URBANO", "km": 0.082087076424543048, "lado": null, "banq_vrda": "NO", "b_v_estado": null, "km_b_v": 0.062087076424543045, "fecha": "08-2026" }, "geometry": { "type": "LineString", "coordinates": [ [ -68.458786883780292, -33.198376702018102 ], [ -68.458420283877956, -33.198539301960956 ] ] } },
{ "type": "Feature", "properties": { "id_tramo": 642, "osm_id": "183315837", "zona": "URBANO", "km": 0.083031586143941002, "lado": null, "banq_vrda": "NO", "b_v_estado": null, "km_b_v": 0.063031586143940999, "fecha": "08-2026" }, "geometry": { "type": "LineString", "coordinates": [ [ -68.458076994606699, -33.197276910638969 ], [ -68.457667694493011, -33.197450210700396 ] ] } },
{ "type": "Feature", "properties": { "id_tramo": 645, "osm_id": "183312754", "zona": "URBANO", "km": 0.083937810239562649, "lado": null, "banq_vrda": "NO", "b_v_estado": null, "km_b_v": 0.063937810239562645, "fecha": "08-2026" }, "geometry": { "type": "LineString", "coordinates": [ [ -68.457349571614358, -33.196152487479878 ], [ -68.456959971715463, -33.196329887417861 ] ] } },
{ "type": "Feature", "properties": { "id_tramo": 646, "osm_id": "183312786", "zona": "URBANO", "km": 0.085637273347803161, "lado": null, "banq_vrda": "NO", "b_v_estado": null, "km_b_v": 0.065637273347803157, "fecha": "08-2026" }, "geometry": { "type": "LineString", "coordinates": [ [ -68.456803052680897, -33.195336536883296 ], [ -68.456403452575373, -33.195515336946023 ] ] } },
{ "type": "Feature", "properties": { "id_tramo": 648, "osm_id": "183312785", "zona": "URBANO", "km": 0.087559144599575575, "lado": null, "banq_vrda": "NO", "b_v_estado": null, "km_b_v": 0.067559144599575571, "fecha": "08-2026" }, "geometry": { "type": "LineString", "coordinates": [ [ -68.455922899937946, -33.193976733746389 ], [ -68.455522099835107, -33.194161233810739 ] ] } },
{ "type": "Feature", "properties": { "id_tramo": 649, "osm_id": "183312785", "zona": "URBANO", "km": 0.087559144599575575, "lado": null, "banq_vrda": "NO", "b_v_estado": null, "km_b_v": 0.067559144599575571, "fecha": "08-2026" }, "geometry": { "type": "LineString", "coordinates": [ [ -68.455765177974442, -33.193740416057054 ], [ -68.455391578068216, -33.193915915996087 ] ] } },
{ "type": "Feature", "properties": { "id_tramo": 654, "osm_id": "183312781", "zona": "URBANO", "km": 0.087265711393229972, "lado": null, "banq_vrda": "NO", "b_v_estado": null, "km_b_v": 0.067265711393229968, "fecha": "08-2026" }, "geometry": { "type": "LineString", "coordinates": [ [ -68.453997026404025, -33.191043107347113 ], [ -68.453586026283986, -33.191206407405559 ] ] } },
{ "type": "Feature", "properties": { "id_tramo": 656, "osm_id": "257781725", "zona": "URBANO", "km": 0.083493451840368799, "lado": null, "banq_vrda": "NO", "b_v_estado": null, "km_b_v": 0.063493451840368795, "fecha": "08-2026" }, "geometry": { "type": "LineString", "coordinates": [ [ -68.45362775720325, -33.189004808261075 ], [ -68.453231457076171, -33.189140308310478 ] ] } },
{ "type": "Feature", "properties": { "id_tramo": 657, "osm_id": "257781725", "zona": "URBANO", "km": 0.083493451840368799, "lado": null, "banq_vrda": "NO", "b_v_estado": null, "km_b_v": 0.063493451840368795, "fecha": "08-2026" }, "geometry": { "type": "LineString", "coordinates": [ [ -68.453487521099134, -33.188773465053544 ], [ -68.453071621232866, -33.188914865001955 ] ] } },
{ "type": "Feature", "properties": { "id_tramo": 658, "osm_id": "183312797", "zona": "URBANO", "km": 0.077317789965998224, "lado": null, "banq_vrda": "NO", "b_v_estado": null, "km_b_v": 0.05731778996599822, "fecha": "08-2026" }, "geometry": { "type": "LineString", "coordinates": [ [ -68.453051047309984, -33.188104693998362 ], [ -68.452651247186253, -33.188250294051059 ] ] } },
{ "type": "Feature", "properties": { "id_tramo": 659, "osm_id": "183312797", "zona": "URBANO", "km": 0.077317789965998224, "lado": null, "banq_vrda": "NO", "b_v_estado": null, "km_b_v": 0.05731778996599822, "fecha": "08-2026" }, "geometry": { "type": "LineString", "coordinates": [ [ -68.452892714246815, -33.187890268139483 ], [ -68.452507514363788, -33.188034868087328 ] ] } },
{ "type": "Feature", "properties": { "id_tramo": 660, "osm_id": "257781719", "zona": "URBANO", "km": 0.081559627213188352, "lado": null, "banq_vrda": "NO", "b_v_estado": null, "km_b_v": 0.061559627213188348, "fecha": "08-2026" }, "geometry": { "type": "LineString", "coordinates": [ [ -68.452384374844385, -33.187120970092025 ], [ -68.45196267470827, -33.187263270143973 ] ] } },
{ "type": "Feature", "properties": { "id_tramo": 661, "osm_id": "257781719", "zona": "URBANO", "km": 0.081559627213188352, "lado": null, "banq_vrda": "NO", "b_v_estado": null, "km_b_v": 0.061559627213188348, "fecha": "08-2026" }, "geometry": { "type": "LineString", "coordinates": [ [ -68.452268290207726, -33.186904475627891 ], [ -68.451852490344223, -33.187040075578203 ] ] } },
{ "type": "Feature", "properties": { "id_tramo": 662, "osm_id": "177322026", "zona": "URBANO", "km": 0.079613654625963912, "lado": null, "banq_vrda": "NO", "b_v_estado": null, "km_b_v": 0.059613654625963908, "fecha": "08-2026" }, "geometry": { "type": "LineString", "coordinates": [ [ -68.45190505145753, -33.186367577932977 ], [ -68.451509951329868, -33.186500677981599 ] ] } },
{ "type": "Feature", "properties": { "id_tramo": 668, "osm_id": "257781725", "zona": "URBANO", "km": 0.085724127308337977, "lado": null, "banq_vrda": "NO", "b_v_estado": null, "km_b_v": 0.065724127308337973, "fecha": "08-2026" }, "geometry": { "type": "LineString", "coordinates": [ [ -68.452822252303164, -33.189274377777252 ], [ -68.452416552170661, -33.189408077826201 ] ] } },
{ "type": "Feature", "properties": { "id_tramo": 679, "osm_id": "183312763", "zona": "URBANO", "km": 0.14212200155069257, "lado": null, "banq_vrda": "NO", "b_v_estado": null, "km_b_v": 0.12212200155069257, "fecha": "08-2026" }, "geometry": { "type": "LineString", "coordinates": [ [ -68.45298086994535, -33.196446691375101 ], [ -68.452458570234711, -33.195572691219468 ] ] } },
{ "type": "Feature", "properties": { "id_tramo": 681, "osm_id": "183312765", "zona": "URBANO", "km": 0.1371942358733485, "lado": null, "banq_vrda": "NO", "b_v_estado": null, "km_b_v": 0.1171942358733485, "fecha": "08-2026" }, "geometry": { "type": "LineString", "coordinates": [ [ -68.452411313894586, -33.196636354671412 ], [ -68.451909314150825, -33.19583185452295 ] ] } },
{ "type": "Feature", "properties": { "id_tramo": 683, "osm_id": "183312759", "zona": "URBANO", "km": 0.085974768845802532, "lado": null, "banq_vrda": "NO", "b_v_estado": null, "km_b_v": 0.065974768845802528, "fecha": "08-2026" }, "geometry": { "type": "LineString", "coordinates": [ [ -68.457149339560559, -33.198848799827495 ], [ -68.456912639449286, -33.19848479989696 ] ] } },
{ "type": "Feature", "properties": { "id_tramo": 686, "osm_id": "257781709", "zona": "URBANO", "km": 0.11357723950118137, "lado": null, "banq_vrda": "NO", "b_v_estado": null, "km_b_v": 0.093577239501181367, "fecha": "08-2026" }, "geometry": { "type": "LineString", "coordinates": [ [ -68.458038000978917, -33.198746041724739 ], [ -68.45726660070639, -33.198954041802011 ] ] } },
{ "type": "Feature", "properties": { "id_tramo": 688, "osm_id": "183312783", "zona": "URBANO", "km": 0.057269399173016412, "lado": null, "banq_vrda": "NO", "b_v_estado": null, "km_b_v": 0.037269399173016415, "fecha": "08-2026" }, "geometry": { "type": "LineString", "coordinates": [ [ -68.457579253424498, -33.198028790434698 ], [ -68.456682653743314, -33.198265390346691 ], [ -68.456682588999854, -33.198265407478608 ], [ -68.456571795450643, -33.198294805766459 ], [ -68.455546702244376, -33.198566503961217 ] ] } },
{ "type": "Feature", "properties": { "id_tramo": 689, "osm_id": "183312783", "zona": "URBANO", "km": 0.057269399173016412, "lado": null, "banq_vrda": "NO", "b_v_estado": null, "km_b_v": 0.037269399173016415, "fecha": "08-2026" }, "geometry": { "type": "LineString", "coordinates": [ [ -68.457700750866266, -33.198225260785165 ], [ -68.456925350589188, -33.198426460860048 ] ] } },
{ "type": "Feature", "properties": { "id_tramo": 690, "osm_id": "183312783", "zona": "URBANO", "km": 0.12646888271245488, "lado": null, "banq_vrda": "NO", "b_v_estado": null, "km_b_v": 0.10646888271245487, "fecha": "08-2026" }, "geometry": { "type": "LineString", "coordinates": [ [ -68.45652712776166, -33.198532288077729 ], [ -68.455622027440455, -33.198772788167155 ] ] } },
{ "type": "Feature", "properties": { "id_tramo": 691, "osm_id": "183312768", "zona": "URBANO", "km": 0.08814176406803384, "lado": null, "banq_vrda": "NO", "b_v_estado": null, "km_b_v": 0.068141764068033836, "fecha": "08-2026" }, "geometry": { "type": "LineString", "coordinates": [ [ -68.455830400991587, -33.199220225800381 ], [ -68.455602100862976, -33.198834725868529 ] ] } },
{ "type": "Feature", "properties": { "id_tramo": 694, "osm_id": "177322037", "zona": "URBANO", "km": 0.13252986938081393, "lado": null, "banq_vrda": "NO", "b_v_estado": null, "km_b_v": 0.11252986938081393, "fecha": "08-2026" }, "geometry": { "type": "LineString", "coordinates": [ [ -68.458761027256685, -33.199677653212596 ], [ -68.458250127476845, -33.198923753063944 ] ] } },
{ "type": "Feature", "properties": { "id_tramo": 695, "osm_id": "177322037", "zona": "URBANO", "km": 0.089073758802749842, "lado": null, "banq_vrda": "NO", "b_v_estado": null, "km_b_v": 0.069073758802749838, "fecha": "08-2026" }, "geometry": { "type": "LineString", "coordinates": [ [ -68.457600698168449, -33.197972847664815 ], [ -68.45736609828306, -33.197605147595709 ] ] } },
{ "type": "Feature", "properties": { "id_tramo": 698, "osm_id": "183312762", "zona": "URBANO", "km": 0.18499493640236916, "lado": null, "banq_vrda": "NO", "b_v_estado": null, "km_b_v": 0.16499493640236917, "fecha": "08-2026" }, "geometry": { "type": "LineString", "coordinates": [ [ -68.457286566382535, -33.197583108252246 ], [ -68.456346676154226, -33.197823105760364 ], [ -68.4562303247572, -33.197852867749084 ], [ -68.455255662643154, -33.19810823162598 ] ] } },
{ "type": "Feature", "properties": { "id_tramo": 701, "osm_id": "183312743", "zona": "URBANO", "km": 0.094336618824133384, "lado": null, "banq_vrda": "NO", "b_v_estado": null, "km_b_v": 0.07433661882413338, "fecha": "08-2026" }, "geometry": { "type": "LineString", "coordinates": [ [ -68.45372771060255, -33.192164497507243 ], [ -68.453112910414347, -33.192392497589623 ] ] } },
{ "type": "Feature", "properties": { "id_tramo": 708, "osm_id": "612824072", "zona": "URBANO", "km": 0.10485127620128223, "lado": null, "banq_vrda": "NO", "b_v_estado": null, "km_b_v": 0.08485127620128223, "fecha": "08-2026" }, "geometry": { "type": "LineString", "coordinates": [ [ -68.452884308420522, -33.192146702400763 ], [ -68.452499908298563, -33.191647402509176 ] ] } },
{ "type": "Feature", "properties": { "id_tramo": 709, "osm_id": "183312786", "zona": "URBANO", "km": 0.084687796051267542, "lado": null, "banq_vrda": "NO", "b_v_estado": null, "km_b_v": 0.064687796051267538, "fecha": "08-2026" }, "geometry": { "type": "LineString", "coordinates": [ [ -68.456037281893302, -33.195662861237238 ], [ -68.45554068173665, -33.19583786130088 ] ] } },
{ "type": "Feature", "properties": { "id_tramo": 711, "osm_id": "183312776", "zona": "URBANO", "km": 0.14727968198044064, "lado": null, "banq_vrda": "NO", "b_v_estado": null, "km_b_v": 0.12727968198044065, "fecha": "08-2026" }, "geometry": { "type": "LineString", "coordinates": [ [ -68.453600149991118, -33.19623198681797 ], [ -68.452997850261923, -33.195325386642033 ] ] } },
{ "type": "Feature", "properties": { "id_tramo": 712, "osm_id": "183312776", "zona": "URBANO", "km": 0.14727968198044064, "lado": null, "banq_vrda": "NO", "b_v_estado": null, "km_b_v": 0.12727968198044065, "fecha": "08-2026" }, "geometry": { "type": "LineString", "coordinates": [ [ -68.453817974549011, -33.196148302007728 ], [ -68.453215274269922, -33.195228202184303 ] ] } },
{ "type": "Feature", "properties": { "id_tramo": 713, "osm_id": "177321972", "zona": "URBANO", "km": 0.059635755538023638, "lado": null, "banq_vrda": "NO", "b_v_estado": null, "km_b_v": 0.039635755538023634, "fecha": "08-2026" }, "geometry": { "type": "LineString", "coordinates": [ [ -68.459880371881482, -33.199825376259291 ], [ -68.459774371822192, -33.199647076290908 ] ] } },
{ "type": "Feature", "properties": { "id_tramo": 714, "osm_id": "177322037", "zona": "URBANO", "km": 0.056297201996012548, "lado": null, "banq_vrda": "NO", "b_v_estado": null, "km_b_v": 0.036297201996012551, "fecha": "08-2026" }, "geometry": { "type": "LineString", "coordinates": [ [ -68.45932867133979, -33.20002404448536 ], [ -68.459225171295202, -33.199871344515472 ] ] } },
{ "type": "Feature", "properties": { "id_tramo": 718, "osm_id": "642762563", "zona": "URBANO", "km": 0.07108941804099235, "lado": null, "banq_vrda": "NO", "b_v_estado": null, "km_b_v": 0.051089418040992346, "fecha": "08-2026" }, "geometry": { "type": "LineString", "coordinates": [ [ -68.453580957749907, -33.199049782730597 ], [ -68.453409257666891, -33.198782082781101 ] ] } },
{ "type": "Feature", "properties": { "id_tramo": 719, "osm_id": "642762563", "zona": "URBANO", "km": 0.07205118844760483, "lado": null, "banq_vrda": "NO", "b_v_estado": null, "km_b_v": 0.052051188447604826, "fecha": "08-2026" }, "geometry": { "type": "LineString", "coordinates": [ [ -68.453946443442575, -33.199649041561287 ], [ -68.453765743334642, -33.199333841615491 ] ] } },
{ "type": "Feature", "properties": { "id_tramo": 724, "osm_id": "612824066", "zona": "URBANO", "km": 0.059093098190134891, "lado": null, "banq_vrda": "NO", "b_v_estado": null, "km_b_v": 0.039093098190134887, "fecha": "08-2026" }, "geometry": { "type": "LineString", "coordinates": [ [ -68.455477437109977, -33.196314368054168 ], [ -68.455269937220422, -33.195974467992549 ] ] } },
{ "type": "Feature", "properties": { "id_tramo": 726, "osm_id": "183312768", "zona": "URBANO", "km": 0.075056204276414851, "lado": null, "banq_vrda": "NO", "b_v_estado": null, "km_b_v": 0.055056204276414847, "fecha": "08-2026" }, "geometry": { "type": "LineString", "coordinates": [ [ -68.456280789994167, -33.199957310511678 ], [ -68.45602598986089, -33.199543810587215 ] ] } },
{ "type": "Feature", "properties": { "id_tramo": 729, "osm_id": "183312783", "zona": "URBANO", "km": 0.13592016012725922, "lado": null, "banq_vrda": "NO", "b_v_estado": null, "km_b_v": 0.11592016012725921, "fecha": "08-2026" }, "geometry": { "type": "LineString", "coordinates": [ [ -68.454620241710501, -33.198743190092934 ], [ -68.454390641784983, -33.19881999006487 ], [ -68.454390601818503, -33.198820003452902 ], [ -68.454297013004265, -33.198851399699109 ], [ -68.453688224341761, -33.199055295893452 ] ] } },
{ "type": "Feature", "properties": { "id_tramo": 731, "osm_id": "183312762", "zona": "URBANO", "km": 0.13764029552340137, "lado": null, "banq_vrda": "NO", "b_v_estado": null, "km_b_v": 0.11764029552340137, "fecha": "08-2026" }, "geometry": { "type": "LineString", "coordinates": [ [ -68.454407784843426, -33.198396967535857 ], [ -68.454179179794878, -33.198472469205953 ], [ -68.454084982646378, -33.198503568265757 ], [ -68.453417985317458, -33.198723867392282 ] ] } },
{ "type": "Feature", "properties": { "id_tramo": 732, "osm_id": "183315880", "zona": "URBANO", "km": 0.097695572917991164, "lado": null, "banq_vrda": "NO", "b_v_estado": null, "km_b_v": 0.07769557291799116, "fecha": "08-2026" }, "geometry": { "type": "LineString", "coordinates": [ [ -68.466628961771391, -33.202573178655982 ], [ -68.466836561603216, -33.203010078719849 ] ] } },
{ "type": "Feature", "properties": { "id_tramo": 893, "osm_id": "177170500", "zona": "URBANO", "km": 0.13677791049198723, "lado": null, "banq_vrda": "NO", "b_v_estado": null, "km_b_v": 0.11677791049198723, "fecha": "08-2026" }, "geometry": { "type": "LineString", "coordinates": [ [ -68.469747597971363, -33.193085288080411 ], [ -68.469258297759239, -33.19236098822288 ] ] } },
{ "type": "Feature", "properties": { "id_tramo": 894, "osm_id": "257781723", "zona": "URBANO", "km": 0.11991571311927915, "lado": null, "banq_vrda": "NO", "b_v_estado": null, "km_b_v": 0.099915713119279145, "fecha": "08-2026" }, "geometry": { "type": "LineString", "coordinates": [ [ -68.468889441605995, -33.19243885990285 ], [ -68.468743046271499, -33.192492519506658 ], [ -68.46838529970448, -33.192886678808037 ], [ -68.468378914160525, -33.192892326569371 ], [ -68.468371234785337, -33.192896689258063 ], [ -68.468266534757504, -33.192943189274402 ] ] } },
{ "type": "Feature", "properties": { "id_tramo": 938, "osm_id": "183312757", "zona": "URBANO", "km": 0.071778688123615361, "lado": null, "banq_vrda": "NO", "b_v_estado": null, "km_b_v": 0.051778688123615357, "fecha": "08-2026" }, "geometry": { "type": "LineString", "coordinates": [ [ -68.452810967312487, -33.195035338908809 ], [ -68.452137767035779, -33.193963337728952 ], [ -68.452070768443221, -33.193856639896772 ], [ -68.45178006996727, -33.193393842004099 ], [ -68.451778381336695, -33.19339082327599 ], [ -68.4515826814863, -33.192994323216119 ] ] } },
{ "type": "Feature", "properties": { "id_tramo": 736, "osm_id": "183312742", "zona": "URBANO", "km": 0.1254875068425724, "lado": null, "banq_vrda": "NO", "b_v_estado": null, "km_b_v": 0.1054875068425724, "fecha": "08-2026" }, "geometry": { "type": "LineString", "coordinates": [ [ -68.451445523152699, -33.195660176753769 ], [ -68.4506520278279, -33.194441984734787 ], [ -68.450587232841016, -33.194342392505881 ], [ -68.450079027815804, -33.193561685299414 ] ] } },
{ "type": "Feature", "properties": { "id_tramo": 738, "osm_id": "183312780", "zona": "URBANO", "km": 0.059548185848275384, "lado": null, "banq_vrda": "NO", "b_v_estado": null, "km_b_v": 0.03954818584827538, "fecha": "08-2026" }, "geometry": { "type": "LineString", "coordinates": [ [ -68.449878607897361, -33.194480608288167 ], [ -68.449435907685768, -33.19379420841824 ] ] } },
{ "type": "Feature", "properties": { "id_tramo": 739, "osm_id": "183312786", "zona": "URBANO", "km": 0.055701657318076449, "lado": null, "banq_vrda": "NO", "b_v_estado": null, "km_b_v": 0.035701657318076452, "fecha": "08-2026" }, "geometry": { "type": "LineString", "coordinates": [ [ -68.455183510081483, -33.195960586493392 ], [ -68.454299313356714, -33.196270585359812 ], [ -68.454182710945958, -33.196311486206952 ], [ -68.453276954791846, -33.196629060481335 ], [ -68.453181289816911, -33.196665717155831 ], [ -68.45317986081352, -33.196666238582701 ], [ -68.452360560552748, -33.196950438686223 ] ] } },
{ "type": "Feature", "properties": { "id_tramo": 740, "osm_id": "183312786", "zona": "URBANO", "km": 0.055701657318076449, "lado": null, "banq_vrda": "NO", "b_v_estado": null, "km_b_v": 0.035701657318076452, "fecha": "08-2026" }, "geometry": { "type": "LineString", "coordinates": [ [ -68.452396834040428, -33.196672992783228 ], [ -68.452177234111645, -33.196746492756368 ] ] } },
{ "type": "Feature", "properties": { "id_tramo": 744, "osm_id": "183312785", "zona": "URBANO", "km": 0.15109136547625548, "lado": null, "banq_vrda": "NO", "b_v_estado": null, "km_b_v": 0.13109136547625549, "fecha": "08-2026" }, "geometry": { "type": "LineString", "coordinates": [ [ -68.455013899243852, -33.194098129814066 ], [ -68.454449799391412, -33.194352929724865 ], [ -68.454331799202237, -33.194406229805573 ], [ -68.453466996215766, -33.194796931120074 ], [ -68.453368500278017, -33.194841429280892 ], [ -68.453111604497479, -33.194957427365381 ] ] } },
{ "type": "Feature", "properties": { "id_tramo": 745, "osm_id": "183312785", "zona": "URBANO", "km": 0.057573667933262199, "lado": null, "banq_vrda": "NO", "b_v_estado": null, "km_b_v": 0.037573667933262195, "fecha": "08-2026" }, "geometry": { "type": "LineString", "coordinates": [ [ -68.451717499186771, -33.195587229708046 ], [ -68.451523999237381, -33.195674629677427 ] ] } },
{ "type": "Feature", "properties": { "id_tramo": 747, "osm_id": "183312785", "zona": "URBANO", "km": 0.057573667933262199, "lado": null, "banq_vrda": "NO", "b_v_estado": null, "km_b_v": 0.037573667933262195, "fecha": "08-2026" }, "geometry": { "type": "LineString", "coordinates": [ [ -68.451850888086497, -33.195813739368752 ], [ -68.451626088028775, -33.195917139404834 ] ] } },
{ "type": "Feature", "properties": { "id_tramo": 754, "osm_id": "277067037", "zona": "URBANO", "km": 0.061647245808001135, "lado": null, "banq_vrda": "NO", "b_v_estado": null, "km_b_v": 0.041647245808001138, "fecha": "08-2026" }, "geometry": { "type": "LineString", "coordinates": [ [ -68.460230284561462, -33.196720081578334 ], [ -68.46009758462499, -33.196514181539314 ] ] } },
{ "type": "Feature", "properties": { "id_tramo": 756, "osm_id": "257781709", "zona": "URBANO", "km": 0.11955595780062658, "lado": null, "banq_vrda": "NO", "b_v_estado": null, "km_b_v": 0.099555957800626579, "fecha": "08-2026" }, "geometry": { "type": "LineString", "coordinates": [ [ -68.461816167147887, -33.196986481079001 ], [ -68.460897567383029, -33.197410180931215 ], [ -68.460815550490381, -33.197448088719725 ], [ -68.460202466596016, -33.197730881264469 ] ] } },
{ "type": "Feature", "properties": { "id_tramo": 757, "osm_id": "1238394594", "zona": "URBANO", "km": 0.15825689855674654, "lado": null, "banq_vrda": "NO", "b_v_estado": null, "km_b_v": 0.13825689855674655, "fecha": "08-2026" }, "geometry": { "type": "LineString", "coordinates": [ [ -68.460119390298601, -33.197708834414904 ], [ -68.459523190008184, -33.196775634590473 ] ] } },
{ "type": "Feature", "properties": { "id_tramo": 758, "osm_id": "183312795", "zona": "URBANO", "km": 0.068246769233606008, "lado": null, "banq_vrda": "NO", "b_v_estado": null, "km_b_v": 0.048246769233606004, "fecha": "08-2026" }, "geometry": { "type": "LineString", "coordinates": [ [ -68.4675451285039, -33.201743563463822 ], [ -68.467297928402573, -33.201741763462081 ] ] } },
{ "type": "Feature", "properties": { "id_tramo": 760, "osm_id": "183312795", "zona": "URBANO", "km": 0.11062759994662703, "lado": null, "banq_vrda": "NO", "b_v_estado": null, "km_b_v": 0.09062759994662703, "fecha": "08-2026" }, "geometry": { "type": "LineString", "coordinates": [ [ -68.466161978176572, -33.201738263409084 ], [ -68.46537907785553, -33.201744063408213 ] ] } },
{ "type": "Feature", "properties": { "id_tramo": 761, "osm_id": "183312795", "zona": "URBANO", "km": 0.072817621912601771, "lado": null, "banq_vrda": "NO", "b_v_estado": null, "km_b_v": 0.052817621912601767, "fecha": "08-2026" }, "geometry": { "type": "LineString", "coordinates": [ [ -68.464911691582515, -33.201731016984759 ], [ -68.464540191430984, -33.201714916976734 ] ] } },
{ "type": "Feature", "properties": { "id_tramo": 762, "osm_id": "183315869", "zona": "URBANO", "km": 0.063435193763255293, "lado": null, "banq_vrda": "NO", "b_v_estado": null, "km_b_v": 0.043435193763255289, "fecha": "08-2026" }, "geometry": { "type": "LineString", "coordinates": [ [ -68.464300673265299, -33.202014140758784 ], [ -68.464172959514855, -33.201986688269692 ], [ -68.464045274685077, -33.201962988068502 ], [ -68.463894606217323, -33.201940825093324 ] ] } },
{ "type": "Feature", "properties": { "id_tramo": 767, "osm_id": "183315922", "zona": "URBANO", "km": 0.071577919452601557, "lado": null, "banq_vrda": "NO", "b_v_estado": null, "km_b_v": 0.051577919452601553, "fecha": "08-2026" }, "geometry": { "type": "LineString", "coordinates": [ [ -68.465652700914092, -33.203040936075851 ], [ -68.465362601033036, -33.203042636076376 ] ] } },
{ "type": "Feature", "properties": { "id_tramo": 768, "osm_id": "183315922", "zona": "URBANO", "km": 0.071577919452601557, "lado": null, "banq_vrda": "NO", "b_v_estado": null, "km_b_v": 0.051577919452601553, "fecha": "08-2026" }, "geometry": { "type": "LineString", "coordinates": [ [ -68.46578457906152, -33.203294862140801 ], [ -68.465471178933072, -33.20329166213822 ] ] } },
{ "type": "Feature", "properties": { "id_tramo": 769, "osm_id": "183315918", "zona": "URBANO", "km": 0.066237367786744952, "lado": null, "banq_vrda": "NO", "b_v_estado": null, "km_b_v": 0.046237367786744948, "fecha": "08-2026" }, "geometry": { "type": "LineString", "coordinates": [ [ -68.466388080184458, -33.204341960941086 ], [ -68.466155280242504, -33.204451960902901 ] ] } },
{ "type": "Feature", "properties": { "id_tramo": 770, "osm_id": "183315918", "zona": "URBANO", "km": 0.060348944193707454, "lado": null, "banq_vrda": "NO", "b_v_estado": null, "km_b_v": 0.040348944193707451, "fecha": "08-2026" }, "geometry": { "type": "LineString", "coordinates": [ [ -68.466922075396965, -33.203958221708398 ], [ -68.466682075418277, -33.204131221655487 ] ] } },
{ "type": "Feature", "properties": { "id_tramo": 771, "osm_id": "183315922", "zona": "URBANO", "km": 0.06688953114481612, "lado": null, "banq_vrda": "NO", "b_v_estado": null, "km_b_v": 0.046889531144816116, "fecha": "08-2026" }, "geometry": { "type": "LineString", "coordinates": [ [ -68.466491552089366, -33.2032863642007 ], [ -68.466203451971253, -33.20328496419895 ] ] } },
{ "type": "Feature", "properties": { "id_tramo": 772, "osm_id": "183315885", "zona": "URBANO", "km": 0.19841163603859605, "lado": null, "banq_vrda": "NO", "b_v_estado": null, "km_b_v": 0.17841163603859606, "fecha": "08-2026" }, "geometry": { "type": "LineString", "coordinates": [ [ -68.467270865260446, -33.201789369505107 ], [ -68.467815465693022, -33.202920569337834 ] ] } },
{ "type": "Feature", "properties": { "id_tramo": 773, "osm_id": "183315839", "zona": "URBANO", "km": 0.19563475470194366, "lado": null, "banq_vrda": "NO", "b_v_estado": null, "km_b_v": 0.17563475470194367, "fecha": "08-2026" }, "geometry": { "type": "LineString", "coordinates": [ [ -68.46693557283082, -33.201793309336239 ], [ -68.467523472368626, -33.203006209516673 ] ] } },
{ "type": "Feature", "properties": { "id_tramo": 780, "osm_id": "183315916", "zona": "URBANO", "km": 0.041134080714412845, "lado": null, "banq_vrda": "NO", "b_v_estado": null, "km_b_v": 0.021134080714412844, "fecha": "08-2026" }, "geometry": { "type": "LineString", "coordinates": [ [ -68.464541676481318, -33.201755682543173 ], [ -68.465280076894686, -33.202998282322802 ] ] } },
{ "type": "Feature", "properties": { "id_tramo": 781, "osm_id": "183315908", "zona": "URBANO", "km": 0.14255998204655126, "lado": null, "banq_vrda": "NO", "b_v_estado": null, "km_b_v": 0.12255998204655126, "fecha": "08-2026" }, "geometry": { "type": "LineString", "coordinates": [ [ -68.466169497765208, -33.203312684109754 ], [ -68.466650498023157, -33.20410368396675 ] ] } },
{ "type": "Feature", "properties": { "id_tramo": 784, "osm_id": "183315848", "zona": "URBANO", "km": 0.094076295496289139, "lado": null, "banq_vrda": "NO", "b_v_estado": null, "km_b_v": 0.074076295496289135, "fecha": "08-2026" }, "geometry": { "type": "LineString", "coordinates": [ [ -68.466555734715826, -33.20332916920011 ], [ -68.466903034530986, -33.203897969303277 ] ] } },
{ "type": "Feature", "properties": { "id_tramo": 940, "osm_id": "183312763", "zona": "URBANO", "km": 0.098342154042594901, "lado": null, "banq_vrda": "NO", "b_v_estado": null, "km_b_v": 0.078342154042594897, "fecha": "08-2026" }, "geometry": { "type": "LineString", "coordinates": [ [ -68.452130700868452, -33.195078749906656 ], [ -68.451553605545158, -33.194174356624202 ], [ -68.451485702457134, -33.194068051712733 ], [ -68.451218302587677, -33.193649051633997 ], [ -68.451216339094898, -33.193645531722225 ], [ -68.450997239268901, -33.193190431655012 ] ] } },
{ "type": "Feature", "properties": { "id_tramo": 1043, "osm_id": "183315853", "zona": "URBANO", "km": 0.1242931482118379, "lado": null, "banq_vrda": "NO", "b_v_estado": null, "km_b_v": 0.1042931482118379, "fecha": "08-2026" }, "geometry": { "type": "LineString", "coordinates": [ [ -68.469421546644568, -33.189269366925245 ], [ -68.468947746838424, -33.188586166788092 ] ] } },
{ "type": "Feature", "properties": { "id_tramo": 1047, "osm_id": "177170530", "zona": "URBANO", "km": 0.069690256005904977, "lado": null, "banq_vrda": "NO", "b_v_estado": null, "km_b_v": 0.049690256005904973, "fecha": "08-2026" }, "geometry": { "type": "LineString", "coordinates": [ [ -68.470340771143654, -33.188943755003891 ], [ -68.469762371248905, -33.188309954849018 ] ] } },
{ "type": "Feature", "properties": { "id_tramo": 1048, "osm_id": "320867672", "zona": "URBANO", "km": 0.054308309300433816, "lado": null, "banq_vrda": "NO", "b_v_estado": null, "km_b_v": 0.034308309300433812, "fecha": "08-2026" }, "geometry": { "type": "LineString", "coordinates": [ [ -68.47194924279593, -33.191101660408108 ], [ -68.471759242856336, -33.191167560384066 ] ] } },
{ "type": "Feature", "properties": { "id_tramo": 1049, "osm_id": "177170647", "zona": "URBANO", "km": 0.055662134003922732, "lado": null, "banq_vrda": "NO", "b_v_estado": null, "km_b_v": 0.035662134003922735, "fecha": "08-2026" }, "geometry": { "type": "LineString", "coordinates": [ [ -68.471506528742836, -33.191255265277611 ], [ -68.47125392882316, -33.191342965245653 ] ] } },
{ "type": "Feature", "properties": { "id_tramo": 785, "osm_id": "183315848", "zona": "URBANO", "km": 0.094076295496289139, "lado": null, "banq_vrda": "NO", "b_v_estado": null, "km_b_v": 0.074076295496289135, "fecha": "08-2026" }, "geometry": { "type": "LineString", "coordinates": [ [ -68.466908691463985, -33.203341306596798 ], [ -68.467131591589194, -33.203717106530227 ] ] } },
{ "type": "Feature", "properties": { "id_tramo": 787, "osm_id": "183315885", "zona": "URBANO", "km": 0.19841163603859605, "lado": null, "banq_vrda": "NO", "b_v_estado": null, "km_b_v": 0.17841163603859606, "fecha": "08-2026" }, "geometry": { "type": "LineString", "coordinates": [ [ -68.467990842337812, -33.201854230652224 ], [ -68.468357942635592, -33.202627430539295 ] ] } },
{ "type": "Feature", "properties": { "id_tramo": 789, "osm_id": "183315881", "zona": "URBANO", "km": 0.081581593308842515, "lado": null, "banq_vrda": "NO", "b_v_estado": null, "km_b_v": 0.061581593308842511, "fecha": "08-2026" }, "geometry": { "type": "LineString", "coordinates": [ [ -68.463719362971943, -33.202410442069315 ], [ -68.463274363154369, -33.202417742068228 ] ] } },
{ "type": "Feature", "properties": { "id_tramo": 790, "osm_id": "183315881", "zona": "URBANO", "km": 0.076866546534581706, "lado": null, "banq_vrda": "NO", "b_v_estado": null, "km_b_v": 0.056866546534581702, "fecha": "08-2026" }, "geometry": { "type": "LineString", "coordinates": [ [ -68.464550910962245, -33.202390446823024 ], [ -68.464096511148512, -33.202400146820999 ] ] } },
{ "type": "Feature", "properties": { "id_tramo": 791, "osm_id": "183315881", "zona": "URBANO", "km": 0.076866546534581706, "lado": null, "banq_vrda": "NO", "b_v_estado": null, "km_b_v": 0.056866546534581702, "fecha": "08-2026" }, "geometry": { "type": "LineString", "coordinates": [ [ -68.463281422119422, -33.202635556460784 ], [ -68.463889922368878, -33.202624556458858 ], [ -68.463991640385757, -33.202622656131965 ], [ -68.464552527857037, -33.202612456362139 ] ] } },
{ "type": "Feature", "properties": { "id_tramo": 794, "osm_id": "183315850", "zona": "URBANO", "km": 0.071981535758323348, "lado": null, "banq_vrda": "NO", "b_v_estado": null, "km_b_v": 0.051981535758323344, "fecha": "08-2026" }, "geometry": { "type": "LineString", "coordinates": [ [ -68.463637091588893, -33.201999829111081 ], [ -68.46376049142745, -33.202370129149855 ] ] } },
{ "type": "Feature", "properties": { "id_tramo": 796, "osm_id": "183315907", "zona": "URBANO", "km": 0.072904911018814925, "lado": null, "banq_vrda": "NO", "b_v_estado": null, "km_b_v": 0.052904911018814921, "fecha": "08-2026" }, "geometry": { "type": "LineString", "coordinates": [ [ -68.463234998895558, -33.202073919951914 ], [ -68.463234799043704, -33.202377719953489 ] ] } },
{ "type": "Feature", "properties": { "id_tramo": 797, "osm_id": "183315869", "zona": "URBANO", "km": 0.062335008408580576, "lado": null, "banq_vrda": "NO", "b_v_estado": null, "km_b_v": 0.042335008408580579, "fecha": "08-2026" }, "geometry": { "type": "LineString", "coordinates": [ [ -68.463582002346044, -33.201974543612103 ], [ -68.463264802224288, -33.202032443633755 ] ] } },
{ "type": "Feature", "properties": { "id_tramo": 798, "osm_id": "183315907", "zona": "URBANO", "km": 0.065510166463780134, "lado": null, "banq_vrda": "NO", "b_v_estado": null, "km_b_v": 0.04551016646378013, "fecha": "08-2026" }, "geometry": { "type": "LineString", "coordinates": [ [ -68.463227099159681, -33.202680951693985 ], [ -68.463227499282169, -33.202932051695072 ] ] } },
{ "type": "Feature", "properties": { "id_tramo": 801, "osm_id": "183312791", "zona": "URBANO", "km": 0.11427173484245902, "lado": null, "banq_vrda": "NO", "b_v_estado": null, "km_b_v": 0.094271734842459015, "fecha": "08-2026" }, "geometry": { "type": "LineString", "coordinates": [ [ -68.449885817175669, -33.19003353525752 ], [ -68.449083517504477, -33.190034835260427 ] ] } },
{ "type": "Feature", "properties": { "id_tramo": 805, "osm_id": "183312797", "zona": "URBANO", "km": 0.10593956423127708, "lado": null, "banq_vrda": "NO", "b_v_estado": null, "km_b_v": 0.085939564231277077, "fecha": "08-2026" }, "geometry": { "type": "LineString", "coordinates": [ [ -68.449441639969791, -33.189251743431335 ], [ -68.448732939734185, -33.189476543513905 ] ] } },
{ "type": "Feature", "properties": { "id_tramo": 806, "osm_id": "257781719", "zona": "URBANO", "km": 0.10119012004910741, "lado": null, "banq_vrda": "NO", "b_v_estado": null, "km_b_v": 0.081190120049107403, "fecha": "08-2026" }, "geometry": { "type": "LineString", "coordinates": [ [ -68.447676538335941, -33.188618706866691 ], [ -68.447144838157982, -33.18878480692775 ] ] } },
{ "type": "Feature", "properties": { "id_tramo": 807, "osm_id": "183312797", "zona": "URBANO", "km": 0.092482207782992057, "lado": null, "banq_vrda": "NO", "b_v_estado": null, "km_b_v": 0.072482207782992053, "fecha": "08-2026" }, "geometry": { "type": "LineString", "coordinates": [ [ -68.451428697480537, -33.188670060376765 ], [ -68.450871297285246, -33.18882416043391 ] ] } },
{ "type": "Feature", "properties": { "id_tramo": 808, "osm_id": "183312797", "zona": "URBANO", "km": 0.10623069735312012, "lado": null, "banq_vrda": "NO", "b_v_estado": null, "km_b_v": 0.086230697353120112, "fecha": "08-2026" }, "geometry": { "type": "LineString", "coordinates": [ [ -68.450436662783702, -33.188956242066233 ], [ -68.449748862547892, -33.189158542140966 ] ] } },
{ "type": "Feature", "properties": { "id_tramo": 809, "osm_id": "177322037", "zona": "URBANO", "km": 0.056297201996012548, "lado": null, "banq_vrda": "NO", "b_v_estado": null, "km_b_v": 0.036297201996012551, "fecha": "08-2026" }, "geometry": { "type": "LineString", "coordinates": [ [ -68.459786593905747, -33.201252953117638 ], [ -68.459172684937215, -33.200312638754554 ], [ -68.45911569195188, -33.200225249452785 ], [ -68.458947299024317, -33.199967460110351 ] ] } },
{ "type": "Feature", "properties": { "id_tramo": 814, "osm_id": "177170657", "zona": "URBANO", "km": 0.11389796820297753, "lado": null, "banq_vrda": "NO", "b_v_estado": null, "km_b_v": 0.093897968202977522, "fecha": "08-2026" }, "geometry": { "type": "LineString", "coordinates": [ [ -68.467773385213093, -33.190845162903436 ], [ -68.467066985041711, -33.191186763021399 ] ] } },
{ "type": "Feature", "properties": { "id_tramo": 815, "osm_id": "177170657", "zona": "URBANO", "km": 0.11389796820297753, "lado": null, "banq_vrda": "NO", "b_v_estado": null, "km_b_v": 0.093897968202977522, "fecha": "08-2026" }, "geometry": { "type": "LineString", "coordinates": [ [ -68.467609736473264, -33.190618142241028 ], [ -68.466895536654391, -33.19095034212534 ] ] } },
{ "type": "Feature", "properties": { "id_tramo": 816, "osm_id": "360738024", "zona": "URBANO", "km": 0.11402914554933526, "lado": null, "banq_vrda": "NO", "b_v_estado": null, "km_b_v": 0.094029145549335252, "fecha": "08-2026" }, "geometry": { "type": "LineString", "coordinates": [ [ -68.468195915715981, -33.191455080050787 ], [ -68.467465315530077, -33.191793880168838 ] ] } },
{ "type": "Feature", "properties": { "id_tramo": 820, "osm_id": "177170511", "zona": "URBANO", "km": 0.11859041308576093, "lado": null, "banq_vrda": "NO", "b_v_estado": null, "km_b_v": 0.098590413085760928, "fecha": "08-2026" }, "geometry": { "type": "LineString", "coordinates": [ [ -68.470561030933411, -33.194846452168612 ], [ -68.469778030678413, -33.195105952263638 ] ] } },
{ "type": "Feature", "properties": { "id_tramo": 823, "osm_id": "257956897", "zona": "URBANO", "km": 0.095501870477349649, "lado": null, "banq_vrda": "NO", "b_v_estado": null, "km_b_v": 0.075501870477349645, "fecha": "08-2026" }, "geometry": { "type": "LineString", "coordinates": [ [ -68.471602478546743, -33.196793621565973 ], [ -68.471070978387445, -33.196997121639271 ] ] } },
{ "type": "Feature", "properties": { "id_tramo": 826, "osm_id": "177170527", "zona": "URBANO", "km": 0.1102913832435557, "lado": null, "banq_vrda": "NO", "b_v_estado": null, "km_b_v": 0.090291383243555692, "fecha": "08-2026" }, "geometry": { "type": "LineString", "coordinates": [ [ -68.471987963176204, -33.19746416436147 ], [ -68.47168386342949, -33.196812064267753 ] ] } },
{ "type": "Feature", "properties": { "id_tramo": 827, "osm_id": "257800486", "zona": "URBANO", "km": 0.078200957202182814, "lado": null, "banq_vrda": "NO", "b_v_estado": null, "km_b_v": 0.05820095720218281, "fecha": "08-2026" }, "geometry": { "type": "LineString", "coordinates": [ [ -68.471975895690619, -33.197533209195456 ], [ -68.471581095801383, -33.197698309136797 ] ] } },
{ "type": "Feature", "properties": { "id_tramo": 829, "osm_id": "177170527", "zona": "URBANO", "km": 0.1102913832435557, "lado": null, "banq_vrda": "NO", "b_v_estado": null, "km_b_v": 0.090291383243555692, "fecha": "08-2026" }, "geometry": { "type": "LineString", "coordinates": [ [ -68.472498322734353, -33.197871793162264 ], [ -68.472347622612716, -33.197555393208603 ], [ -68.472307715713853, -33.197471778808996 ], [ -68.4719539198733, -33.196729288245699 ] ] } },
{ "type": "Feature", "properties": { "id_tramo": 831, "osm_id": "177170527", "zona": "URBANO", "km": 0.075447016552996127, "lado": null, "banq_vrda": "NO", "b_v_estado": null, "km_b_v": 0.055447016552996123, "fecha": "08-2026" }, "geometry": { "type": "LineString", "coordinates": [ [ -68.472760656580533, -33.19841365458705 ], [ -68.472606456458308, -33.198093754634414 ] ] } },
{ "type": "Feature", "properties": { "id_tramo": 833, "osm_id": "177170500", "zona": "URBANO", "km": 0.088563342097380884, "lado": null, "banq_vrda": "NO", "b_v_estado": null, "km_b_v": 0.06856334209738088, "fecha": "08-2026" }, "geometry": { "type": "LineString", "coordinates": [ [ -68.466257651343454, -33.188107330891036 ], [ -68.465965851224098, -33.187686630975485 ] ] } },
{ "type": "Feature", "properties": { "id_tramo": 837, "osm_id": "658283842", "zona": "URBANO", "km": 0.1061515189212611, "lado": null, "banq_vrda": "NO", "b_v_estado": null, "km_b_v": 0.086151518921261092, "fecha": "08-2026" }, "geometry": { "type": "LineString", "coordinates": [ [ -68.467534135178909, -33.188701058146243 ], [ -68.467184235329455, -33.188184858044451 ] ] } },
{ "type": "Feature", "properties": { "id_tramo": 838, "osm_id": "320867674", "zona": "URBANO", "km": 0.10464978155026999, "lado": null, "banq_vrda": "NO", "b_v_estado": null, "km_b_v": 0.08464978155026999, "fecha": "08-2026" }, "geometry": { "type": "LineString", "coordinates": [ [ -68.468388461932705, -33.188428660314564 ], [ -68.468042961797664, -33.187940360414103 ] ] } },
{ "type": "Feature", "properties": { "id_tramo": 1051, "osm_id": "177170661", "zona": "URBANO", "km": 0.12322557386119688, "lado": null, "banq_vrda": "NO", "b_v_estado": null, "km_b_v": 0.10322557386119688, "fecha": "08-2026" }, "geometry": { "type": "LineString", "coordinates": [ [ -68.47574329737283, -33.193686210937052 ], [ -68.474875797647229, -33.193990210826357 ] ] } },
{ "type": "Feature", "properties": { "id_tramo": 1052, "osm_id": "177170660", "zona": "URBANO", "km": 0.12561072898353956, "lado": null, "banq_vrda": "NO", "b_v_estado": null, "km_b_v": 0.10561072898353956, "fecha": "08-2026" }, "geometry": { "type": "LineString", "coordinates": [ [ -68.475297946846467, -33.192815878494919 ], [ -68.474457046598815, -33.193145978613366 ] ] } },
{ "type": "Feature", "properties": { "id_tramo": 843, "osm_id": "177170530", "zona": "URBANO", "km": 0.10942853253513546, "lado": null, "banq_vrda": "NO", "b_v_estado": null, "km_b_v": 0.089428532535135455, "fecha": "08-2026" }, "geometry": { "type": "LineString", "coordinates": [ [ -68.469520955607166, -33.188052916395925 ], [ -68.469067355695543, -33.187547216273757 ] ] } },
{ "type": "Feature", "properties": { "id_tramo": 844, "osm_id": "177170500", "zona": "URBANO", "km": 0.070660721883745517, "lado": null, "banq_vrda": "NO", "b_v_estado": null, "km_b_v": 0.050660721883745513, "fecha": "08-2026" }, "geometry": { "type": "LineString", "coordinates": [ [ -68.467636283611142, -33.190548883566755 ], [ -68.467388483702393, -33.190207383495768 ], [ -68.467388073656977, -33.190206806367641 ], [ -68.467336674942075, -33.190132908170412 ], [ -68.467046074702438, -33.189715207571979 ], [ -68.466995578161786, -33.189642612501096 ], [ -68.466804781682384, -33.189368517392296 ] ] } },
{ "type": "Feature", "properties": { "id_tramo": 845, "osm_id": "177170500", "zona": "URBANO", "km": 0.077291075044582561, "lado": null, "banq_vrda": "NO", "b_v_estado": null, "km_b_v": 0.057291075044582557, "fecha": "08-2026" }, "geometry": { "type": "LineString", "coordinates": [ [ -68.468336570175623, -33.191049956270163 ], [ -68.468127970089952, -33.190748656330584 ] ] } },
{ "type": "Feature", "properties": { "id_tramo": 846, "osm_id": "177170500", "zona": "URBANO", "km": 0.070660721883745517, "lado": null, "banq_vrda": "NO", "b_v_estado": null, "km_b_v": 0.050660721883745513, "fecha": "08-2026" }, "geometry": { "type": "LineString", "coordinates": [ [ -68.467917174562189, -33.190451876985648 ], [ -68.467721274485385, -33.190174677042108 ] ] } },
{ "type": "Feature", "properties": { "id_tramo": 851, "osm_id": "177170502", "zona": "URBANO", "km": 0.075955773165230375, "lado": null, "banq_vrda": "NO", "b_v_estado": null, "km_b_v": 0.055955773165230371, "fecha": "08-2026" }, "geometry": { "type": "LineString", "coordinates": [ [ -68.469611247625593, -33.191447913058816 ], [ -68.469352147729055, -33.191078312983997 ] ] } },
{ "type": "Feature", "properties": { "id_tramo": 852, "osm_id": "177170502", "zona": "URBANO", "km": 0.050514314844638593, "lado": null, "banq_vrda": "NO", "b_v_estado": null, "km_b_v": 0.030514314844638592, "fecha": "08-2026" }, "geometry": { "type": "LineString", "coordinates": [ [ -68.469849010309105, -33.191786159928014 ], [ -68.469762910343789, -33.191662859903111 ] ] } },
{ "type": "Feature", "properties": { "id_tramo": 855, "osm_id": "177170595", "zona": "URBANO", "km": 0.052250133709967797, "lado": null, "banq_vrda": "NO", "b_v_estado": null, "km_b_v": 0.032250133709967793, "fecha": "08-2026" }, "geometry": { "type": "LineString", "coordinates": [ [ -68.470931810505803, -33.191406159990827 ], [ -68.470845710540488, -33.191282859965931 ] ] } },
{ "type": "Feature", "properties": { "id_tramo": 857, "osm_id": "658283842", "zona": "URBANO", "km": 0.055897284937320088, "lado": null, "banq_vrda": "NO", "b_v_estado": null, "km_b_v": 0.035897284937320084, "fecha": "08-2026" }, "geometry": { "type": "LineString", "coordinates": [ [ -68.46846376958969, -33.189597012624994 ], [ -68.468238469499326, -33.189275012690096 ], [ -68.46823844494655, -33.189274977644239 ], [ -68.468186821649965, -33.189201387031716 ], [ -68.467985897372884, -33.188910296913953 ] ] } },
{ "type": "Feature", "properties": { "id_tramo": 859, "osm_id": "658283842", "zona": "URBANO", "km": 0.055897284937320088, "lado": null, "banq_vrda": "NO", "b_v_estado": null, "km_b_v": 0.035897284937320084, "fecha": "08-2026" }, "geometry": { "type": "LineString", "coordinates": [ [ -68.46783927236585, -33.189146565441924 ], [ -68.467729272413919, -33.188983165409873 ] ] } },
{ "type": "Feature", "properties": { "id_tramo": 862, "osm_id": "319003737", "zona": "URBANO", "km": 0.092402560011000168, "lado": null, "banq_vrda": "NO", "b_v_estado": null, "km_b_v": 0.072402560011000164, "fecha": "08-2026" }, "geometry": { "type": "LineString", "coordinates": [ [ -68.467970492173976, -33.189410725788207 ], [ -68.467401192017704, -33.189654925874564 ] ] } },
{ "type": "Feature", "properties": { "id_tramo": 863, "osm_id": "319003737", "zona": "URBANO", "km": 0.092402560011000168, "lado": null, "banq_vrda": "NO", "b_v_estado": null, "km_b_v": 0.072402560011000164, "fecha": "08-2026" }, "geometry": { "type": "LineString", "coordinates": [ [ -68.467815562531086, -33.189199723813083 ], [ -68.467275462682309, -33.189426123732716 ] ] } },
{ "type": "Feature", "properties": { "id_tramo": 865, "osm_id": "177170649", "zona": "URBANO", "km": 0.092458308295500696, "lado": null, "banq_vrda": "NO", "b_v_estado": null, "km_b_v": 0.072458308295500692, "fecha": "08-2026" }, "geometry": { "type": "LineString", "coordinates": [ [ -68.46820372887764, -33.189726962289484 ], [ -68.467609529068724, -33.18992886221573 ] ] } },
{ "type": "Feature", "properties": { "id_tramo": 867, "osm_id": "177170657", "zona": "URBANO", "km": 0.1051736688055712, "lado": null, "banq_vrda": "NO", "b_v_estado": null, "km_b_v": 0.085173668805571201, "fecha": "08-2026" }, "geometry": { "type": "LineString", "coordinates": [ [ -68.468672479204699, -33.190230352765361 ], [ -68.468001879415837, -33.190467352679178 ] ] } },
{ "type": "Feature", "properties": { "id_tramo": 868, "osm_id": "319005278", "zona": "URBANO", "km": 0.10531868160885191, "lado": null, "banq_vrda": "NO", "b_v_estado": null, "km_b_v": 0.085318681608851907, "fecha": "08-2026" }, "geometry": { "type": "LineString", "coordinates": [ [ -68.469699897726613, -33.19164582862782 ], [ -68.468962297484453, -33.191886128715964 ] ] } },
{ "type": "Feature", "properties": { "id_tramo": 869, "osm_id": "319005278", "zona": "URBANO", "km": 0.10531868160885191, "lado": null, "banq_vrda": "NO", "b_v_estado": null, "km_b_v": 0.085318681608851907, "fecha": "08-2026" }, "geometry": { "type": "LineString", "coordinates": [ [ -68.469605606250681, -33.19148807008343 ], [ -68.468864106494166, -33.191729569994834 ] ] } },
{ "type": "Feature", "properties": { "id_tramo": 870, "osm_id": "177170647", "zona": "URBANO", "km": 0.10585196445230943, "lado": null, "banq_vrda": "NO", "b_v_estado": null, "km_b_v": 0.085851964452309429, "fecha": "08-2026" }, "geometry": { "type": "LineString", "coordinates": [ [ -68.469991858150394, -33.192048439308969 ], [ -68.469262157918251, -33.192301539401228 ] ] } },
{ "type": "Feature", "properties": { "id_tramo": 871, "osm_id": "177170647", "zona": "URBANO", "km": 0.10585196445230943, "lado": null, "banq_vrda": "NO", "b_v_estado": null, "km_b_v": 0.085851964452309429, "fecha": "08-2026" }, "geometry": { "type": "LineString", "coordinates": [ [ -68.469850254920701, -33.191831090948511 ], [ -68.469123355151169, -33.1920847908561 ] ] } },
{ "type": "Feature", "properties": { "id_tramo": 874, "osm_id": "183315906", "zona": "URBANO", "km": 0.11440484923239813, "lado": null, "banq_vrda": "NO", "b_v_estado": null, "km_b_v": 0.094404849232398128, "fecha": "08-2026" }, "geometry": { "type": "LineString", "coordinates": [ [ -68.47115455985309, -33.193688375598406 ], [ -68.47040385961067, -33.193941375690905 ] ] } },
{ "type": "Feature", "properties": { "id_tramo": 876, "osm_id": "177170660", "zona": "URBANO", "km": 0.11882589936829598, "lado": null, "banq_vrda": "NO", "b_v_estado": null, "km_b_v": 0.098825899368295972, "fecha": "08-2026" }, "geometry": { "type": "LineString", "coordinates": [ [ -68.471526645456507, -33.194171713190649 ], [ -68.470757345204333, -33.194423213282889 ] ] } },
{ "type": "Feature", "properties": { "id_tramo": 878, "osm_id": "177170661", "zona": "URBANO", "km": 0.10240871158030498, "lado": null, "banq_vrda": "NO", "b_v_estado": null, "km_b_v": 0.08240871158030498, "fecha": "08-2026" }, "geometry": { "type": "LineString", "coordinates": [ [ -68.471997431402201, -33.195038898961513 ], [ -68.471363231603121, -33.195260598880786 ] ] } },
{ "type": "Feature", "properties": { "id_tramo": 880, "osm_id": "183315866", "zona": "URBANO", "km": 0.10564037046979653, "lado": null, "banq_vrda": "NO", "b_v_estado": null, "km_b_v": 0.085640370469796528, "fecha": "08-2026" }, "geometry": { "type": "LineString", "coordinates": [ [ -68.473306873180107, -33.197828901500863 ], [ -68.472632872957064, -33.19804480158021 ] ] } },
{ "type": "Feature", "properties": { "id_tramo": 881, "osm_id": "183315866", "zona": "URBANO", "km": 0.10564037046979653, "lado": null, "banq_vrda": "NO", "b_v_estado": null, "km_b_v": 0.085640370469796528, "fecha": "08-2026" }, "geometry": { "type": "LineString", "coordinates": [ [ -68.47323694913382, -33.197670021209461 ], [ -68.47255914935522, -33.197893321127601 ] ] } },
{ "type": "Feature", "properties": { "id_tramo": 884, "osm_id": "177170500", "zona": "URBANO", "km": 0.10323426664568293, "lado": null, "banq_vrda": "NO", "b_v_estado": null, "km_b_v": 0.083234266645682925, "fecha": "08-2026" }, "geometry": { "type": "LineString", "coordinates": [ [ -68.470990289157086, -33.195335531744888 ], [ -68.470658089291561, -33.194858831648787 ] ] } },
{ "type": "Feature", "properties": { "id_tramo": 885, "osm_id": "177170500", "zona": "URBANO", "km": 0.029349365739109276, "lado": null, "banq_vrda": "NO", "b_v_estado": null, "km_b_v": 0.0093493657391092756, "fecha": "08-2026" }, "geometry": { "type": "LineString", "coordinates": [ [ -68.471264447928263, -33.195245578314065 ], [ -68.470750247723231, -33.194512578462557 ] ] } },
{ "type": "Feature", "properties": { "id_tramo": 895, "osm_id": "257781723", "zona": "URBANO", "km": 0.11991571311927915, "lado": null, "banq_vrda": "NO", "b_v_estado": null, "km_b_v": 0.099915713119279145, "fecha": "08-2026" }, "geometry": { "type": "LineString", "coordinates": [ [ -68.468748416590756, -33.192206939448795 ], [ -68.468624716629762, -33.192250539432948 ], [ -68.468615672747575, -33.192254879444242 ], [ -68.468608139226191, -33.192260923910808 ], [ -68.468250905688052, -33.192626994902348 ], [ -68.46812769976836, -33.192672024939441 ] ] } },
{ "type": "Feature", "properties": { "id_tramo": 897, "osm_id": "177170500", "zona": "URBANO", "km": 0.076489558688765211, "lado": null, "banq_vrda": "NO", "b_v_estado": null, "km_b_v": 0.056489558688765207, "fecha": "08-2026" }, "geometry": { "type": "LineString", "coordinates": [ [ -68.468806221514683, -33.191719542826469 ], [ -68.468542621410165, -33.19134474290253 ] ] } },
{ "type": "Feature", "properties": { "id_tramo": 898, "osm_id": "177170558", "zona": "URBANO", "km": 0.095356417072608765, "lado": null, "banq_vrda": "NO", "b_v_estado": null, "km_b_v": 0.075356417072608761, "fecha": "08-2026" }, "geometry": { "type": "LineString", "coordinates": [ [ -68.467106188635313, -33.188170578961063 ], [ -68.466483188418835, -33.188346979026463 ] ] } },
{ "type": "Feature", "properties": { "id_tramo": 899, "osm_id": "177170558", "zona": "URBANO", "km": 0.095356417072608765, "lado": null, "banq_vrda": "NO", "b_v_estado": null, "km_b_v": 0.075356417072608761, "fecha": "08-2026" }, "geometry": { "type": "LineString", "coordinates": [ [ -68.466954450558447, -33.187942181857089 ], [ -68.466347550770152, -33.188112081794074 ] ] } },
{ "type": "Feature", "properties": { "id_tramo": 901, "osm_id": "658283842", "zona": "URBANO", "km": 0.09405504315686472, "lado": null, "banq_vrda": "NO", "b_v_estado": null, "km_b_v": 0.074055043156864717, "fecha": "08-2026" }, "geometry": { "type": "LineString", "coordinates": [ [ -68.466986114891867, -33.187896074734979 ], [ -68.466674615023408, -33.187440474644532 ] ] } },
{ "type": "Feature", "properties": { "id_tramo": 904, "osm_id": "183312765", "zona": "URBANO", "km": 0.10264252257473246, "lado": null, "banq_vrda": "NO", "b_v_estado": null, "km_b_v": 0.082642522574732452, "fecha": "08-2026" }, "geometry": { "type": "LineString", "coordinates": [ [ -68.451710257926052, -33.195527724280808 ], [ -68.450981146766665, -33.194365405675349 ], [ -68.450914251662596, -33.194258613417389 ], [ -68.45066515665826, -33.193861421108849 ], [ -68.450663739463337, -33.193858935468874 ], [ -68.450431839629047, -33.193408835398266 ] ] } },
{ "type": "Feature", "properties": { "id_tramo": 905, "osm_id": "183312776", "zona": "URBANO", "km": 0.10268099660262071, "lado": null, "banq_vrda": "NO", "b_v_estado": null, "km_b_v": 0.08268099660262071, "fecha": "08-2026" }, "geometry": { "type": "LineString", "coordinates": [ [ -68.453048463674079, -33.194941451701979 ], [ -68.452370163983517, -33.193870252921883 ], [ -68.45230286451455, -33.193763953833226 ], [ -68.452027067974882, -33.193328464916497 ], [ -68.451811779456136, -33.192922318825715 ] ] } },
{ "type": "Feature", "properties": { "id_tramo": 906, "osm_id": "183312743", "zona": "URBANO", "km": 0.037115025461495317, "lado": null, "banq_vrda": "NO", "b_v_estado": null, "km_b_v": 0.017115025461495317, "fecha": "08-2026" }, "geometry": { "type": "LineString", "coordinates": [ [ -68.452626954048071, -33.19228375291717 ], [ -68.451615254355971, -33.19266245278051 ], [ -68.451533545563038, -33.192693056071064 ], [ -68.451358944414963, -33.192758456497394 ] ] } },
{ "type": "Feature", "properties": { "id_tramo": 907, "osm_id": "183312743", "zona": "URBANO", "km": 0.020186516581322856, "lado": null, "banq_vrda": "NO", "b_v_estado": null, "km_b_v": 0.00018651658132285559, "fecha": "08-2026" }, "geometry": { "type": "LineString", "coordinates": [ [ -68.45150607233316, -33.192969511724847 ], [ -68.451240572251734, -33.193067711760342 ] ] } },
{ "type": "Feature", "properties": { "id_tramo": 910, "osm_id": "183312743", "zona": "URBANO", "km": 0.064639500083724086, "lado": null, "banq_vrda": "NO", "b_v_estado": null, "km_b_v": 0.044639500083724082, "fecha": "08-2026" }, "geometry": { "type": "LineString", "coordinates": [ [ -68.450366965844523, -33.193390226085121 ], [ -68.450086765760446, -33.193497426123692 ] ] } },
{ "type": "Feature", "properties": { "id_tramo": 914, "osm_id": "183312793", "zona": "URBANO", "km": 0.10569535710416476, "lado": null, "banq_vrda": "NO", "b_v_estado": null, "km_b_v": 0.08569535710416476, "fecha": "08-2026" }, "geometry": { "type": "LineString", "coordinates": [ [ -68.451270647612048, -33.19275262773472 ], [ -68.451013547377798, -33.192166127814289 ] ] } },
{ "type": "Feature", "properties": { "id_tramo": 915, "osm_id": "183312793", "zona": "URBANO", "km": 0.10569535710416476, "lado": null, "banq_vrda": "NO", "b_v_estado": null, "km_b_v": 0.08569535710416476, "fecha": "08-2026" }, "geometry": { "type": "LineString", "coordinates": [ [ -68.450993070017248, -33.192846482812698 ], [ -68.45073897025452, -33.192256682733962 ] ] } },
{ "type": "Feature", "properties": { "id_tramo": 916, "osm_id": "183312772", "zona": "URBANO", "km": 0.053543498805627122, "lado": null, "banq_vrda": "NO", "b_v_estado": null, "km_b_v": 0.033543498805627125, "fecha": "08-2026" }, "geometry": { "type": "LineString", "coordinates": [ [ -68.452166738308577, -33.191718311325474 ], [ -68.451440639671176, -33.191971610861955 ], [ -68.451329424476356, -33.19201041616212 ], [ -68.451041624384999, -33.192110716198634 ] ] } },
{ "type": "Feature", "properties": { "id_tramo": 918, "osm_id": "183312742", "zona": "URBANO", "km": 0.10765407655990085, "lado": null, "banq_vrda": "NO", "b_v_estado": null, "km_b_v": 0.087654076559900845, "fecha": "08-2026" }, "geometry": { "type": "LineString", "coordinates": [ [ -68.449889020500891, -33.193260142926952 ], [ -68.449551520331212, -33.19272344302658 ] ] } },
{ "type": "Feature", "properties": { "id_tramo": 919, "osm_id": "183312791", "zona": "URBANO", "km": 0.075972597220760454, "lado": null, "banq_vrda": "NO", "b_v_estado": null, "km_b_v": 0.055972597220760451, "fecha": "08-2026" }, "geometry": { "type": "LineString", "coordinates": [ [ -68.451330259616455, -33.190294564564837 ], [ -68.450818559406727, -33.190296164563314 ] ] } },
{ "type": "Feature", "properties": { "id_tramo": 922, "osm_id": "183312789", "zona": "URBANO", "km": 0.065722591898831506, "lado": null, "banq_vrda": "NO", "b_v_estado": null, "km_b_v": 0.045722591898831502, "fecha": "08-2026" }, "geometry": { "type": "LineString", "coordinates": [ [ -68.450228630628956, -33.194416062085885 ], [ -68.449953930719275, -33.194505362053135 ] ] } },
{ "type": "Feature", "properties": { "id_tramo": 924, "osm_id": "183312780", "zona": "URBANO", "km": 0.063358079616260346, "lado": null, "banq_vrda": "NO", "b_v_estado": null, "km_b_v": 0.043358079616260342, "fecha": "08-2026" }, "geometry": { "type": "LineString", "coordinates": [ [ -68.449628225225212, -33.19456757136804 ], [ -68.449490525295317, -33.194347171327337 ] ] } },
{ "type": "Feature", "properties": { "id_tramo": 925, "osm_id": "183312778", "zona": "URBANO", "km": 0.1481748313759681, "lado": null, "banq_vrda": "NO", "b_v_estado": null, "km_b_v": 0.12817483137596811, "fecha": "08-2026" }, "geometry": { "type": "MultiLineString", "coordinates": [ [ [ -68.449415331630831, -33.194325984837334 ], [ -68.449191598771577, -33.194399595638224 ], [ -68.449087409958594, -33.194433791967825 ] ], [ [ -68.449087409958594, -33.194433791967825 ], [ -68.448264920884654, -33.194704188386346 ] ] ] } },
{ "type": "Feature", "properties": { "id_tramo": 927, "osm_id": "183312787", "zona": "URBANO", "km": 0.060971643637599972, "lado": null, "banq_vrda": "NO", "b_v_estado": null, "km_b_v": 0.040971643637599975, "fecha": "08-2026" }, "geometry": { "type": "LineString", "coordinates": [ [ -68.448078686696704, -33.194499119353388 ], [ -68.447926086629082, -33.194271019397888 ] ] } },
{ "type": "Feature", "properties": { "id_tramo": 928, "osm_id": "183312787", "zona": "URBANO", "km": 0.06217316735294745, "lado": null, "banq_vrda": "NO", "b_v_estado": null, "km_b_v": 0.042173167352947447, "fecha": "08-2026" }, "geometry": { "type": "LineString", "coordinates": [ [ -68.448383474234092, -33.194980711221255 ], [ -68.448233974161496, -33.194747111265244 ] ] } },
{ "type": "Feature", "properties": { "id_tramo": 930, "osm_id": "183312743", "zona": "URBANO", "km": 0.14914662527177616, "lado": null, "banq_vrda": "NO", "b_v_estado": null, "km_b_v": 0.12914662527177617, "fecha": "08-2026" }, "geometry": { "type": "LineString", "coordinates": [ [ -68.448791867951599, -33.193958629052091 ], [ -68.447934067663795, -33.194225129150155 ] ] } },
{ "type": "Feature", "properties": { "id_tramo": 934, "osm_id": "183312780", "zona": "URBANO", "km": 0.054922303251334549, "lado": null, "banq_vrda": "NO", "b_v_estado": null, "km_b_v": 0.034922303251334552, "fecha": "08-2026" }, "geometry": { "type": "LineString", "coordinates": [ [ -68.449247251540868, -33.193499476788261 ], [ -68.449074651457508, -33.193230476839013 ] ] } },
{ "type": "Feature", "properties": { "id_tramo": 936, "osm_id": "183312787", "zona": "URBANO", "km": 0.052651615810156913, "lado": null, "banq_vrda": "NO", "b_v_estado": null, "km_b_v": 0.032651615810156909, "fecha": "08-2026" }, "geometry": { "type": "LineString", "coordinates": [ [ -68.447770159399752, -33.194043345608861 ], [ -68.447612859321808, -33.193795045655236 ] ] } },
{ "type": "Feature", "properties": { "id_tramo": 937, "osm_id": "183312742", "zona": "URBANO", "km": 0.10765407655990085, "lado": null, "banq_vrda": "NO", "b_v_estado": null, "km_b_v": 0.087654076559900845, "fecha": "08-2026" }, "geometry": { "type": "LineString", "coordinates": [ [ -68.449612712523987, -33.19336555019413 ], [ -68.449462012600947, -33.19312395014957 ] ] } },
{ "type": "Feature", "properties": { "id_tramo": 1057, "osm_id": "177170613", "zona": "URBANO", "km": 0.11500851296318879, "lado": null, "banq_vrda": "NO", "b_v_estado": null, "km_b_v": 0.095008512963188782, "fecha": "08-2026" }, "geometry": { "type": "LineString", "coordinates": [ [ -68.470420436250251, -33.187722825653438 ], [ -68.469916036340109, -33.187172925518624 ] ] } },
{ "type": "Feature", "properties": { "id_tramo": 945, "osm_id": "177170505", "zona": "URBANO", "km": 0.12917266198553079, "lado": null, "banq_vrda": "NO", "b_v_estado": null, "km_b_v": 0.10917266198553079, "fecha": "08-2026" }, "geometry": { "type": "LineString", "coordinates": [ [ -68.472825779692172, -33.194678799596765 ], [ -68.472464479411613, -33.193939099707563 ] ] } },
{ "type": "Feature", "properties": { "id_tramo": 946, "osm_id": "177170505", "zona": "URBANO", "km": 0.12917266198553079, "lado": null, "banq_vrda": "NO", "b_v_estado": null, "km_b_v": 0.10917266198553079, "fecha": "08-2026" }, "geometry": { "type": "LineString", "coordinates": [ [ -68.47260242775296, -33.194750409414276 ], [ -68.472246128036659, -33.194008909304813 ] ] } },
{ "type": "Feature", "properties": { "id_tramo": 954, "osm_id": "177170576", "zona": "URBANO", "km": 0.13469472720791972, "lado": null, "banq_vrda": "NO", "b_v_estado": null, "km_b_v": 0.11469472720791972, "fecha": "08-2026" }, "geometry": { "type": "LineString", "coordinates": [ [ -68.47576406792399, -33.193622197880785 ], [ -68.475373668215525, -33.192842797761401 ] ] } },
{ "type": "Feature", "properties": { "id_tramo": 955, "osm_id": "258345452", "zona": "URBANO", "km": 0.13849434004009076, "lado": null, "banq_vrda": "NO", "b_v_estado": null, "km_b_v": 0.11849434004009075, "fecha": "08-2026" }, "geometry": { "type": "LineString", "coordinates": [ [ -68.477470887677228, -33.19302254158881 ], [ -68.476937987914525, -33.192223641433173 ] ] } },
{ "type": "Feature", "properties": { "id_tramo": 956, "osm_id": "177170585", "zona": "URBANO", "km": 0.08418809647578164, "lado": null, "banq_vrda": "NO", "b_v_estado": null, "km_b_v": 0.064188096475781636, "fecha": "08-2026" }, "geometry": { "type": "LineString", "coordinates": [ [ -68.472276753487435, -33.192583822683339 ], [ -68.472555553607023, -33.192994522602213 ] ] } },
{ "type": "Feature", "properties": { "id_tramo": 957, "osm_id": "177170502", "zona": "URBANO", "km": 0.077638763484697129, "lado": null, "banq_vrda": "NO", "b_v_estado": null, "km_b_v": 0.057638763484697125, "fecha": "08-2026" }, "geometry": { "type": "LineString", "coordinates": [ [ -68.471029461908557, -33.193017586584226 ], [ -68.471313561984744, -33.193365486505371 ] ] } },
{ "type": "Feature", "properties": { "id_tramo": 962, "osm_id": "177170514", "zona": "URBANO", "km": 0.049974929751798375, "lado": null, "banq_vrda": "NO", "b_v_estado": null, "km_b_v": 0.029974929751798374, "fecha": "08-2026" }, "geometry": { "type": "LineString", "coordinates": [ [ -68.473337193129169, -33.192900725272608 ], [ -68.473495393246097, -33.193214525224278 ] ] } },
{ "type": "Feature", "properties": { "id_tramo": 966, "osm_id": "177170576", "zona": "URBANO", "km": 0.13694321107676352, "lado": null, "banq_vrda": "NO", "b_v_estado": null, "km_b_v": 0.11694321107676352, "fecha": "08-2026" }, "geometry": { "type": "LineString", "coordinates": [ [ -68.475059919577362, -33.191618686952999 ], [ -68.47548111987507, -33.192430986824746 ] ] } },
{ "type": "Feature", "properties": { "id_tramo": 967, "osm_id": "177170576", "zona": "URBANO", "km": 0.13694321107676352, "lado": null, "banq_vrda": "NO", "b_v_estado": null, "km_b_v": 0.11694321107676352, "fecha": "08-2026" }, "geometry": { "type": "LineString", "coordinates": [ [ -68.474782005866373, -33.191717368469959 ], [ -68.475200805564626, -33.192534768597689 ] ] } },
{ "type": "Feature", "properties": { "id_tramo": 968, "osm_id": "258345452", "zona": "URBANO", "km": 0.13654890008821952, "lado": null, "banq_vrda": "NO", "b_v_estado": null, "km_b_v": 0.11654890008821951, "fecha": "08-2026" }, "geometry": { "type": "LineString", "coordinates": [ [ -68.476267583289669, -33.191198482992 ], [ -68.476743783072266, -33.191920883131395 ] ] } },
{ "type": "Feature", "properties": { "id_tramo": 970, "osm_id": "177170502", "zona": "URBANO", "km": 0.13551134893809275, "lado": null, "banq_vrda": "NO", "b_v_estado": null, "km_b_v": 0.11551134893809274, "fecha": "08-2026" }, "geometry": { "type": "LineString", "coordinates": [ [ -68.470555131275134, -33.192827654978302 ], [ -68.470049831492688, -33.192082054831261 ] ] } },
{ "type": "Feature", "properties": { "id_tramo": 971, "osm_id": "177170666", "zona": "URBANO", "km": 0.13385435252846858, "lado": null, "banq_vrda": "NO", "b_v_estado": null, "km_b_v": 0.11385435252846858, "fecha": "08-2026" }, "geometry": { "type": "LineString", "coordinates": [ [ -68.47250511883081, -33.192126786381472 ], [ -68.47196181866245, -33.191426986534424 ] ] } },
{ "type": "Feature", "properties": { "id_tramo": 972, "osm_id": "177170666", "zona": "URBANO", "km": 0.13385435252846858, "lado": null, "banq_vrda": "NO", "b_v_estado": null, "km_b_v": 0.11385435252846858, "fecha": "08-2026" }, "geometry": { "type": "LineString", "coordinates": [ [ -68.472228034184425, -33.192229723029413 ], [ -68.471690034357394, -33.191527122877396 ] ] } },
{ "type": "Feature", "properties": { "id_tramo": 977, "osm_id": "177170660", "zona": "URBANO", "km": 0.05706525740125952, "lado": null, "banq_vrda": "NO", "b_v_estado": null, "km_b_v": 0.037065257401259516, "fecha": "08-2026" }, "geometry": { "type": "LineString", "coordinates": [ [ -68.472761615394248, -33.193792055492594 ], [ -68.472471915298854, -33.193885855527029 ] ] } },
{ "type": "Feature", "properties": { "id_tramo": 983, "osm_id": "177170655", "zona": "URBANO", "km": 0.040321803117960422, "lado": null, "banq_vrda": "NO", "b_v_estado": null, "km_b_v": 0.020321803117960422, "fecha": "08-2026" }, "geometry": { "type": "LineString", "coordinates": [ [ -68.472212955671836, -33.192290290648401 ], [ -68.471993755741309, -33.19236679062054 ], [ -68.471884350901405, -33.192404992308042 ], [ -68.470904253780816, -33.192747091286826 ] ] } },
{ "type": "Feature", "properties": { "id_tramo": 984, "osm_id": "319005278", "zona": "URBANO", "km": 0.1089486640435471, "lado": null, "banq_vrda": "NO", "b_v_estado": null, "km_b_v": 0.088948664043547093, "fecha": "08-2026" }, "geometry": { "type": "LineString", "coordinates": [ [ -68.470661762098487, -33.191112319210248 ], [ -68.469941462328677, -33.191360019119877 ] ] } },
{ "type": "Feature", "properties": { "id_tramo": 986, "osm_id": "360738024", "zona": "URBANO", "km": 0.11022230405742134, "lado": null, "banq_vrda": "NO", "b_v_estado": null, "km_b_v": 0.090222304057421335, "fecha": "08-2026" }, "geometry": { "type": "LineString", "coordinates": [ [ -68.470356405317602, -33.190686587912957 ], [ -68.469625505086427, -33.190942788006218 ] ] } },
{ "type": "Feature", "properties": { "id_tramo": 990, "osm_id": "177170649", "zona": "URBANO", "km": 0.051132652715390296, "lado": null, "banq_vrda": "NO", "b_v_estado": null, "km_b_v": 0.031132652715390296, "fecha": "08-2026" }, "geometry": { "type": "LineString", "coordinates": [ [ -68.468822990526817, -33.189517178679459 ], [ -68.468544090615367, -33.189614278644065 ] ] } },
{ "type": "Feature", "properties": { "id_tramo": 991, "osm_id": "177170647", "zona": "URBANO", "km": 0.10839687580895796, "lado": null, "banq_vrda": "NO", "b_v_estado": null, "km_b_v": 0.088396875808957956, "fecha": "08-2026" }, "geometry": { "type": "LineString", "coordinates": [ [ -68.470935864388409, -33.191450350129578 ], [ -68.470174864633478, -33.191708250035333 ] ] } },
{ "type": "Feature", "properties": { "id_tramo": 994, "osm_id": "177170502", "zona": "URBANO", "km": 0.069273785231760004, "lado": null, "banq_vrda": "NO", "b_v_estado": null, "km_b_v": 0.049273785231760001, "fecha": "08-2026" }, "geometry": { "type": "LineString", "coordinates": [ [ -68.46870487157409, -33.190175112654067 ], [ -68.468522471651909, -33.189907112601041 ] ] } },
{ "type": "Feature", "properties": { "id_tramo": 995, "osm_id": "177170595", "zona": "URBANO", "km": 0.080589192557896427, "lado": null, "banq_vrda": "NO", "b_v_estado": null, "km_b_v": 0.060589192557896424, "fecha": "08-2026" }, "geometry": { "type": "LineString", "coordinates": [ [ -68.470510556381953, -33.190312871762025 ], [ -68.470279656296086, -33.189993371828223 ] ] } },
{ "type": "Feature", "properties": { "id_tramo": 996, "osm_id": "177170595", "zona": "URBANO", "km": 0.080589192557896427, "lado": null, "banq_vrda": "NO", "b_v_estado": null, "km_b_v": 0.060589192557896424, "fecha": "08-2026" }, "geometry": { "type": "LineString", "coordinates": [ [ -68.470205586763441, -33.19041373850267 ], [ -68.469990386859337, -33.190091038439839 ] ] } },
{ "type": "Feature", "properties": { "id_tramo": 997, "osm_id": "177170595", "zona": "URBANO", "km": 0.070133184416674488, "lado": null, "banq_vrda": "NO", "b_v_estado": null, "km_b_v": 0.050133184416674484, "fecha": "08-2026" }, "geometry": { "type": "LineString", "coordinates": [ [ -68.470063774181909, -33.189717276863703 ], [ -68.469867874105105, -33.189440076920157 ] ] } },
{ "type": "Feature", "properties": { "id_tramo": 998, "osm_id": "177170621", "zona": "URBANO", "km": 0.0787916610436626, "lado": null, "banq_vrda": "NO", "b_v_estado": null, "km_b_v": 0.058791661043662596, "fecha": "08-2026" }, "geometry": { "type": "LineString", "coordinates": [ [ -68.471553660613523, -33.189945143107863 ], [ -68.471336960524724, -33.189632443170595 ] ] } },
{ "type": "Feature", "properties": { "id_tramo": 1001, "osm_id": "177170621", "zona": "URBANO", "km": 0.071061588908887682, "lado": null, "banq_vrda": "NO", "b_v_estado": null, "km_b_v": 0.051061588908887678, "fecha": "08-2026" }, "geometry": { "type": "LineString", "coordinates": [ [ -68.47087307681349, -33.189451619920632 ], [ -68.47068247689468, -33.189171719865215 ] ] } },
{ "type": "Feature", "properties": { "id_tramo": 3, "osm_id": "177321947", "zona": "URBANO", "km": 0.12053637539622541, "lado": null, "banq_vrda": "SI", "b_v_estado": "BUENO", "km_b_v": 0.10053637539622541, "fecha": "08-2026" }, "geometry": { "type": "LineString", "coordinates": [ [ -68.459469602294348, -33.188872549874745 ], [ -68.458584301918933, -33.187575350131844 ] ] } },
{ "type": "Feature", "properties": { "id_tramo": 5, "osm_id": "177321947", "zona": "URBANO", "km": 0.12053637539622541, "lado": null, "banq_vrda": "SI", "b_v_estado": "BUENO", "km_b_v": 0.10053637539622541, "fecha": "08-2026" }, "geometry": { "type": "LineString", "coordinates": [ [ -68.458808827570422, -33.188265487342306 ], [ -68.458371827383971, -33.187623387469301 ] ] } },
{ "type": "Feature", "properties": { "id_tramo": 8, "osm_id": "177321922", "zona": "URBANO", "km": 0.12392292397883316, "lado": null, "banq_vrda": "SI", "b_v_estado": "REGULAR", "km_b_v": 0.10392292397883315, "fecha": "08-2026" }, "geometry": { "type": "LineString", "coordinates": [ [ -68.45602656120559, -33.187951163959156 ], [ -68.455615561418128, -33.187287863837483 ] ] } },
{ "type": "Feature", "properties": { "id_tramo": 9, "osm_id": "177321922", "zona": "URBANO", "km": 0.12076120997625059, "lado": null, "banq_vrda": "SI", "b_v_estado": "BUENO", "km_b_v": 0.10076120997625058, "fecha": "08-2026" }, "geometry": { "type": "LineString", "coordinates": [ [ -68.455420446587326, -33.186986059125722 ], [ -68.455017046786963, -33.186349459006777 ] ] } },
{ "type": "Feature", "properties": { "id_tramo": 10, "osm_id": "177321922", "zona": "URBANO", "km": 0.12076120997625059, "lado": null, "banq_vrda": "SI", "b_v_estado": "BUENO", "km_b_v": 0.10076120997625058, "fecha": "08-2026" }, "geometry": { "type": "LineString", "coordinates": [ [ -68.455693813905157, -33.186885022585912 ], [ -68.45528841371106, -33.186255722705042 ] ] } },
{ "type": "Feature", "properties": { "id_tramo": 12, "osm_id": "177322061", "zona": "URBANO", "km": 0.12174503373044805, "lado": null, "banq_vrda": "SI", "b_v_estado": "REGULAR", "km_b_v": 0.10174503373044805, "fecha": "08-2026" }, "geometry": { "type": "LineString", "coordinates": [ [ -68.468472908523751, -33.200319551127144 ], [ -68.468061208331733, -33.199688751247912 ] ] } },
{ "type": "Feature", "properties": { "id_tramo": 13, "osm_id": "177322061", "zona": "URBANO", "km": 0.12537114988633544, "lado": null, "banq_vrda": "SI", "b_v_estado": "BUENO", "km_b_v": 0.10537114988633543, "fecha": "08-2026" }, "geometry": { "type": "LineString", "coordinates": [ [ -68.465613239586659, -33.196449521244169 ], [ -68.465157939786963, -33.195771021111412 ] ] } },
{ "type": "Feature", "properties": { "id_tramo": 1004, "osm_id": "183315894", "zona": "URBANO", "km": 0.072016053244700562, "lado": null, "banq_vrda": "NO", "b_v_estado": null, "km_b_v": 0.052016053244700558, "fecha": "08-2026" }, "geometry": { "type": "LineString", "coordinates": [ [ -68.472189626914343, -33.188975352109246 ], [ -68.472006826841806, -33.188715252162005 ] ] } },
{ "type": "Feature", "properties": { "id_tramo": 1005, "osm_id": "183315894", "zona": "URBANO", "km": 0.072016053244700562, "lado": null, "banq_vrda": "NO", "b_v_estado": null, "km_b_v": 0.052016053244700558, "fecha": "08-2026" }, "geometry": { "type": "LineString", "coordinates": [ [ -68.471927304603227, -33.189073860444672 ], [ -68.471748904678719, -33.188812660392848 ] ] } },
{ "type": "Feature", "properties": { "id_tramo": 1007, "osm_id": "177170661", "zona": "URBANO", "km": 0.077941732108766898, "lado": null, "banq_vrda": "NO", "b_v_estado": null, "km_b_v": 0.057941732108766894, "fecha": "08-2026" }, "geometry": { "type": "LineString", "coordinates": [ [ -68.474522443321902, -33.194116136555714 ], [ -68.474096343454789, -33.194269236500119 ] ] } },
{ "type": "Feature", "properties": { "id_tramo": 1011, "osm_id": "177170660", "zona": "URBANO", "km": 0.078128473320754024, "lado": null, "banq_vrda": "NO", "b_v_estado": null, "km_b_v": 0.058128473320754021, "fecha": "08-2026" }, "geometry": { "type": "LineString", "coordinates": [ [ -68.47410939053573, -33.193292261177277 ], [ -68.473667890409175, -33.193471961241386 ] ] } },
{ "type": "Feature", "properties": { "id_tramo": 1015, "osm_id": "177170655", "zona": "URBANO", "km": 0.040321803117960422, "lado": null, "banq_vrda": "NO", "b_v_estado": null, "km_b_v": 0.020321803117960422, "fecha": "08-2026" }, "geometry": { "type": "LineString", "coordinates": [ [ -68.473490849527565, -33.192106601667319 ], [ -68.472951356862936, -33.192298999061023 ], [ -68.47285135256061, -33.192334700596973 ], [ -68.472302152388608, -33.192530600668178 ] ] } },
{ "type": "Feature", "properties": { "id_tramo": 1016, "osm_id": "360738024", "zona": "URBANO", "km": 0.10652571480563393, "lado": null, "banq_vrda": "NO", "b_v_estado": null, "km_b_v": 0.086525714805633924, "fecha": "08-2026" }, "geometry": { "type": "LineString", "coordinates": [ [ -68.471394092037386, -33.190318062091499 ], [ -68.470710491819389, -33.190554062177569 ] ] } },
{ "type": "Feature", "properties": { "id_tramo": 1017, "osm_id": "360738024", "zona": "URBANO", "km": 0.10652571480563393, "lado": null, "banq_vrda": "NO", "b_v_estado": null, "km_b_v": 0.086525714805633924, "fecha": "08-2026" }, "geometry": { "type": "LineString", "coordinates": [ [ -68.47124816069271, -33.190100685480232 ], [ -68.470587760904522, -33.1903261853979 ] ] } },
{ "type": "Feature", "properties": { "id_tramo": 1018, "osm_id": "177170657", "zona": "URBANO", "km": 0.10777488384609682, "lado": null, "banq_vrda": "NO", "b_v_estado": null, "km_b_v": 0.087774883846096816, "fecha": "08-2026" }, "geometry": { "type": "LineString", "coordinates": [ [ -68.470986922684403, -33.189711581765323 ], [ -68.470295122465757, -33.189954381853717 ] ] } },
{ "type": "Feature", "properties": { "id_tramo": 1019, "osm_id": "177170657", "zona": "URBANO", "km": 0.10777488384609682, "lado": null, "banq_vrda": "NO", "b_v_estado": null, "km_b_v": 0.087774883846096816, "fecha": "08-2026" }, "geometry": { "type": "LineString", "coordinates": [ [ -68.470838760741316, -33.189495885500065 ], [ -68.470133560967497, -33.18973668541215 ] ] } },
{ "type": "Feature", "properties": { "id_tramo": 1020, "osm_id": "177170649", "zona": "URBANO", "km": 0.093841326611643266, "lado": null, "banq_vrda": "NO", "b_v_estado": null, "km_b_v": 0.073841326611643263, "fecha": "08-2026" }, "geometry": { "type": "LineString", "coordinates": [ [ -68.470611842759581, -33.189160081101434 ], [ -68.469885542524906, -33.189404581190843 ] ] } },
{ "type": "Feature", "properties": { "id_tramo": 1021, "osm_id": "177170649", "zona": "URBANO", "km": 0.093841326611643266, "lado": null, "banq_vrda": "NO", "b_v_estado": null, "km_b_v": 0.073841326611643263, "fecha": "08-2026" }, "geometry": { "type": "LineString", "coordinates": [ [ -68.470340906719514, -33.188997068859152 ], [ -68.469765806906352, -33.189188568789049 ] ] } },
{ "type": "Feature", "properties": { "id_tramo": 1024, "osm_id": "177170657", "zona": "URBANO", "km": 0.10653230200321723, "lado": null, "banq_vrda": "NO", "b_v_estado": null, "km_b_v": 0.086532302003217224, "fecha": "08-2026" }, "geometry": { "type": "LineString", "coordinates": [ [ -68.472050878454937, -33.189352232110231 ], [ -68.471365178236994, -33.189590432197058 ] ] } },
{ "type": "Feature", "properties": { "id_tramo": 1025, "osm_id": "177170657", "zona": "URBANO", "km": 0.10653230200321723, "lado": null, "banq_vrda": "NO", "b_v_estado": null, "km_b_v": 0.086532302003217224, "fecha": "08-2026" }, "geometry": { "type": "LineString", "coordinates": [ [ -68.471892809895508, -33.189126837306773 ], [ -68.471204210115104, -33.189364537220094 ] ] } },
{ "type": "Feature", "properties": { "id_tramo": 1026, "osm_id": "177170649", "zona": "URBANO", "km": 0.076135203754385719, "lado": null, "banq_vrda": "NO", "b_v_estado": null, "km_b_v": 0.056135203754385715, "fecha": "08-2026" }, "geometry": { "type": "LineString", "coordinates": [ [ -68.471669595943681, -33.18879423024687 ], [ -68.470959495713032, -33.189030730333428 ] ] } },
{ "type": "Feature", "properties": { "id_tramo": 1027, "osm_id": "177170649", "zona": "URBANO", "km": 0.076135203754385719, "lado": null, "banq_vrda": "NO", "b_v_estado": null, "km_b_v": 0.056135203754385715, "fecha": "08-2026" }, "geometry": { "type": "LineString", "coordinates": [ [ -68.471250045375569, -33.188675690795144 ], [ -68.470713845547451, -33.188858990728235 ] ] } },
{ "type": "Feature", "properties": { "id_tramo": 1028, "osm_id": "183315840", "zona": "URBANO", "km": 0.091442212897938094, "lado": null, "banq_vrda": "NO", "b_v_estado": null, "km_b_v": 0.07144221289793809, "fecha": "08-2026" }, "geometry": { "type": "LineString", "coordinates": [ [ -68.470948065242325, -33.18834926067575 ], [ -68.470390465054763, -33.1885211607391 ] ] } },
{ "type": "Feature", "properties": { "id_tramo": 1031, "osm_id": "177170650", "zona": "URBANO", "km": 0.092810808941902787, "lado": null, "banq_vrda": "NO", "b_v_estado": null, "km_b_v": 0.072810808941902783, "fecha": "08-2026" }, "geometry": { "type": "LineString", "coordinates": [ [ -68.470426140425729, -33.187774531317302 ], [ -68.469885940596185, -33.187964631248136 ] ] } },
{ "type": "Feature", "properties": { "id_tramo": 1032, "osm_id": "177170653", "zona": "URBANO", "km": 0.091308083420639646, "lado": null, "banq_vrda": "NO", "b_v_estado": null, "km_b_v": 0.071308083420639642, "fecha": "08-2026" }, "geometry": { "type": "LineString", "coordinates": [ [ -68.469828480134439, -33.187144257068994 ], [ -68.469321679998487, -33.187367157147449 ] ] } },
{ "type": "Feature", "properties": { "id_tramo": 1035, "osm_id": "177170650", "zona": "URBANO", "km": 0.07972426773954823, "lado": null, "banq_vrda": "NO", "b_v_estado": null, "km_b_v": 0.059724267739548226, "fecha": "08-2026" }, "geometry": { "type": "LineString", "coordinates": [ [ -68.469642712991941, -33.188227433653502 ], [ -68.469210213132953, -33.188370333601156 ] ] } },
{ "type": "Feature", "properties": { "id_tramo": 1036, "osm_id": "177170653", "zona": "URBANO", "km": 0.064807917072039464, "lado": null, "banq_vrda": "NO", "b_v_estado": null, "km_b_v": 0.04480791707203946, "fecha": "08-2026" }, "geometry": { "type": "LineString", "coordinates": [ [ -68.468984144899423, -33.187541672586704 ], [ -68.468701044828521, -33.187674872632968 ] ] } },
{ "type": "Feature", "properties": { "id_tramo": 1037, "osm_id": "177170650", "zona": "URBANO", "km": 0.063734866452027958, "lado": null, "banq_vrda": "NO", "b_v_estado": null, "km_b_v": 0.043734866452027954, "fecha": "08-2026" }, "geometry": { "type": "LineString", "coordinates": [ [ -68.468745254560361, -33.18834092197293 ], [ -68.468447954655346, -33.188443221935614 ] ] } },
{ "type": "Feature", "properties": { "id_tramo": 1038, "osm_id": "177170650", "zona": "URBANO", "km": 0.060739983104762842, "lado": null, "banq_vrda": "NO", "b_v_estado": null, "km_b_v": 0.040739983104762845, "fecha": "08-2026" }, "geometry": { "type": "LineString", "coordinates": [ [ -68.468152478185345, -33.188565731944735 ], [ -68.467843078295942, -33.188645831914918 ] ] } },
{ "type": "Feature", "properties": { "id_tramo": 1039, "osm_id": "177170650", "zona": "URBANO", "km": 0.063734866452027958, "lado": null, "banq_vrda": "NO", "b_v_estado": null, "km_b_v": 0.043734866452027954, "fecha": "08-2026" }, "geometry": { "type": "LineString", "coordinates": [ [ -68.46884589892457, -33.188503605339378 ], [ -68.468560199018029, -33.188597405305003 ] ] } },
{ "type": "Feature", "properties": { "id_tramo": 1040, "osm_id": "177170650", "zona": "URBANO", "km": 0.060739983104762842, "lado": null, "banq_vrda": "NO", "b_v_estado": null, "km_b_v": 0.040739983104762845, "fecha": "08-2026" }, "geometry": { "type": "LineString", "coordinates": [ [ -68.468278440583575, -33.18876847540993 ], [ -68.467987340491632, -33.188870775447143 ] ] } },
{ "type": "Feature", "properties": { "id_tramo": 1042, "osm_id": "320867674", "zona": "URBANO", "km": 0.12311160731021914, "lado": null, "banq_vrda": "NO", "b_v_estado": null, "km_b_v": 0.10311160731021914, "fecha": "08-2026" }, "geometry": { "type": "LineString", "coordinates": [ [ -68.468841754967443, -33.18947942234918 ], [ -68.468351555162883, -33.188780622207673 ] ] } },
{ "type": "Feature", "properties": { "id_tramo": 1058, "osm_id": "177170618", "zona": "URBANO", "km": 0.11545001829292369, "lado": null, "banq_vrda": "NO", "b_v_estado": null, "km_b_v": 0.095450018292923683, "fecha": "08-2026" }, "geometry": { "type": "LineString", "coordinates": [ [ -68.471295574231135, -33.187402985896853 ], [ -68.470785274139914, -33.186846186033293 ] ] } },
{ "type": "Feature", "properties": { "id_tramo": 1059, "osm_id": "177170618", "zona": "URBANO", "km": 0.11545001829292369, "lado": null, "banq_vrda": "NO", "b_v_estado": null, "km_b_v": 0.095450018292923683, "fecha": "08-2026" }, "geometry": { "type": "LineString", "coordinates": [ [ -68.471025867123416, -33.187514150001554 ], [ -68.470518567215862, -33.186958049865709 ] ] } },
{ "type": "Feature", "properties": { "id_tramo": 1060, "osm_id": "183315842", "zona": "URBANO", "km": 0.1166114335882808, "lado": null, "banq_vrda": "NO", "b_v_estado": null, "km_b_v": 0.096611433588280796, "fecha": "08-2026" }, "geometry": { "type": "LineString", "coordinates": [ [ -68.471830739715216, -33.187200002307144 ], [ -68.471290439646339, -33.186651202447862 ] ] } },
{ "type": "Feature", "properties": { "id_tramo": 1062, "osm_id": "177170613", "zona": "URBANO", "km": 0.088313032355718829, "lado": null, "banq_vrda": "NO", "b_v_estado": null, "km_b_v": 0.068313032355718825, "fecha": "08-2026" }, "geometry": { "type": "LineString", "coordinates": [ [ -68.469931861123811, -33.186786855569871 ], [ -68.469660861078694, -33.186496055641896 ] ] } },
{ "type": "Feature", "properties": { "id_tramo": 1063, "osm_id": "177170613", "zona": "URBANO", "km": 0.088313032355718829, "lado": null, "banq_vrda": "NO", "b_v_estado": null, "km_b_v": 0.068313032355718825, "fecha": "08-2026" }, "geometry": { "type": "LineString", "coordinates": [ [ -68.469655967457186, -33.186880867607528 ], [ -68.46934606751006, -33.186546467524998 ] ] } },
{ "type": "Feature", "properties": { "id_tramo": 1065, "osm_id": "177170618", "zona": "URBANO", "km": 0.086766252660487334, "lado": null, "banq_vrda": "NO", "b_v_estado": null, "km_b_v": 0.06676625266048733, "fecha": "08-2026" }, "geometry": { "type": "LineString", "coordinates": [ [ -68.470257177042782, -33.186672915277803 ], [ -68.470006377094407, -33.186389215209935 ] ] } },
{ "type": "Feature", "properties": { "id_tramo": 1068, "osm_id": "257793192", "zona": "URBANO", "km": 0.099647252281267529, "lado": null, "banq_vrda": "NO", "b_v_estado": null, "km_b_v": 0.079647252281267525, "fecha": "08-2026" }, "geometry": { "type": "LineString", "coordinates": [ [ -68.468735088230517, -33.186402979664976 ], [ -68.468055088446349, -33.186639779578726 ] ] } },
{ "type": "Feature", "properties": { "id_tramo": 1069, "osm_id": "257793192", "zona": "URBANO", "km": 0.11980010561564962, "lado": null, "banq_vrda": "NO", "b_v_estado": null, "km_b_v": 0.099800105615649615, "fecha": "08-2026" }, "geometry": { "type": "LineString", "coordinates": [ [ -68.467789919142277, -33.186743245750883 ], [ -68.46684541943651, -33.187083245627534 ] ] } },
{ "type": "Feature", "properties": { "id_tramo": 1072, "osm_id": "257793192", "zona": "URBANO", "km": 0.12088194422406787, "lado": null, "banq_vrda": "NO", "b_v_estado": null, "km_b_v": 0.10088194422406786, "fecha": "08-2026" }, "geometry": { "type": "LineString", "coordinates": [ [ -68.472194389282535, -33.185495165458022 ], [ -68.471598625544644, -33.185692054338602 ], [ -68.471256565169512, -33.185810732425793 ], [ -68.471161065186536, -33.185845323757214 ], [ -68.470933423677465, -33.185927757732493 ], [ -68.470659770558257, -33.186033268537173 ], [ -68.470275798672503, -33.18621454710668 ] ] } },
{ "type": "Feature", "properties": { "id_tramo": 1073, "osm_id": "177170650", "zona": "URBANO", "km": 0.060618460244576636, "lado": null, "banq_vrda": "NO", "b_v_estado": null, "km_b_v": 0.040618460244576632, "fecha": "08-2026" }, "geometry": { "type": "LineString", "coordinates": [ [ -68.471193204264949, -33.187759845893972 ], [ -68.4709594041922, -33.187844145924565 ] ] } },
{ "type": "Feature", "properties": { "id_tramo": 1077, "osm_id": "177170650", "zona": "URBANO", "km": 0.054107936288903848, "lado": null, "banq_vrda": "NO", "b_v_estado": null, "km_b_v": 0.034107936288903851, "fecha": "08-2026" }, "geometry": { "type": "LineString", "coordinates": [ [ -68.472123593711231, -33.187151883247928 ], [ -68.471907893778877, -33.187228583220055 ] ] } },
{ "type": "Feature", "properties": { "id_tramo": 1078, "osm_id": "177170557", "zona": "URBANO", "km": 0.14852404808454495, "lado": null, "banq_vrda": "NO", "b_v_estado": null, "km_b_v": 0.12852404808454496, "fecha": "08-2026" }, "geometry": { "type": "LineString", "coordinates": [ [ -68.473166753922499, -33.188274043488981 ], [ -68.472725362601381, -33.188423840550143 ], [ -68.472642957602901, -33.188451842247524 ], [ -68.472017557401699, -33.188664142325067 ] ] } },
{ "type": "Feature", "properties": { "id_tramo": 1079, "osm_id": "177170557", "zona": "URBANO", "km": 0.14852404808454495, "lado": null, "banq_vrda": "NO", "b_v_estado": null, "km_b_v": 0.12852404808454496, "fecha": "08-2026" }, "geometry": { "type": "LineString", "coordinates": [ [ -68.473001074534068, -33.188086913127584 ], [ -68.472609074660795, -33.188218713079372 ], [ -68.472609029827879, -33.188218728177816 ], [ -68.47252544852067, -33.188246921871176 ], [ -68.471634267478976, -33.188546715480733 ] ] } },
{ "type": "Feature", "properties": { "id_tramo": 1080, "osm_id": "183315867", "zona": "URBANO", "km": 0.060601403293502304, "lado": null, "banq_vrda": "NO", "b_v_estado": null, "km_b_v": 0.0406014032935023, "fecha": "08-2026" }, "geometry": { "type": "LineString", "coordinates": [ [ -68.471487182734137, -33.188076087098018 ], [ -68.471271082801906, -33.188152987070076 ] ] } },
{ "type": "Feature", "properties": { "id_tramo": 1084, "osm_id": "177170613", "zona": "URBANO", "km": 0.052416566005988229, "lado": null, "banq_vrda": "NO", "b_v_estado": null, "km_b_v": 0.032416566005988232, "fecha": "08-2026" }, "geometry": { "type": "LineString", "coordinates": [ [ -68.470797331153406, -33.188120620264336 ], [ -68.470671531175853, -33.187983420230722 ] ] } },
{ "type": "Feature", "properties": { "id_tramo": 1085, "osm_id": "177170661", "zona": "URBANO", "km": 0.18192950444509629, "lado": null, "banq_vrda": "NO", "b_v_estado": null, "km_b_v": 0.1619295044450963, "fecha": "08-2026" }, "geometry": { "type": "LineString", "coordinates": [ [ -68.477432096193368, -33.193085017646005 ], [ -68.476114696605109, -33.19355661747467 ] ] } },
{ "type": "Feature", "properties": { "id_tramo": 1086, "osm_id": "177170660", "zona": "URBANO", "km": 0.16144079701615174, "lado": null, "banq_vrda": "NO", "b_v_estado": null, "km_b_v": 0.14144079701615175, "fecha": "08-2026" }, "geometry": { "type": "LineString", "coordinates": [ [ -68.476748490800034, -33.192051461163295 ], [ -68.475573290454662, -33.19251416132925 ] ] } },
{ "type": "Feature", "properties": { "id_tramo": 1087, "osm_id": "177170660", "zona": "URBANO", "km": 0.16144079701615174, "lado": null, "banq_vrda": "NO", "b_v_estado": null, "km_b_v": 0.14144079701615175, "fecha": "08-2026" }, "geometry": { "type": "LineString", "coordinates": [ [ -68.476859030572058, -33.192207505885634 ], [ -68.475666830224085, -33.192681306055349 ] ] } },
{ "type": "Feature", "properties": { "id_tramo": 1089, "osm_id": "258345452", "zona": "URBANO", "km": 0.070932577377618031, "lado": null, "banq_vrda": "NO", "b_v_estado": null, "km_b_v": 0.050932577377618027, "fecha": "08-2026" }, "geometry": { "type": "LineString", "coordinates": [ [ -68.476017751008172, -33.190871959449559 ], [ -68.475511951205164, -33.190158159303834 ] ] } },
{ "type": "Feature", "properties": { "id_tramo": 1090, "osm_id": "177170647", "zona": "URBANO", "km": 0.10839687580895796, "lado": null, "banq_vrda": "NO", "b_v_estado": null, "km_b_v": 0.088396875808957956, "fecha": "08-2026" }, "geometry": { "type": "LineString", "coordinates": [ [ -68.471608126861682, -33.191504084609626 ], [ -68.471316233791228, -33.191604382233109 ], [ -68.471209537488278, -33.191641080963009 ], [ -68.47031733720317, -33.191947881074938 ] ] } },
{ "type": "Feature", "properties": { "id_tramo": 1093, "osm_id": "612824061", "zona": "URBANO", "km": 0.13047179676169229, "lado": null, "banq_vrda": "NO", "b_v_estado": null, "km_b_v": 0.11047179676169229, "fecha": "08-2026" }, "geometry": { "type": "LineString", "coordinates": [ [ -68.473410732293488, -33.191812489498865 ], [ -68.473004132563133, -33.19105828937569 ] ] } },
{ "type": "Feature", "properties": { "id_tramo": 1096, "osm_id": "177170530", "zona": "URBANO", "km": 0.069690256005904977, "lado": null, "banq_vrda": "NO", "b_v_estado": null, "km_b_v": 0.049690256005904973, "fecha": "08-2026" }, "geometry": { "type": "LineString", "coordinates": [ [ -68.470619330681188, -33.188835822103862 ], [ -68.470368030639762, -33.188566822170614 ] ] } },
{ "type": "Feature", "properties": { "id_tramo": 1098, "osm_id": "177170613", "zona": "URBANO", "km": 0.057615331112594509, "lado": null, "banq_vrda": "NO", "b_v_estado": null, "km_b_v": 0.037615331112594505, "fecha": "08-2026" }, "geometry": { "type": "LineString", "coordinates": [ [ -68.471523894395915, -33.188536790591797 ], [ -68.47138399437236, -33.188386290629019 ] ] } },
{ "type": "Feature", "properties": { "id_tramo": 1099, "osm_id": "177170613", "zona": "URBANO", "km": 0.052416566005988229, "lado": null, "banq_vrda": "NO", "b_v_estado": null, "km_b_v": 0.032416566005988232, "fecha": "08-2026" }, "geometry": { "type": "LineString", "coordinates": [ [ -68.471175104730506, -33.188141894631272 ], [ -68.470943804692737, -33.187894794692646 ] ] } },
{ "type": "Feature", "properties": { "id_tramo": 1102, "osm_id": "177170653", "zona": "URBANO", "km": 0.061035813649885341, "lado": null, "banq_vrda": "NO", "b_v_estado": null, "km_b_v": 0.041035813649885344, "fecha": "08-2026" }, "geometry": { "type": "LineString", "coordinates": [ [ -68.470445940970805, -33.186930514273151 ], [ -68.470177640882866, -33.187018214305319 ] ] } },
{ "type": "Feature", "properties": { "id_tramo": 1107, "osm_id": "183315903", "zona": "URBANO", "km": 0.11705292466881624, "lado": null, "banq_vrda": "NO", "b_v_estado": null, "km_b_v": 0.097052924668816237, "fecha": "08-2026" }, "geometry": { "type": "LineString", "coordinates": [ [ -68.472124488510232, -33.187112922053338 ], [ -68.471584188583975, -33.186557021911909 ] ] } },
{ "type": "Feature", "properties": { "id_tramo": 1109, "osm_id": "177321969", "zona": "URBANO", "km": 0.077212609305980465, "lado": null, "banq_vrda": "NO", "b_v_estado": null, "km_b_v": 0.057212609305980461, "fecha": "08-2026" }, "geometry": { "type": "LineString", "coordinates": [ [ -68.458317812123838, -33.189225149836872 ], [ -68.458046912021686, -33.188848149914612 ] ] } },
{ "type": "Feature", "properties": { "id_tramo": 1110, "osm_id": "177321969", "zona": "URBANO", "km": 0.12755197609452087, "lado": null, "banq_vrda": "NO", "b_v_estado": null, "km_b_v": 0.10755197609452087, "fecha": "08-2026" }, "geometry": { "type": "LineString", "coordinates": [ [ -68.458108391640621, -33.189282401944517 ], [ -68.457176491273643, -33.187961302213132 ] ] } },
{ "type": "Feature", "properties": { "id_tramo": 1111, "osm_id": "177321969", "zona": "URBANO", "km": 0.12755197609452087, "lado": null, "banq_vrda": "NO", "b_v_estado": null, "km_b_v": 0.10755197609452087, "fecha": "08-2026" }, "geometry": { "type": "LineString", "coordinates": [ [ -68.457879694829572, -33.188603065788925 ], [ -68.457388794640693, -33.187914065930116 ] ] } },
{ "type": "Feature", "properties": { "id_tramo": 1116, "osm_id": "177321947", "zona": "URBANO", "km": 0.11917427163506264, "lado": null, "banq_vrda": "NO", "b_v_estado": null, "km_b_v": 0.099174271635062636, "fecha": "08-2026" }, "geometry": { "type": "LineString", "coordinates": [ [ -68.457632207071157, -33.186241136605787 ], [ -68.457259307261907, -33.185642636495508 ] ] } },
{ "type": "Feature", "properties": { "id_tramo": 1117, "osm_id": "177321947", "zona": "URBANO", "km": 0.11917427163506264, "lado": null, "banq_vrda": "NO", "b_v_estado": null, "km_b_v": 0.099174271635062636, "fecha": "08-2026" }, "geometry": { "type": "LineString", "coordinates": [ [ -68.457437291630299, -33.186303211841327 ], [ -68.45706559182112, -33.185705511731356 ] ] } },
{ "type": "Feature", "properties": { "id_tramo": 1, "osm_id": "183312743", "zona": "URBANO", "km": 0.12265088701552483, "lado": null, "banq_vrda": "SI", "b_v_estado": "REGULAR", "km_b_v": 0.10265088701552483, "fecha": "08-2026" }, "geometry": { "type": "LineString", "coordinates": [ [ -68.452763678223107, -33.19251565945703 ], [ -68.451860477951072, -33.192859159580728 ] ] } },
{ "type": "Feature", "properties": { "id_tramo": 14, "osm_id": "177322061", "zona": "URBANO", "km": 0.11644874142447516, "lado": null, "banq_vrda": "SI", "b_v_estado": "BUENO", "km_b_v": 0.096448741424475154, "fecha": "08-2026" }, "geometry": { "type": "LineString", "coordinates": [ [ -68.467584488682505, -33.199497889873932 ], [ -68.467175488877984, -33.198863689753672 ] ] } },
{ "type": "Feature", "properties": { "id_tramo": 15, "osm_id": "177322061", "zona": "URBANO", "km": 0.12579189980054314, "lado": null, "banq_vrda": "SI", "b_v_estado": "BUENO", "km_b_v": 0.10579189980054314, "fecha": "08-2026" }, "geometry": { "type": "LineString", "coordinates": [ [ -68.46724760203081, -33.198436396427539 ], [ -68.466828501830932, -33.197787196550749 ] ] } },
{ "type": "Feature", "properties": { "id_tramo": 16, "osm_id": "177321955", "zona": "URBANO", "km": 0.12677634088931433, "lado": null, "banq_vrda": "SI", "b_v_estado": "BUENO", "km_b_v": 0.10677634088931433, "fecha": "08-2026" }, "geometry": { "type": "LineString", "coordinates": [ [ -68.467520517192909, -33.194667275324932 ], [ -68.467956416980954, -33.195349075453279 ] ] } },
{ "type": "Feature", "properties": { "id_tramo": 17, "osm_id": "177322061", "zona": "URBANO", "km": 0.13744877826966284, "lado": null, "banq_vrda": "SI", "b_v_estado": "BUENO", "km_b_v": 0.11744877826966284, "fecha": "08-2026" }, "geometry": { "type": "LineString", "coordinates": [ [ -68.464963849526811, -33.195464726312004 ], [ -68.464437449780846, -33.194644526157099 ] ] } },
{ "type": "Feature", "properties": { "id_tramo": 18, "osm_id": "177322061", "zona": "URBANO", "km": 0.14218626832578768, "lado": null, "banq_vrda": "SI", "b_v_estado": "REGULAR", "km_b_v": 0.12218626832578768, "fecha": "08-2026" }, "geometry": { "type": "LineString", "coordinates": [ [ -68.464243034959793, -33.194343358019786 ], [ -68.463726435204123, -33.193546357868065 ] ] } },
{ "type": "Feature", "properties": { "id_tramo": 21, "osm_id": "177322061", "zona": "URBANO", "km": 0.10614847704761934, "lado": null, "banq_vrda": "SI", "b_v_estado": "BUENO", "km_b_v": 0.08614847704761934, "fecha": "08-2026" }, "geometry": { "type": "LineString", "coordinates": [ [ -68.466131310329345, -33.197262975708306 ], [ -68.465810610478286, -33.196772575614283 ] ] } },
{ "type": "Feature", "properties": { "id_tramo": 23, "osm_id": "177322061", "zona": "URBANO", "km": 0.14218626832578768, "lado": null, "banq_vrda": "SI", "b_v_estado": "REGULAR", "km_b_v": 0.12218626832578768, "fecha": "08-2026" }, "geometry": { "type": "LineString", "coordinates": [ [ -68.464504595076335, -33.194233583122461 ], [ -68.46397469484674, -33.193449483276716 ] ] } },
{ "type": "Feature", "properties": { "id_tramo": 26, "osm_id": "177321929", "zona": "URBANO", "km": 0.14160821460137962, "lado": null, "banq_vrda": "SI", "b_v_estado": "BUENO", "km_b_v": 0.12160821460137962, "fecha": "08-2026" }, "geometry": { "type": "LineString", "coordinates": [ [ -68.467560279442296, -33.197006628238448 ], [ -68.467041779684905, -33.196210928086309 ] ] } },
{ "type": "Feature", "properties": { "id_tramo": 27, "osm_id": "177322061", "zona": "URBANO", "km": 0.03551978122093119, "lado": null, "banq_vrda": "SI", "b_v_estado": "BUENO", "km_b_v": 0.01551978122093119, "fecha": "08-2026" }, "geometry": { "type": "LineString", "coordinates": [ [ -68.466974809681275, -33.198557321768746 ], [ -68.466329009988428, -33.197558321578953 ] ] } },
{ "type": "Feature", "properties": { "id_tramo": 28, "osm_id": "177322061", "zona": "URBANO", "km": 0.12174503373044805, "lado": null, "banq_vrda": "SI", "b_v_estado": "REGULAR", "km_b_v": 0.10174503373044805, "fecha": "08-2026" }, "geometry": { "type": "LineString", "coordinates": [ [ -68.468992703399948, -33.201660067995867 ], [ -68.46833039239668, -33.200646750484211 ], [ -68.468266298292292, -33.20054855945164 ], [ -68.467773604384632, -33.199794768277428 ] ] } },
{ "type": "Feature", "properties": { "id_tramo": 29, "osm_id": "257781715", "zona": "URBANO", "km": 0.13189811360883458, "lado": null, "banq_vrda": "SI", "b_v_estado": "BUENO", "km_b_v": 0.11189811360883457, "fecha": "08-2026" }, "geometry": { "type": "LineString", "coordinates": [ [ -68.466950571142462, -33.19617535479162 ], [ -68.466093470925145, -33.196574154930488 ] ] } },
{ "type": "Feature", "properties": { "id_tramo": 31, "osm_id": "177322061", "zona": "URBANO", "km": 0.13333951304007483, "lado": null, "banq_vrda": "SI", "b_v_estado": "BUENO", "km_b_v": 0.11333951304007482, "fecha": "08-2026" }, "geometry": { "type": "LineString", "coordinates": [ [ -68.463606119206446, -33.193222119516328 ], [ -68.463108118989396, -33.192483219661369 ] ] } },
{ "type": "Feature", "properties": { "id_tramo": 32, "osm_id": "177322061", "zona": "URBANO", "km": 0.13333951304007483, "lado": null, "banq_vrda": "SI", "b_v_estado": "BUENO", "km_b_v": 0.11333951304007482, "fecha": "08-2026" }, "geometry": { "type": "LineString", "coordinates": [ [ -68.463787165247822, -33.193137438019455 ], [ -68.463310465032762, -33.192418538158776 ] ] } },
{ "type": "Feature", "properties": { "id_tramo": 33, "osm_id": "257781715", "zona": "URBANO", "km": 0.11903446662486011, "lado": null, "banq_vrda": "SI", "b_v_estado": "BUENO", "km_b_v": 0.09903446662486011, "fecha": "08-2026" }, "geometry": { "type": "LineString", "coordinates": [ [ -68.468093867244576, -33.195633709888405 ], [ -68.467316067048657, -33.195997810015037 ] ] } },
{ "type": "Feature", "properties": { "id_tramo": 34, "osm_id": "642762562", "zona": "URBANO", "km": 0.13250647336788154, "lado": null, "banq_vrda": "SI", "b_v_estado": "BUENO", "km_b_v": 0.11250647336788154, "fecha": "08-2026" }, "geometry": { "type": "LineString", "coordinates": [ [ -68.464850351235313, -33.192996847281684 ], [ -68.464008251015812, -33.193378447415256 ] ] } },
{ "type": "Feature", "properties": { "id_tramo": 35, "osm_id": "642762562", "zona": "URBANO", "km": 0.11707442007635591, "lado": null, "banq_vrda": "SI", "b_v_estado": "REGULAR", "km_b_v": 0.097074420076355902, "fecha": "08-2026" }, "geometry": { "type": "LineString", "coordinates": [ [ -68.46522668662557, -33.192820676484537 ], [ -68.465985586824203, -33.192478176364553 ] ] } },
{ "type": "Feature", "properties": { "id_tramo": 36, "osm_id": "177322007", "zona": "URBANO", "km": 0.11719964625374088, "lado": null, "banq_vrda": "SI", "b_v_estado": "BUENO", "km_b_v": 0.097199646253740876, "fecha": "08-2026" }, "geometry": { "type": "LineString", "coordinates": [ [ -68.467459366338986, -33.194631803238345 ], [ -68.466636866128965, -33.19501200337092 ] ] } },
{ "type": "Feature", "properties": { "id_tramo": 37, "osm_id": "924950738", "zona": "URBANO", "km": 0.090478863782391131, "lado": null, "banq_vrda": "SI", "b_v_estado": "BUENO", "km_b_v": 0.070478863782391127, "fecha": "08-2026" }, "geometry": { "type": "LineString", "coordinates": [ [ -68.47354627260259, -33.201088704307011 ], [ -68.473251872540715, -33.201246604360229 ], [ -68.473250513189654, -33.20124730391354 ], [ -68.47303871313953, -33.201351803949493 ], [ -68.473035663208591, -33.201353172937957 ], [ -68.47296476318823, -33.201381972948255 ], [ -68.472957245544237, -33.201384326351899 ], [ -68.472881645516281, -33.201401426358295 ], [ -68.472877615462224, -33.201402165274835 ], [ -68.469588814164737, -33.201867165447325 ] ] } },
{ "type": "Feature", "properties": { "id_tramo": 38, "osm_id": "924950738", "zona": "URBANO", "km": 0.067350997066728979, "lado": null, "banq_vrda": "SI", "b_v_estado": "REGULAR", "km_b_v": 0.047350997066728975, "fecha": "08-2026" }, "geometry": { "type": "LineString", "coordinates": [ [ -68.469776340352595, -33.201547672402711 ], [ -68.469405440499671, -33.201596672384603 ] ] } },
{ "type": "Feature", "properties": { "id_tramo": 41, "osm_id": "924950738", "zona": "URBANO", "km": 0.090478863782391131, "lado": null, "banq_vrda": "SI", "b_v_estado": "BUENO", "km_b_v": 0.070478863782391127, "fecha": "08-2026" }, "geometry": { "type": "LineString", "coordinates": [ [ -68.47274517744026, -33.201120279116644 ], [ -68.472591771403685, -33.201142935701768 ], [ -68.472185166158141, -33.201198095716322 ] ] } },
{ "type": "Feature", "properties": { "id_tramo": 52, "osm_id": "177321955", "zona": "URBANO", "km": 0.14156284582329437, "lado": null, "banq_vrda": "SI", "b_v_estado": "BUENO", "km_b_v": 0.12156284582329437, "fecha": "08-2026" }, "geometry": { "type": "LineString", "coordinates": [ [ -68.468974818703373, -33.196372216751818 ], [ -68.468418318460976, -33.195546716913967 ] ] } },
{ "type": "Feature", "properties": { "id_tramo": 53, "osm_id": "177321955", "zona": "URBANO", "km": 0.14156284582329437, "lado": null, "banq_vrda": "SI", "b_v_estado": "MALO", "km_b_v": 0.12156284582329437, "fecha": "08-2026" }, "geometry": { "type": "LineString", "coordinates": [ [ -68.468703953716911, -33.196493888375095 ], [ -68.468162253971897, -33.195660088216044 ] ] } },
{ "type": "Feature", "properties": { "id_tramo": 54, "osm_id": "257800489", "zona": "URBANO", "km": 0.060954248411662956, "lado": null, "banq_vrda": "SI", "b_v_estado": "BUENO", "km_b_v": 0.040954248411662952, "fecha": "08-2026" }, "geometry": { "type": "LineString", "coordinates": [ [ -68.469951395211694, -33.200791159864664 ], [ -68.469665695129763, -33.200907459906169 ] ] } },
{ "type": "Feature", "properties": { "id_tramo": 57, "osm_id": "177322007", "zona": "URBANO", "km": 0.11719964625374088, "lado": null, "banq_vrda": "SI", "b_v_estado": "BUENO", "km_b_v": 0.097199646253740876, "fecha": "08-2026" }, "geometry": { "type": "LineString", "coordinates": [ [ -68.467314997343834, -33.194432260064325 ], [ -68.466528697542756, -33.194798859936725 ] ] } },
{ "type": "Feature", "properties": { "id_tramo": 58, "osm_id": "257781715", "zona": "URBANO", "km": 0.11903446662486011, "lado": null, "banq_vrda": "SI", "b_v_estado": "BUENO", "km_b_v": 0.09903446662486011, "fecha": "08-2026" }, "geometry": { "type": "LineString", "coordinates": [ [ -68.467967513756548, -33.195411299031463 ], [ -68.467204513948474, -33.195768898907119 ] ] } },
{ "type": "Feature", "properties": { "id_tramo": 59, "osm_id": "183315905", "zona": "URBANO", "km": 0.1196860337814363, "lado": null, "banq_vrda": "SI", "b_v_estado": "BUENO", "km_b_v": 0.099686033781436298, "fecha": "08-2026" }, "geometry": { "type": "LineString", "coordinates": [ [ -68.468829204106584, -33.19679347807454 ], [ -68.468060703908222, -33.197145078197408 ] ] } },
{ "type": "Feature", "properties": { "id_tramo": 60, "osm_id": "183315905", "zona": "URBANO", "km": 0.1196860337814363, "lado": null, "banq_vrda": "SI", "b_v_estado": "BUENO", "km_b_v": 0.099686033781436298, "fecha": "08-2026" }, "geometry": { "type": "LineString", "coordinates": [ [ -68.468681955912942, -33.196567832577806 ], [ -68.46794545610004, -33.196909932458645 ] ] } },
{ "type": "Feature", "properties": { "id_tramo": 62, "osm_id": "177170643", "zona": "URBANO", "km": 0.11811697323981549, "lado": null, "banq_vrda": "SI", "b_v_estado": "REGULAR", "km_b_v": 0.098116973239815483, "fecha": "08-2026" }, "geometry": { "type": "LineString", "coordinates": [ [ -68.469308538108223, -33.197516181574947 ], [ -68.468547938297235, -33.197876581449904 ] ] } },
{ "type": "Feature", "properties": { "id_tramo": 63, "osm_id": "257800486", "zona": "URBANO", "km": 0.12078861214294849, "lado": null, "banq_vrda": "SI", "b_v_estado": "BUENO", "km_b_v": 0.10078861214294849, "fecha": "08-2026" }, "geometry": { "type": "LineString", "coordinates": [ [ -68.470074236876272, -33.198696270996138 ], [ -68.469313236682837, -33.199049571119254 ] ] } },
{ "type": "Feature", "properties": { "id_tramo": 66, "osm_id": "177170501", "zona": "URBANO", "km": 0.12135410793595812, "lado": null, "banq_vrda": "SI", "b_v_estado": "BUENO", "km_b_v": 0.10135410793595812, "fecha": "08-2026" }, "geometry": { "type": "LineString", "coordinates": [ [ -68.470529621708167, -33.199423248174838 ], [ -68.469784121897121, -33.199770248053987 ] ] } },
{ "type": "Feature", "properties": { "id_tramo": 67, "osm_id": "257800489", "zona": "URBANO", "km": 0.12446550062383251, "lado": null, "banq_vrda": "SI", "b_v_estado": "BUENO", "km_b_v": 0.1044655006238325, "fecha": "08-2026" }, "geometry": { "type": "LineString", "coordinates": [ [ -68.471173561902575, -33.200319475247142 ], [ -68.470326961696699, -33.200728175388399 ] ] } },
{ "type": "Feature", "properties": { "id_tramo": 68, "osm_id": "257800489", "zona": "URBANO", "km": 0.12446550062383251, "lado": null, "banq_vrda": "SI", "b_v_estado": "REGULAR", "km_b_v": 0.1044655006238325, "fecha": "08-2026" }, "geometry": { "type": "LineString", "coordinates": [ [ -68.471045656386835, -33.200089739673096 ], [ -68.470195056605846, -33.20047983953679 ] ] } },
{ "type": "Feature", "properties": { "id_tramo": 71, "osm_id": "177321929", "zona": "URBANO", "km": 0.14516812517431904, "lado": null, "banq_vrda": "SI", "b_v_estado": "BUENO", "km_b_v": 0.12516812517431905, "fecha": "08-2026" }, "geometry": { "type": "LineString", "coordinates": [ [ -68.465738309485999, -33.193687504792578 ], [ -68.465199009251521, -33.192888204949654 ] ] } },
{ "type": "Feature", "properties": { "id_tramo": 72, "osm_id": "177321929", "zona": "URBANO", "km": 0.14516812517431904, "lado": null, "banq_vrda": "SI", "b_v_estado": "REGULAR", "km_b_v": 0.12516812517431905, "fecha": "08-2026" }, "geometry": { "type": "LineString", "coordinates": [ [ -68.465469810155682, -33.193795673181128 ], [ -68.464946310398901, -33.192994973027673 ] ] } },
{ "type": "Feature", "properties": { "id_tramo": 73, "osm_id": "847833489", "zona": "URBANO", "km": 0.13297649763172564, "lado": null, "banq_vrda": "SI", "b_v_estado": "BUENO", "km_b_v": 0.11297649763172564, "fecha": "08-2026" }, "geometry": { "type": "LineString", "coordinates": [ [ -68.466163320544496, -33.194976342901391 ], [ -68.465309320757953, -33.195378942761558 ] ] } },
{ "type": "Feature", "properties": { "id_tramo": 74, "osm_id": "257781723", "zona": "URBANO", "km": 0.13206321462352291, "lado": null, "banq_vrda": "SI", "b_v_estado": "BUENO", "km_b_v": 0.11206321462352291, "fecha": "08-2026" }, "geometry": { "type": "LineString", "coordinates": [ [ -68.4655752285651, -33.194105136375128 ], [ -68.464737328340846, -33.194474736505171 ] ] } },
{ "type": "Feature", "properties": { "id_tramo": 75, "osm_id": "257781723", "zona": "URBANO", "km": 0.13206321462352291, "lado": null, "banq_vrda": "SI", "b_v_estado": "BUENO", "km_b_v": 0.11206321462352291, "fecha": "08-2026" }, "geometry": { "type": "LineString", "coordinates": [ [ -68.465447134046912, -33.193869204798723 ], [ -68.464581534270906, -33.194264304660628 ] ] } },
{ "type": "Feature", "properties": { "id_tramo": 76, "osm_id": "642762562", "zona": "URBANO", "km": 0.13250647336788154, "lado": null, "banq_vrda": "SI", "b_v_estado": "REGULAR", "km_b_v": 0.11250647336788154, "fecha": "08-2026" }, "geometry": { "type": "LineString", "coordinates": [ [ -68.464690620310407, -33.192779449549874 ], [ -68.463891620512882, -33.193151449420384 ] ] } },
{ "type": "Feature", "properties": { "id_tramo": 77, "osm_id": "183312754", "zona": "URBANO", "km": 0.12393348550353563, "lado": null, "banq_vrda": "SI", "b_v_estado": "BUENO", "km_b_v": 0.10393348550353562, "fecha": "08-2026" }, "geometry": { "type": "LineString", "coordinates": [ [ -68.463504990807564, -33.193329870542058 ], [ -68.462748591001471, -33.193678270420499 ] ] } },
{ "type": "Feature", "properties": { "id_tramo": 80, "osm_id": "183315837", "zona": "URBANO", "km": 0.1223611659920292, "lado": null, "banq_vrda": "SI", "b_v_estado": "BUENO", "km_b_v": 0.1023611659920292, "fecha": "08-2026" }, "geometry": { "type": "LineString", "coordinates": [ [ -68.46422619069277, -33.19442502420403 ], [ -68.463450990904207, -33.194760024085717 ] ] } },
{ "type": "Feature", "properties": { "id_tramo": 81, "osm_id": "257781709", "zona": "URBANO", "km": 0.12072849318932621, "lado": null, "banq_vrda": "SI", "b_v_estado": "BUENO", "km_b_v": 0.10072849318932621, "fecha": "08-2026" }, "geometry": { "type": "LineString", "coordinates": [ [ -68.465057900252361, -33.195758441181731 ], [ -68.4643120000636, -33.196106141302742 ] ] } },
{ "type": "Feature", "properties": { "id_tramo": 82, "osm_id": "257781709", "zona": "URBANO", "km": 0.12072849318932621, "lado": null, "banq_vrda": "SI", "b_v_estado": "BUENO", "km_b_v": 0.10072849318932621, "fecha": "08-2026" }, "geometry": { "type": "LineString", "coordinates": [ [ -68.464946130219673, -33.195535344647737 ], [ -68.464193430410575, -33.195885544525794 ] ] } },
{ "type": "Feature", "properties": { "id_tramo": 85, "osm_id": "183315904", "zona": "URBANO", "km": 0.11948651864527335, "lado": null, "banq_vrda": "SI", "b_v_estado": "REGULAR", "km_b_v": 0.099486518645273345, "fecha": "08-2026" }, "geometry": { "type": "LineString", "coordinates": [ [ -68.466261345955544, -33.197531474045249 ], [ -68.465443945697331, -33.197818774149823 ] ] } },
{ "type": "Feature", "properties": { "id_tramo": 88, "osm_id": "257800487", "zona": "URBANO", "km": 0.11789701270868833, "lado": null, "banq_vrda": "SI", "b_v_estado": "BUENO", "km_b_v": 0.097897012708688322, "fecha": "08-2026" }, "geometry": { "type": "LineString", "coordinates": [ [ -68.466949094977949, -33.198616576556631 ], [ -68.466226095165794, -33.198945276441627 ] ] } },
{ "type": "Feature", "properties": { "id_tramo": 89, "osm_id": "183315930", "zona": "URBANO", "km": 0.11679670207879136, "lado": null, "banq_vrda": "SI", "b_v_estado": "REGULAR", "km_b_v": 0.096796702078791361, "fecha": "08-2026" }, "geometry": { "type": "LineString", "coordinates": [ [ -68.467690925176854, -33.199790729991697 ], [ -68.466952324990217, -33.200135530111702 ] ] } },
{ "type": "Feature", "properties": { "id_tramo": 90, "osm_id": "183315930", "zona": "URBANO", "km": 0.11679670207879136, "lado": null, "banq_vrda": "SI", "b_v_estado": "BUENO", "km_b_v": 0.096796702078791361, "fecha": "08-2026" }, "geometry": { "type": "LineString", "coordinates": [ [ -68.467550192220941, -33.199564108691369 ], [ -68.466837792399929, -33.19989840857513 ] ] } },
{ "type": "Feature", "properties": { "id_tramo": 92, "osm_id": "183312795", "zona": "URBANO", "km": 0.14835465627699823, "lado": null, "banq_vrda": "SI", "b_v_estado": "BUENO", "km_b_v": 0.12835465627699824, "fecha": "08-2026" }, "geometry": { "type": "LineString", "coordinates": [ [ -68.468976815171004, -33.201671792230179 ], [ -68.468932542318399, -33.201688177914342 ], [ -68.468813767622791, -33.201670508946236 ], [ -68.467857438435033, -33.201468819142121 ] ] } },
{ "type": "Feature", "properties": { "id_tramo": 94, "osm_id": "177170612", "zona": "URBANO", "km": 0.059680608992196155, "lado": null, "banq_vrda": "SI", "b_v_estado": "REGULAR", "km_b_v": 0.039680608992196151, "fecha": "08-2026" }, "geometry": { "type": "LineString", "coordinates": [ [ -68.480503052915068, -33.194535621030703 ], [ -68.481398952657699, -33.194172021160554 ] ] } },
{ "type": "Feature", "properties": { "id_tramo": 97, "osm_id": "642762562", "zona": "URBANO", "km": 0.11707442007635591, "lado": null, "banq_vrda": "SI", "b_v_estado": "BUENO", "km_b_v": 0.097074420076355902, "fecha": "08-2026" }, "geometry": { "type": "LineString", "coordinates": [ [ -68.465077767194259, -33.192600581494411 ], [ -68.465845366997826, -33.192246481617914 ] ] } },
{ "type": "Feature", "properties": { "id_tramo": 101, "osm_id": "177321969", "zona": "URBANO", "km": 0.13174065963779324, "lado": null, "banq_vrda": "SI", "b_v_estado": "REGULAR", "km_b_v": 0.11174065963779324, "fecha": "08-2026" }, "geometry": { "type": "LineString", "coordinates": [ [ -68.461948754299996, -33.195313388440113 ], [ -68.461502754509979, -33.194626888309216 ] ] } },
{ "type": "Feature", "properties": { "id_tramo": 103, "osm_id": "177321929", "zona": "URBANO", "km": 0.12201432960340199, "lado": null, "banq_vrda": "SI", "b_v_estado": "BUENO", "km_b_v": 0.10201432960340198, "fecha": "08-2026" }, "geometry": { "type": "LineString", "coordinates": [ [ -68.468207422328348, -33.197970194520977 ], [ -68.467786922523075, -33.197328094397726 ] ] } },
{ "type": "Feature", "properties": { "id_tramo": 105, "osm_id": "177321955", "zona": "URBANO", "km": 0.11830365422451675, "lado": null, "banq_vrda": "SI", "b_v_estado": "BUENO", "km_b_v": 0.098303654224516743, "fecha": "08-2026" }, "geometry": { "type": "LineString", "coordinates": [ [ -68.469335422594142, -33.197457594603513 ], [ -68.468914922788855, -33.196815494480234 ] ] } },
{ "type": "Feature", "properties": { "id_tramo": 106, "osm_id": "177321929", "zona": "URBANO", "km": 0.11805152682518301, "lado": null, "banq_vrda": "SI", "b_v_estado": "REGULAR", "km_b_v": 0.098051526825183005, "fecha": "08-2026" }, "geometry": { "type": "LineString", "coordinates": [ [ -68.468816987558284, -33.198923187760734 ], [ -68.468413987750949, -33.19829818764223 ] ] } },
{ "type": "Feature", "properties": { "id_tramo": 108, "osm_id": "177321955", "zona": "URBANO", "km": 0.12157712411691127, "lado": null, "banq_vrda": "SI", "b_v_estado": "REGULAR", "km_b_v": 0.10157712411691126, "fecha": "08-2026" }, "geometry": { "type": "LineString", "coordinates": [ [ -68.469948949508023, -33.198389783149999 ], [ -68.469550649695663, -33.197776483033046 ] ] } },
{ "type": "Feature", "properties": { "id_tramo": 110, "osm_id": "177170544", "zona": "URBANO", "km": 0.12005083336236433, "lado": null, "banq_vrda": "SI", "b_v_estado": "BUENO", "km_b_v": 0.10005083336236432, "fecha": "08-2026" }, "geometry": { "type": "LineString", "coordinates": [ [ -68.47124300669779, -33.197804068880849 ], [ -68.470820606876345, -33.197186068758143 ] ] } },
{ "type": "Feature", "properties": { "id_tramo": 111, "osm_id": "177170544", "zona": "URBANO", "km": 0.12005083336236433, "lado": null, "banq_vrda": "SI", "b_v_estado": "MALO", "km_b_v": 0.10005083336236432, "fecha": "08-2026" }, "geometry": { "type": "LineString", "coordinates": [ [ -68.471499466805398, -33.197693339145033 ], [ -68.471072366621655, -33.197063439269328 ] ] } },
{ "type": "Feature", "properties": { "id_tramo": 112, "osm_id": "257800486", "zona": "URBANO", "km": 0.13679051606795067, "lado": null, "banq_vrda": "SI", "b_v_estado": "BUENO", "km_b_v": 0.11679051606795067, "fecha": "08-2026" }, "geometry": { "type": "LineString", "coordinates": [ [ -68.471366725319314, -33.198103514175244 ], [ -68.47044102507914, -33.198524914322654 ] ] } },
{ "type": "Feature", "properties": { "id_tramo": 114, "osm_id": "177170643", "zona": "URBANO", "km": 0.13507249162646584, "lado": null, "banq_vrda": "SI", "b_v_estado": "BUENO", "km_b_v": 0.11507249162646584, "fecha": "08-2026" }, "geometry": { "type": "LineString", "coordinates": [ [ -68.470722558526916, -33.197152607124615 ], [ -68.469803058292001, -33.197577407272775 ] ] } },
{ "type": "Feature", "properties": { "id_tramo": 120, "osm_id": "642762562", "zona": "URBANO", "km": 0.1206166541042847, "lado": null, "banq_vrda": "SI", "b_v_estado": "BUENO", "km_b_v": 0.10061665410428469, "fecha": "08-2026" }, "geometry": { "type": "LineString", "coordinates": [ [ -68.467083045873352, -33.19197021241596 ], [ -68.466354845687192, -33.192306412533227 ] ] } },
{ "type": "Feature", "properties": { "id_tramo": 121, "osm_id": "642762562", "zona": "URBANO", "km": 0.1206166541042847, "lado": null, "banq_vrda": "SI", "b_v_estado": "REGULAR", "km_b_v": 0.10061665410428469, "fecha": "08-2026" }, "geometry": { "type": "LineString", "coordinates": [ [ -68.466945807191905, -33.191742209306398 ], [ -68.466210907379192, -33.192082509187813 ] ] } },
{ "type": "Feature", "properties": { "id_tramo": 122, "osm_id": "177321929", "zona": "URBANO", "km": 0.1336508810188532, "lado": null, "banq_vrda": "SI", "b_v_estado": "BUENO", "km_b_v": 0.11365088101885319, "fecha": "08-2026" }, "geometry": { "type": "LineString", "coordinates": [ [ -68.466449292880625, -33.194783128262991 ], [ -68.4659304926506, -33.194007128414377 ] ] } },
{ "type": "Feature", "properties": { "id_tramo": 125, "osm_id": "177321955", "zona": "URBANO", "km": 0.13420332001422572, "lado": null, "banq_vrda": "SI", "b_v_estado": "BUENO", "km_b_v": 0.11420332001422571, "fecha": "08-2026" }, "geometry": { "type": "LineString", "coordinates": [ [ -68.467324556868888, -33.194368944824674 ], [ -68.46682965709627, -33.193616044679729 ] ] } },
{ "type": "Feature", "properties": { "id_tramo": 126, "osm_id": "177321947", "zona": "URBANO", "km": 0.14170905610841289, "lado": null, "banq_vrda": "SI", "b_v_estado": "REGULAR", "km_b_v": 0.12170905610841289, "fecha": "08-2026" }, "geometry": { "type": "LineString", "coordinates": [ [ -68.464126027350062, -33.195861330243027 ], [ -68.463581527100828, -33.195034530402403 ] ] } },
{ "type": "Feature", "properties": { "id_tramo": 127, "osm_id": "177321947", "zona": "URBANO", "km": 0.14170905610841289, "lado": null, "banq_vrda": "SI", "b_v_estado": "BUENO", "km_b_v": 0.12170905610841289, "fecha": "08-2026" }, "geometry": { "type": "LineString", "coordinates": [ [ -68.463852739633722, -33.195977866299486 ], [ -68.463316739886935, -33.195151466142129 ] ] } },
{ "type": "Feature", "properties": { "id_tramo": 129, "osm_id": "177321947", "zona": "URBANO", "km": 0.17299215923182168, "lado": null, "banq_vrda": "SI", "b_v_estado": "BUENO", "km_b_v": 0.15299215923182169, "fecha": "08-2026" }, "geometry": { "type": "LineString", "coordinates": [ [ -68.465861278256682, -33.199041917211403 ], [ -68.465196778582694, -33.197998017015543 ] ] } },
{ "type": "Feature", "properties": { "id_tramo": 130, "osm_id": "177321947", "zona": "URBANO", "km": 0.094678300027835019, "lado": null, "banq_vrda": "SI", "b_v_estado": "BUENO", "km_b_v": 0.074678300027835015, "fecha": "08-2026" }, "geometry": { "type": "LineString", "coordinates": [ [ -68.465247226072449, -33.197569876239875 ], [ -68.464964025945903, -33.197144776322595 ] ] } },
{ "type": "Feature", "properties": { "id_tramo": 132, "osm_id": "183315904", "zona": "URBANO", "km": 0.11717277940300194, "lado": null, "banq_vrda": "SI", "b_v_estado": "REGULAR", "km_b_v": 0.097172779403001938, "fecha": "08-2026" }, "geometry": { "type": "LineString", "coordinates": [ [ -68.465097295011134, -33.197974585752661 ], [ -68.464287994757981, -33.198264085857808 ] ] } },
{ "type": "Feature", "properties": { "id_tramo": 134, "osm_id": "183315928", "zona": "URBANO", "km": 0.11569010199266319, "lado": null, "banq_vrda": "SI", "b_v_estado": "BUENO", "km_b_v": 0.095690101992663187, "fecha": "08-2026" }, "geometry": { "type": "LineString", "coordinates": [ [ -68.464605385559238, -33.197256732136026 ], [ -68.463847385362016, -33.197600932256456 ] ] } },
{ "type": "Feature", "properties": { "id_tramo": 135, "osm_id": "183315928", "zona": "URBANO", "km": 0.11569010199266319, "lado": null, "banq_vrda": "SI", "b_v_estado": "BUENO", "km_b_v": 0.095690101992663187, "fecha": "08-2026" }, "geometry": { "type": "LineString", "coordinates": [ [ -68.464458172538926, -33.197030332611568 ], [ -68.463714372730649, -33.197371132492506 ] ] } },
{ "type": "Feature", "properties": { "id_tramo": 137, "osm_id": "177321947", "zona": "URBANO", "km": 0.12379872946025089, "lado": null, "banq_vrda": "SI", "b_v_estado": "BUENO", "km_b_v": 0.10379872946025089, "fecha": "08-2026" }, "geometry": { "type": "LineString", "coordinates": [ [ -68.464768976723747, -33.19683045437403 ], [ -68.464324076531838, -33.196173554503495 ] ] } },
{ "type": "Feature", "properties": { "id_tramo": 138, "osm_id": "257800487", "zona": "URBANO", "km": 0.11831820418901173, "lado": null, "banq_vrda": "SI", "b_v_estado": "BUENO", "km_b_v": 0.098318204189011729, "fecha": "08-2026" }, "geometry": { "type": "LineString", "coordinates": [ [ -68.465994000389159, -33.199341152696142 ], [ -68.465239500203495, -33.199701752821028 ] ] } },
{ "type": "Feature", "properties": { "id_tramo": 141, "osm_id": "423678382", "zona": "URBANO", "km": 0.11797961425116797, "lado": null, "banq_vrda": "SI", "b_v_estado": "REGULAR", "km_b_v": 0.097979614251167968, "fecha": "08-2026" }, "geometry": { "type": "LineString", "coordinates": [ [ -68.466153156592569, -33.19961767260893 ], [ -68.465416356775947, -33.199966372487914 ] ] } },
{ "type": "Feature", "properties": { "id_tramo": 142, "osm_id": "183315930", "zona": "URBANO", "km": 0.059593881888866017, "lado": null, "banq_vrda": "SI", "b_v_estado": "BUENO", "km_b_v": 0.03959388188886602, "fecha": "08-2026" }, "geometry": { "type": "LineString", "coordinates": [ [ -68.466459653483781, -33.200065221514194 ], [ -68.465712253668443, -33.200421221390826 ] ] } },
{ "type": "Feature", "properties": { "id_tramo": 146, "osm_id": "177321955", "zona": "URBANO", "km": 0.11986038137525021, "lado": null, "banq_vrda": "SI", "b_v_estado": "BUENO", "km_b_v": 0.099860381375250204, "fecha": "08-2026" }, "geometry": { "type": "LineString", "coordinates": [ [ -68.470836025855675, -33.199209825570875 ], [ -68.47043482568067, -33.198614325687771 ] ] } },
{ "type": "Feature", "properties": { "id_tramo": 148, "osm_id": "177170544", "zona": "URBANO", "km": 0.12252021303880956, "lado": null, "banq_vrda": "SI", "b_v_estado": "REGULAR", "km_b_v": 0.10252021303880955, "fecha": "08-2026" }, "geometry": { "type": "LineString", "coordinates": [ [ -68.472128010658963, -33.198605103401164 ], [ -68.471722710482823, -33.198004503519222 ] ] } },
{ "type": "Feature", "properties": { "id_tramo": 151, "osm_id": "177322007", "zona": "URBANO", "km": 0.08079793582489353, "lado": null, "banq_vrda": "SI", "b_v_estado": "BUENO", "km_b_v": 0.060797935824893526, "fecha": "08-2026" }, "geometry": { "type": "LineString", "coordinates": [ [ -68.468602886194205, -33.194140906527039 ], [ -68.467815485998926, -33.194514606656618 ] ] } },
{ "type": "Feature", "properties": { "id_tramo": 156, "osm_id": "177321955", "zona": "URBANO", "km": 0.14275112297282433, "lado": null, "banq_vrda": "SI", "b_v_estado": "REGULAR", "km_b_v": 0.12275112297282433, "fecha": "08-2026" }, "geometry": { "type": "LineString", "coordinates": [ [ -68.466585947467209, -33.193279076623291 ], [ -68.466088947701564, -33.192513376477386 ] ] } },
{ "type": "Feature", "properties": { "id_tramo": 158, "osm_id": "177170544", "zona": "URBANO", "km": 0.14079031070093914, "lado": null, "banq_vrda": "SI", "b_v_estado": "BUENO", "km_b_v": 0.12079031070093914, "fecha": "08-2026" }, "geometry": { "type": "LineString", "coordinates": [ [ -68.467739546535739, -33.192764954184177 ], [ -68.467191146749599, -33.1919907540262 ] ] } },
{ "type": "Feature", "properties": { "id_tramo": 160, "osm_id": "257781709", "zona": "URBANO", "km": 0.1150611970838564, "lado": null, "banq_vrda": "SI", "b_v_estado": "REGULAR", "km_b_v": 0.095061197083856394, "fecha": "08-2026" }, "geometry": { "type": "LineString", "coordinates": [ [ -68.463812126701512, -33.196056082601068 ], [ -68.463079026880933, -33.196408082479323 ] ] } },
{ "type": "Feature", "properties": { "id_tramo": 162, "osm_id": "183315837", "zona": "URBANO", "km": 0.11449253332866767, "lado": null, "banq_vrda": "SI", "b_v_estado": "BUENO", "km_b_v": 0.094492533328667666, "fecha": "08-2026" }, "geometry": { "type": "LineString", "coordinates": [ [ -68.463074325159766, -33.194902039026914 ], [ -68.46228292538099, -33.195234538908942 ] ] } },
{ "type": "Feature", "properties": { "id_tramo": 164, "osm_id": "183312754", "zona": "URBANO", "km": 0.11367000251798036, "lado": null, "banq_vrda": "SI", "b_v_estado": "BUENO", "km_b_v": 0.093670002517980355, "fecha": "08-2026" }, "geometry": { "type": "LineString", "coordinates": [ [ -68.462370883184391, -33.193857213565977 ], [ -68.461635783368934, -33.194202413446021 ] ] } },
{ "type": "Feature", "properties": { "id_tramo": 165, "osm_id": "177321947", "zona": "URBANO", "km": 0.025645862571155156, "lado": null, "banq_vrda": "SI", "b_v_estado": "MALO", "km_b_v": 0.0056458625711551559, "fecha": "08-2026" }, "geometry": { "type": "LineString", "coordinates": [ [ -68.462672314657269, -33.193674412403901 ], [ -68.462180514432788, -33.19292861254781 ] ] } },
{ "type": "Feature", "properties": { "id_tramo": 168, "osm_id": "183315895", "zona": "URBANO", "km": 0.11645070567649243, "lado": null, "banq_vrda": "SI", "b_v_estado": "BUENO", "km_b_v": 0.096450705676492429, "fecha": "08-2026" }, "geometry": { "type": "LineString", "coordinates": [ [ -68.461701783618651, -33.192788666666054 ], [ -68.460968483803995, -33.19313086654698 ] ] } },
{ "type": "Feature", "properties": { "id_tramo": 169, "osm_id": "177321969", "zona": "URBANO", "km": 0.11383721534657842, "lado": null, "banq_vrda": "SI", "b_v_estado": "REGULAR", "km_b_v": 0.09383721534657842, "fecha": "08-2026" }, "geometry": { "type": "LineString", "coordinates": [ [ -68.461547080157899, -33.194197820887055 ], [ -68.461117779949234, -33.193526521013453 ] ] } },
{ "type": "Feature", "properties": { "id_tramo": 170, "osm_id": "177321969", "zona": "URBANO", "km": 0.11383721534657842, "lado": null, "banq_vrda": "SI", "b_v_estado": "REGULAR", "km_b_v": 0.09383721534657842, "fecha": "08-2026" }, "geometry": { "type": "LineString", "coordinates": [ [ -68.461296373607041, -33.194306326341582 ], [ -68.460825873855285, -33.193539026201968 ] ] } },
{ "type": "Feature", "properties": { "id_tramo": 171, "osm_id": "177321922", "zona": "URBANO", "km": 0.13154320230914038, "lado": null, "banq_vrda": "SI", "b_v_estado": "BUENO", "km_b_v": 0.11154320230914037, "fecha": "08-2026" }, "geometry": { "type": "LineString", "coordinates": [ [ -68.460389984791775, -33.194692780594139 ], [ -68.459918785017322, -33.193961580455614 ] ] } },
{ "type": "Feature", "properties": { "id_tramo": 173, "osm_id": "177321922", "zona": "URBANO", "km": 0.1245405438027694, "lado": null, "banq_vrda": "SI", "b_v_estado": "BUENO", "km_b_v": 0.10454054380276939, "fecha": "08-2026" }, "geometry": { "type": "LineString", "coordinates": [ [ -68.461310964718024, -33.19557313568459 ], [ -68.4608861645264, -33.194932635808755 ] ] } },
{ "type": "Feature", "properties": { "id_tramo": 175, "osm_id": "177321969", "zona": "URBANO", "km": 0.14670575258180937, "lado": null, "banq_vrda": "SI", "b_v_estado": "BUENO", "km_b_v": 0.12670575258180938, "fecha": "08-2026" }, "geometry": { "type": "LineString", "coordinates": [ [ -68.462968400588835, -33.196408551378205 ], [ -68.462421400321716, -33.195551251539307 ] ] } },
{ "type": "Feature", "properties": { "id_tramo": 180, "osm_id": "177321969", "zona": "URBANO", "km": 0.12374233265743566, "lado": null, "banq_vrda": "SI", "b_v_estado": "BUENO", "km_b_v": 0.10374233265743565, "fecha": "08-2026" }, "geometry": { "type": "LineString", "coordinates": [ [ -68.463332379043806, -33.197469927893309 ], [ -68.462921079236281, -33.196838727772644 ] ] } },
{ "type": "Feature", "properties": { "id_tramo": 181, "osm_id": "177321969", "zona": "URBANO", "km": 0.081645901493550721, "lado": null, "banq_vrda": "SI", "b_v_estado": "BUENO", "km_b_v": 0.061645901493550717, "fecha": "08-2026" }, "geometry": { "type": "LineString", "coordinates": [ [ -68.464039752752285, -33.198019067474831 ], [ -68.463818952650641, -33.197682867539498 ] ] } },
{ "type": "Feature", "properties": { "id_tramo": 182, "osm_id": "177321969", "zona": "URBANO", "km": 0.081645901493550721, "lado": null, "banq_vrda": "SI", "b_v_estado": "MALO", "km_b_v": 0.061645901493550717, "fecha": "08-2026" }, "geometry": { "type": "LineString", "coordinates": [ [ -68.463765728291662, -33.198117350208655 ], [ -68.463563928387231, -33.197805850149372 ] ] } },
{ "type": "Feature", "properties": { "id_tramo": 183, "osm_id": "183315917", "zona": "URBANO", "km": 0.12064741410601487, "lado": null, "banq_vrda": "SI", "b_v_estado": "BUENO", "km_b_v": 0.10064741410601487, "fecha": "08-2026" }, "geometry": { "type": "LineString", "coordinates": [ [ -68.462935207293711, -33.192494048626067 ], [ -68.462193507111337, -33.192848748748844 ] ] } },
{ "type": "Feature", "properties": { "id_tramo": 184, "osm_id": "183315917", "zona": "URBANO", "km": 0.12064741410601487, "lado": null, "banq_vrda": "SI", "b_v_estado": "BUENO", "km_b_v": 0.10064741410601487, "fecha": "08-2026" }, "geometry": { "type": "LineString", "coordinates": [ [ -68.462807367301735, -33.192268368352238 ], [ -68.46205816748828, -33.192622768229292 ] ] } },
{ "type": "Feature", "properties": { "id_tramo": 190, "osm_id": "257781702", "zona": "URBANO", "km": 0.1225169386765699, "lado": null, "banq_vrda": "SI", "b_v_estado": "REGULAR", "km_b_v": 0.1025169386765699, "fecha": "08-2026" }, "geometry": { "type": "LineString", "coordinates": [ [ -68.464520758775095, -33.191720710606745 ], [ -68.465341458495274, -33.191475910697186 ] ] } },
{ "type": "Feature", "properties": { "id_tramo": 191, "osm_id": "257781702", "zona": "URBANO", "km": 0.11899045298557792, "lado": null, "banq_vrda": "SI", "b_v_estado": "BUENO", "km_b_v": 0.098990452985577917, "fecha": "08-2026" }, "geometry": { "type": "LineString", "coordinates": [ [ -68.46664575069947, -33.191326640205716 ], [ -68.465861350438843, -33.191575640297231 ] ] } },
{ "type": "Feature", "properties": { "id_tramo": 192, "osm_id": "257781702", "zona": "URBANO", "km": 0.11899045298557792, "lado": null, "banq_vrda": "SI", "b_v_estado": "REGULAR", "km_b_v": 0.098990452985577917, "fecha": "08-2026" }, "geometry": { "type": "LineString", "coordinates": [ [ -68.466561687160379, -33.19115161553831 ], [ -68.466382887117987, -33.191239715568628 ], [ -68.466372376404053, -33.191243419097638 ], [ -68.465969334725344, -33.19133487551813 ], [ -68.465756786966537, -33.191424255584849 ] ] } },
{ "type": "Feature", "properties": { "id_tramo": 195, "osm_id": "183312785", "zona": "URBANO", "km": 0.11899737225041418, "lado": null, "banq_vrda": "SI", "b_v_estado": "REGULAR", "km_b_v": 0.098997372250414176, "fecha": "08-2026" }, "geometry": { "type": "LineString", "coordinates": [ [ -68.462064176065113, -33.191131998352866 ], [ -68.46130797587216, -33.191481798474776 ] ] } },
{ "type": "Feature", "properties": { "id_tramo": 197, "osm_id": "183312785", "zona": "URBANO", "km": 0.11716011991358356, "lado": null, "banq_vrda": "SI", "b_v_estado": "BUENO", "km_b_v": 0.097160119913583559, "fecha": "08-2026" }, "geometry": { "type": "LineString", "coordinates": [ [ -68.460930613849669, -33.191663087582633 ], [ -68.460259313681107, -33.191978287692137 ] ] } },
{ "type": "Feature", "properties": { "id_tramo": 203, "osm_id": "177321955", "zona": "URBANO", "km": 0.093908470058396726, "lado": null, "banq_vrda": "SI", "b_v_estado": "BUENO", "km_b_v": 0.073908470058396722, "fecha": "08-2026" }, "geometry": { "type": "LineString", "coordinates": [ [ -68.466142044732862, -33.192070059097688 ], [ -68.46585304460001, -33.19163025918234 ] ] } },
{ "type": "Feature", "properties": { "id_tramo": 205, "osm_id": "177170650", "zona": "URBANO", "km": 0.12008635725489474, "lado": null, "banq_vrda": "SI", "b_v_estado": "REGULAR", "km_b_v": 0.10008635725489473, "fecha": "08-2026" }, "geometry": { "type": "LineString", "coordinates": [ [ -68.463755517529719, -33.190496828814787 ], [ -68.464551017765487, -33.190187228703614 ] ] } },
{ "type": "Feature", "properties": { "id_tramo": 214, "osm_id": "183312754", "zona": "URBANO", "km": 0.093737762335040969, "lado": null, "banq_vrda": "SI", "b_v_estado": "REGULAR", "km_b_v": 0.073737762335040966, "fecha": "08-2026" }, "geometry": { "type": "LineString", "coordinates": [ [ -68.461436913512173, -33.194601827585664 ], [ -68.460913813378113, -33.194842827669746 ] ] } },
{ "type": "Feature", "properties": { "id_tramo": 216, "osm_id": "183312786", "zona": "URBANO", "km": 0.093257794228154028, "lado": null, "banq_vrda": "SI", "b_v_estado": "REGULAR", "km_b_v": 0.073257794228154025, "fecha": "08-2026" }, "geometry": { "type": "LineString", "coordinates": [ [ -68.460749492129551, -33.193512483181422 ], [ -68.460193291985846, -33.193766783270249 ] ] } },
{ "type": "Feature", "properties": { "id_tramo": 219, "osm_id": "177321945", "zona": "URBANO", "km": 0.13217028893069901, "lado": null, "banq_vrda": "SI", "b_v_estado": "BUENO", "km_b_v": 0.11217028893069901, "fecha": "08-2026" }, "geometry": { "type": "LineString", "coordinates": [ [ -68.459248251831767, -33.195190529670334 ], [ -68.45878495205524, -33.194468829534046 ] ] } },
{ "type": "Feature", "properties": { "id_tramo": 220, "osm_id": "177321969", "zona": "URBANO", "km": 0.1737551437891523, "lado": null, "banq_vrda": "SI", "b_v_estado": "BUENO", "km_b_v": 0.15375514378915231, "fecha": "08-2026" }, "geometry": { "type": "LineString", "coordinates": [ [ -68.460623317693234, -33.193230534066998 ], [ -68.459975618039607, -33.192166733874586 ] ] } },
{ "type": "Feature", "properties": { "id_tramo": 223, "osm_id": "183312785", "zona": "URBANO", "km": 0.092377115857557146, "lado": null, "banq_vrda": "SI", "b_v_estado": "BUENO", "km_b_v": 0.072377115857557142, "fecha": "08-2026" }, "geometry": { "type": "LineString", "coordinates": [ [ -68.459760970430807, -33.191926534119695 ], [ -68.459186470578857, -33.192189834027744 ] ] } },
{ "type": "Feature", "properties": { "id_tramo": 226, "osm_id": "177170650", "zona": "URBANO", "km": 0.11012814118062146, "lado": null, "banq_vrda": "SI", "b_v_estado": "BUENO", "km_b_v": 0.090128141180621457, "fecha": "08-2026" }, "geometry": { "type": "LineString", "coordinates": [ [ -68.46560354197922, -33.189782280131936 ], [ -68.464948441786234, -33.19003938022415 ] ] } },
{ "type": "Feature", "properties": { "id_tramo": 228, "osm_id": "177321922", "zona": "URBANO", "km": 0.17670917833561159, "lado": null, "banq_vrda": "SI", "b_v_estado": "BUENO", "km_b_v": 0.1567091783356116, "fecha": "08-2026" }, "geometry": { "type": "LineString", "coordinates": [ [ -68.459968641816147, -33.193531418118191 ], [ -68.459304941488782, -33.192485918313857 ] ] } },
{ "type": "Feature", "properties": { "id_tramo": 229, "osm_id": "177321922", "zona": "URBANO", "km": 0.17670917833561159, "lado": null, "banq_vrda": "SI", "b_v_estado": "REGULAR", "km_b_v": 0.1567091783356116, "fecha": "08-2026" }, "geometry": { "type": "LineString", "coordinates": [ [ -68.459683605207601, -33.193643798229544 ], [ -68.459025105536526, -33.192599898035198 ] ] } },
{ "type": "Feature", "properties": { "id_tramo": 230, "osm_id": "177321945", "zona": "URBANO", "km": 0.12252323202845666, "lado": null, "banq_vrda": "SI", "b_v_estado": "BUENO", "km_b_v": 0.10252323202845666, "fecha": "08-2026" }, "geometry": { "type": "LineString", "coordinates": [ [ -68.460156502090982, -33.196080711671293 ], [ -68.459760701892989, -33.195452811788151 ] ] } },
{ "type": "Feature", "properties": { "id_tramo": 231, "osm_id": "177321945", "zona": "URBANO", "km": 0.12252323202845666, "lado": null, "banq_vrda": "SI", "b_v_estado": "BUENO", "km_b_v": 0.10252323202845666, "fecha": "08-2026" }, "geometry": { "type": "LineString", "coordinates": [ [ -68.459883926016417, -33.196192973845683 ], [ -68.459498426212591, -33.195576073731679 ] ] } },
{ "type": "Feature", "properties": { "id_tramo": 232, "osm_id": "177170544", "zona": "URBANO", "km": 0.20124559697399363, "lado": null, "banq_vrda": "SI", "b_v_estado": "BUENO", "km_b_v": 0.18124559697399364, "fecha": "08-2026" }, "geometry": { "type": "LineString", "coordinates": [ [ -68.466714039974946, -33.190970468484025 ], [ -68.465902440340656, -33.189747068246845 ] ] } },
{ "type": "Feature", "properties": { "id_tramo": 234, "osm_id": "177170544", "zona": "URBANO", "km": 0.079308412440130191, "lado": null, "banq_vrda": "SI", "b_v_estado": "REGULAR", "km_b_v": 0.059308412440130187, "fecha": "08-2026" }, "geometry": { "type": "LineString", "coordinates": [ [ -68.467234320555548, -33.191558100137144 ], [ -68.467018120471892, -33.191253900199364 ] ] } },
{ "type": "Feature", "properties": { "id_tramo": 238, "osm_id": "177170500", "zona": "URBANO", "km": 0.076489558688765211, "lado": null, "banq_vrda": "SI", "b_v_estado": "BUENO", "km_b_v": 0.056489558688765207, "fecha": "08-2026" }, "geometry": { "type": "LineString", "coordinates": [ [ -68.468771012989933, -33.192169420064872 ], [ -68.468283213191071, -33.191463619923532 ] ] } },
{ "type": "Feature", "properties": { "id_tramo": 240, "osm_id": "177170544", "zona": "URBANO", "km": 0.042896268107885223, "lado": null, "banq_vrda": "SI", "b_v_estado": "BUENO", "km_b_v": 0.022896268107885222, "fecha": "08-2026" }, "geometry": { "type": "LineString", "coordinates": [ [ -68.470095224100021, -33.195680631543581 ], [ -68.469748823955953, -33.195177531644021 ] ] } },
{ "type": "Feature", "properties": { "id_tramo": 243, "osm_id": "257800488", "zona": "URBANO", "km": 0.08393876075846797, "lado": null, "banq_vrda": "SI", "b_v_estado": "BUENO", "km_b_v": 0.063938760758467966, "fecha": "08-2026" }, "geometry": { "type": "LineString", "coordinates": [ [ -68.472258496207814, -33.200459264566575 ], [ -68.47185639631688, -33.200634064504875 ] ] } },
{ "type": "Feature", "properties": { "id_tramo": 244, "osm_id": "177170544", "zona": "URBANO", "km": 0.10091476026067428, "lado": null, "banq_vrda": "SI", "b_v_estado": "BUENO", "km_b_v": 0.080914760260674276, "fecha": "08-2026" }, "geometry": { "type": "LineString", "coordinates": [ [ -68.470594248206027, -33.196847199357244 ], [ -68.470148348375631, -33.196224399229095 ] ] } },
{ "type": "Feature", "properties": { "id_tramo": 247, "osm_id": "257800488", "zona": "URBANO", "km": 0.066723743759036239, "lado": null, "banq_vrda": "SI", "b_v_estado": "REGULAR", "km_b_v": 0.046723743759036235, "fecha": "08-2026" }, "geometry": { "type": "LineString", "coordinates": [ [ -68.473026755318628, -33.200407336272981 ], [ -68.472691755230201, -33.200557236325608 ] ] } },
{ "type": "Feature", "properties": { "id_tramo": 252, "osm_id": "257800489", "zona": "URBANO", "km": 0.081463841730081504, "lado": null, "banq_vrda": "SI", "b_v_estado": "REGULAR", "km_b_v": 0.0614638417300815, "fecha": "08-2026" }, "geometry": { "type": "LineString", "coordinates": [ [ -68.47176888159423, -33.199756574086742 ], [ -68.471386281692247, -33.199932874025201 ] ] } },
{ "type": "Feature", "properties": { "id_tramo": 253, "osm_id": "177170501", "zona": "URBANO", "km": 0.060868495969855309, "lado": null, "banq_vrda": "SI", "b_v_estado": "BUENO", "km_b_v": 0.040868495969855312, "fecha": "08-2026" }, "geometry": { "type": "LineString", "coordinates": [ [ -68.471970919810389, -33.198946502695108 ], [ -68.471667419887808, -33.199086902646137 ] ] } },
{ "type": "Feature", "properties": { "id_tramo": 254, "osm_id": "177170501", "zona": "URBANO", "km": 0.079491804667574092, "lado": null, "banq_vrda": "SI", "b_v_estado": "BUENO", "km_b_v": 0.059491804667574089, "fecha": "08-2026" }, "geometry": { "type": "LineString", "coordinates": [ [ -68.471394157151025, -33.199220772362864 ], [ -68.471027757242197, -33.199394172302675 ] ] } },
{ "type": "Feature", "properties": { "id_tramo": 255, "osm_id": "257951210", "zona": "URBANO", "km": 0.12091960837065351, "lado": null, "banq_vrda": "SI", "b_v_estado": "BUENO", "km_b_v": 0.1009196083706535, "fecha": "08-2026" }, "geometry": { "type": "LineString", "coordinates": [ [ -68.461442384786665, -33.190179569824821 ], [ -68.460663084548941, -33.190470069929752 ] ] } },
{ "type": "Feature", "properties": { "id_tramo": 258, "osm_id": "183315893", "zona": "URBANO", "km": 0.12506313219221957, "lado": null, "banq_vrda": "SI", "b_v_estado": "BUENO", "km_b_v": 0.10506313219221956, "fecha": "08-2026" }, "geometry": { "type": "LineString", "coordinates": [ [ -68.460459992082477, -33.188607852534538 ], [ -68.459571192381134, -33.188882752433301 ] ] } },
{ "type": "Feature", "properties": { "id_tramo": 259, "osm_id": "257781725", "zona": "URBANO", "km": 0.13206757348813675, "lado": null, "banq_vrda": "SI", "b_v_estado": "BUENO", "km_b_v": 0.11206757348813674, "fecha": "08-2026" }, "geometry": { "type": "LineString", "coordinates": [ [ -68.459576610199989, -33.187240144300148 ], [ -68.458627509871306, -33.187511544400628 ] ] } },
{ "type": "Feature", "properties": { "id_tramo": 260, "osm_id": "257781725", "zona": "URBANO", "km": 0.13206757348813675, "lado": null, "banq_vrda": "SI", "b_v_estado": "REGULAR", "km_b_v": 0.11206757348813674, "fecha": "08-2026" }, "geometry": { "type": "LineString", "coordinates": [ [ -68.459449797725782, -33.187013953442197 ], [ -68.458481198061278, -33.187290753339717 ] ] } },
{ "type": "Feature", "properties": { "id_tramo": 261, "osm_id": "257781706", "zona": "URBANO", "km": 0.13483655389080801, "lado": null, "banq_vrda": "SI", "b_v_estado": "BUENO", "km_b_v": 0.114836553890808, "fecha": "08-2026" }, "geometry": { "type": "LineString", "coordinates": [ [ -68.45887869774046, -33.18616749297469 ], [ -68.457953797434698, -33.186464393083654 ] ] } },
{ "type": "Feature", "properties": { "id_tramo": 262, "osm_id": "257781706", "zona": "URBANO", "km": 0.13483655389080801, "lado": null, "banq_vrda": "SI", "b_v_estado": "BUENO", "km_b_v": 0.114836553890808, "fecha": "08-2026" }, "geometry": { "type": "LineString", "coordinates": [ [ -68.458747565366821, -33.185934051205976 ], [ -68.457813265674218, -33.186237051094885 ] ] } },
{ "type": "Feature", "properties": { "id_tramo": 263, "osm_id": "642762566", "zona": "URBANO", "km": 0.13818915971427118, "lado": null, "banq_vrda": "SI", "b_v_estado": "BUENO", "km_b_v": 0.11818915971427117, "fecha": "08-2026" }, "geometry": { "type": "LineString", "coordinates": [ [ -68.458308661739935, -33.185240339954483 ], [ -68.457388261437387, -33.18553944006414 ] ] } },
{ "type": "Feature", "properties": { "id_tramo": 267, "osm_id": "177322011", "zona": "URBANO", "km": 0.13834200708862371, "lado": null, "banq_vrda": "SI", "b_v_estado": "REGULAR", "km_b_v": 0.1183420070886237, "fecha": "08-2026" }, "geometry": { "type": "LineString", "coordinates": [ [ -68.456832439863263, -33.183082138937117 ], [ -68.455928539651509, -33.183531839091344 ] ] } },
{ "type": "Feature", "properties": { "id_tramo": 269, "osm_id": "177322064", "zona": "URBANO", "km": 0.14014492788068314, "lado": null, "banq_vrda": "SI", "b_v_estado": "BUENO", "km_b_v": 0.12014492788068314, "fecha": "08-2026" }, "geometry": { "type": "LineString", "coordinates": [ [ -68.456098513414332, -33.18198195199156 ], [ -68.455145413194174, -33.182461252155505 ] ] } },
{ "type": "Feature", "properties": { "id_tramo": 271, "osm_id": "177322060", "zona": "URBANO", "km": 0.14306063870292796, "lado": null, "banq_vrda": "SI", "b_v_estado": "REGULAR", "km_b_v": 0.12306063870292795, "fecha": "08-2026" }, "geometry": { "type": "LineString", "coordinates": [ [ -68.455322906595015, -33.180869390880346 ], [ -68.454366606289085, -33.181197590999979 ] ] } },
{ "type": "Feature", "properties": { "id_tramo": 273, "osm_id": "177322071", "zona": "URBANO", "km": 0.1564969068118516, "lado": null, "banq_vrda": "SI", "b_v_estado": "MALO", "km_b_v": 0.13649690681185161, "fecha": "08-2026" }, "geometry": { "type": "LineString", "coordinates": [ [ -68.454745017691366, -33.180036898808297 ], [ -68.453600317265497, -33.180287798902 ] ] } },
{ "type": "Feature", "properties": { "id_tramo": 274, "osm_id": "177322071", "zona": "URBANO", "km": 0.1564969068118516, "lado": null, "banq_vrda": "SI", "b_v_estado": "BUENO", "km_b_v": 0.13649690681185161, "fecha": "08-2026" }, "geometry": { "type": "LineString", "coordinates": [ [ -68.454623711969163, -33.179800083858758 ], [ -68.453431512409367, -33.180070983757624 ] ] } },
{ "type": "Feature", "properties": { "id_tramo": 275, "osm_id": "177322049", "zona": "URBANO", "km": 0.1625435541459401, "lado": null, "banq_vrda": "SI", "b_v_estado": "BUENO", "km_b_v": 0.14254355414594011, "fecha": "08-2026" }, "geometry": { "type": "LineString", "coordinates": [ [ -68.454388371761766, -33.179434893022403 ], [ -68.453198572200691, -33.179706292921111 ] ] } },
{ "type": "Feature", "properties": { "id_tramo": 277, "osm_id": "545997175", "zona": "URBANO", "km": 0.16648214525164043, "lado": null, "banq_vrda": "SI", "b_v_estado": "BUENO", "km_b_v": 0.14648214525164044, "fecha": "08-2026" }, "geometry": { "type": "LineString", "coordinates": [ [ -68.454062288944186, -33.178978801361119 ], [ -68.452755188435958, -33.179192601440668 ] ] } },
{ "type": "Feature", "properties": { "id_tramo": 279, "osm_id": "257781722", "zona": "URBANO", "km": 0.13801496898273549, "lado": null, "banq_vrda": "SI", "b_v_estado": "REGULAR", "km_b_v": 0.11801496898273549, "fecha": "08-2026" }, "geometry": { "type": "LineString", "coordinates": [ [ -68.462748409100328, -33.18970057159617 ], [ -68.461816308812615, -33.190041471719589 ] ] } },
{ "type": "Feature", "properties": { "id_tramo": 281, "osm_id": "658283843", "zona": "URBANO", "km": 0.1359875809187297, "lado": null, "banq_vrda": "SI", "b_v_estado": "BUENO", "km_b_v": 0.1159875809187297, "fecha": "08-2026" }, "geometry": { "type": "LineString", "coordinates": [ [ -68.462117146130211, -33.188685957965511 ], [ -68.461186645843441, -33.18902715808899 ] ] } },
{ "type": "Feature", "properties": { "id_tramo": 285, "osm_id": "177170628", "zona": "URBANO", "km": 0.13558201312546911, "lado": null, "banq_vrda": "SI", "b_v_estado": "BUENO", "km_b_v": 0.1155820131254691, "fecha": "08-2026" }, "geometry": { "type": "LineString", "coordinates": [ [ -68.460233253814764, -33.185677440826481 ], [ -68.459302054085057, -33.186050440693151 ] ] } },
{ "type": "Feature", "properties": { "id_tramo": 286, "osm_id": "177170628", "zona": "URBANO", "km": 0.13558201312546911, "lado": null, "banq_vrda": "SI", "b_v_estado": "BUENO", "km_b_v": 0.1155820131254691, "fecha": "08-2026" }, "geometry": { "type": "LineString", "coordinates": [ [ -68.460141630379596, -33.185513570528414 ], [ -68.459201930654757, -33.185885570395229 ] ] } },
{ "type": "Feature", "properties": { "id_tramo": 287, "osm_id": "177170633", "zona": "URBANO", "km": 0.1370541219707542, "lado": null, "banq_vrda": "SI", "b_v_estado": "REGULAR", "km_b_v": 0.1170541219707542, "fecha": "08-2026" }, "geometry": { "type": "LineString", "coordinates": [ [ -68.459669151855962, -33.184802711314482 ], [ -68.458712951545976, -33.185122511431395 ] ] } },
{ "type": "Feature", "properties": { "id_tramo": 289, "osm_id": "177322005", "zona": "URBANO", "km": 0.13813066562101589, "lado": null, "banq_vrda": "SI", "b_v_estado": "BUENO", "km_b_v": 0.11813066562101589, "fecha": "08-2026" }, "geometry": { "type": "LineString", "coordinates": [ [ -68.459330969700858, -33.184234134790273 ], [ -68.458353169389966, -33.184573634913917 ] ] } },
{ "type": "Feature", "properties": { "id_tramo": 290, "osm_id": "177322005", "zona": "URBANO", "km": 0.13813066562101589, "lado": null, "banq_vrda": "SI", "b_v_estado": "REGULAR", "km_b_v": 0.11813066562101589, "fecha": "08-2026" }, "geometry": { "type": "LineString", "coordinates": [ [ -68.459242755762261, -33.184066687563487 ], [ -68.458238456084331, -33.184409787438327 ] ] } },
{ "type": "Feature", "properties": { "id_tramo": 292, "osm_id": "177322060", "zona": "URBANO", "km": 0.13016025562410988, "lado": null, "banq_vrda": "SI", "b_v_estado": "REGULAR", "km_b_v": 0.11016025562410987, "fecha": "08-2026" }, "geometry": { "type": "LineString", "coordinates": [ [ -68.456489986153684, -33.180224082726014 ], [ -68.455635385904927, -33.180565082847934 ] ] } },
{ "type": "Feature", "properties": { "id_tramo": 296, "osm_id": "257951210", "zona": "URBANO", "km": 0.11635990277674786, "lado": null, "banq_vrda": "SI", "b_v_estado": "REGULAR", "km_b_v": 0.096359902776747858, "fecha": "08-2026" }, "geometry": { "type": "LineString", "coordinates": [ [ -68.460148702828775, -33.190389787591045 ], [ -68.459456203043544, -33.190641087499969 ] ] } },
{ "type": "Feature", "properties": { "id_tramo": 298, "osm_id": "183312743", "zona": "URBANO", "km": 0.11726576620340798, "lado": null, "banq_vrda": "SI", "b_v_estado": "BUENO", "km_b_v": 0.097265766203407975, "fecha": "08-2026" }, "geometry": { "type": "LineString", "coordinates": [ [ -68.459677000420498, -33.189684080761253 ], [ -68.458950200648644, -33.189942380667432 ] ] } },
{ "type": "Feature", "properties": { "id_tramo": 299, "osm_id": "183315893", "zona": "URBANO", "km": 0.11526468143710325, "lado": null, "banq_vrda": "SI", "b_v_estado": "BUENO", "km_b_v": 0.095264681437103246, "fecha": "08-2026" }, "geometry": { "type": "LineString", "coordinates": [ [ -68.459296932551197, -33.189142784304138 ], [ -68.458522332298045, -33.189397684397498 ] ] } },
{ "type": "Feature", "properties": { "id_tramo": 300, "osm_id": "183315893", "zona": "URBANO", "km": 0.11526468143710325, "lado": null, "banq_vrda": "SI", "b_v_estado": "REGULAR", "km_b_v": 0.095264681437103246, "fecha": "08-2026" }, "geometry": { "type": "LineString", "coordinates": [ [ -68.459188314972053, -33.189001067419156 ], [ -68.458439315218101, -33.189244867329762 ] ] } },
{ "type": "Feature", "properties": { "id_tramo": 302, "osm_id": "257781725", "zona": "URBANO", "km": 0.12299785009572237, "lado": null, "banq_vrda": "SI", "b_v_estado": "BUENO", "km_b_v": 0.10299785009572236, "fecha": "08-2026" }, "geometry": { "type": "LineString", "coordinates": [ [ -68.458228704454683, -33.187635329768412 ], [ -68.457431704181857, -33.187870529855317 ] ] } },
{ "type": "Feature", "properties": { "id_tramo": 306, "osm_id": "257781719", "zona": "URBANO", "km": 0.12134655071793794, "lado": null, "banq_vrda": "SI", "b_v_estado": "BUENO", "km_b_v": 0.10134655071793794, "fecha": "08-2026" }, "geometry": { "type": "LineString", "coordinates": [ [ -68.456968672989944, -33.185679227133242 ], [ -68.456160272718904, -33.185930527225715 ] ] } },
{ "type": "Feature", "properties": { "id_tramo": 309, "osm_id": "177322022", "zona": "URBANO", "km": 0.11374799396415805, "lado": null, "banq_vrda": "SI", "b_v_estado": "REGULAR", "km_b_v": 0.093747993964158047, "fecha": "08-2026" }, "geometry": { "type": "LineString", "coordinates": [ [ -68.456125269769061, -33.184584363820115 ], [ -68.455485569909186, -33.18491846370685 ] ] } },
{ "type": "Feature", "properties": { "id_tramo": 310, "osm_id": "177322011", "zona": "URBANO", "km": 0.10996557834779751, "lado": null, "banq_vrda": "SI", "b_v_estado": "MALO", "km_b_v": 0.089965578347797504, "fecha": "08-2026" }, "geometry": { "type": "LineString", "coordinates": [ [ -68.455535933183313, -33.183725891748573 ], [ -68.454898533037493, -33.184048791858842 ] ] } },
{ "type": "Feature", "properties": { "id_tramo": 311, "osm_id": "177322011", "zona": "URBANO", "km": 0.10996557834779751, "lado": null, "banq_vrda": "SI", "b_v_estado": "REGULAR", "km_b_v": 0.089965578347797504, "fecha": "08-2026" }, "geometry": { "type": "LineString", "coordinates": [ [ -68.455415672137619, -33.183497805580949 ], [ -68.45476207228721, -33.183828805467897 ] ] } },
{ "type": "Feature", "properties": { "id_tramo": 314, "osm_id": "177322060", "zona": "URBANO", "km": 0.18346661998565736, "lado": null, "banq_vrda": "SI", "b_v_estado": "MALO", "km_b_v": 0.16346661998565737, "fecha": "08-2026" }, "geometry": { "type": "LineString", "coordinates": [ [ -68.453917062460079, -33.18135882437717 ], [ -68.452566562040758, -33.181847824554318 ] ] } },
{ "type": "Feature", "properties": { "id_tramo": 316, "osm_id": "257781722", "zona": "URBANO", "km": 0.12151504987658739, "lado": null, "banq_vrda": "SI", "b_v_estado": "REGULAR", "km_b_v": 0.10151504987658738, "fecha": "08-2026" }, "geometry": { "type": "LineString", "coordinates": [ [ -68.463143882263864, -33.189559257757331 ], [ -68.463979982515525, -33.189241157642741 ] ] } },
{ "type": "Feature", "properties": { "id_tramo": 318, "osm_id": "257781722", "zona": "URBANO", "km": 0.10547095445468346, "lado": null, "banq_vrda": "SI", "b_v_estado": "MALO", "km_b_v": 0.085470954454683459, "fecha": "08-2026" }, "geometry": { "type": "LineString", "coordinates": [ [ -68.465019998037604, -33.188842151710325 ], [ -68.464371997842719, -33.189088951799235 ] ] } },
{ "type": "Feature", "properties": { "id_tramo": 320, "osm_id": "183315929", "zona": "URBANO", "km": 0.10205829067640185, "lado": null, "banq_vrda": "SI", "b_v_estado": "BUENO", "km_b_v": 0.082058290676401843, "fecha": "08-2026" }, "geometry": { "type": "LineString", "coordinates": [ [ -68.464431667061206, -33.187897717718293 ], [ -68.463806867260899, -33.188112517639958 ] ] } },
{ "type": "Feature", "properties": { "id_tramo": 321, "osm_id": "183315929", "zona": "URBANO", "km": 0.10205829067640185, "lado": null, "banq_vrda": "SI", "b_v_estado": "REGULAR", "km_b_v": 0.082058290676401843, "fecha": "08-2026" }, "geometry": { "type": "LineString", "coordinates": [ [ -68.464567017596579, -33.188122483425907 ], [ -68.463906917387874, -33.188354083510184 ] ] } },
{ "type": "Feature", "properties": { "id_tramo": 323, "osm_id": "183315929", "zona": "URBANO", "km": 0.12507026738349747, "lado": null, "banq_vrda": "SI", "b_v_estado": "REGULAR", "km_b_v": 0.10507026738349746, "fecha": "08-2026" }, "geometry": { "type": "LineString", "coordinates": [ [ -68.46253177293589, -33.188532646922923 ], [ -68.463386672657492, -33.18824934702662 ] ] } },
{ "type": "Feature", "properties": { "id_tramo": 325, "osm_id": "183315851", "zona": "URBANO", "km": 0.12016607748091876, "lado": null, "banq_vrda": "SI", "b_v_estado": "BUENO", "km_b_v": 0.10016607748091876, "fecha": "08-2026" }, "geometry": { "type": "LineString", "coordinates": [ [ -68.461753333190828, -33.187284500754643 ], [ -68.462579332906074, -33.18704530084316 ] ] } },
{ "type": "Feature", "properties": { "id_tramo": 326, "osm_id": "177170619", "zona": "URBANO", "km": 0.11764066775930962, "lado": null, "banq_vrda": "SI", "b_v_estado": "BUENO", "km_b_v": 0.097640667759309616, "fecha": "08-2026" }, "geometry": { "type": "LineString", "coordinates": [ [ -68.461377970533647, -33.186706126991737 ], [ -68.462158170803349, -33.186481926908755 ] ] } },
{ "type": "Feature", "properties": { "id_tramo": 327, "osm_id": "177170619", "zona": "URBANO", "km": 0.11764066775930962, "lado": null, "banq_vrda": "SI", "b_v_estado": "BUENO", "km_b_v": 0.097640667759309616, "fecha": "08-2026" }, "geometry": { "type": "LineString", "coordinates": [ [ -68.461244713230371, -33.186484864436245 ], [ -68.461994012968546, -33.186276164513657 ] ] } },
{ "type": "Feature", "properties": { "id_tramo": 332, "osm_id": "177170628", "zona": "URBANO", "km": 0.11267137035504726, "lado": null, "banq_vrda": "SI", "b_v_estado": "BUENO", "km_b_v": 0.092671370355047258, "fecha": "08-2026" }, "geometry": { "type": "LineString", "coordinates": [ [ -68.460652761204315, -33.185596207540897 ], [ -68.46136936143904, -33.185361607454936 ] ] } },
{ "type": "Feature", "properties": { "id_tramo": 333, "osm_id": "177170628", "zona": "URBANO", "km": 0.11267137035504726, "lado": null, "banq_vrda": "SI", "b_v_estado": "BUENO", "km_b_v": 0.092671370355047258, "fecha": "08-2026" }, "geometry": { "type": "LineString", "coordinates": [ [ -68.46054601328629, -33.185364168150571 ], [ -68.461233713060452, -33.185140268232658 ] ] } },
{ "type": "Feature", "properties": { "id_tramo": 334, "osm_id": "177170633", "zona": "URBANO", "km": 0.10650828673057861, "lado": null, "banq_vrda": "SI", "b_v_estado": "BUENO", "km_b_v": 0.086508286730578601, "fecha": "08-2026" }, "geometry": { "type": "LineString", "coordinates": [ [ -68.461788807484709, -33.184069824985706 ], [ -68.461126107271909, -33.184295625068117 ] ] } },
{ "type": "Feature", "properties": { "id_tramo": 335, "osm_id": "177170633", "zona": "URBANO", "km": 0.10650828673057861, "lado": null, "banq_vrda": "SI", "b_v_estado": "REGULAR", "km_b_v": 0.086508286730578601, "fecha": "08-2026" }, "geometry": { "type": "LineString", "coordinates": [ [ -68.461651590537912, -33.183836541349869 ], [ -68.461026790741485, -33.184043341274183 ] ] } },
{ "type": "Feature", "properties": { "id_tramo": 336, "osm_id": "177170633", "zona": "URBANO", "km": 0.10545725592742032, "lado": null, "banq_vrda": "SI", "b_v_estado": "BUENO", "km_b_v": 0.085457255927420317, "fecha": "08-2026" }, "geometry": { "type": "LineString", "coordinates": [ [ -68.460081096660048, -33.184645094528442 ], [ -68.460758496876849, -33.184412794443745 ] ] } },
{ "type": "Feature", "properties": { "id_tramo": 338, "osm_id": "177322005", "zona": "URBANO", "km": 0.10590747184393973, "lado": null, "banq_vrda": "SI", "b_v_estado": "MALO", "km_b_v": 0.085907471843939723, "fecha": "08-2026" }, "geometry": { "type": "LineString", "coordinates": [ [ -68.459717661772686, -33.184119102711243 ], [ -68.46035656197509, -33.183895802629969 ] ] } },
{ "type": "Feature", "properties": { "id_tramo": 341, "osm_id": "177321963", "zona": "URBANO", "km": 0.10544392795212904, "lado": null, "banq_vrda": "SI", "b_v_estado": "BUENO", "km_b_v": 0.085443927952129031, "fecha": "08-2026" }, "geometry": { "type": "LineString", "coordinates": [ [ -68.459184539805776, -33.183300627389322 ], [ -68.459792939611518, -33.183091027465693 ] ] } },
{ "type": "Feature", "properties": { "id_tramo": 342, "osm_id": "177321944", "zona": "URBANO", "km": 0.10543895019876111, "lado": null, "banq_vrda": "SI", "b_v_estado": "BUENO", "km_b_v": 0.085438950198761104, "fecha": "08-2026" }, "geometry": { "type": "LineString", "coordinates": [ [ -68.459020960765542, -33.183029641579857 ], [ -68.459604860955437, -33.182835641508909 ] ] } },
{ "type": "Feature", "properties": { "id_tramo": 343, "osm_id": "177321944", "zona": "URBANO", "km": 0.10543895019876111, "lado": null, "banq_vrda": "SI", "b_v_estado": "REGULAR", "km_b_v": 0.085438950198761104, "fecha": "08-2026" }, "geometry": { "type": "LineString", "coordinates": [ [ -68.458878417874743, -33.182801932378524 ], [ -68.459467817682537, -33.182607232449769 ] ] } },
{ "type": "Feature", "properties": { "id_tramo": 344, "osm_id": "612824076", "zona": "URBANO", "km": 0.045772721940813985, "lado": null, "banq_vrda": "SI", "b_v_estado": "BUENO", "km_b_v": 0.025772721940813984, "fecha": "08-2026" }, "geometry": { "type": "LineString", "coordinates": [ [ -68.458568511076578, -33.182438323747235 ], [ -68.459156511269512, -33.182246523676945 ] ] } },
{ "type": "Feature", "properties": { "id_tramo": 345, "osm_id": "177322005", "zona": "URBANO", "km": 0.10722487083351773, "lado": null, "banq_vrda": "SI", "b_v_estado": "REGULAR", "km_b_v": 0.087224870833517723, "fecha": "08-2026" }, "geometry": { "type": "LineString", "coordinates": [ [ -68.461319589886145, -33.183344008614164 ], [ -68.460646990106071, -33.18356500853325 ] ] } },
{ "type": "Feature", "properties": { "id_tramo": 346, "osm_id": "177321963", "zona": "URBANO", "km": 0.10865749518805978, "lado": null, "banq_vrda": "SI", "b_v_estado": "BUENO", "km_b_v": 0.088657495188059779, "fecha": "08-2026" }, "geometry": { "type": "LineString", "coordinates": [ [ -68.461040442433983, -33.18293708082237 ], [ -68.460323742202419, -33.18317838091054 ] ] } },
{ "type": "Feature", "properties": { "id_tramo": 347, "osm_id": "177321963", "zona": "URBANO", "km": 0.10865749518805978, "lado": null, "banq_vrda": "SI", "b_v_estado": "BUENO", "km_b_v": 0.088657495188059779, "fecha": "08-2026" }, "geometry": { "type": "LineString", "coordinates": [ [ -68.460911183912202, -33.182716510612565 ], [ -68.460187784148687, -33.182954310525488 ] ] } },
{ "type": "Feature", "properties": { "id_tramo": 349, "osm_id": "177321944", "zona": "URBANO", "km": 0.10837490585316667, "lado": null, "banq_vrda": "SI", "b_v_estado": "BUENO", "km_b_v": 0.088374905853166666, "fecha": "08-2026" }, "geometry": { "type": "LineString", "coordinates": [ [ -68.46059708421447, -33.182223910540706 ], [ -68.459866984453143, -33.18246391045281 ] ] } },
{ "type": "Feature", "properties": { "id_tramo": 354, "osm_id": "177321947", "zona": "URBANO", "km": 0.12687084371936405, "lado": null, "banq_vrda": "SI", "b_v_estado": "REGULAR", "km_b_v": 0.10687084371936405, "fecha": "08-2026" }, "geometry": { "type": "LineString", "coordinates": [ [ -68.460820960612992, -33.191372784248081 ], [ -68.46035836084107, -33.190644184111711 ] ] } },
{ "type": "Feature", "properties": { "id_tramo": 355, "osm_id": "177321947", "zona": "URBANO", "km": 0.12687084371936405, "lado": null, "banq_vrda": "SI", "b_v_estado": "BUENO", "km_b_v": 0.10687084371936405, "fecha": "08-2026" }, "geometry": { "type": "LineString", "coordinates": [ [ -68.46108164101841, -33.191257718385856 ], [ -68.460630940796108, -33.190547718518722 ] ] } },
{ "type": "Feature", "properties": { "id_tramo": 357, "osm_id": "177321929", "zona": "URBANO", "km": 0.12135300550371417, "lado": null, "banq_vrda": "SI", "b_v_estado": "BUENO", "km_b_v": 0.10135300550371416, "fecha": "08-2026" }, "geometry": { "type": "LineString", "coordinates": [ [ -68.463506490285397, -33.190236929815185 ], [ -68.463110390101306, -33.189630929931283 ] ] } },
{ "type": "Feature", "properties": { "id_tramo": 359, "osm_id": "177321929", "zona": "URBANO", "km": 0.099888351716544532, "lado": null, "banq_vrda": "SI", "b_v_estado": "BUENO", "km_b_v": 0.079888351716544528, "fecha": "08-2026" }, "geometry": { "type": "LineString", "coordinates": [ [ -68.462846918856371, -33.189337616953907 ], [ -68.462538219010085, -33.18884891686281 ] ] } },
{ "type": "Feature", "properties": { "id_tramo": 362, "osm_id": "177170544", "zona": "URBANO", "km": 0.11493175041606978, "lado": null, "banq_vrda": "SI", "b_v_estado": "BUENO", "km_b_v": 0.094931750416069771, "fecha": "08-2026" }, "geometry": { "type": "LineString", "coordinates": [ [ -68.465692362731446, -33.189426542863792 ], [ -68.465212768107492, -33.18868015073037 ], [ -68.465153061115842, -33.188587339786636 ], [ -68.46484336126494, -33.188105239695552 ] ] } },
{ "type": "Feature", "properties": { "id_tramo": 363, "osm_id": "177170544", "zona": "URBANO", "km": 0.11493175041606978, "lado": null, "banq_vrda": "SI", "b_v_estado": "BUENO", "km_b_v": 0.094931750416069771, "fecha": "08-2026" }, "geometry": { "type": "LineString", "coordinates": [ [ -68.465498354250599, -33.189494129701941 ], [ -68.465089454447778, -33.188857129581656 ] ] } },
{ "type": "Feature", "properties": { "id_tramo": 364, "osm_id": "177321955", "zona": "URBANO", "km": 0.094447991627026759, "lado": null, "banq_vrda": "SI", "b_v_estado": "BUENO", "km_b_v": 0.074447991627026755, "fecha": "08-2026" }, "geometry": { "type": "LineString", "coordinates": [ [ -68.46387925636823, -33.188949729915684 ], [ -68.463608556515169, -33.188501529835165 ] ] } },
{ "type": "Feature", "properties": { "id_tramo": 365, "osm_id": "177321955", "zona": "URBANO", "km": 0.094447991627026759, "lado": null, "banq_vrda": "SI", "b_v_estado": "BUENO", "km_b_v": 0.074447991627026755, "fecha": "08-2026" }, "geometry": { "type": "LineString", "coordinates": [ [ -68.464067144626199, -33.188879810411386 ], [ -68.463807344767616, -33.188449010334068 ] ] } },
{ "type": "Feature", "properties": { "id_tramo": 370, "osm_id": "177321922", "zona": "URBANO", "km": 0.14430354173196949, "lado": null, "banq_vrda": "SI", "b_v_estado": "BUENO", "km_b_v": 0.12430354173196949, "fecha": "08-2026" }, "geometry": { "type": "LineString", "coordinates": [ [ -68.45901408664858, -33.192226446110254 ], [ -68.458468886935407, -33.191338645948534 ] ] } },
{ "type": "Feature", "properties": { "id_tramo": 371, "osm_id": "183312743", "zona": "URBANO", "km": 0.091733782882579953, "lado": null, "banq_vrda": "SI", "b_v_estado": "BUENO", "km_b_v": 0.07173378288257995, "fecha": "08-2026" }, "geometry": { "type": "LineString", "coordinates": [ [ -68.458692502103233, -33.19031292591206 ], [ -68.458104401924743, -33.190533925991794 ] ] } },
{ "type": "Feature", "properties": { "id_tramo": 375, "osm_id": "254577236", "zona": "URBANO", "km": 0.096490665318751126, "lado": null, "banq_vrda": "SI", "b_v_estado": "BUENO", "km_b_v": 0.076490665318751122, "fecha": "08-2026" }, "geometry": { "type": "LineString", "coordinates": [ [ -68.464538141600528, -33.199370942268374 ], [ -68.464011841461456, -33.199606242350974 ] ] } },
{ "type": "Feature", "properties": { "id_tramo": 377, "osm_id": "257800487", "zona": "URBANO", "km": 0.096704957016682233, "lado": null, "banq_vrda": "SI", "b_v_estado": "REGULAR", "km_b_v": 0.076704957016682229, "fecha": "08-2026" }, "geometry": { "type": "LineString", "coordinates": [ [ -68.464858770410927, -33.199870918437881 ], [ -68.464329170269508, -33.200105118520263 ] ] } },
{ "type": "Feature", "properties": { "id_tramo": 378, "osm_id": "257800487", "zona": "URBANO", "km": 0.096704957016682233, "lado": null, "banq_vrda": "SI", "b_v_estado": "MALO", "km_b_v": 0.076704957016682229, "fecha": "08-2026" }, "geometry": { "type": "LineString", "coordinates": [ [ -68.464710325129047, -33.199636817538092 ], [ -68.46417382526964, -33.199878717453323 ] ] } },
{ "type": "Feature", "properties": { "id_tramo": 380, "osm_id": "423678382", "zona": "URBANO", "km": 0.096956530366531443, "lado": null, "banq_vrda": "SI", "b_v_estado": "BUENO", "km_b_v": 0.076956530366531439, "fecha": "08-2026" }, "geometry": { "type": "LineString", "coordinates": [ [ -68.465033069301512, -33.200144452778517 ], [ -68.464510869439565, -33.200377752696618 ] ] } },
{ "type": "Feature", "properties": { "id_tramo": 384, "osm_id": "177322061", "zona": "URBANO", "km": 0.19149019234769699, "lado": null, "banq_vrda": "SI", "b_v_estado": "BUENO", "km_b_v": 0.171490192347697, "fecha": "08-2026" }, "geometry": { "type": "LineString", "coordinates": [ [ -68.460467349674559, -33.18854660641238 ], [ -68.459665450080507, -33.187266406175425 ] ] } },
{ "type": "Feature", "properties": { "id_tramo": 386, "osm_id": "177322061", "zona": "URBANO", "km": 0.047368230260355415, "lado": null, "banq_vrda": "SI", "b_v_estado": "REGULAR", "km_b_v": 0.027368230260355415, "fecha": "08-2026" }, "geometry": { "type": "LineString", "coordinates": [ [ -68.46130923305958, -33.189885439777086 ], [ -68.460614833404222, -33.188788039572238 ] ] } },
{ "type": "Feature", "properties": { "id_tramo": 389, "osm_id": "177321929", "zona": "URBANO", "km": 0.099854345749694873, "lado": null, "banq_vrda": "SI", "b_v_estado": "BUENO", "km_b_v": 0.079854345749694869, "fecha": "08-2026" }, "geometry": { "type": "LineString", "coordinates": [ [ -68.461651519328441, -33.187256876285879 ], [ -68.461334319179954, -33.186769876378904 ] ] } },
{ "type": "Feature", "properties": { "id_tramo": 393, "osm_id": "177322061", "zona": "URBANO", "km": 0.12964903548346235, "lado": null, "banq_vrda": "SI", "b_v_estado": "REGULAR", "km_b_v": 0.10964903548346235, "fecha": "08-2026" }, "geometry": { "type": "LineString", "coordinates": [ [ -68.459475362916493, -33.186955096199227 ], [ -68.45898306314794, -33.186197696054791 ] ] } },
{ "type": "Feature", "properties": { "id_tramo": 395, "osm_id": "177322061", "zona": "URBANO", "km": 0.11731559365966331, "lado": null, "banq_vrda": "SI", "b_v_estado": "BUENO", "km_b_v": 0.097315593659663302, "fecha": "08-2026" }, "geometry": { "type": "LineString", "coordinates": [ [ -68.45877186002798, -33.185873460639371 ], [ -68.458397460221633, -33.185269060528519 ] ] } },
{ "type": "Feature", "properties": { "id_tramo": 401, "osm_id": "177321955", "zona": "URBANO", "km": 0.070594349314835839, "lado": null, "banq_vrda": "SI", "b_v_estado": "BUENO", "km_b_v": 0.050594349314835835, "fecha": "08-2026" }, "geometry": { "type": "LineString", "coordinates": [ [ -68.462567815506418, -33.186983376908145 ], [ -68.462261315648718, -33.186514676818334 ] ] } },
{ "type": "Feature", "properties": { "id_tramo": 403, "osm_id": "177321955", "zona": "URBANO", "km": 0.14583546133468167, "lado": null, "banq_vrda": "SI", "b_v_estado": "BUENO", "km_b_v": 0.12583546133468168, "fecha": "08-2026" }, "geometry": { "type": "LineString", "coordinates": [ [ -68.462088147045463, -33.186171965332029 ], [ -68.461537546803811, -33.185352165492482 ] ] } },
{ "type": "Feature", "properties": { "id_tramo": 405, "osm_id": "177321955", "zona": "URBANO", "km": 0.11632194387775543, "lado": null, "banq_vrda": "SI", "b_v_estado": "REGULAR", "km_b_v": 0.096321943877755431, "fecha": "08-2026" }, "geometry": { "type": "LineString", "coordinates": [ [ -68.461331452543718, -33.185038524064538 ], [ -68.460917752357545, -33.1844152241854 ] ] } },
{ "type": "Feature", "properties": { "id_tramo": 406, "osm_id": "183315893", "zona": "URBANO", "km": 0.091662262370330427, "lado": null, "banq_vrda": "SI", "b_v_estado": "BUENO", "km_b_v": 0.071662262370330423, "fecha": "08-2026" }, "geometry": { "type": "LineString", "coordinates": [ [ -68.458131966574982, -33.189526138603902 ], [ -68.457552366384462, -33.189714538672987 ] ] } },
{ "type": "Feature", "properties": { "id_tramo": 409, "osm_id": "257781725", "zona": "URBANO", "km": 0.082083468040654833, "lado": null, "banq_vrda": "SI", "b_v_estado": "REGULAR", "km_b_v": 0.062083468040654829, "fecha": "08-2026" }, "geometry": { "type": "LineString", "coordinates": [ [ -68.456867426022498, -33.187765090803936 ], [ -68.456390226185547, -33.187906690751632 ] ] } },
{ "type": "Feature", "properties": { "id_tramo": 410, "osm_id": "257781706", "zona": "URBANO", "km": 0.078523228878752488, "lado": null, "banq_vrda": "SI", "b_v_estado": "REGULAR", "km_b_v": 0.058523228878752484, "fecha": "08-2026" }, "geometry": { "type": "LineString", "coordinates": [ [ -68.456336188279465, -33.186990032632366 ], [ -68.455893388135564, -33.187137432686285 ] ] } },
{ "type": "Feature", "properties": { "id_tramo": 411, "osm_id": "257781706", "zona": "URBANO", "km": 0.078523228878752488, "lado": null, "banq_vrda": "SI", "b_v_estado": "REGULAR", "km_b_v": 0.058523228878752484, "fecha": "08-2026" }, "geometry": { "type": "LineString", "coordinates": [ [ -68.456209280400586, -33.186772777816053 ], [ -68.455784880538346, -33.186914377764268 ] ] } },
{ "type": "Feature", "properties": { "id_tramo": 415, "osm_id": "177322022", "zona": "URBANO", "km": 0.075985995625697425, "lado": null, "banq_vrda": "SI", "b_v_estado": "BUENO", "km_b_v": 0.055985995625697421, "fecha": "08-2026" }, "geometry": { "type": "LineString", "coordinates": [ [ -68.455112961222838, -33.18510452643374 ], [ -68.454754461299146, -33.185295326369371 ] ] } },
{ "type": "Feature", "properties": { "id_tramo": 417, "osm_id": "177322011", "zona": "URBANO", "km": 0.075415878424288804, "lado": null, "banq_vrda": "SI", "b_v_estado": "MALO", "km_b_v": 0.0554158784242888, "fecha": "08-2026" }, "geometry": { "type": "LineString", "coordinates": [ [ -68.454416230244277, -33.184012384570906 ], [ -68.454046830324913, -33.184205784505409 ] ] } },
{ "type": "Feature", "properties": { "id_tramo": 418, "osm_id": "177322064", "zona": "URBANO", "km": 0.075045929328273642, "lado": null, "banq_vrda": "SI", "b_v_estado": "MALO", "km_b_v": 0.055045929328273638, "fecha": "08-2026" }, "geometry": { "type": "LineString", "coordinates": [ [ -68.453841809147335, -33.183095089043036 ], [ -68.453487009071608, -33.183283589106651 ] ] } },
{ "type": "Feature", "properties": { "id_tramo": 419, "osm_id": "257793190", "zona": "URBANO", "km": 0.18267761504156663, "lado": null, "banq_vrda": "SI", "b_v_estado": "BUENO", "km_b_v": 0.16267761504156664, "fecha": "08-2026" }, "geometry": { "type": "LineString", "coordinates": [ [ -68.453551832932249, -33.180869416086601 ], [ -68.452130532476232, -33.18135461626354 ] ] } },
{ "type": "Feature", "properties": { "id_tramo": 420, "osm_id": "257793190", "zona": "URBANO", "km": 0.18267761504156663, "lado": null, "banq_vrda": "SI", "b_v_estado": "REGULAR", "km_b_v": 0.16267761504156664, "fecha": "08-2026" }, "geometry": { "type": "LineString", "coordinates": [ [ -68.453427004947926, -33.180677305177461 ], [ -68.452010605401284, -33.181163005000442 ] ] } },
{ "type": "Feature", "properties": { "id_tramo": 421, "osm_id": "177322071", "zona": "URBANO", "km": 0.18043552477302313, "lado": null, "banq_vrda": "SI", "b_v_estado": "MALO", "km_b_v": 0.16043552477302314, "fecha": "08-2026" }, "geometry": { "type": "LineString", "coordinates": [ [ -68.453157402498334, -33.18032777186405 ], [ -68.451759202947486, -33.180803871690401 ] ] } },
{ "type": "Feature", "properties": { "id_tramo": 424, "osm_id": "177321947", "zona": "URBANO", "km": 0.088110711790281473, "lado": null, "banq_vrda": "SI", "b_v_estado": "BUENO", "km_b_v": 0.06811071179028147, "fecha": "08-2026" }, "geometry": { "type": "LineString", "coordinates": [ [ -68.459750479036828, -33.189580262348798 ], [ -68.459439278902451, -33.189120462439348 ] ] } },
{ "type": "Feature", "properties": { "id_tramo": 425, "osm_id": "183312754", "zona": "URBANO", "km": 0.12143253007520002, "lado": null, "banq_vrda": "SI", "b_v_estado": "REGULAR", "km_b_v": 0.10143253007520002, "fecha": "08-2026" }, "geometry": { "type": "LineString", "coordinates": [ [ -68.460538379083502, -33.195043680085206 ], [ -68.459821178895652, -33.195367180198545 ] ] } },
{ "type": "Feature", "properties": { "id_tramo": 427, "osm_id": "183315837", "zona": "URBANO", "km": 0.12068371358112871, "lado": null, "banq_vrda": "SI", "b_v_estado": "REGULAR", "km_b_v": 0.10068371358112871, "fecha": "08-2026" }, "geometry": { "type": "LineString", "coordinates": [ [ -68.461171313562829, -33.196002844767214 ], [ -68.460412513351159, -33.1963224448806 ] ] } },
{ "type": "Feature", "properties": { "id_tramo": 430, "osm_id": "183312786", "zona": "URBANO", "km": 0.12231329638999677, "lado": null, "banq_vrda": "SI", "b_v_estado": "REGULAR", "km_b_v": 0.10231329638999677, "fecha": "08-2026" }, "geometry": { "type": "LineString", "coordinates": [ [ -68.459821788988492, -33.193948584657207 ], [ -68.45907098879448, -33.194291784777128 ] ] } },
{ "type": "Feature", "properties": { "id_tramo": 431, "osm_id": "183312786", "zona": "URBANO", "km": 0.12231329638999677, "lado": null, "banq_vrda": "SI", "b_v_estado": "MALO", "km_b_v": 0.10231329638999677, "fecha": "08-2026" }, "geometry": { "type": "LineString", "coordinates": [ [ -68.459716909540987, -33.193779436616843 ], [ -68.458964409350642, -33.194130436738959 ] ] } },
{ "type": "Feature", "properties": { "id_tramo": 433, "osm_id": "183312785", "zona": "URBANO", "km": 0.12401716285376682, "lado": null, "banq_vrda": "SI", "b_v_estado": "BUENO", "km_b_v": 0.10401716285376682, "fecha": "08-2026" }, "geometry": { "type": "LineString", "coordinates": [ [ -68.458806009322132, -33.192354516278236 ], [ -68.458036509520923, -33.192706316155338 ] ] } },
{ "type": "Feature", "properties": { "id_tramo": 434, "osm_id": "183315836", "zona": "URBANO", "km": 0.063316375184934978, "lado": null, "banq_vrda": "SI", "b_v_estado": "BUENO", "km_b_v": 0.043316375184934974, "fecha": "08-2026" }, "geometry": { "type": "LineString", "coordinates": [ [ -68.458046681646408, -33.191152931712658 ], [ -68.457235381896737, -33.191449831605176 ] ] } },
{ "type": "Feature", "properties": { "id_tramo": 436, "osm_id": "183315836", "zona": "URBANO", "km": 0.061515171232653452, "lado": null, "banq_vrda": "SI", "b_v_estado": "BUENO", "km_b_v": 0.041515171232653456, "fecha": "08-2026" }, "geometry": { "type": "LineString", "coordinates": [ [ -68.457633416054122, -33.19157944182502 ], [ -68.457338815962416, -33.19168574186358 ] ] } },
{ "type": "Feature", "properties": { "id_tramo": 437, "osm_id": "183312743", "zona": "URBANO", "km": 0.12515848182760486, "lado": null, "banq_vrda": "SI", "b_v_estado": "REGULAR", "km_b_v": 0.10515848182760486, "fecha": "08-2026" }, "geometry": { "type": "LineString", "coordinates": [ [ -68.457727242006513, -33.190669159588509 ], [ -68.456897641750757, -33.190973259698566 ] ] } },
{ "type": "Feature", "properties": { "id_tramo": 439, "osm_id": "257781725", "zona": "URBANO", "km": 0.12874742293322775, "lado": null, "banq_vrda": "SI", "b_v_estado": "REGULAR", "km_b_v": 0.10874742293322774, "fecha": "08-2026" }, "geometry": { "type": "LineString", "coordinates": [ [ -68.456135647164146, -33.188225275913219 ], [ -68.455292246874023, -33.188471076004099 ] ] } },
{ "type": "Feature", "properties": { "id_tramo": 442, "osm_id": "257781706", "zona": "URBANO", "km": 0.12386366617706933, "lado": null, "banq_vrda": "SI", "b_v_estado": "REGULAR", "km_b_v": 0.10386366617706932, "fecha": "08-2026" }, "geometry": { "type": "LineString", "coordinates": [ [ -68.455427317123153, -33.18703729950559 ], [ -68.454601417393562, -33.187308099406408 ] ] } },
{ "type": "Feature", "properties": { "id_tramo": 443, "osm_id": "257781719", "zona": "URBANO", "km": 0.1204128831746305, "lado": null, "banq_vrda": "SI", "b_v_estado": "BUENO", "km_b_v": 0.1004128831746305, "fecha": "08-2026" }, "geometry": { "type": "LineString", "coordinates": [ [ -68.454917093456231, -33.186320689533488 ], [ -68.45412499319167, -33.186569189624855 ] ] } },
{ "type": "Feature", "properties": { "id_tramo": 444, "osm_id": "257781719", "zona": "URBANO", "km": 0.13353697913827192, "lado": null, "banq_vrda": "SI", "b_v_estado": "BUENO", "km_b_v": 0.11353697913827192, "fecha": "08-2026" }, "geometry": { "type": "LineString", "coordinates": [ [ -68.454807579342997, -33.186089114408624 ], [ -68.453850679659141, -33.186396814295733 ], [ -68.453741163048889, -33.186432119635171 ], [ -68.452665380852082, -33.186778013898234 ] ] } },
{ "type": "Feature", "properties": { "id_tramo": 445, "osm_id": "257781719", "zona": "URBANO", "km": 0.13353697913827192, "lado": null, "banq_vrda": "SI", "b_v_estado": "REGULAR", "km_b_v": 0.11353697913827192, "fecha": "08-2026" }, "geometry": { "type": "LineString", "coordinates": [ [ -68.453719447101506, -33.186695244763342 ], [ -68.45277644679129, -33.187001344875533 ] ] } },
{ "type": "Feature", "properties": { "id_tramo": 446, "osm_id": "183312797", "zona": "URBANO", "km": 0.073298754036241018, "lado": null, "banq_vrda": "SI", "b_v_estado": "REGULAR", "km_b_v": 0.053298754036241014, "fecha": "08-2026" }, "geometry": { "type": "LineString", "coordinates": [ [ -68.454173812606044, -33.187460500463096 ], [ -68.453290712892041, -33.187756600354881 ] ] } },
{ "type": "Feature", "properties": { "id_tramo": 448, "osm_id": "183312797", "zona": "URBANO", "km": 0.073298754036241018, "lado": null, "banq_vrda": "SI", "b_v_estado": "BUENO", "km_b_v": 0.053298754036241014, "fecha": "08-2026" }, "geometry": { "type": "LineString", "coordinates": [ [ -68.453765473480615, -33.187867503608565 ], [ -68.45343097337107, -33.187977103648727 ] ] } },
{ "type": "Feature", "properties": { "id_tramo": 450, "osm_id": "257781725", "zona": "URBANO", "km": 0.070135147130473308, "lado": null, "banq_vrda": "SI", "b_v_estado": "MALO", "km_b_v": 0.050135147130473304, "fecha": "08-2026" }, "geometry": { "type": "LineString", "coordinates": [ [ -68.454360133292681, -33.188783339588625 ], [ -68.454028733181417, -33.188886039626425 ] ] } },
{ "type": "Feature", "properties": { "id_tramo": 454, "osm_id": "183312743", "zona": "URBANO", "km": 0.11915872055373031, "lado": null, "banq_vrda": "SI", "b_v_estado": "REGULAR", "km_b_v": 0.099158720553730303, "fecha": "08-2026" }, "geometry": { "type": "LineString", "coordinates": [ [ -68.456378493790211, -33.190904838138174 ], [ -68.455578094034166, -33.191203638030309 ] ] } },
{ "type": "Feature", "properties": { "id_tramo": 455, "osm_id": "183315836", "zona": "URBANO", "km": 0.11811992237762498, "lado": null, "banq_vrda": "SI", "b_v_estado": "REGULAR", "km_b_v": 0.098119922377624971, "fecha": "08-2026" }, "geometry": { "type": "LineString", "coordinates": [ [ -68.456963239145168, -33.191831123934854 ], [ -68.456182538905466, -33.19211922403904 ] ] } },
{ "type": "Feature", "properties": { "id_tramo": 457, "osm_id": "183315921", "zona": "URBANO", "km": 0.12162950730335212, "lado": null, "banq_vrda": "SI", "b_v_estado": "REGULAR", "km_b_v": 0.10162950730335212, "fecha": "08-2026" }, "geometry": { "type": "LineString", "coordinates": [ [ -68.462729429046107, -33.198426946510025 ], [ -68.461949028817031, -33.198734946620441 ] ] } },
{ "type": "Feature", "properties": { "id_tramo": 459, "osm_id": "183315919", "zona": "URBANO", "km": 0.12287751174687804, "lado": null, "banq_vrda": "SI", "b_v_estado": "REGULAR", "km_b_v": 0.10287751174687804, "fecha": "08-2026" }, "geometry": { "type": "LineString", "coordinates": [ [ -68.463107590735532, -33.19900429740197 ], [ -68.462270590467426, -33.199291097506638 ] ] } },
{ "type": "Feature", "properties": { "id_tramo": 461, "osm_id": "257800487", "zona": "URBANO", "km": 0.061284353134948545, "lado": null, "banq_vrda": "SI", "b_v_estado": "MALO", "km_b_v": 0.041284353134948548, "fecha": "08-2026" }, "geometry": { "type": "LineString", "coordinates": [ [ -68.463960257103878, -33.200287568183512 ], [ -68.46371275704189, -33.200404068223982 ] ] } },
{ "type": "Feature", "properties": { "id_tramo": 462, "osm_id": "257800487", "zona": "URBANO", "km": 0.060155348113770497, "lado": null, "banq_vrda": "SI", "b_v_estado": "REGULAR", "km_b_v": 0.0401553481137705, "fecha": "08-2026" }, "geometry": { "type": "LineString", "coordinates": [ [ -68.463400676559971, -33.200540968155885 ], [ -68.46318047650648, -33.200647368192627 ] ] } },
{ "type": "Feature", "properties": { "id_tramo": 465, "osm_id": "183312795", "zona": "URBANO", "km": 0.072817621912601771, "lado": null, "banq_vrda": "SI", "b_v_estado": "BUENO", "km_b_v": 0.052817621912601767, "fecha": "08-2026" }, "geometry": { "type": "LineString", "coordinates": [ [ -68.464716066125618, -33.201425821504948 ], [ -68.464365966267891, -33.201405421514607 ] ] } },
{ "type": "Feature", "properties": { "id_tramo": 466, "osm_id": "183312795", "zona": "URBANO", "km": 0.066080766148075593, "lado": null, "banq_vrda": "SI", "b_v_estado": "REGULAR", "km_b_v": 0.046080766148075589, "fecha": "08-2026" }, "geometry": { "type": "LineString", "coordinates": [ [ -68.463963379437743, -33.201397556649958 ], [ -68.463684179551933, -33.201389456654383 ] ] } },
{ "type": "Feature", "properties": { "id_tramo": 467, "osm_id": "771230553", "zona": "URBANO", "km": 0.077089260263013715, "lado": null, "banq_vrda": "SI", "b_v_estado": "BUENO", "km_b_v": 0.057089260263013711, "fecha": "08-2026" }, "geometry": { "type": "LineString", "coordinates": [ [ -68.457909775425733, -33.191957007924941 ], [ -68.457679775538736, -33.191595407857179 ] ] } },
{ "type": "Feature", "properties": { "id_tramo": 469, "osm_id": "177321945", "zona": "URBANO", "km": 0.15388462922442828, "lado": null, "banq_vrda": "SI", "b_v_estado": "REGULAR", "km_b_v": 0.13388462922442829, "fecha": "08-2026" }, "geometry": { "type": "LineString", "coordinates": [ [ -68.45755069130864, -33.19206962770437 ], [ -68.45732799120988, -33.191736527769336 ] ] } },
{ "type": "Feature", "properties": { "id_tramo": 470, "osm_id": "177321922", "zona": "URBANO", "km": 0.14430354173196949, "lado": null, "banq_vrda": "SI", "b_v_estado": "REGULAR", "km_b_v": 0.12430354173196949, "fecha": "08-2026" }, "geometry": { "type": "LineString", "coordinates": [ [ -68.458472688675499, -33.191754751260241 ], [ -68.458261188795021, -33.191396951197071 ] ] } },
{ "type": "Feature", "properties": { "id_tramo": 472, "osm_id": "177321945", "zona": "URBANO", "km": 0.15388462922442828, "lado": null, "banq_vrda": "SI", "b_v_estado": "BUENO", "km_b_v": 0.13388462922442829, "fecha": "08-2026" }, "geometry": { "type": "LineString", "coordinates": [ [ -68.457953951297384, -33.19268091733899 ], [ -68.457684451176164, -33.192275117417715 ] ] } },
{ "type": "Feature", "properties": { "id_tramo": 473, "osm_id": "177321945", "zona": "URBANO", "km": 0.15388462922442828, "lado": null, "banq_vrda": "SI", "b_v_estado": "REGULAR", "km_b_v": 0.13388462922442829, "fecha": "08-2026" }, "geometry": { "type": "LineString", "coordinates": [ [ -68.457681144403111, -33.192788571502376 ], [ -68.457065344693788, -33.191839471321607 ] ] } },
{ "type": "Feature", "properties": { "id_tramo": 474, "osm_id": "177321945", "zona": "URBANO", "km": 0.17493824703318972, "lado": null, "banq_vrda": "SI", "b_v_estado": "BUENO", "km_b_v": 0.15493824703318973, "fecha": "08-2026" }, "geometry": { "type": "LineString", "coordinates": [ [ -68.458580095042024, -33.194175050232595 ], [ -68.4578909953634, -33.193119250030549 ] ] } },
{ "type": "Feature", "properties": { "id_tramo": 475, "osm_id": "177321945", "zona": "URBANO", "km": 0.17493824703318972, "lado": null, "banq_vrda": "SI", "b_v_estado": "BUENO", "km_b_v": 0.15493824703318973, "fecha": "08-2026" }, "geometry": { "type": "LineString", "coordinates": [ [ -68.458856408211304, -33.194058454815483 ], [ -68.458164307888268, -33.192997655018424 ] ] } },
{ "type": "Feature", "properties": { "id_tramo": 477, "osm_id": "183312767", "zona": "URBANO", "km": 0.068660585087864795, "lado": null, "banq_vrda": "SI", "b_v_estado": "BUENO", "km_b_v": 0.048660585087864791, "fecha": "08-2026" }, "geometry": { "type": "LineString", "coordinates": [ [ -68.454959275107754, -33.189690751740478 ], [ -68.454637975214624, -33.189792551703079 ] ] } },
{ "type": "Feature", "properties": { "id_tramo": 481, "osm_id": "177322026", "zona": "URBANO", "km": 0.2589828272797034, "lado": null, "banq_vrda": "SI", "b_v_estado": "BUENO", "km_b_v": 0.23898282727970341, "fecha": "08-2026" }, "geometry": { "type": "LineString", "coordinates": [ [ -68.454195865062573, -33.185160565454964 ], [ -68.453285347167522, -33.185596834416472 ], [ -68.453178520306693, -33.18564498592464 ], [ -68.452516275152817, -33.185932788691403 ], [ -68.452187087320254, -33.186033092752318 ] ] } },
{ "type": "Feature", "properties": { "id_tramo": 482, "osm_id": "177322026", "zona": "URBANO", "km": 0.2589828272797034, "lado": null, "banq_vrda": "SI", "b_v_estado": "BUENO", "km_b_v": 0.23898282727970341, "fecha": "08-2026" }, "geometry": { "type": "LineString", "coordinates": [ [ -68.454358381377887, -33.185379307792516 ], [ -68.453536581173978, -33.185769307927679 ], [ -68.453535739540129, -33.185769696953486 ], [ -68.453414646981713, -33.18582419360925 ], [ -68.453307654791132, -33.185872390095597 ], [ -68.452940055209538, -33.186037989921672 ], [ -68.452939722995538, -33.18603813800766 ], [ -68.452763322948314, -33.186115938035023 ], [ -68.452761647831423, -33.186116638100465 ], [ -68.452676647806513, -33.186150238112496 ], [ -68.452674941527704, -33.186150874848629 ], [ -68.452586741499829, -33.186181874859898 ], [ -68.452583504050878, -33.186182886022706 ], [ -68.45230830395424, -33.186258386050724 ] ] } },
{ "type": "Feature", "properties": { "id_tramo": 485, "osm_id": "177322064", "zona": "URBANO", "km": 0.24972990182873764, "lado": null, "banq_vrda": "SI", "b_v_estado": "REGULAR", "km_b_v": 0.22972990182873765, "fecha": "08-2026" }, "geometry": { "type": "LineString", "coordinates": [ [ -68.453114501478652, -33.183390000566725 ], [ -68.452175318489608, -33.183836207383997 ], [ -68.452063446470476, -33.183885331626108 ], [ -68.452063075009661, -33.183885496690451 ], [ -68.451337955654608, -33.184211541701728 ], [ -68.451252317076339, -33.184233583698848 ], [ -68.451103418720848, -33.184239373651778 ] ] } },
{ "type": "Feature", "properties": { "id_tramo": 486, "osm_id": "1238394593", "zona": "URBANO", "km": 0.06461501183724995, "lado": null, "banq_vrda": "SI", "b_v_estado": "REGULAR", "km_b_v": 0.044615011837249946, "fecha": "08-2026" }, "geometry": { "type": "LineString", "coordinates": [ [ -68.461200621020197, -33.199363439484586 ], [ -68.461059020949051, -33.199138339526414 ] ] } },
{ "type": "Feature", "properties": { "id_tramo": 488, "osm_id": "177322061", "zona": "URBANO", "km": 0.07429539834117263, "lado": null, "banq_vrda": "SI", "b_v_estado": "BUENO", "km_b_v": 0.054295398341172627, "fecha": "08-2026" }, "geometry": { "type": "LineString", "coordinates": [ [ -68.45826103338706, -33.184915797970298 ], [ -68.457741433165012, -33.184151698121291 ] ] } },
{ "type": "Feature", "properties": { "id_tramo": 489, "osm_id": "177322061", "zona": "URBANO", "km": 0.07429539834117263, "lado": null, "banq_vrda": "SI", "b_v_estado": "BUENO", "km_b_v": 0.054295398341172627, "fecha": "08-2026" }, "geometry": { "type": "LineString", "coordinates": [ [ -68.458168609198239, -33.184405216880997 ], [ -68.457954409109377, -33.184094416943061 ] ] } },
{ "type": "Feature", "properties": { "id_tramo": 493, "osm_id": "177322061", "zona": "URBANO", "km": 0.14013802213501961, "lado": null, "banq_vrda": "SI", "b_v_estado": "REGULAR", "km_b_v": 0.1201380221350196, "fecha": "08-2026" }, "geometry": { "type": "LineString", "coordinates": [ [ -68.457806298401891, -33.183890857376085 ], [ -68.457084291440978, -33.182855478235794 ], [ -68.457027671113138, -33.182769005418677 ], [ -68.457027592649155, -33.182768886119476 ], [ -68.456428592376923, -33.18186218629458 ] ] } },
{ "type": "Feature", "properties": { "id_tramo": 494, "osm_id": "177322061", "zona": "URBANO", "km": 0.1351897846803011, "lado": null, "banq_vrda": "SI", "b_v_estado": "MALO", "km_b_v": 0.1151897846803011, "fecha": "08-2026" }, "geometry": { "type": "LineString", "coordinates": [ [ -68.456027351219561, -33.181628934710695 ], [ -68.455487850998722, -33.180850834866781 ] ] } },
{ "type": "Feature", "properties": { "id_tramo": 495, "osm_id": "177322061", "zona": "URBANO", "km": 0.1351897846803011, "lado": null, "banq_vrda": "SI", "b_v_estado": "BUENO", "km_b_v": 0.1151897846803011, "fecha": "08-2026" }, "geometry": { "type": "LineString", "coordinates": [ [ -68.456220276482043, -33.181559027386932 ], [ -68.455680476264959, -33.18078662754283 ] ] } },
{ "type": "Feature", "properties": { "id_tramo": 497, "osm_id": "177322061", "zona": "URBANO", "km": 0.10769414270474009, "lado": null, "banq_vrda": "SI", "b_v_estado": "REGULAR", "km_b_v": 0.087694142704740088, "fecha": "08-2026" }, "geometry": { "type": "LineString", "coordinates": [ [ -68.455281918958889, -33.180546679495158 ], [ -68.454918718804166, -33.180013279600665 ] ] } },
{ "type": "Feature", "properties": { "id_tramo": 498, "osm_id": "177322061", "zona": "URBANO", "km": 0.035360567463777963, "lado": null, "banq_vrda": "SI", "b_v_estado": "BUENO", "km_b_v": 0.015360567463777963, "fecha": "08-2026" }, "geometry": { "type": "LineString", "coordinates": [ [ -68.454295683452145, -33.179236375346754 ], [ -68.454143783521602, -33.179005775302336 ] ] } },
{ "type": "Feature", "properties": { "id_tramo": 500, "osm_id": "177322061", "zona": "URBANO", "km": 0.035360567463777963, "lado": null, "banq_vrda": "SI", "b_v_estado": "REGULAR", "km_b_v": 0.015360567463777963, "fecha": "08-2026" }, "geometry": { "type": "LineString", "coordinates": [ [ -68.454921341541962, -33.179644813263742 ], [ -68.454565641389593, -33.17912111336711 ] ] } },
{ "type": "Feature", "properties": { "id_tramo": 501, "osm_id": "177322061", "zona": "URBANO", "km": 0.10285329983173347, "lado": null, "banq_vrda": "SI", "b_v_estado": "BUENO", "km_b_v": 0.082853299831733465, "fecha": "08-2026" }, "geometry": { "type": "LineString", "coordinates": [ [ -68.454049231905657, -33.178694547571155 ], [ -68.453747431773564, -33.178245747659048 ] ] } },
{ "type": "Feature", "properties": { "id_tramo": 503, "osm_id": "177321952", "zona": "URBANO", "km": 0.17428621719565268, "lado": null, "banq_vrda": "SI", "b_v_estado": "REGULAR", "km_b_v": 0.15428621719565269, "fecha": "08-2026" }, "geometry": { "type": "LineString", "coordinates": [ [ -68.458013527847527, -33.194441639210112 ], [ -68.457337127522763, -33.193390439409008 ] ] } },
{ "type": "Feature", "properties": { "id_tramo": 504, "osm_id": "177321943", "zona": "URBANO", "km": 0.17316507387589022, "lado": null, "banq_vrda": "SI", "b_v_estado": "BUENO", "km_b_v": 0.15316507387589023, "fecha": "08-2026" }, "geometry": { "type": "LineString", "coordinates": [ [ -68.457448405170297, -33.194694256436193 ], [ -68.45677430549911, -33.193638356237685 ] ] } },
{ "type": "Feature", "properties": { "id_tramo": 505, "osm_id": "177321952", "zona": "URBANO", "km": 0.13344868425141354, "lado": null, "banq_vrda": "SI", "b_v_estado": "REGULAR", "km_b_v": 0.11344868425141354, "fecha": "08-2026" }, "geometry": { "type": "LineString", "coordinates": [ [ -68.458699202727558, -33.195472593203732 ], [ -68.458208402504155, -33.194729393347288 ] ] } },
{ "type": "Feature", "properties": { "id_tramo": 508, "osm_id": "177321922", "zona": "URBANO", "km": 0.037055844111211697, "lado": null, "banq_vrda": "SI", "b_v_estado": "BUENO", "km_b_v": 0.017055844111211697, "fecha": "08-2026" }, "geometry": { "type": "LineString", "coordinates": [ [ -68.463023777024915, -33.198737615046625 ], [ -68.462834177117983, -33.198439714990741 ] ] } },
{ "type": "Feature", "properties": { "id_tramo": 510, "osm_id": "177322006", "zona": "URBANO", "km": 0.068463004807947314, "lado": null, "banq_vrda": "SI", "b_v_estado": "BUENO", "km_b_v": 0.04846300480794731, "fecha": "08-2026" }, "geometry": { "type": "LineString", "coordinates": [ [ -68.461797346695704, -33.19913123237427 ], [ -68.461642746766898, -33.198895832328972 ] ] } },
{ "type": "Feature", "properties": { "id_tramo": 516, "osm_id": "1238394593", "zona": "URBANO", "km": 0.14429387761708487, "lado": null, "banq_vrda": "SI", "b_v_estado": "BUENO", "km_b_v": 0.12429387761708487, "fecha": "08-2026" }, "geometry": { "type": "LineString", "coordinates": [ [ -68.460863945602739, -33.198844209093082 ], [ -68.460327845350406, -33.198019209250432 ] ] } },
{ "type": "Feature", "properties": { "id_tramo": 521, "osm_id": "177321969", "zona": "URBANO", "km": 0.12613571457732631, "lado": null, "banq_vrda": "SI", "b_v_estado": "REGULAR", "km_b_v": 0.1061357145773263, "fecha": "08-2026" }, "geometry": { "type": "LineString", "coordinates": [ [ -68.464992153593528, -33.199475467804959 ], [ -68.464242353248267, -33.198333768024597 ] ] } },
{ "type": "Feature", "properties": { "id_tramo": 522, "osm_id": "177321922", "zona": "URBANO", "km": 0.063580907611580195, "lado": null, "banq_vrda": "SI", "b_v_estado": "BUENO", "km_b_v": 0.043580907611580191, "fecha": "08-2026" }, "geometry": { "type": "LineString", "coordinates": [ [ -68.464105379622112, -33.199868560844664 ], [ -68.463968279557079, -33.199656760884949 ] ] } },
{ "type": "Feature", "properties": { "id_tramo": 526, "osm_id": "177321972", "zona": "URBANO", "km": 0.13371105598699098, "lado": null, "banq_vrda": "SI", "b_v_estado": "BUENO", "km_b_v": 0.11371105598699098, "fecha": "08-2026" }, "geometry": { "type": "LineString", "coordinates": [ [ -68.457637484605499, -33.195970871172349 ], [ -68.457158484377885, -33.195230271313044 ] ] } },
{ "type": "Feature", "properties": { "id_tramo": 527, "osm_id": "177321972", "zona": "URBANO", "km": 0.17268775917220619, "lado": null, "banq_vrda": "SI", "b_v_estado": "BUENO", "km_b_v": 0.1526877591722062, "fecha": "08-2026" }, "geometry": { "type": "LineString", "coordinates": [ [ -68.456688772201161, -33.195032961235256 ], [ -68.456011572526307, -33.193980561036156 ] ] } },
{ "type": "Feature", "properties": { "id_tramo": 528, "osm_id": "177321972", "zona": "URBANO", "km": 0.17268775917220619, "lado": null, "banq_vrda": "SI", "b_v_estado": "REGULAR", "km_b_v": 0.1526877591722062, "fecha": "08-2026" }, "geometry": { "type": "LineString", "coordinates": [ [ -68.456963178757107, -33.194918209205042 ], [ -68.456275378438292, -33.193867609406574 ] ] } },
{ "type": "Feature", "properties": { "id_tramo": 532, "osm_id": "177321972", "zona": "URBANO", "km": 0.13845888485513433, "lado": null, "banq_vrda": "SI", "b_v_estado": "REGULAR", "km_b_v": 0.11845888485513432, "fecha": "08-2026" }, "geometry": { "type": "LineString", "coordinates": [ [ -68.459506809093227, -33.199374621333632 ], [ -68.459013709327834, -33.198611821188742 ] ] } },
{ "type": "Feature", "properties": { "id_tramo": 533, "osm_id": "177321972", "zona": "URBANO", "km": 0.13845888485513433, "lado": null, "banq_vrda": "SI", "b_v_estado": "REGULAR", "km_b_v": 0.11845888485513432, "fecha": "08-2026" }, "geometry": { "type": "LineString", "coordinates": [ [ -68.459779318906229, -33.199270922105619 ], [ -68.459283318668682, -33.198501122251464 ] ] } },
{ "type": "Feature", "properties": { "id_tramo": 536, "osm_id": "177322037", "zona": "URBANO", "km": 0.10475160377115224, "lado": null, "banq_vrda": "SI", "b_v_estado": "BUENO", "km_b_v": 0.084751603771152234, "fecha": "08-2026" }, "geometry": { "type": "LineString", "coordinates": [ [ -68.457445532272729, -33.197205000640722 ], [ -68.457120632112847, -33.196693900736484 ] ] } },
{ "type": "Feature", "properties": { "id_tramo": 538, "osm_id": "183312785", "zona": "URBANO", "km": 0.085303336845413802, "lado": null, "banq_vrda": "SI", "b_v_estado": "BUENO", "km_b_v": 0.065303336845413798, "fecha": "08-2026" }, "geometry": { "type": "LineString", "coordinates": [ [ -68.457666043781899, -33.192871446257016 ], [ -68.457204243900719, -33.193083446182996 ] ] } },
{ "type": "Feature", "properties": { "id_tramo": 544, "osm_id": "183315837", "zona": "URBANO", "km": 0.089276541845243085, "lado": null, "banq_vrda": "SI", "b_v_estado": "REGULAR", "km_b_v": 0.069276541845243081, "fecha": "08-2026" }, "geometry": { "type": "LineString", "coordinates": [ [ -68.459864373972465, -33.196252202757385 ], [ -68.459394874102628, -33.196451402686797 ] ] } },
{ "type": "Feature", "properties": { "id_tramo": 545, "osm_id": "257781709", "zona": "URBANO", "km": 0.091133402440245342, "lado": null, "banq_vrda": "SI", "b_v_estado": "BUENO", "km_b_v": 0.071133402440245339, "fecha": "08-2026" }, "geometry": { "type": "LineString", "coordinates": [ [ -68.460823312598308, -33.197722535611135 ], [ -68.460338412475664, -33.197948735689856 ] ] } },
{ "type": "Feature", "properties": { "id_tramo": 546, "osm_id": "183315921", "zona": "URBANO", "km": 0.088992634770502566, "lado": null, "banq_vrda": "SI", "b_v_estado": "BUENO", "km_b_v": 0.068992634770502562, "fecha": "08-2026" }, "geometry": { "type": "LineString", "coordinates": [ [ -68.461581409340866, -33.198895354312526 ], [ -68.461082609194321, -33.199091954383022 ] ] } },
{ "type": "Feature", "properties": { "id_tramo": 547, "osm_id": "183315921", "zona": "URBANO", "km": 0.088992634770502566, "lado": null, "banq_vrda": "SI", "b_v_estado": "REGULAR", "km_b_v": 0.068992634770502562, "fecha": "08-2026" }, "geometry": { "type": "LineString", "coordinates": [ [ -68.461439037128102, -33.198669166839984 ], [ -68.460938737274716, -33.198867066769083 ] ] } },
{ "type": "Feature", "properties": { "id_tramo": 549, "osm_id": "183315919", "zona": "URBANO", "km": 0.088605589740216983, "lado": null, "banq_vrda": "SI", "b_v_estado": "BUENO", "km_b_v": 0.06860558974021698, "fecha": "08-2026" }, "geometry": { "type": "LineString", "coordinates": [ [ -68.461767890686332, -33.199193901500017 ], [ -68.461285090834139, -33.199372901435311 ] ] } },
{ "type": "Feature", "properties": { "id_tramo": 550, "osm_id": "183312795", "zona": "URBANO", "km": 0.066433849434078471, "lado": null, "banq_vrda": "SI", "b_v_estado": "BUENO", "km_b_v": 0.046433849434078467, "fecha": "08-2026" }, "geometry": { "type": "LineString", "coordinates": [ [ -68.463196007321045, -33.201367657469532 ], [ -68.462543107588019, -33.201348357480029 ] ] } },
{ "type": "Feature", "properties": { "id_tramo": 553, "osm_id": "177321969", "zona": "URBANO", "km": 0.09045135665344016, "lado": null, "banq_vrda": "SI", "b_v_estado": "BUENO", "km_b_v": 0.070451356653440156, "fecha": "08-2026" }, "geometry": { "type": "LineString", "coordinates": [ [ -68.459338982571282, -33.190613230657412 ], [ -68.45907198246384, -33.190231130734553 ] ] } },
{ "type": "Feature", "properties": { "id_tramo": 555, "osm_id": "177321969", "zona": "URBANO", "km": 0.095997752386793006, "lado": null, "banq_vrda": "SI", "b_v_estado": "BUENO", "km_b_v": 0.075997752386793002, "fecha": "08-2026" }, "geometry": { "type": "LineString", "coordinates": [ [ -68.458859780651579, -33.189941161770086 ], [ -68.45849548052793, -33.189455461873543 ] ] } },
{ "type": "Feature", "properties": { "id_tramo": 557, "osm_id": "177321922", "zona": "URBANO", "km": 0.099405209721718166, "lado": null, "banq_vrda": "SI", "b_v_estado": "REGULAR", "km_b_v": 0.079405209721718162, "fecha": "08-2026" }, "geometry": { "type": "LineString", "coordinates": [ [ -68.457614928279284, -33.190401045056213 ], [ -68.45722823082609, -33.189803848592838 ], [ -68.457171928925902, -33.189716945600566 ], [ -68.456229829372361, -33.188262045323967 ] ] } },
{ "type": "Feature", "properties": { "id_tramo": 560, "osm_id": "177321922", "zona": "URBANO", "km": 0.090818562552815105, "lado": null, "banq_vrda": "SI", "b_v_estado": "BUENO", "km_b_v": 0.070818562552815101, "fecha": "08-2026" }, "geometry": { "type": "LineString", "coordinates": [ [ -68.45833711789831, -33.190993619083649 ], [ -68.458073617777899, -33.190593819160732 ] ] } },
{ "type": "Feature", "properties": { "id_tramo": 564, "osm_id": "177321945", "zona": "URBANO", "km": 0.1019590520762929, "lado": null, "banq_vrda": "SI", "b_v_estado": "REGULAR", "km_b_v": 0.081959052076292893, "fecha": "08-2026" }, "geometry": { "type": "LineString", "coordinates": [ [ -68.456407718181751, -33.190849283458014 ], [ -68.456071218337854, -33.190334983359421 ] ] } },
{ "type": "Feature", "properties": { "id_tramo": 565, "osm_id": "177321943", "zona": "URBANO", "km": 0.075067648464685194, "lado": null, "banq_vrda": "SI", "b_v_estado": "REGULAR", "km_b_v": 0.05506764846468519, "fecha": "08-2026" }, "geometry": { "type": "LineString", "coordinates": [ [ -68.456546641258655, -33.193303071822022 ], [ -68.45586514156571, -33.192276071622892 ] ] } },
{ "type": "Feature", "properties": { "id_tramo": 566, "osm_id": "177322059", "zona": "URBANO", "km": 0.091779174669816846, "lado": null, "banq_vrda": "SI", "b_v_estado": "BUENO", "km_b_v": 0.071779174669816842, "fecha": "08-2026" }, "geometry": { "type": "LineString", "coordinates": [ [ -68.455671394403097, -33.19197779366278 ], [ -68.455419894523246, -33.191587893588888 ] ] } },
{ "type": "Feature", "properties": { "id_tramo": 567, "osm_id": "177322059", "zona": "URBANO", "km": 0.091779174669816846, "lado": null, "banq_vrda": "SI", "b_v_estado": "BUENO", "km_b_v": 0.071779174669816842, "fecha": "08-2026" }, "geometry": { "type": "LineString", "coordinates": [ [ -68.455946222569182, -33.191873974681357 ], [ -68.455691722455484, -33.191491974755657 ] ] } },
{ "type": "Feature", "properties": { "id_tramo": 574, "osm_id": "177321972", "zona": "URBANO", "km": 0.09208011869971304, "lado": null, "banq_vrda": "SI", "b_v_estado": "BUENO", "km_b_v": 0.072080118699713036, "fecha": "08-2026" }, "geometry": { "type": "LineString", "coordinates": [ [ -68.455141366694832, -33.192173740892237 ], [ -68.454885666579386, -33.191788040966976 ] ] } },
{ "type": "Feature", "properties": { "id_tramo": 575, "osm_id": "177321972", "zona": "URBANO", "km": 0.09208011869971304, "lado": null, "banq_vrda": "SI", "b_v_estado": "BUENO", "km_b_v": 0.072080118699713036, "fecha": "08-2026" }, "geometry": { "type": "LineString", "coordinates": [ [ -68.454867374962646, -33.192270718155214 ], [ -68.454613575081609, -33.19188091808077 ] ] } },
{ "type": "Feature", "properties": { "id_tramo": 578, "osm_id": "177321969", "zona": "URBANO", "km": 0.059998778140488387, "lado": null, "banq_vrda": "SI", "b_v_estado": "BUENO", "km_b_v": 0.039998778140488384, "fecha": "08-2026" }, "geometry": { "type": "LineString", "coordinates": [ [ -68.465356658209174, -33.200536851533222 ], [ -68.465224158267191, -33.200339851494597 ] ] } },
{ "type": "Feature", "properties": { "id_tramo": 579, "osm_id": "177321969", "zona": "URBANO", "km": 0.056317161117436745, "lado": null, "banq_vrda": "SI", "b_v_estado": "BUENO", "km_b_v": 0.036317161117436741, "fecha": "08-2026" }, "geometry": { "type": "LineString", "coordinates": [ [ -68.465064006367442, -33.200084471476075 ], [ -68.464927106431091, -33.199875071435926 ] ] } },
{ "type": "Feature", "properties": { "id_tramo": 582, "osm_id": "177321947", "zona": "URBANO", "km": 0.1879444834031147, "lado": null, "banq_vrda": "SI", "b_v_estado": "BUENO", "km_b_v": 0.16794448340311471, "fecha": "08-2026" }, "geometry": { "type": "LineString", "coordinates": [ [ -68.467771933966461, -33.20139808853758 ], [ -68.467383434095865, -33.20082728908428 ], [ -68.467321434407822, -33.200736189599574 ], [ -68.466950633552898, -33.200191388683756 ] ] } },
{ "type": "Feature", "properties": { "id_tramo": 583, "osm_id": "177321947", "zona": "URBANO", "km": 0.1879444834031147, "lado": null, "banq_vrda": "SI", "b_v_estado": "REGULAR", "km_b_v": 0.16794448340311471, "fecha": "08-2026" }, "geometry": { "type": "LineString", "coordinates": [ [ -68.467392318126514, -33.201368592348935 ], [ -68.467046719609556, -33.200852494234653 ], [ -68.466976118407857, -33.200747092372914 ], [ -68.466682818537507, -33.200309092287341 ] ] } },
{ "type": "Feature", "properties": { "id_tramo": 588, "osm_id": "183315857", "zona": "URBANO", "km": 0.15424012679826021, "lado": null, "banq_vrda": "SI", "b_v_estado": "REGULAR", "km_b_v": 0.13424012679826022, "fecha": "08-2026" }, "geometry": { "type": "LineString", "coordinates": [ [ -68.466662307210569, -33.201362225673272 ], [ -68.466429313212828, -33.201009934520776 ], [ -68.466364401757119, -33.200911917133375 ], [ -68.466137301860343, -33.200568317066924 ] ] } },
{ "type": "Feature", "properties": { "id_tramo": 589, "osm_id": "183315919", "zona": "URBANO", "km": 0.078796260587969402, "lado": null, "banq_vrda": "SI", "b_v_estado": "BUENO", "km_b_v": 0.058796260587969398, "fecha": "08-2026" }, "geometry": { "type": "LineString", "coordinates": [ [ -68.459909354764278, -33.200123975462311 ], [ -68.459536054644971, -33.200252475509174 ] ] } },
{ "type": "Feature", "properties": { "id_tramo": 590, "osm_id": "183315857", "zona": "URBANO", "km": 0.15424012679826021, "lado": null, "banq_vrda": "SI", "b_v_estado": "BUENO", "km_b_v": 0.13424012679826022, "fecha": "08-2026" }, "geometry": { "type": "LineString", "coordinates": [ [ -68.466948365562217, -33.201352138141715 ], [ -68.466660467592035, -33.200908141566586 ], [ -68.466594169719087, -33.200805844916474 ], [ -68.466371164900195, -33.200461937711118 ] ] } },
{ "type": "Feature", "properties": { "id_tramo": 593, "osm_id": "177321922", "zona": "URBANO", "km": 0.056331110014085466, "lado": null, "banq_vrda": "SI", "b_v_estado": "REGULAR", "km_b_v": 0.036331110014085469, "fecha": "08-2026" }, "geometry": { "type": "LineString", "coordinates": [ [ -68.464442439097269, -33.200370045177323 ], [ -68.464312839037788, -33.200173045215273 ] ] } },
{ "type": "Feature", "properties": { "id_tramo": 595, "osm_id": "183315872", "zona": "URBANO", "km": 0.14913143055713621, "lado": null, "banq_vrda": "SI", "b_v_estado": "REGULAR", "km_b_v": 0.12913143055713622, "fecha": "08-2026" }, "geometry": { "type": "LineString", "coordinates": [ [ -68.464284046162376, -33.201349908281401 ], [ -68.463707345890967, -33.200462508450691 ] ] } },
{ "type": "Feature", "properties": { "id_tramo": 596, "osm_id": "183315872", "zona": "URBANO", "km": 0.14913143055713621, "lado": null, "banq_vrda": "SI", "b_v_estado": "REGULAR", "km_b_v": 0.12913143055713622, "fecha": "08-2026" }, "geometry": { "type": "LineString", "coordinates": [ [ -68.464002501674443, -33.20137641121417 ], [ -68.463478501924101, -33.200565211060173 ] ] } },
{ "type": "Feature", "properties": { "id_tramo": 598, "osm_id": "177322006", "zona": "URBANO", "km": 0.1751743620557171, "lado": null, "banq_vrda": "SI", "b_v_estado": "BUENO", "km_b_v": 0.15517436205571711, "fecha": "08-2026" }, "geometry": { "type": "LineString", "coordinates": [ [ -68.463235024242621, -33.201337446073275 ], [ -68.462844425342155, -33.200734347370428 ], [ -68.46278152411162, -33.200637245405915 ], [ -68.462008924477814, -33.199444245178974 ] ] } },
{ "type": "Feature", "properties": { "id_tramo": 599, "osm_id": "177322006", "zona": "URBANO", "km": 0.11499575955582071, "lado": null, "banq_vrda": "SI", "b_v_estado": "BUENO", "km_b_v": 0.094995759555820708, "fecha": "08-2026" }, "geometry": { "type": "LineString", "coordinates": [ [ -68.463579686007364, -33.201334164109355 ], [ -68.46316568581976, -33.20070866423044 ] ] } },
{ "type": "Feature", "properties": { "id_tramo": 603, "osm_id": "1238956367", "zona": "URBANO", "km": 0.053553226631943111, "lado": null, "banq_vrda": "SI", "b_v_estado": "BUENO", "km_b_v": 0.033553226631943114, "fecha": "08-2026" }, "geometry": { "type": "LineString", "coordinates": [ [ -68.461693950139008, -33.201273874437355 ], [ -68.461574852513536, -33.201086178051774 ], [ -68.461512949272745, -33.20098867287782 ], [ -68.460808849620591, -33.199878872670155 ] ] } },
{ "type": "Feature", "properties": { "id_tramo": 605, "osm_id": "177321972", "zona": "URBANO", "km": 0.19183555296548918, "lado": null, "banq_vrda": "SI", "b_v_estado": "REGULAR", "km_b_v": 0.17183555296548919, "fecha": "08-2026" }, "geometry": { "type": "LineString", "coordinates": [ [ -68.461046340638873, -33.201264054541497 ], [ -68.460272840266569, -33.200060654769032 ] ] } },
{ "type": "Feature", "properties": { "id_tramo": 607, "osm_id": "183315919", "zona": "URBANO", "km": 0.080228665574877317, "lado": null, "banq_vrda": "SI", "b_v_estado": "BUENO", "km_b_v": 0.060228665574877313, "fecha": "08-2026" }, "geometry": { "type": "LineString", "coordinates": [ [ -68.460718327967953, -33.199852980479399 ], [ -68.460294127833819, -33.200001880533613 ] ] } },
{ "type": "Feature", "properties": { "id_tramo": 610, "osm_id": "183315921", "zona": "URBANO", "km": 0.080020290178950654, "lado": null, "banq_vrda": "SI", "b_v_estado": "BUENO", "km_b_v": 0.06002029017895065, "fecha": "08-2026" }, "geometry": { "type": "LineString", "coordinates": [ [ -68.460420110975647, -33.199361592985298 ], [ -68.459994110849863, -33.199528393045156 ] ] } },
{ "type": "Feature", "properties": { "id_tramo": 611, "osm_id": "183315921", "zona": "URBANO", "km": 0.080020290178950654, "lado": null, "banq_vrda": "SI", "b_v_estado": "BUENO", "km_b_v": 0.06002029017895065, "fecha": "08-2026" }, "geometry": { "type": "LineString", "coordinates": [ [ -68.46027900506003, -33.19912748459442 ], [ -68.459845905189809, -33.199293484534678 ] ] } },
{ "type": "Feature", "properties": { "id_tramo": 612, "osm_id": "177321972", "zona": "URBANO", "km": 0.059635755538023638, "lado": null, "banq_vrda": "SI", "b_v_estado": "REGULAR", "km_b_v": 0.039635755538023634, "fecha": "08-2026" }, "geometry": { "type": "LineString", "coordinates": [ [ -68.460086128126278, -33.199765136726732 ], [ -68.459973728065535, -33.19957953676014 ] ] } },
{ "type": "Feature", "properties": { "id_tramo": 615, "osm_id": "257781709", "zona": "URBANO", "km": 0.077998303469815691, "lado": null, "banq_vrda": "SI", "b_v_estado": "REGULAR", "km_b_v": 0.057998303469815687, "fecha": "08-2026" }, "geometry": { "type": "LineString", "coordinates": [ [ -68.459697935210968, -33.198254609631263 ], [ -68.459302335108333, -33.198434809694255 ] ] } },
{ "type": "Feature", "properties": { "id_tramo": 616, "osm_id": "257781709", "zona": "URBANO", "km": 0.077998303469815691, "lado": null, "banq_vrda": "SI", "b_v_estado": "BUENO", "km_b_v": 0.057998303469815687, "fecha": "08-2026" }, "geometry": { "type": "LineString", "coordinates": [ [ -68.459560444132094, -33.198028591605755 ], [ -68.459162744233765, -33.198212291541701 ] ] } },
{ "type": "Feature", "properties": { "id_tramo": 617, "osm_id": "183315837", "zona": "URBANO", "km": 0.080842832317823354, "lado": null, "banq_vrda": "SI", "b_v_estado": "BUENO", "km_b_v": 0.06084283231782335, "fecha": "08-2026" }, "geometry": { "type": "LineString", "coordinates": [ [ -68.45882650751868, -33.196967862631503 ], [ -68.458429107409017, -33.197137362691507 ] ] } },
{ "type": "Feature", "properties": { "id_tramo": 623, "osm_id": "183312785", "zona": "URBANO", "km": 0.080752220438064778, "lado": null, "banq_vrda": "SI", "b_v_estado": "REGULAR", "km_b_v": 0.060752220438064775, "fecha": "08-2026" }, "geometry": { "type": "LineString", "coordinates": [ [ -68.456681158690827, -33.193607013622639 ], [ -68.456284058590725, -33.193792813687246 ] ] } },
{ "type": "Feature", "properties": { "id_tramo": 625, "osm_id": "183315836", "zona": "URBANO", "km": 0.080653793915562141, "lado": null, "banq_vrda": "SI", "b_v_estado": "MALO", "km_b_v": 0.060653793915562138, "fecha": "08-2026" }, "geometry": { "type": "LineString", "coordinates": [ [ -68.455785089852682, -33.192269978767968 ], [ -68.455389989730577, -33.192414278820202 ] ] } },
{ "type": "Feature", "properties": { "id_tramo": 629, "osm_id": "177322037", "zona": "URBANO", "km": 0.092260202959027232, "lado": null, "banq_vrda": "SI", "b_v_estado": "BUENO", "km_b_v": 0.072260202959027228, "fecha": "08-2026" }, "geometry": { "type": "LineString", "coordinates": [ [ -68.455040011594747, -33.194029927498427 ], [ -68.454224502530295, -33.192796912987625 ], [ -68.454158302560401, -33.192696712968271 ], [ -68.454158138830891, -33.192696462820031 ], [ -68.453826738987559, -33.192185362722775 ] ] } },
{ "type": "Feature", "properties": { "id_tramo": 630, "osm_id": "177322037", "zona": "URBANO", "km": 0.18023309126050097, "lado": null, "banq_vrda": "SI", "b_v_estado": "REGULAR", "km_b_v": 0.16023309126050098, "fecha": "08-2026" }, "geometry": { "type": "LineString", "coordinates": [ [ -68.455298825533717, -33.193924581510771 ], [ -68.454567025190713, -33.192800681725416 ] ] } },
{ "type": "Feature", "properties": { "id_tramo": 631, "osm_id": "177322037", "zona": "URBANO", "km": 0.092260202959027232, "lado": null, "banq_vrda": "SI", "b_v_estado": "REGULAR", "km_b_v": 0.072260202959027228, "fecha": "08-2026" }, "geometry": { "type": "LineString", "coordinates": [ [ -68.45434926848597, -33.192463943415497 ], [ -68.454101768374173, -33.192090543487822 ] ] } },
{ "type": "Feature", "properties": { "id_tramo": 635, "osm_id": "258516833", "zona": "URBANO", "km": 0.13408636071510474, "lado": null, "banq_vrda": "SI", "b_v_estado": "BUENO", "km_b_v": 0.11408636071510474, "fecha": "08-2026" }, "geometry": { "type": "LineString", "coordinates": [ [ -68.467952213974229, -33.194135411026394 ], [ -68.46741261372803, -33.193317211184322 ] ] } },
{ "type": "Feature", "properties": { "id_tramo": 638, "osm_id": "183315921", "zona": "URBANO", "km": 0.079206338859175815, "lado": null, "banq_vrda": "SI", "b_v_estado": "BUENO", "km_b_v": 0.059206338859175811, "fecha": "08-2026" }, "geometry": { "type": "LineString", "coordinates": [ [ -68.45965028947073, -33.199664142912148 ], [ -68.459243389352793, -33.199827542970546 ] ] } },
{ "type": "Feature", "properties": { "id_tramo": 643, "osm_id": "183315837", "zona": "URBANO", "km": 0.083031586143941002, "lado": null, "banq_vrda": "SI", "b_v_estado": "BUENO", "km_b_v": 0.063031586143940999, "fecha": "08-2026" }, "geometry": { "type": "LineString", "coordinates": [ [ -68.45792997727807, -33.197057917005687 ], [ -68.457519177393237, -33.197229916944615 ] ] } },
{ "type": "Feature", "properties": { "id_tramo": 644, "osm_id": "183312754", "zona": "URBANO", "km": 0.083937810239562649, "lado": null, "banq_vrda": "SI", "b_v_estado": "REGULAR", "km_b_v": 0.063937810239562645, "fecha": "08-2026" }, "geometry": { "type": "LineString", "coordinates": [ [ -68.457542351471091, -33.196448470392873 ], [ -68.457153051373552, -33.196631670456519 ] ] } },
{ "type": "Feature", "properties": { "id_tramo": 647, "osm_id": "183312786", "zona": "URBANO", "km": 0.085637273347803161, "lado": null, "banq_vrda": "SI", "b_v_estado": "BUENO", "km_b_v": 0.065637273347803157, "fecha": "08-2026" }, "geometry": { "type": "LineString", "coordinates": [ [ -68.456710437212578, -33.195169132618858 ], [ -68.456309837105408, -33.195345932681043 ] ] } },
{ "type": "Feature", "properties": { "id_tramo": 650, "osm_id": "183315836", "zona": "URBANO", "km": 0.089150578425346724, "lado": null, "banq_vrda": "SI", "b_v_estado": "REGULAR", "km_b_v": 0.06915057842534672, "fecha": "08-2026" }, "geometry": { "type": "LineString", "coordinates": [ [ -68.454994885617211, -33.192576043692362 ], [ -68.454581185489914, -33.192728143747374 ] ] } },
{ "type": "Feature", "properties": { "id_tramo": 651, "osm_id": "183315836", "zona": "URBANO", "km": 0.089150578425346724, "lado": null, "banq_vrda": "SI", "b_v_estado": "REGULAR", "km_b_v": 0.06915057842534672, "fecha": "08-2026" }, "geometry": { "type": "LineString", "coordinates": [ [ -68.454859051770299, -33.192337942593667 ], [ -68.454450551896215, -33.192487742539441 ] ] } },
{ "type": "Feature", "properties": { "id_tramo": 652, "osm_id": "183312743", "zona": "URBANO", "km": 0.088651296468989144, "lado": null, "banq_vrda": "SI", "b_v_estado": "REGULAR", "km_b_v": 0.06865129646898914, "fecha": "08-2026" }, "geometry": { "type": "LineString", "coordinates": [ [ -68.454534403238554, -33.191869373844739 ], [ -68.454124903112074, -33.192019073898905 ] ] } },
{ "type": "Feature", "properties": { "id_tramo": 653, "osm_id": "183312743", "zona": "URBANO", "km": 0.088651296468989144, "lado": null, "banq_vrda": "SI", "b_v_estado": "BUENO", "km_b_v": 0.06865129646898914, "fecha": "08-2026" }, "geometry": { "type": "LineString", "coordinates": [ [ -68.454394726531206, -33.191634951906018 ], [ -68.453969526662121, -33.191791151849507 ] ] } },
{ "type": "Feature", "properties": { "id_tramo": 655, "osm_id": "183312781", "zona": "URBANO", "km": 0.087265711393229972, "lado": null, "banq_vrda": "SI", "b_v_estado": "REGULAR", "km_b_v": 0.067265711393229968, "fecha": "08-2026" }, "geometry": { "type": "LineString", "coordinates": [ [ -68.453867238253252, -33.190825888437885 ], [ -68.453434538381259, -33.190994788377274 ] ] } },
{ "type": "Feature", "properties": { "id_tramo": 663, "osm_id": "177322026", "zona": "URBANO", "km": 0.079613654625963912, "lado": null, "banq_vrda": "SI", "b_v_estado": "BUENO", "km_b_v": 0.059613654625963908, "fecha": "08-2026" }, "geometry": { "type": "LineString", "coordinates": [ [ -68.451776524373031, -33.186143097192684 ], [ -68.451372824505242, -33.186275397144229 ] ] } },
{ "type": "Feature", "properties": { "id_tramo": 664, "osm_id": "177322029", "zona": "URBANO", "km": 0.076905537337610519, "lado": null, "banq_vrda": "SI", "b_v_estado": "REGULAR", "km_b_v": 0.056905537337610515, "fecha": "08-2026" }, "geometry": { "type": "LineString", "coordinates": [ [ -68.451390574336813, -33.1856061791785 ], [ -68.451003074204834, -33.185722079221279 ] ] } },
{ "type": "Feature", "properties": { "id_tramo": 665, "osm_id": "177322029", "zona": "URBANO", "km": 0.076905537337610519, "lado": null, "banq_vrda": "SI", "b_v_estado": "BUENO", "km_b_v": 0.056905537337610515, "fecha": "08-2026" }, "geometry": { "type": "LineString", "coordinates": [ [ -68.45126203168148, -33.185371379292476 ], [ -68.450865531815737, -33.18549177924811 ] ] } },
{ "type": "Feature", "properties": { "id_tramo": 666, "osm_id": "177322064", "zona": "URBANO", "km": 0.090423576993915067, "lado": null, "banq_vrda": "SI", "b_v_estado": "REGULAR", "km_b_v": 0.070423576993915063, "fecha": "08-2026" }, "geometry": { "type": "LineString", "coordinates": [ [ -68.450728496265342, -33.184425457041932 ], [ -68.450259796109322, -33.184573657096358 ] ] } },
{ "type": "Feature", "properties": { "id_tramo": 667, "osm_id": "257781725", "zona": "URBANO", "km": 0.085724127308337977, "lado": null, "banq_vrda": "SI", "b_v_estado": "REGULAR", "km_b_v": 0.065724127308337973, "fecha": "08-2026" }, "geometry": { "type": "LineString", "coordinates": [ [ -68.4526754409506, -33.189051492369877 ], [ -68.452265741081973, -33.189191592318778 ] ] } },
{ "type": "Feature", "properties": { "id_tramo": 669, "osm_id": "183312797", "zona": "URBANO", "km": 0.086586631314204812, "lado": null, "banq_vrda": "SI", "b_v_estado": "BUENO", "km_b_v": 0.066586631314204808, "fecha": "08-2026" }, "geometry": { "type": "LineString", "coordinates": [ [ -68.452109388346074, -33.188174942285919 ], [ -68.451723088470601, -33.188305642238198 ] ] } },
{ "type": "Feature", "properties": { "id_tramo": 670, "osm_id": "183312797", "zona": "URBANO", "km": 0.086586631314204812, "lado": null, "banq_vrda": "SI", "b_v_estado": "BUENO", "km_b_v": 0.066586631314204808, "fecha": "08-2026" }, "geometry": { "type": "LineString", "coordinates": [ [ -68.452249573363119, -33.188390363781302 ], [ -68.451842473234663, -33.188533763833433 ] ] } },
{ "type": "Feature", "properties": { "id_tramo": 671, "osm_id": "257781719", "zona": "URBANO", "km": 0.079894387506276601, "lado": null, "banq_vrda": "SI", "b_v_estado": "BUENO", "km_b_v": 0.059894387506276597, "fecha": "08-2026" }, "geometry": { "type": "LineString", "coordinates": [ [ -68.45143306097404, -33.187142851013611 ], [ -68.451070061092238, -33.187263250969572 ] ] } },
{ "type": "Feature", "properties": { "id_tramo": 672, "osm_id": "257781719", "zona": "URBANO", "km": 0.079894387506276601, "lado": null, "banq_vrda": "SI", "b_v_estado": "BUENO", "km_b_v": 0.059894387506276597, "fecha": "08-2026" }, "geometry": { "type": "LineString", "coordinates": [ [ -68.45158790032788, -33.18738961868268 ], [ -68.451187900193858, -33.187514218728509 ] ] } },
{ "type": "Feature", "properties": { "id_tramo": 674, "osm_id": "177322026", "zona": "URBANO", "km": 0.075104439906180209, "lado": null, "banq_vrda": "SI", "b_v_estado": "BUENO", "km_b_v": 0.055104439906180205, "fecha": "08-2026" }, "geometry": { "type": "LineString", "coordinates": [ [ -68.451112147261995, -33.186627379289696 ], [ -68.450742747141319, -33.186749079334227 ] ] } },
{ "type": "Feature", "properties": { "id_tramo": 677, "osm_id": "177322064", "zona": "URBANO", "km": 0.071486882608181215, "lado": null, "banq_vrda": "SI", "b_v_estado": "BUENO", "km_b_v": 0.051486882608181211, "fecha": "08-2026" }, "geometry": { "type": "LineString", "coordinates": [ [ -68.449867783751571, -33.184700754702412 ], [ -68.449490783624796, -33.184817154745254 ] ] } },
{ "type": "Feature", "properties": { "id_tramo": 680, "osm_id": "183312765", "zona": "URBANO", "km": 0.1371942358733485, "lado": null, "banq_vrda": "SI", "b_v_estado": "REGULAR", "km_b_v": 0.1171942358733485, "fecha": "08-2026" }, "geometry": { "type": "LineString", "coordinates": [ [ -68.45264991957481, -33.196545625012611 ], [ -68.452128019324704, -33.195735425165999 ] ] } },
{ "type": "Feature", "properties": { "id_tramo": 682, "osm_id": "183312742", "zona": "URBANO", "km": 0.059047982277869587, "lado": null, "banq_vrda": "SI", "b_v_estado": "BUENO", "km_b_v": 0.039047982277869583, "fecha": "08-2026" }, "geometry": { "type": "LineString", "coordinates": [ [ -68.452112735531188, -33.196716006144904 ], [ -68.451636235296476, -33.195966106285326 ] ] } },
{ "type": "Feature", "properties": { "id_tramo": 684, "osm_id": "183312759", "zona": "URBANO", "km": 0.085974768845802532, "lado": null, "banq_vrda": "SI", "b_v_estado": "BUENO", "km_b_v": 0.065974768845802528, "fecha": "08-2026" }, "geometry": { "type": "LineString", "coordinates": [ [ -68.456853735397843, -33.198942602269994 ], [ -68.456626435521798, -33.198565502202356 ] ] } },
{ "type": "Feature", "properties": { "id_tramo": 685, "osm_id": "257781709", "zona": "URBANO", "km": 0.12753301113039114, "lado": null, "banq_vrda": "SI", "b_v_estado": "REGULAR", "km_b_v": 0.10753301113039114, "fecha": "08-2026" }, "geometry": { "type": "LineString", "coordinates": [ [ -68.458160745896862, -33.198907883274927 ], [ -68.45721495493062, -33.199159580875204 ], [ -68.457107646086527, -33.199188183229268 ], [ -68.456059645714788, -33.199467083332962 ] ] } },
{ "type": "Feature", "properties": { "id_tramo": 687, "osm_id": "257781709", "zona": "URBANO", "km": 0.12753301113039114, "lado": null, "banq_vrda": "SI", "b_v_estado": "BUENO", "km_b_v": 0.10753301113039114, "fecha": "08-2026" }, "geometry": { "type": "LineString", "coordinates": [ [ -68.456844284123491, -33.199062819232715 ], [ -68.455951183808679, -33.199305319322796 ] ] } },
{ "type": "Feature", "properties": { "id_tramo": 692, "osm_id": "177322037", "zona": "URBANO", "km": 0.084391204352501373, "lado": null, "banq_vrda": "SI", "b_v_estado": "REGULAR", "km_b_v": 0.064391204352501369, "fecha": "08-2026" }, "geometry": { "type": "LineString", "coordinates": [ [ -68.458031921508692, -33.198618893603125 ], [ -68.457790021620767, -33.198249493532245 ] ] } },
{ "type": "Feature", "properties": { "id_tramo": 693, "osm_id": "177322037", "zona": "URBANO", "km": 0.13252986938081393, "lado": null, "banq_vrda": "SI", "b_v_estado": "MALO", "km_b_v": 0.11252986938081393, "fecha": "08-2026" }, "geometry": { "type": "LineString", "coordinates": [ [ -68.459012082855836, -33.199588814837547 ], [ -68.458514982646122, -33.198862414981868 ] ] } },
{ "type": "Feature", "properties": { "id_tramo": 696, "osm_id": "177322037", "zona": "URBANO", "km": 0.089073758802749842, "lado": null, "banq_vrda": "SI", "b_v_estado": "REGULAR", "km_b_v": 0.069073758802749838, "fecha": "08-2026" }, "geometry": { "type": "LineString", "coordinates": [ [ -68.458322782201734, -33.198515710009794 ], [ -68.457651881905008, -33.197513610205505 ] ] } },
{ "type": "Feature", "properties": { "id_tramo": 697, "osm_id": "177321972", "zona": "URBANO", "km": 0.16475531760520368, "lado": null, "banq_vrda": "SI", "b_v_estado": "BUENO", "km_b_v": 0.14475531760520369, "fecha": "08-2026" }, "geometry": { "type": "LineString", "coordinates": [ [ -68.458819351991778, -33.198315086828764 ], [ -68.458162852301001, -33.197304486636071 ] ] } },
{ "type": "Feature", "properties": { "id_tramo": 699, "osm_id": "183312762", "zona": "URBANO", "km": 0.048779416145871342, "lado": null, "banq_vrda": "SI", "b_v_estado": "BUENO", "km_b_v": 0.028779416145871341, "fecha": "08-2026" }, "geometry": { "type": "LineString", "coordinates": [ [ -68.457142287710838, -33.197382207848165 ], [ -68.456270688364015, -33.197613507670923 ], [ -68.456159889223727, -33.197642907442336 ], [ -68.455173189962295, -33.197904707241968 ] ] } },
{ "type": "Feature", "properties": { "id_tramo": 700, "osm_id": "183312761", "zona": "URBANO", "km": 0.079059082302050374, "lado": null, "banq_vrda": "SI", "b_v_estado": "BUENO", "km_b_v": 0.05905908230205037, "fecha": "08-2026" }, "geometry": { "type": "LineString", "coordinates": [ [ -68.45546227057099, -33.198535642948379 ], [ -68.455229870447099, -33.198154643017403 ] ] } },
{ "type": "Feature", "properties": { "id_tramo": 702, "osm_id": "183312743", "zona": "URBANO", "km": 0.094336618824133384, "lado": null, "banq_vrda": "SI", "b_v_estado": "REGULAR", "km_b_v": 0.07433661882413338, "fecha": "08-2026" }, "geometry": { "type": "LineString", "coordinates": [ [ -68.453593601409693, -33.191925172677145 ], [ -68.452987501593711, -33.19215287259501 ] ] } },
{ "type": "Feature", "properties": { "id_tramo": 703, "osm_id": "183312785", "zona": "URBANO", "km": 0.082120247840966526, "lado": null, "banq_vrda": "SI", "b_v_estado": "BUENO", "km_b_v": 0.062120247840966522, "fecha": "08-2026" }, "geometry": { "type": "LineString", "coordinates": [ [ -68.455159680355237, -33.19432194278707 ], [ -68.454667680228837, -33.194548142866005 ] ] } },
{ "type": "Feature", "properties": { "id_tramo": 704, "osm_id": "183312750", "zona": "URBANO", "km": 0.091491021556806384, "lado": null, "banq_vrda": "SI", "b_v_estado": "BUENO", "km_b_v": 0.071491021556806381, "fecha": "08-2026" }, "geometry": { "type": "LineString", "coordinates": [ [ -68.453217548286972, -33.191333993854045 ], [ -68.452509648067846, -33.191591793947403 ] ] } },
{ "type": "Feature", "properties": { "id_tramo": 705, "osm_id": "183312750", "zona": "URBANO", "km": 0.091491021556806384, "lado": null, "banq_vrda": "SI", "b_v_estado": "BUENO", "km_b_v": 0.071491021556806381, "fecha": "08-2026" }, "geometry": { "type": "LineString", "coordinates": [ [ -68.453109047847718, -33.191126499419866 ], [ -68.452365848080603, -33.191391599323616 ] ] } },
{ "type": "Feature", "properties": { "id_tramo": 706, "osm_id": "183312791", "zona": "URBANO", "km": 0.1057380406147035, "lado": null, "banq_vrda": "SI", "b_v_estado": "BUENO", "km_b_v": 0.085738040614703498, "fecha": "08-2026" }, "geometry": { "type": "LineString", "coordinates": [ [ -68.452519763477326, -33.190290664557672 ], [ -68.45173886315726, -33.190293164555392 ] ] } },
{ "type": "Feature", "properties": { "id_tramo": 707, "osm_id": "183312791", "zona": "URBANO", "km": 0.1057380406147035, "lado": null, "banq_vrda": "SI", "b_v_estado": "BUENO", "km_b_v": 0.085738040614703498, "fecha": "08-2026" }, "geometry": { "type": "LineString", "coordinates": [ [ -68.452379822863548, -33.190027335666493 ], [ -68.451602123182241, -33.190023935671164 ] ] } },
{ "type": "Feature", "properties": { "id_tramo": 710, "osm_id": "183312786", "zona": "URBANO", "km": 0.084687796051267542, "lado": null, "banq_vrda": "SI", "b_v_estado": "REGULAR", "km_b_v": 0.064687796051267538, "fecha": "08-2026" }, "geometry": { "type": "LineString", "coordinates": [ [ -68.455906771728692, -33.19543915019981 ], [ -68.455394471891907, -33.195616450135191 ] ] } },
{ "type": "Feature", "properties": { "id_tramo": 715, "osm_id": "177322037", "zona": "URBANO", "km": 0.15748560795735519, "lado": null, "banq_vrda": "SI", "b_v_estado": "BUENO", "km_b_v": 0.1374856079573552, "fecha": "08-2026" }, "geometry": { "type": "LineString", "coordinates": [ [ -68.46012265567191, -33.201228918451747 ], [ -68.459521155401276, -33.200323218627531 ] ] } },
{ "type": "Feature", "properties": { "id_tramo": 716, "osm_id": "183312795", "zona": "URBANO", "km": 0.085869655417799326, "lado": null, "banq_vrda": "SI", "b_v_estado": "BUENO", "km_b_v": 0.065869655417799322, "fecha": "08-2026" }, "geometry": { "type": "LineString", "coordinates": [ [ -68.460688507313833, -33.201311167230514 ], [ -68.460211807508557, -33.201294267239298 ] ] } },
{ "type": "Feature", "properties": { "id_tramo": 717, "osm_id": "642762563", "zona": "URBANO", "km": 0.11828604065373767, "lado": null, "banq_vrda": "SI", "b_v_estado": "BUENO", "km_b_v": 0.098286040653737666, "fecha": "08-2026" }, "geometry": { "type": "LineString", "coordinates": [ [ -68.453204858547664, -33.198490699948039 ], [ -68.452807558346223, -33.197856200065466 ] ] } },
{ "type": "Feature", "properties": { "id_tramo": 720, "osm_id": "183312758", "zona": "URBANO", "km": 0.069308467058247003, "lado": null, "banq_vrda": "SI", "b_v_estado": "REGULAR", "km_b_v": 0.049308467058246999, "fecha": "08-2026" }, "geometry": { "type": "LineString", "coordinates": [ [ -68.45465811795134, -33.198685701460946 ], [ -68.454492518037796, -33.19841720141185 ] ] } },
{ "type": "Feature", "properties": { "id_tramo": 721, "osm_id": "612824066", "zona": "URBANO", "km": 0.16065533557623626, "lado": null, "banq_vrda": "SI", "b_v_estado": "BUENO", "km_b_v": 0.14065533557623627, "fecha": "08-2026" }, "geometry": { "type": "LineString", "coordinates": [ [ -68.455332799556075, -33.195602637826916 ], [ -68.454673999263377, -33.194616538019133 ] ] } },
{ "type": "Feature", "properties": { "id_tramo": 722, "osm_id": "612824068", "zona": "URBANO", "km": 0.12603250197396501, "lado": null, "banq_vrda": "SI", "b_v_estado": "BUENO", "km_b_v": 0.10603250197396501, "fecha": "08-2026" }, "geometry": { "type": "LineString", "coordinates": [ [ -68.45325872773688, -33.192900650250614 ], [ -68.453005127872203, -33.192484650175317 ] ] } },
{ "type": "Feature", "properties": { "id_tramo": 723, "osm_id": "612824068", "zona": "URBANO", "km": 0.12603250197396501, "lado": null, "banq_vrda": "SI", "b_v_estado": "REGULAR", "km_b_v": 0.10603250197396501, "fecha": "08-2026" }, "geometry": { "type": "LineString", "coordinates": [ [ -68.453078469447163, -33.1929562488085 ], [ -68.452837169587468, -33.19254154873628 ] ] } },
{ "type": "Feature", "properties": { "id_tramo": 725, "osm_id": "612824066", "zona": "URBANO", "km": 0.059093098190134891, "lado": null, "banq_vrda": "SI", "b_v_estado": "BUENO", "km_b_v": 0.039093098190134887, "fecha": "08-2026" }, "geometry": { "type": "LineString", "coordinates": [ [ -68.455731078962842, -33.19622327497467 ], [ -68.455520078857873, -33.195889475036921 ] ] } },
{ "type": "Feature", "properties": { "id_tramo": 727, "osm_id": "183312768", "zona": "URBANO", "km": 0.075056204276414851, "lado": null, "banq_vrda": "SI", "b_v_estado": "BUENO", "km_b_v": 0.055056204276414847, "fecha": "08-2026" }, "geometry": { "type": "LineString", "coordinates": [ [ -68.455999973517279, -33.200044199991012 ], [ -68.45567327755883, -33.199497906349578 ], [ -68.455621370372469, -33.199411194267967 ], [ -68.455296670552286, -33.198867994171202 ] ] } },
{ "type": "Feature", "properties": { "id_tramo": 728, "osm_id": "183312783", "zona": "URBANO", "km": 0.050358686399056128, "lado": null, "banq_vrda": "SI", "b_v_estado": "REGULAR", "km_b_v": 0.030358686399056128, "fecha": "08-2026" }, "geometry": { "type": "LineString", "coordinates": [ [ -68.455217919250842, -33.19884055863136 ], [ -68.454880674094468, -33.198901533985506 ], [ -68.454500331245157, -33.199027852218883 ], [ -68.454397147130095, -33.199062046956051 ], [ -68.453797162844708, -33.199261341744212 ] ] } },
{ "type": "Feature", "properties": { "id_tramo": 730, "osm_id": "183312762", "zona": "URBANO", "km": 0.13764029552340137, "lado": null, "banq_vrda": "SI", "b_v_estado": "REGULAR", "km_b_v": 0.11764029552340137, "fecha": "08-2026" }, "geometry": { "type": "LineString", "coordinates": [ [ -68.45474429297586, -33.19802177413515 ], [ -68.454039002003626, -33.198251671183712 ], [ -68.453945010797398, -33.198282268319879 ], [ -68.453285791437153, -33.198497174618588 ] ] } },
{ "type": "Feature", "properties": { "id_tramo": 733, "osm_id": "183312754", "zona": "RURAL", "km": 0.41882186423636519, "lado": null, "banq_vrda": "SI", "b_v_estado": "BUENO", "km_b_v": 0.39882186423636518, "fecha": "08-2026" }, "geometry": { "type": "LineString", "coordinates": [ [ -68.456585118806245, -33.196511526219581 ], [ -68.455650829011446, -33.196760923491141 ], [ -68.455540138916859, -33.196790420850988 ], [ -68.454544924970762, -33.197056024564908 ], [ -68.454426828357398, -33.197087523661054 ], [ -68.453629222632102, -33.197300425184693 ], [ -68.453508525903132, -33.197332624311514 ], [ -68.452724222230103, -33.197541925287943 ] ] } },
{ "type": "Feature", "properties": { "id_tramo": 734, "osm_id": "183312754", "zona": "RURAL", "km": 0.41882186423636519, "lado": null, "banq_vrda": "SI", "b_v_estado": "BUENO", "km_b_v": 0.39882186423636518, "fecha": "08-2026" }, "geometry": { "type": "LineString", "coordinates": [ [ -68.456714629934808, -33.196753487441356 ], [ -68.455778137961445, -33.197002385312317 ], [ -68.455662027573368, -33.197033288073662 ], [ -68.454639503442181, -33.197304994483936 ], [ -68.454527517997732, -33.197334690624622 ], [ -68.453727033911861, -33.197547486397653 ], [ -68.453613825016319, -33.197577588762243 ], [ -68.452838024740998, -33.197783688838875 ] ] } },
{ "type": "Feature", "properties": { "id_tramo": 735, "osm_id": "183312742", "zona": "URBANO", "km": 0.10282788502206833, "lado": null, "banq_vrda": "SI", "b_v_estado": "REGULAR", "km_b_v": 0.082827885022068323, "fecha": "08-2026" }, "geometry": { "type": "LineString", "coordinates": [ [ -68.452618344113986, -33.197523237992534 ], [ -68.452318143958649, -33.197038738081432 ] ] } },
{ "type": "Feature", "properties": { "id_tramo": 737, "osm_id": "183312742", "zona": "URBANO", "km": 0.1254875068425724, "lado": null, "banq_vrda": "SI", "b_v_estado": "REGULAR", "km_b_v": 0.1054875068425724, "fecha": "08-2026" }, "geometry": { "type": "LineString", "coordinates": [ [ -68.45025453251769, -33.19436738290316 ], [ -68.449809432743933, -33.193655582771598 ] ] } },
{ "type": "Feature", "properties": { "id_tramo": 741, "osm_id": "183312786", "zona": "URBANO", "km": 0.062435087904483065, "lado": null, "banq_vrda": "SI", "b_v_estado": "BUENO", "km_b_v": 0.042435087904483068, "fecha": "08-2026" }, "geometry": { "type": "LineString", "coordinates": [ [ -68.452962965481561, -33.196474992800418 ], [ -68.452709465561057, -33.196565292767637 ] ] } },
{ "type": "Feature", "properties": { "id_tramo": 742, "osm_id": "183312786", "zona": "URBANO", "km": 0.055693668122122203, "lado": null, "banq_vrda": "SI", "b_v_estado": "REGULAR", "km_b_v": 0.035693668122122199, "fecha": "08-2026" }, "geometry": { "type": "LineString", "coordinates": [ [ -68.453568857582027, -33.196258789827986 ], [ -68.453269357677044, -33.196363289789943 ] ] } },
{ "type": "Feature", "properties": { "id_tramo": 743, "osm_id": "183312786", "zona": "URBANO", "km": 0.15351965656688232, "lado": null, "banq_vrda": "SI", "b_v_estado": "REGULAR", "km_b_v": 0.13351965656688233, "fecha": "08-2026" }, "geometry": { "type": "LineString", "coordinates": [ [ -68.455075959132017, -33.195735659586646 ], [ -68.454162059419687, -33.196059059469086 ], [ -68.454075948598557, -33.196089563298052 ], [ -68.453881052850107, -33.196158561789524 ] ] } },
{ "type": "Feature", "properties": { "id_tramo": 746, "osm_id": "183312785", "zona": "URBANO", "km": 0.05874294751081411, "lado": null, "banq_vrda": "SI", "b_v_estado": "MALO", "km_b_v": 0.038742947510814113, "fecha": "08-2026" }, "geometry": { "type": "LineString", "coordinates": [ [ -68.452811492310772, -33.195093069719512 ], [ -68.4525567923761, -33.195210369678591 ] ] } },
{ "type": "Feature", "properties": { "id_tramo": 748, "osm_id": "183312785", "zona": "URBANO", "km": 0.057896727361114439, "lado": null, "banq_vrda": "SI", "b_v_estado": "REGULAR", "km_b_v": 0.037896727361114435, "fecha": "08-2026" }, "geometry": { "type": "LineString", "coordinates": [ [ -68.452403168487635, -33.195559948354699 ], [ -68.452137168419213, -33.195682148397331 ] ] } },
{ "type": "Feature", "properties": { "id_tramo": 749, "osm_id": "183312785", "zona": "URBANO", "km": 0.05874294751081411, "lado": null, "banq_vrda": "SI", "b_v_estado": "BUENO", "km_b_v": 0.038742947510814113, "fecha": "08-2026" }, "geometry": { "type": "LineString", "coordinates": [ [ -68.452942776691074, -33.195311844562234 ], [ -68.452687576625493, -33.195429144603168 ] ] } },
{ "type": "Feature", "properties": { "id_tramo": 750, "osm_id": "183312785", "zona": "URBANO", "km": 0.15109136547625548, "lado": null, "banq_vrda": "SI", "b_v_estado": "BUENO", "km_b_v": 0.13109136547625549, "fecha": "08-2026" }, "geometry": { "type": "LineString", "coordinates": [ [ -68.45436319726717, -33.194687161559997 ], [ -68.453610330582038, -33.195022846734759 ], [ -68.453520366103419, -33.195063130832537 ], [ -68.453243068001314, -33.195187329993274 ] ] } },
{ "type": "Feature", "properties": { "id_tramo": 751, "osm_id": "612824066", "zona": "URBANO", "km": 0.16065533557623626, "lado": null, "banq_vrda": "SI", "b_v_estado": "BUENO", "km_b_v": 0.14065533557623627, "fecha": "08-2026" }, "geometry": { "type": "LineString", "coordinates": [ [ -68.455092807027967, -33.195698621663418 ], [ -68.454441007324007, -33.194712721472833 ] ] } },
{ "type": "Feature", "properties": { "id_tramo": 752, "osm_id": "183312742", "zona": "URBANO", "km": 0.17506450586359765, "lado": null, "banq_vrda": "SI", "b_v_estado": "BUENO", "km_b_v": 0.15506450586359766, "fecha": "08-2026" }, "geometry": { "type": "LineString", "coordinates": [ [ -68.451464998423376, -33.196258829584778 ], [ -68.451287999752822, -33.195974631521494 ], [ -68.451230001329918, -33.195881533988128 ], [ -68.450467801960812, -33.194658134148973 ] ] } },
{ "type": "Feature", "properties": { "id_tramo": 753, "osm_id": "183312795", "zona": "RURAL", "km": 0.44581295855396086, "lado": null, "banq_vrda": "SI", "b_v_estado": "BUENO", "km_b_v": 0.42581295855396084, "fecha": "08-2026" }, "geometry": { "type": "LineString", "coordinates": [ [ -68.459776262763228, -33.201346433357109 ], [ -68.459641962710833, -33.201326833348759 ], [ -68.459636500348665, -33.201325722039101 ], [ -68.458275119181494, -33.200967926971153 ], [ -68.458227038478753, -33.200955332025522 ], [ -68.458226211083513, -33.200955107527562 ], [ -68.458174190207316, -33.200940501660391 ], [ -68.456433795307433, -33.200451003068551 ], [ -68.456306390343173, -33.200415201670346 ], [ -68.45508928804837, -33.200072885384834 ], [ -68.454957687554156, -33.20003766553868 ], [ -68.454957010162545, -33.200037479025134 ], [ -68.454033309847276, -33.199775978921686 ] ] } },
{ "type": "Feature", "properties": { "id_tramo": 755, "osm_id": "277067037", "zona": "URBANO", "km": 0.061647245808001135, "lado": null, "banq_vrda": "SI", "b_v_estado": "REGULAR", "km_b_v": 0.041647245808001138, "fecha": "08-2026" }, "geometry": { "type": "LineString", "coordinates": [ [ -68.460511865209781, -33.196584060205069 ], [ -68.460381165158665, -33.196399360242737 ] ] } },
{ "type": "Feature", "properties": { "id_tramo": 759, "osm_id": "183312795", "zona": "URBANO", "km": 0.060049517343797015, "lado": null, "banq_vrda": "SI", "b_v_estado": "REGULAR", "km_b_v": 0.040049517343797011, "fecha": "08-2026" }, "geometry": { "type": "LineString", "coordinates": [ [ -68.466847915588119, -33.20174636468235 ], [ -68.466582915479464, -33.201746964681512 ] ] } },
{ "type": "Feature", "properties": { "id_tramo": 763, "osm_id": "183315865", "zona": "URBANO", "km": 0.09928578779666046, "lado": null, "banq_vrda": "SI", "b_v_estado": "BUENO", "km_b_v": 0.079285787796660456, "fecha": "08-2026" }, "geometry": { "type": "LineString", "coordinates": [ [ -68.466556473155492, -33.20253640519222 ], [ -68.465908072945325, -33.202753505271673 ] ] } },
{ "type": "Feature", "properties": { "id_tramo": 764, "osm_id": "183315865", "zona": "URBANO", "km": 0.09928578779666046, "lado": null, "banq_vrda": "SI", "b_v_estado": "BUENO", "km_b_v": 0.079285787796660456, "fecha": "08-2026" }, "geometry": { "type": "LineString", "coordinates": [ [ -68.466458259670944, -33.202328917521541 ], [ -68.465812059882182, -33.202541617443593 ] ] } },
{ "type": "Feature", "properties": { "id_tramo": 765, "osm_id": "183315922", "zona": "URBANO", "km": 0.06688953114481612, "lado": null, "banq_vrda": "SI", "b_v_estado": "BUENO", "km_b_v": 0.046889531144816116, "fecha": "08-2026" }, "geometry": { "type": "LineString", "coordinates": [ [ -68.46677374604586, -33.203052637144296 ], [ -68.466076146331787, -33.203046537149632 ] ] } },
{ "type": "Feature", "properties": { "id_tramo": 766, "osm_id": "183315922", "zona": "URBANO", "km": 0.067220317646233332, "lado": null, "banq_vrda": "SI", "b_v_estado": "BUENO", "km_b_v": 0.047220317646233329, "fecha": "08-2026" }, "geometry": { "type": "LineString", "coordinates": [ [ -68.467509986134218, -33.203053135639941 ], [ -68.467223586251649, -33.20305433564063 ] ] } },
{ "type": "Feature", "properties": { "id_tramo": 774, "osm_id": "183315885", "zona": "URBANO", "km": 0.19841163603859605, "lado": null, "banq_vrda": "SI", "b_v_estado": "BUENO", "km_b_v": 0.17841163603859606, "fecha": "08-2026" }, "geometry": { "type": "LineString", "coordinates": [ [ -68.467700464836838, -33.201744568662498 ], [ -68.468120065170083, -33.202616068533636 ] ] } },
{ "type": "Feature", "properties": { "id_tramo": 775, "osm_id": "183315880", "zona": "URBANO", "km": 0.093294818525034517, "lado": null, "banq_vrda": "SI", "b_v_estado": "BUENO", "km_b_v": 0.073294818525034514, "fecha": "08-2026" }, "geometry": { "type": "LineString", "coordinates": [ [ -68.466568230583491, -33.20177380601325 ], [ -68.467150131054012, -33.202996805834317 ] ] } },
{ "type": "Feature", "properties": { "id_tramo": 776, "osm_id": "183315880", "zona": "URBANO", "km": 0.093294818525034517, "lado": null, "banq_vrda": "SI", "b_v_estado": "REGULAR", "km_b_v": 0.073294818525034514, "fecha": "08-2026" }, "geometry": { "type": "LineString", "coordinates": [ [ -68.466256766538933, -33.201790387937201 ], [ -68.466477466360331, -33.20225448800506 ] ] } },
{ "type": "Feature", "properties": { "id_tramo": 777, "osm_id": "183315908", "zona": "URBANO", "km": 0.14104369948564582, "lado": null, "banq_vrda": "SI", "b_v_estado": "BUENO", "km_b_v": 0.12104369948564582, "fecha": "08-2026" }, "geometry": { "type": "LineString", "coordinates": [ [ -68.464997317951841, -33.201781337022389 ], [ -68.465668617526944, -33.202992037224952 ] ] } },
{ "type": "Feature", "properties": { "id_tramo": 778, "osm_id": "183315908", "zona": "URBANO", "km": 0.14104369948564582, "lado": null, "banq_vrda": "SI", "b_v_estado": "REGULAR", "km_b_v": 0.12104369948564582, "fecha": "08-2026" }, "geometry": { "type": "LineString", "coordinates": [ [ -68.465330718632913, -33.201790429112158 ], [ -68.465730918888525, -33.202516028991305 ] ] } },
{ "type": "Feature", "properties": { "id_tramo": 779, "osm_id": "183315908", "zona": "URBANO", "km": 0.054983435226373063, "lado": null, "banq_vrda": "SI", "b_v_estado": "REGULAR", "km_b_v": 0.034983435226373066, "fecha": "08-2026" }, "geometry": { "type": "LineString", "coordinates": [ [ -68.465872284244838, -33.202796664395713 ], [ -68.465988584311646, -33.202995164360907 ] ] } },
{ "type": "Feature", "properties": { "id_tramo": 782, "osm_id": "183315908", "zona": "URBANO", "km": 0.14255998204655126, "lado": null, "banq_vrda": "SI", "b_v_estado": "REGULAR", "km_b_v": 0.12255998204655126, "fecha": "08-2026" }, "geometry": { "type": "LineString", "coordinates": [ [ -68.465856602183067, -33.203344982669442 ], [ -68.466398101878411, -33.204258682831139 ] ] } },
{ "type": "Feature", "properties": { "id_tramo": 783, "osm_id": "183315916", "zona": "URBANO", "km": 0.17986154274793029, "lado": null, "banq_vrda": "SI", "b_v_estado": "BUENO", "km_b_v": 0.1598615427479303, "fecha": "08-2026" }, "geometry": { "type": "LineString", "coordinates": [ [ -68.465434425164389, -33.203323829244852 ], [ -68.466108525528284, -33.204436229044312 ] ] } },
{ "type": "Feature", "properties": { "id_tramo": 786, "osm_id": "183315885", "zona": "URBANO", "km": 0.0063141009903044734, "lado": null, "banq_vrda": "SI", "b_v_estado": "BUENO", "km_b_v": -0.013685899009695527, "fecha": "08-2026" }, "geometry": { "type": "LineString", "coordinates": [ [ -68.46803523556234, -33.202708628050182 ], [ -68.467946835564817, -33.202780228029383 ], [ -68.467940673181133, -33.202786491132038 ], [ -68.467885873165017, -33.202857091116279 ], [ -68.467884610768508, -33.202858822071107 ], [ -68.467833310747736, -33.202933822055769 ] ] } },
{ "type": "Feature", "properties": { "id_tramo": 788, "osm_id": "183312795", "zona": "URBANO", "km": 0.066433849434078471, "lado": null, "banq_vrda": "SI", "b_v_estado": "BUENO", "km_b_v": 0.046433849434078467, "fecha": "08-2026" }, "geometry": { "type": "LineString", "coordinates": [ [ -68.462909126849141, -33.201669653511047 ], [ -68.462124908665146, -33.201653153122088 ], [ -68.461998715882388, -33.201650453275988 ], [ -68.461160405859133, -33.201632753058078 ], [ -68.461025217424123, -33.201629853305597 ], [ -68.460377528758272, -33.201616253540926 ] ] } },
{ "type": "Feature", "properties": { "id_tramo": 792, "osm_id": "771230533", "zona": "URBANO", "km": 0.19081111411853585, "lado": null, "banq_vrda": "SI", "b_v_estado": "BUENO", "km_b_v": 0.17081111411853586, "fecha": "08-2026" }, "geometry": { "type": "LineString", "coordinates": [ [ -68.464564761594133, -33.202937545770219 ], [ -68.464009582531773, -33.202948845346484 ], [ -68.463897012229523, -33.202951044766714 ], [ -68.463287121464447, -33.202962744592128 ] ] } },
{ "type": "Feature", "properties": { "id_tramo": 793, "osm_id": "183315916", "zona": "URBANO", "km": 0.073616580562694586, "lado": null, "banq_vrda": "SI", "b_v_estado": "BUENO", "km_b_v": 0.053616580562694582, "fecha": "08-2026" }, "geometry": { "type": "LineString", "coordinates": [ [ -68.464388528396256, -33.202062256591113 ], [ -68.46455542830067, -33.202346656641019 ] ] } },
{ "type": "Feature", "properties": { "id_tramo": 795, "osm_id": "183315850", "zona": "URBANO", "km": 0.071981535758323348, "lado": null, "banq_vrda": "SI", "b_v_estado": "REGULAR", "km_b_v": 0.051981535758323344, "fecha": "08-2026" }, "geometry": { "type": "LineString", "coordinates": [ [ -68.463890427109433, -33.201969591815413 ], [ -68.464032527270277, -33.202349891770957 ] ] } },
{ "type": "Feature", "properties": { "id_tramo": 799, "osm_id": "183312791", "zona": "URBANO", "km": 0.10645697699035157, "lado": null, "banq_vrda": "SI", "b_v_estado": "MALO", "km_b_v": 0.086456976990351569, "fecha": "08-2026" }, "geometry": { "type": "LineString", "coordinates": [ [ -68.448635074474126, -33.19002703524994 ], [ -68.447951374754325, -33.190026035253268 ] ] } },
{ "type": "Feature", "properties": { "id_tramo": 800, "osm_id": "183312791", "zona": "URBANO", "km": 0.049143929159022673, "lado": null, "banq_vrda": "SI", "b_v_estado": "REGULAR", "km_b_v": 0.029143929159022672, "fecha": "08-2026" }, "geometry": { "type": "LineString", "coordinates": [ [ -68.451182893511088, -33.190029436105448 ], [ -68.450316893866031, -33.190034636107022 ] ] } },
{ "type": "Feature", "properties": { "id_tramo": 802, "osm_id": "183312791", "zona": "URBANO", "km": 0.11427173484245902, "lado": null, "banq_vrda": "SI", "b_v_estado": "REGULAR", "km_b_v": 0.094271734842459015, "fecha": "08-2026" }, "geometry": { "type": "LineString", "coordinates": [ [ -68.449909265295162, -33.19029916454069 ], [ -68.449013267187084, -33.190302064530755 ], [ -68.448862767970397, -33.190302564527485 ], [ -68.448072367646432, -33.190305164525164 ] ] } },
{ "type": "Feature", "properties": { "id_tramo": 803, "osm_id": "183312797", "zona": "URBANO", "km": 0.098002414373924249, "lado": null, "banq_vrda": "SI", "b_v_estado": "BUENO", "km_b_v": 0.078002414373924245, "fecha": "08-2026" }, "geometry": { "type": "LineString", "coordinates": [ [ -68.448180718355488, -33.189389175421013 ], [ -68.447649918533443, -33.18955427536028 ] ] } },
{ "type": "Feature", "properties": { "id_tramo": 804, "osm_id": "183312797", "zona": "URBANO", "km": 0.098002414373924249, "lado": null, "banq_vrda": "SI", "b_v_estado": "REGULAR", "km_b_v": 0.078002414373924245, "fecha": "08-2026" }, "geometry": { "type": "LineString", "coordinates": [ [ -68.448307440511783, -33.189610174873778 ], [ -68.447763640330393, -33.189781374936679 ] ] } },
{ "type": "Feature", "properties": { "id_tramo": 810, "osm_id": "1165526541", "zona": "URBANO", "km": 0.10681848030635474, "lado": null, "banq_vrda": "SI", "b_v_estado": "BUENO", "km_b_v": 0.086818480306354737, "fecha": "08-2026" }, "geometry": { "type": "LineString", "coordinates": [ [ -68.458706971695094, -33.199734276760594 ], [ -68.457884171976715, -33.199977476670703 ] ] } },
{ "type": "Feature", "properties": { "id_tramo": 811, "osm_id": "1165526541", "zona": "URBANO", "km": 0.10681848030635474, "lado": null, "banq_vrda": "SI", "b_v_estado": "BUENO", "km_b_v": 0.086818480306354737, "fecha": "08-2026" }, "geometry": { "type": "LineString", "coordinates": [ [ -68.45883936740853, -33.199958281905793 ], [ -68.457995067120748, -33.200210581998981 ] ] } },
{ "type": "Feature", "properties": { "id_tramo": 812, "osm_id": "177170650", "zona": "URBANO", "km": 0.11084570306618734, "lado": null, "banq_vrda": "SI", "b_v_estado": "BUENO", "km_b_v": 0.090845703066187333, "fecha": "08-2026" }, "geometry": { "type": "LineString", "coordinates": [ [ -68.466704175664916, -33.189345466873291 ], [ -68.466013675466812, -33.189626266973477 ] ] } },
{ "type": "Feature", "properties": { "id_tramo": 813, "osm_id": "177170650", "zona": "URBANO", "km": 0.11084570306618734, "lado": null, "banq_vrda": "SI", "b_v_estado": "REGULAR", "km_b_v": 0.090845703066187333, "fecha": "08-2026" }, "geometry": { "type": "LineString", "coordinates": [ [ -68.466565692416651, -33.18911594613715 ], [ -68.465887692610849, -33.189392246038594 ] ] } },
{ "type": "Feature", "properties": { "id_tramo": 817, "osm_id": "360738024", "zona": "URBANO", "km": 0.11402914554933526, "lado": null, "banq_vrda": "SI", "b_v_estado": "BUENO", "km_b_v": 0.094029145549335252, "fecha": "08-2026" }, "geometry": { "type": "LineString", "coordinates": [ [ -68.46805365510798, -33.191228487199645 ], [ -68.467332355292399, -33.191561487083519 ] ] } },
{ "type": "Feature", "properties": { "id_tramo": 818, "osm_id": "177170655", "zona": "URBANO", "km": 0.117396692814753, "lado": null, "banq_vrda": "SI", "b_v_estado": "REGULAR", "km_b_v": 0.097396692814752994, "fecha": "08-2026" }, "geometry": { "type": "LineString", "coordinates": [ [ -68.469582784983658, -33.193476133215427 ], [ -68.468833284742715, -33.193731033308524 ] ] } },
{ "type": "Feature", "properties": { "id_tramo": 819, "osm_id": "177170655", "zona": "URBANO", "km": 0.117396692814753, "lado": null, "banq_vrda": "SI", "b_v_estado": "MALO", "km_b_v": 0.097396692814752994, "fecha": "08-2026" }, "geometry": { "type": "LineString", "coordinates": [ [ -68.469448452905183, -33.193240691569358 ], [ -68.468687253146527, -33.193506391472582 ] ] } },
{ "type": "Feature", "properties": { "id_tramo": 821, "osm_id": "177170511", "zona": "URBANO", "km": 0.11859041308576093, "lado": null, "banq_vrda": "SI", "b_v_estado": "BUENO", "km_b_v": 0.098590413085760928, "fecha": "08-2026" }, "geometry": { "type": "LineString", "coordinates": [ [ -68.470427601742372, -33.194632103638128 ], [ -68.469659201991107, -33.194889903543825 ] ] } },
{ "type": "Feature", "properties": { "id_tramo": 822, "osm_id": "177170661", "zona": "URBANO", "km": 0.11597176971209129, "lado": null, "banq_vrda": "SI", "b_v_estado": "BUENO", "km_b_v": 0.095971769712091287, "fecha": "08-2026" }, "geometry": { "type": "LineString", "coordinates": [ [ -68.470957117084552, -33.19539904592569 ], [ -68.470179517326855, -33.195678945824085 ] ] } },
{ "type": "Feature", "properties": { "id_tramo": 824, "osm_id": "177170501", "zona": "URBANO", "km": 0.055551799951387454, "lado": null, "banq_vrda": "SI", "b_v_estado": "BUENO", "km_b_v": 0.03555179995138745, "fecha": "08-2026" }, "geometry": { "type": "LineString", "coordinates": [ [ -68.473574769463582, -33.198417707091934 ], [ -68.472784772792977, -33.198653106093161 ], [ -68.47269277679473, -33.19868050490053 ], [ -68.472339177314083, -33.19878580474289 ] ] } },
{ "type": "Feature", "properties": { "id_tramo": 825, "osm_id": "177170501", "zona": "URBANO", "km": 0.055551799951387454, "lado": null, "banq_vrda": "SI", "b_v_estado": "REGULAR", "km_b_v": 0.03555179995138745, "fecha": "08-2026" }, "geometry": { "type": "LineString", "coordinates": [ [ -68.472459049273027, -33.198568038234555 ], [ -68.472210549359261, -33.198638738208331 ] ] } },
{ "type": "Feature", "properties": { "id_tramo": 828, "osm_id": "257800486", "zona": "URBANO", "km": 0.078200957202182814, "lado": null, "banq_vrda": "SI", "b_v_estado": "BUENO", "km_b_v": 0.05820095720218281, "fecha": "08-2026" }, "geometry": { "type": "LineString", "coordinates": [ [ -68.472077430398883, -33.19777382360467 ], [ -68.471728630304426, -33.197925723658258 ] ] } },
{ "type": "Feature", "properties": { "id_tramo": 830, "osm_id": "177170527", "zona": "URBANO", "km": 0.075447016552996127, "lado": null, "banq_vrda": "SI", "b_v_estado": "REGULAR", "km_b_v": 0.055447016552996123, "fecha": "08-2026" }, "geometry": { "type": "LineString", "coordinates": [ [ -68.472481216634307, -33.198501779425094 ], [ -68.472304607489704, -33.198126859633135 ], [ -68.472272210544773, -33.198057966063246 ], [ -68.472152213671251, -33.197803072458136 ] ] } },
{ "type": "Feature", "properties": { "id_tramo": 832, "osm_id": "177170500", "zona": "URBANO", "km": 0.088563342097380884, "lado": null, "banq_vrda": "SI", "b_v_estado": "BUENO", "km_b_v": 0.06856334209738088, "fecha": "08-2026" }, "geometry": { "type": "LineString", "coordinates": [ [ -68.466585767360726, -33.189047939729896 ], [ -68.466128867542352, -33.188397439598035 ], [ -68.466128796539621, -33.188397338130869 ], [ -68.466070096563371, -33.188313138113884 ], [ -68.466069913647942, -33.188312873164321 ], [ -68.46570601380165, -33.18778057305866 ] ] } },
{ "type": "Feature", "properties": { "id_tramo": 834, "osm_id": "177170500", "zona": "URBANO", "km": 0.11376334779519248, "lado": null, "banq_vrda": "SI", "b_v_estado": "MALO", "km_b_v": 0.093763347795192478, "fecha": "08-2026" }, "geometry": { "type": "LineString", "coordinates": [ [ -68.466851938871557, -33.188944427470517 ], [ -68.466460138719242, -33.188392027583319 ] ] } },
{ "type": "Feature", "properties": { "id_tramo": 835, "osm_id": "257793192", "zona": "URBANO", "km": 0.063723130360308314, "lado": null, "banq_vrda": "SI", "b_v_estado": "BUENO", "km_b_v": 0.04372313036030831, "fecha": "08-2026" }, "geometry": { "type": "LineString", "coordinates": [ [ -68.465625386488526, -33.187774232361988 ], [ -68.464943686269422, -33.188006132446674 ] ] } },
{ "type": "Feature", "properties": { "id_tramo": 836, "osm_id": "658283842", "zona": "URBANO", "km": 0.1061515189212611, "lado": null, "banq_vrda": "SI", "b_v_estado": "REGULAR", "km_b_v": 0.086151518921261092, "fecha": "08-2026" }, "geometry": { "type": "LineString", "coordinates": [ [ -68.467776220787272, -33.188618202181161 ], [ -68.467417020648256, -33.188112702284535 ] ] } },
{ "type": "Feature", "properties": { "id_tramo": 839, "osm_id": "320867674", "zona": "URBANO", "km": 0.10464978155026999, "lado": null, "banq_vrda": "SI", "b_v_estado": "REGULAR", "km_b_v": 0.08464978155026999, "fecha": "08-2026" }, "geometry": { "type": "LineString", "coordinates": [ [ -68.4681620080367, -33.188518010673455 ], [ -68.467805508183915, -33.188001810570178 ] ] } },
{ "type": "Feature", "properties": { "id_tramo": 840, "osm_id": "183315853", "zona": "URBANO", "km": 0.10131663691593554, "lado": null, "banq_vrda": "SI", "b_v_estado": "REGULAR", "km_b_v": 0.081316636915935533, "fecha": "08-2026" }, "geometry": { "type": "LineString", "coordinates": [ [ -68.469015220931468, -33.188186162614471 ], [ -68.468696120810918, -33.187741662706095 ] ] } },
{ "type": "Feature", "properties": { "id_tramo": 841, "osm_id": "183315853", "zona": "URBANO", "km": 0.10131663691593554, "lado": null, "banq_vrda": "SI", "b_v_estado": "BUENO", "km_b_v": 0.081316636915935533, "fecha": "08-2026" }, "geometry": { "type": "LineString", "coordinates": [ [ -68.468742283914921, -33.188290262845854 ], [ -68.468423284041236, -33.187836862753812 ] ] } },
{ "type": "Feature", "properties": { "id_tramo": 842, "osm_id": "177170530", "zona": "URBANO", "km": 0.10942853253513546, "lado": null, "banq_vrda": "SI", "b_v_estado": "BUENO", "km_b_v": 0.089428532535135455, "fecha": "08-2026" }, "geometry": { "type": "LineString", "coordinates": [ [ -68.469800354664613, -33.187945573720306 ], [ -68.469328254577988, -33.187427173846814 ] ] } },
{ "type": "Feature", "properties": { "id_tramo": 847, "osm_id": "177170500", "zona": "URBANO", "km": 0.077291075044582561, "lado": null, "banq_vrda": "SI", "b_v_estado": "BUENO", "km_b_v": 0.057291075044582557, "fecha": "08-2026" }, "geometry": { "type": "LineString", "coordinates": [ [ -68.468067837912102, -33.191161155460982 ], [ -68.467855037999342, -33.190854055399384 ] ] } },
{ "type": "Feature", "properties": { "id_tramo": 848, "osm_id": "177170500", "zona": "URBANO", "km": 0.067067248400619631, "lado": null, "banq_vrda": "SI", "b_v_estado": "BUENO", "km_b_v": 0.047067248400619627, "fecha": "08-2026" }, "geometry": { "type": "LineString", "coordinates": [ [ -68.467546041918993, -33.189930572944377 ], [ -68.467384641854707, -33.189700572990951 ] ] } },
{ "type": "Feature", "properties": { "id_tramo": 849, "osm_id": "177170500", "zona": "URBANO", "km": 0.058893029519481895, "lado": null, "banq_vrda": "SI", "b_v_estado": "BUENO", "km_b_v": 0.038893029519481898, "fecha": "08-2026" }, "geometry": { "type": "LineString", "coordinates": [ [ -68.467194902762444, -33.189428417559625 ], [ -68.467075402715281, -33.189258817594094 ] ] } },
{ "type": "Feature", "properties": { "id_tramo": 850, "osm_id": "177170595", "zona": "URBANO", "km": 0.052250133709967797, "lado": null, "banq_vrda": "SI", "b_v_estado": "BUENO", "km_b_v": 0.032250133709967793, "fecha": "08-2026" }, "geometry": { "type": "LineString", "coordinates": [ [ -68.471178300569761, -33.191319100055431 ], [ -68.470688400367109, -33.1906092001974 ] ] } },
{ "type": "Feature", "properties": { "id_tramo": 853, "osm_id": "319005278", "zona": "URBANO", "km": 0.1089486640435471, "lado": null, "banq_vrda": "SI", "b_v_estado": "BUENO", "km_b_v": 0.088948664043547093, "fecha": "08-2026" }, "geometry": { "type": "LineString", "coordinates": [ [ -68.469874798499646, -33.191349110352611 ], [ -68.46962029839932, -33.190988110426012 ] ] } },
{ "type": "Feature", "properties": { "id_tramo": 854, "osm_id": "177170502", "zona": "URBANO", "km": 0.050514314844638593, "lado": null, "banq_vrda": "SI", "b_v_estado": "BUENO", "km_b_v": 0.030514314844638592, "fecha": "08-2026" }, "geometry": { "type": "LineString", "coordinates": [ [ -68.470115826976979, -33.191695693614577 ], [ -68.470029926942047, -33.191572193639423 ] ] } },
{ "type": "Feature", "properties": { "id_tramo": 856, "osm_id": "177170595", "zona": "URBANO", "km": 0.071859624138383871, "lado": null, "banq_vrda": "SI", "b_v_estado": "REGULAR", "km_b_v": 0.051859624138383867, "fecha": "08-2026" }, "geometry": { "type": "LineString", "coordinates": [ [ -68.470685902721897, -33.191067704546015 ], [ -68.470433102826391, -33.190701504472756 ] ] } },
{ "type": "Feature", "properties": { "id_tramo": 858, "osm_id": "658283842", "zona": "URBANO", "km": 0.068759887559323482, "lado": null, "banq_vrda": "SI", "b_v_estado": "REGULAR", "km_b_v": 0.048759887559323478, "fecha": "08-2026" }, "geometry": { "type": "LineString", "coordinates": [ [ -68.468208120251248, -33.189673833476071 ], [ -68.468028020317007, -33.189426533424523 ] ] } },
{ "type": "Feature", "properties": { "id_tramo": 860, "osm_id": "177170650", "zona": "URBANO", "km": 0.093451876522301025, "lado": null, "banq_vrda": "SI", "b_v_estado": "REGULAR", "km_b_v": 0.073451876522301021, "fecha": "08-2026" }, "geometry": { "type": "LineString", "coordinates": [ [ -68.467670526885868, -33.18897087876524 ], [ -68.467076626706685, -33.189195978846378 ] ] } },
{ "type": "Feature", "properties": { "id_tramo": 861, "osm_id": "177170650", "zona": "URBANO", "km": 0.093451876522301025, "lado": null, "banq_vrda": "SI", "b_v_estado": "BUENO", "km_b_v": 0.073451876522301021, "fecha": "08-2026" }, "geometry": { "type": "LineString", "coordinates": [ [ -68.467520174293497, -33.188751045518877 ], [ -68.466951474466626, -33.188963645442108 ] ] } },
{ "type": "Feature", "properties": { "id_tramo": 864, "osm_id": "177170649", "zona": "URBANO", "km": 0.092458308295500696, "lado": null, "banq_vrda": "SI", "b_v_estado": "BUENO", "km_b_v": 0.072458308295500692, "fecha": "08-2026" }, "geometry": { "type": "LineString", "coordinates": [ [ -68.468456959025843, -33.189894473437079 ], [ -68.467750258800166, -33.190137873525828 ] ] } },
{ "type": "Feature", "properties": { "id_tramo": 866, "osm_id": "177170657", "zona": "URBANO", "km": 0.1051736688055712, "lado": null, "banq_vrda": "SI", "b_v_estado": "BUENO", "km_b_v": 0.085173668805571201, "fecha": "08-2026" }, "geometry": { "type": "LineString", "coordinates": [ [ -68.468824517811626, -33.190458483510859 ], [ -68.468152417599129, -33.190694283596692 ] ] } },
{ "type": "Feature", "properties": { "id_tramo": 872, "osm_id": "177170655", "zona": "URBANO", "km": 0.10629481966340737, "lado": null, "banq_vrda": "SI", "b_v_estado": "BUENO", "km_b_v": 0.086294819663407366, "fecha": "08-2026" }, "geometry": { "type": "LineString", "coordinates": [ [ -68.470670770238755, -33.19309076976996 ], [ -68.469959070011569, -33.193336069859456 ] ] } },
{ "type": "Feature", "properties": { "id_tramo": 873, "osm_id": "177170655", "zona": "URBANO", "km": 0.10629481966340737, "lado": null, "banq_vrda": "SI", "b_v_estado": "REGULAR", "km_b_v": 0.086294819663407366, "fecha": "08-2026" }, "geometry": { "type": "LineString", "coordinates": [ [ -68.470524938302589, -33.192879996686024 ], [ -68.469859838513329, -33.193112396601393 ] ] } },
{ "type": "Feature", "properties": { "id_tramo": 875, "osm_id": "183315906", "zona": "URBANO", "km": 0.11440484923239813, "lado": null, "banq_vrda": "SI", "b_v_estado": "BUENO", "km_b_v": 0.094404849232398128, "fecha": "08-2026" }, "geometry": { "type": "LineString", "coordinates": [ [ -68.471024212035161, -33.193510833894173 ], [ -68.470308212266133, -33.193752633805779 ] ] } },
{ "type": "Feature", "properties": { "id_tramo": 877, "osm_id": "177170660", "zona": "URBANO", "km": 0.11882589936829598, "lado": null, "banq_vrda": "SI", "b_v_estado": "BUENO", "km_b_v": 0.098825899368295972, "fecha": "08-2026" }, "geometry": { "type": "LineString", "coordinates": [ [ -68.471380422289855, -33.193951463403941 ], [ -68.470600422543427, -33.194210863308967 ] ] } },
{ "type": "Feature", "properties": { "id_tramo": 879, "osm_id": "257956897", "zona": "URBANO", "km": 0.1056926377684477, "lado": null, "banq_vrda": "SI", "b_v_estado": "BUENO", "km_b_v": 0.085692637768447696, "fecha": "08-2026" }, "geometry": { "type": "LineString", "coordinates": [ [ -68.472660914049229, -33.19644062463427 ], [ -68.4719756138267, -33.196669124717907 ] ] } },
{ "type": "Feature", "properties": { "id_tramo": 882, "osm_id": "177170501", "zona": "URBANO", "km": 0.10741107194274134, "lado": null, "banq_vrda": "SI", "b_v_estado": "BUENO", "km_b_v": 0.087411071942741336, "fecha": "08-2026" }, "geometry": { "type": "LineString", "coordinates": [ [ -68.473508606435558, -33.198232309844379 ], [ -68.472825006663925, -33.198446709765449 ] ] } },
{ "type": "Feature", "properties": { "id_tramo": 883, "osm_id": "177170500", "zona": "URBANO", "km": 0.029349365739109276, "lado": null, "banq_vrda": "SI", "b_v_estado": "REGULAR", "km_b_v": 0.0093493657391092756, "fecha": "08-2026" }, "geometry": { "type": "LineString", "coordinates": [ [ -68.469681183799992, -33.193498265779731 ], [ -68.470445983497271, -33.19458496600042 ] ] } },
{ "type": "Feature", "properties": { "id_tramo": 889, "osm_id": "391480877", "zona": "URBANO", "km": 0.060542342055896134, "lado": null, "banq_vrda": "SI", "b_v_estado": "MALO", "km_b_v": 0.04054234205589613, "fecha": "08-2026" }, "geometry": { "type": "LineString", "coordinates": [ [ -68.469656935262918, -33.195580613347587 ], [ -68.469284135360624, -33.1957486132887 ] ] } },
{ "type": "Feature", "properties": { "id_tramo": 891, "osm_id": "177170500", "zona": "URBANO", "km": 0.069562356382080248, "lado": null, "banq_vrda": "SI", "b_v_estado": "BUENO", "km_b_v": 0.049562356382080244, "fecha": "08-2026" }, "geometry": { "type": "LineString", "coordinates": [ [ -68.4703686815823, -33.193998484808688 ], [ -68.470514681639614, -33.194205184766609 ] ] } },
{ "type": "Feature", "properties": { "id_tramo": 896, "osm_id": "177170500", "zona": "URBANO", "km": 0.050289388614783853, "lado": null, "banq_vrda": "SI", "b_v_estado": "BUENO", "km_b_v": 0.030289388614783853, "fecha": "08-2026" }, "geometry": { "type": "LineString", "coordinates": [ [ -68.46905241246273, -33.192070248579128 ], [ -68.468953812425568, -33.191933048607432 ] ] } },
{ "type": "Feature", "properties": { "id_tramo": 900, "osm_id": "658283842", "zona": "URBANO", "km": 0.09405504315686472, "lado": null, "banq_vrda": "SI", "b_v_estado": "BUENO", "km_b_v": 0.074055043156864717, "fecha": "08-2026" }, "geometry": { "type": "LineString", "coordinates": [ [ -68.467194484359027, -33.187814334827323 ], [ -68.466885384234601, -33.18737183491664 ] ] } },
{ "type": "Feature", "properties": { "id_tramo": 902, "osm_id": "360738024", "zona": "URBANO", "km": 0.10525414599764368, "lado": null, "banq_vrda": "SI", "b_v_estado": "BUENO", "km_b_v": 0.085254145997643679, "fecha": "08-2026" }, "geometry": { "type": "LineString", "coordinates": [ [ -68.469273614857514, -33.191064756867732 ], [ -68.468581514634465, -33.191298956953325 ] ] } },
{ "type": "Feature", "properties": { "id_tramo": 903, "osm_id": "360738024", "zona": "URBANO", "km": 0.10525414599764368, "lado": null, "banq_vrda": "SI", "b_v_estado": "BUENO", "km_b_v": 0.085254145997643679, "fecha": "08-2026" }, "geometry": { "type": "LineString", "coordinates": [ [ -68.469131902373874, -33.190830103642057 ], [ -68.46843030260095, -33.191065503555947 ] ] } },
{ "type": "Feature", "properties": { "id_tramo": 908, "osm_id": "183312743", "zona": "URBANO", "km": 0.057076570447172591, "lado": null, "banq_vrda": "SI", "b_v_estado": "BUENO", "km_b_v": 0.037076570447172594, "fecha": "08-2026" }, "geometry": { "type": "LineString", "coordinates": [ [ -68.450941487109432, -33.193177669115627 ], [ -68.450673787027768, -33.193277469151674 ] ] } },
{ "type": "Feature", "properties": { "id_tramo": 909, "osm_id": "183312743", "zona": "URBANO", "km": 0.057076570447172591, "lado": null, "banq_vrda": "SI", "b_v_estado": "BUENO", "km_b_v": 0.037076570447172594, "fecha": "08-2026" }, "geometry": { "type": "LineString", "coordinates": [ [ -68.450952639433538, -33.19291109595332 ], [ -68.450462546978216, -33.193095993096279 ], [ -68.450363054423491, -33.193133490288112 ], [ -68.449981041228725, -33.193277595254941 ] ] } },
{ "type": "Feature", "properties": { "id_tramo": 911, "osm_id": "183312750", "zona": "URBANO", "km": 0.093426267792895507, "lado": null, "banq_vrda": "SI", "b_v_estado": "BUENO", "km_b_v": 0.073426267792895503, "fecha": "08-2026" }, "geometry": { "type": "LineString", "coordinates": [ [ -68.452056475831682, -33.191503180319678 ], [ -68.451346078158309, -33.191745479515539 ], [ -68.451228180323, -33.191785678775695 ], [ -68.450942877176573, -33.191882979844372 ] ] } },
{ "type": "Feature", "properties": { "id_tramo": 912, "osm_id": "183312772", "zona": "URBANO", "km": 0.15107389170539268, "lado": null, "banq_vrda": "SI", "b_v_estado": "BUENO", "km_b_v": 0.13107389170539269, "fecha": "08-2026" }, "geometry": { "type": "LineString", "coordinates": [ [ -68.450561498578821, -33.192031464863888 ], [ -68.450023111733913, -33.192240759736947 ], [ -68.449922624762735, -33.192279754678559 ], [ -68.449439498834622, -33.192467564737314 ] ] } },
{ "type": "Feature", "properties": { "id_tramo": 913, "osm_id": "612824072", "zona": "URBANO", "km": 0.10485127620128223, "lado": null, "banq_vrda": "SI", "b_v_estado": "BUENO", "km_b_v": 0.08485127620128223, "fecha": "08-2026" }, "geometry": { "type": "LineString", "coordinates": [ [ -68.452639585142052, -33.192244789275037 ], [ -68.452254185264508, -33.191743889166304 ] ] } },
{ "type": "Feature", "properties": { "id_tramo": 917, "osm_id": "183312772", "zona": "URBANO", "km": 0.15107389170539268, "lado": null, "banq_vrda": "SI", "b_v_estado": "REGULAR", "km_b_v": 0.13107389170539269, "fecha": "08-2026" }, "geometry": { "type": "LineString", "coordinates": [ [ -68.450662622251201, -33.192242287985948 ], [ -68.450115787817055, -33.192456601479336 ], [ -68.450026808104283, -33.192491393548991 ], [ -68.449559828284009, -33.192674485648567 ] ] } },
{ "type": "Feature", "properties": { "id_tramo": 920, "osm_id": "183312791", "zona": "URBANO", "km": 0.049143929159022673, "lado": null, "banq_vrda": "SI", "b_v_estado": "BUENO", "km_b_v": 0.029143929159022672, "fecha": "08-2026" }, "geometry": { "type": "LineString", "coordinates": [ [ -68.450592965366681, -33.190296964543371 ], [ -68.450376965278139, -33.190297664542754 ] ] } },
{ "type": "Feature", "properties": { "id_tramo": 921, "osm_id": "183312789", "zona": "URBANO", "km": 0.14668794094550569, "lado": null, "banq_vrda": "SI", "b_v_estado": "REGULAR", "km_b_v": 0.1266879409455057, "fecha": "08-2026" }, "geometry": { "type": "LineString", "coordinates": [ [ -68.450347998809519, -33.194635993019915 ], [ -68.449935502868769, -33.194768391721816 ], [ -68.449853308204965, -33.194794790008956 ], [ -68.449522982369402, -33.194900898303032 ], [ -68.449418495110464, -33.194934394219821 ], [ -68.448559807598812, -33.195210190218717 ] ] } },
{ "type": "Feature", "properties": { "id_tramo": 923, "osm_id": "183312789", "zona": "URBANO", "km": 0.14668794094550569, "lado": null, "banq_vrda": "SI", "b_v_estado": "BUENO", "km_b_v": 0.1266879409455057, "fecha": "08-2026" }, "geometry": { "type": "LineString", "coordinates": [ [ -68.449608037229524, -33.194614792546332 ], [ -68.449418937291497, -33.194676692523643 ], [ -68.449325313729361, -33.194707400241853 ], [ -68.448454117374197, -33.194992999035932 ] ] } },
{ "type": "Feature", "properties": { "id_tramo": 926, "osm_id": "183312778", "zona": "URBANO", "km": 0.1481748313759681, "lado": null, "banq_vrda": "SI", "b_v_estado": "REGULAR", "km_b_v": 0.12817483137596811, "fecha": "08-2026" }, "geometry": { "type": "LineString", "coordinates": [ [ -68.448938422879948, -33.194236896670191 ], [ -68.448133323140894, -33.194506596571614 ] ] } },
{ "type": "Feature", "properties": { "id_tramo": 929, "osm_id": "183312743", "zona": "URBANO", "km": 0.14914662527177616, "lado": null, "banq_vrda": "SI", "b_v_estado": "REGULAR", "km_b_v": 0.12914662527177617, "fecha": "08-2026" }, "geometry": { "type": "LineString", "coordinates": [ [ -68.449003964752265, -33.193665486679897 ], [ -68.448814271094278, -33.193726084651779 ], [ -68.448720334201667, -33.193756064510069 ], [ -68.447813691354824, -33.194042946415365 ] ] } },
{ "type": "Feature", "properties": { "id_tramo": 931, "osm_id": "183312743", "zona": "URBANO", "km": 0.063989514901300767, "lado": null, "banq_vrda": "SI", "b_v_estado": "REGULAR", "km_b_v": 0.043989514901300764, "fecha": "08-2026" }, "geometry": { "type": "LineString", "coordinates": [ [ -68.449582337491648, -33.193414027640557 ], [ -68.449307137579567, -33.193508827606017 ] ] } },
{ "type": "Feature", "properties": { "id_tramo": 932, "osm_id": "183312743", "zona": "URBANO", "km": 0.063989514901300767, "lado": null, "banq_vrda": "SI", "b_v_estado": "BUENO", "km_b_v": 0.043989514901300764, "fecha": "08-2026" }, "geometry": { "type": "LineString", "coordinates": [ [ -68.449724026425073, -33.193639050302814 ], [ -68.449443726335758, -33.193736050338181 ] ] } },
{ "type": "Feature", "properties": { "id_tramo": 933, "osm_id": "319047715", "zona": "URBANO", "km": 0.14880687474294388, "lado": null, "banq_vrda": "SI", "b_v_estado": "BUENO", "km_b_v": 0.12880687474294389, "fecha": "08-2026" }, "geometry": { "type": "LineString", "coordinates": [ [ -68.448834358066762, -33.193400693712441 ], [ -68.448608665805835, -33.193469691348611 ], [ -68.448503474179844, -33.193501888786457 ], [ -68.447621074092595, -33.19377198882146 ] ] } },
{ "type": "Feature", "properties": { "id_tramo": 935, "osm_id": "183312780", "zona": "URBANO", "km": 0.054922303251334549, "lado": null, "banq_vrda": "SI", "b_v_estado": "BUENO", "km_b_v": 0.034922303251334552, "fecha": "08-2026" }, "geometry": { "type": "LineString", "coordinates": [ [ -68.449028913035761, -33.193609151177149 ], [ -68.448904713099182, -33.19341005114044 ] ] } },
{ "type": "Feature", "properties": { "id_tramo": 939, "osm_id": "183312763", "zona": "URBANO", "km": 0.098342154042594901, "lado": null, "banq_vrda": "SI", "b_v_estado": "BUENO", "km_b_v": 0.078342154042594897, "fecha": "08-2026" }, "geometry": { "type": "LineString", "coordinates": [ [ -68.452496143276605, -33.195188719367138 ], [ -68.451794343643428, -33.19408312069752 ], [ -68.451726944310167, -33.193976921820379 ], [ -68.45145766890343, -33.193552778470369 ], [ -68.451233833188255, -33.193105805052085 ] ] } },
{ "type": "Feature", "properties": { "id_tramo": 941, "osm_id": "183312746", "zona": "URBANO", "km": 0.19421276257210729, "lado": null, "banq_vrda": "SI", "b_v_estado": "REGULAR", "km_b_v": 0.1742127625721073, "fecha": "08-2026" }, "geometry": { "type": "LineString", "coordinates": [ [ -68.45179388059384, -33.195204637479371 ], [ -68.451216480299465, -33.194279837650079 ], [ -68.451149878522216, -33.194173234876367 ], [ -68.450892885269297, -33.193761507234676 ], [ -68.450661117613848, -33.193328402385063 ] ] } },
{ "type": "Feature", "properties": { "id_tramo": 942, "osm_id": "183312797", "zona": "URBANO", "km": 0.10593956423127708, "lado": null, "banq_vrda": "SI", "b_v_estado": "BUENO", "km_b_v": 0.085939564231277077, "fecha": "08-2026" }, "geometry": { "type": "LineString", "coordinates": [ [ -68.451332886443097, -33.188522063421011 ], [ -68.450769362586286, -33.188677714772012 ], [ -68.450628839037918, -33.188717664608888 ], [ -68.45048673975738, -33.188758064405278 ], [ -68.449667864088241, -33.188990901592341 ], [ -68.449546078878626, -33.189030801882041 ], [ -68.449428976641954, -33.189069202616125 ], [ -68.448657276389199, -33.189322102708758 ] ] } },
{ "type": "Feature", "properties": { "id_tramo": 943, "osm_id": "177170502", "zona": "URBANO", "km": 0.13260733606829686, "lado": null, "banq_vrda": "SI", "b_v_estado": "BUENO", "km_b_v": 0.11260733606829686, "fecha": "08-2026" }, "geometry": { "type": "LineString", "coordinates": [ [ -68.472259652212117, -33.194870441290504 ], [ -68.471890351934874, -33.194130741403484 ] ] } },
{ "type": "Feature", "properties": { "id_tramo": 944, "osm_id": "177170502", "zona": "URBANO", "km": 0.13260733606829686, "lado": null, "banq_vrda": "SI", "b_v_estado": "BUENO", "km_b_v": 0.11260733606829686, "fecha": "08-2026" }, "geometry": { "type": "LineString", "coordinates": [ [ -68.472062357914737, -33.194937760615389 ], [ -68.471695357623673, -33.19417596072811 ] ] } },
{ "type": "Feature", "properties": { "id_tramo": 947, "osm_id": "177170585", "zona": "URBANO", "km": 0.1267446216179331, "lado": null, "banq_vrda": "SI", "b_v_estado": "REGULAR", "km_b_v": 0.10674462161793309, "fecha": "08-2026" }, "geometry": { "type": "LineString", "coordinates": [ [ -68.473458039316895, -33.194453317640097 ], [ -68.473095639052758, -33.193740917750716 ] ] } },
{ "type": "Feature", "properties": { "id_tramo": 948, "osm_id": "177170585", "zona": "URBANO", "km": 0.1267446216179331, "lado": null, "banq_vrda": "SI", "b_v_estado": "BUENO", "km_b_v": 0.10674462161793309, "fecha": "08-2026" }, "geometry": { "type": "LineString", "coordinates": [ [ -68.473255989447736, -33.194520516413633 ], [ -68.472893589172983, -33.193790016524595 ] ] } },
{ "type": "Feature", "properties": { "id_tramo": 949, "osm_id": "177170514", "zona": "URBANO", "km": 0.1283395033506613, "lado": null, "banq_vrda": "SI", "b_v_estado": "BUENO", "km_b_v": 0.1083395033506613, "fecha": "08-2026" }, "geometry": { "type": "LineString", "coordinates": [ [ -68.47402093920185, -33.194264217357905 ], [ -68.473660938925292, -33.193532317468232 ] ] } },
{ "type": "Feature", "properties": { "id_tramo": 950, "osm_id": "177170514", "zona": "URBANO", "km": 0.1283395033506613, "lado": null, "banq_vrda": "SI", "b_v_estado": "BUENO", "km_b_v": 0.1083395033506613, "fecha": "08-2026" }, "geometry": { "type": "LineString", "coordinates": [ [ -68.473809557629309, -33.194335176248416 ], [ -68.47344945790617, -33.193602676138077 ] ] } },
{ "type": "Feature", "properties": { "id_tramo": 951, "osm_id": "612824061", "zona": "URBANO", "km": 0.13270858078579567, "lado": null, "banq_vrda": "SI", "b_v_estado": "BUENO", "km_b_v": 0.11270858078579567, "fecha": "08-2026" }, "geometry": { "type": "LineString", "coordinates": [ [ -68.474812565037254, -33.193967270264153 ], [ -68.474445564753339, -33.193217770376677 ] ] } },
{ "type": "Feature", "properties": { "id_tramo": 952, "osm_id": "612824061", "zona": "URBANO", "km": 0.13270858078579567, "lado": null, "banq_vrda": "SI", "b_v_estado": "BUENO", "km_b_v": 0.11270858078579567, "fecha": "08-2026" }, "geometry": { "type": "LineString", "coordinates": [ [ -68.474535594907493, -33.194063240229355 ], [ -68.474175495196761, -33.193309340118653 ] ] } },
{ "type": "Feature", "properties": { "id_tramo": 953, "osm_id": "177170576", "zona": "URBANO", "km": 0.13469472720791972, "lado": null, "banq_vrda": "SI", "b_v_estado": "REGULAR", "km_b_v": 0.11469472720791972, "fecha": "08-2026" }, "geometry": { "type": "LineString", "coordinates": [ [ -68.476031077503009, -33.193527493734322 ], [ -68.475643177217435, -33.192760093852819 ] ] } },
{ "type": "Feature", "properties": { "id_tramo": 958, "osm_id": "177170585", "zona": "URBANO", "km": 0.061970703380731941, "lado": null, "banq_vrda": "SI", "b_v_estado": "BUENO", "km_b_v": 0.041970703380731944, "fecha": "08-2026" }, "geometry": { "type": "LineString", "coordinates": [ [ -68.472720450162086, -33.193230094963184 ], [ -68.472898950211075, -33.193450394913548 ] ] } },
{ "type": "Feature", "properties": { "id_tramo": 959, "osm_id": "177170585", "zona": "URBANO", "km": 0.08418809647578164, "lado": null, "banq_vrda": "SI", "b_v_estado": "BUENO", "km_b_v": 0.064188096475781636, "fecha": "08-2026" }, "geometry": { "type": "LineString", "coordinates": [ [ -68.472001293691179, -33.192674936660403 ], [ -68.472281393577916, -33.193076736741411 ] ] } },
{ "type": "Feature", "properties": { "id_tramo": 960, "osm_id": "177170502", "zona": "URBANO", "km": 0.077638763484697129, "lado": null, "banq_vrda": "SI", "b_v_estado": "REGULAR", "km_b_v": 0.057638763484697125, "fecha": "08-2026" }, "geometry": { "type": "LineString", "coordinates": [ [ -68.470751588261038, -33.193108804088943 ], [ -68.471036688179382, -33.193465804168575 ] ] } },
{ "type": "Feature", "properties": { "id_tramo": 961, "osm_id": "177170502", "zona": "URBANO", "km": 0.065740980680016825, "lado": null, "banq_vrda": "SI", "b_v_estado": "BUENO", "km_b_v": 0.045740980680016821, "fecha": "08-2026" }, "geometry": { "type": "LineString", "coordinates": [ [ -68.471223584672757, -33.193705112452967 ], [ -68.471404984627227, -33.193922512502986 ] ] } },
{ "type": "Feature", "properties": { "id_tramo": 963, "osm_id": "177170514", "zona": "URBANO", "km": 0.049974929751798375, "lado": null, "banq_vrda": "SI", "b_v_estado": "BUENO", "km_b_v": 0.029974929751798374, "fecha": "08-2026" }, "geometry": { "type": "LineString", "coordinates": [ [ -68.473175617104886, -33.193088095479794 ], [ -68.473277717027599, -33.193293695511052 ] ] } },
{ "type": "Feature", "properties": { "id_tramo": 964, "osm_id": "612824061", "zona": "URBANO", "km": 0.13800381737582806, "lado": null, "banq_vrda": "SI", "b_v_estado": "REGULAR", "km_b_v": 0.11800381737582806, "fecha": "08-2026" }, "geometry": { "type": "LineString", "coordinates": [ [ -68.473570875166871, -33.192134810979759 ], [ -68.474002674844982, -33.192995911111765 ] ] } },
{ "type": "Feature", "properties": { "id_tramo": 965, "osm_id": "612824061", "zona": "URBANO", "km": 0.13800381737582806, "lado": null, "banq_vrda": "SI", "b_v_estado": "REGULAR", "km_b_v": 0.11800381737582806, "fecha": "08-2026" }, "geometry": { "type": "LineString", "coordinates": [ [ -68.473854706219441, -33.19203915202813 ], [ -68.474280706535453, -33.192886051897922 ] ] } },
{ "type": "Feature", "properties": { "id_tramo": 969, "osm_id": "177170502", "zona": "URBANO", "km": 0.13551134893809275, "lado": null, "banq_vrda": "SI", "b_v_estado": "BUENO", "km_b_v": 0.11551134893809274, "fecha": "08-2026" }, "geometry": { "type": "LineString", "coordinates": [ [ -68.470808629726747, -33.192723241517491 ], [ -68.470307629518061, -33.191995041662786 ] ] } },
{ "type": "Feature", "properties": { "id_tramo": 973, "osm_id": "183315891", "zona": "URBANO", "km": 0.060145357778895424, "lado": null, "banq_vrda": "SI", "b_v_estado": "REGULAR", "km_b_v": 0.040145357778895427, "fecha": "08-2026" }, "geometry": { "type": "LineString", "coordinates": [ [ -68.471964377257493, -33.19103461207856 ], [ -68.471482377453242, -33.190341911939115 ] ] } },
{ "type": "Feature", "properties": { "id_tramo": 974, "osm_id": "183315891", "zona": "URBANO", "km": 0.064061235747241249, "lado": null, "banq_vrda": "SI", "b_v_estado": "MALO", "km_b_v": 0.044061235747241245, "fecha": "08-2026" }, "geometry": { "type": "LineString", "coordinates": [ [ -68.472171603000319, -33.190969548986494 ], [ -68.471696803191932, -33.190289048849223 ] ] } },
{ "type": "Feature", "properties": { "id_tramo": 975, "osm_id": "183315891", "zona": "URBANO", "km": 0.022178854327287306, "lado": null, "banq_vrda": "SI", "b_v_estado": "BUENO", "km_b_v": 0.0021788543272873058, "fecha": "08-2026" }, "geometry": { "type": "LineString", "coordinates": [ [ -68.473305624134838, -33.19056508075284 ], [ -68.472836123934854, -33.189875580889314 ] ] } },
{ "type": "Feature", "properties": { "id_tramo": 976, "osm_id": "183315891", "zona": "URBANO", "km": 0.044602707690942309, "lado": null, "banq_vrda": "SI", "b_v_estado": "REGULAR", "km_b_v": 0.024602707690942308, "fecha": "08-2026" }, "geometry": { "type": "LineString", "coordinates": [ [ -68.47308777872496, -33.190632561121184 ], [ -68.472623978524794, -33.189947361256181 ] ] } },
{ "type": "Feature", "properties": { "id_tramo": 978, "osm_id": "177170660", "zona": "URBANO", "km": 0.056916209288567415, "lado": null, "banq_vrda": "SI", "b_v_estado": "BUENO", "km_b_v": 0.036916209288567411, "fecha": "08-2026" }, "geometry": { "type": "LineString", "coordinates": [ [ -68.472160006432361, -33.193986658400689 ], [ -68.471917706352556, -33.194065058429466 ] ] } },
{ "type": "Feature", "properties": { "id_tramo": 979, "osm_id": "177170655", "zona": "URBANO", "km": 0.12640667756024659, "lado": null, "banq_vrda": "SI", "b_v_estado": "BUENO", "km_b_v": 0.10640667756024659, "fecha": "08-2026" }, "geometry": { "type": "LineString", "coordinates": [ [ -68.471916362368802, -33.192664172462379 ], [ -68.471024862084164, -33.192971272574411 ] ] } },
{ "type": "Feature", "properties": { "id_tramo": 980, "osm_id": "177170661", "zona": "URBANO", "km": 0.060192299371310751, "lado": null, "banq_vrda": "SI", "b_v_estado": "REGULAR", "km_b_v": 0.040192299371310747, "fecha": "08-2026" }, "geometry": { "type": "LineString", "coordinates": [ [ -68.473170889899123, -33.194608243886861 ], [ -68.472891989988028, -33.194704643851701 ] ] } },
{ "type": "Feature", "properties": { "id_tramo": 981, "osm_id": "177170661", "zona": "URBANO", "km": 0.05780229513650724, "lado": null, "banq_vrda": "SI", "b_v_estado": "BUENO", "km_b_v": 0.037802295136507236, "fecha": "08-2026" }, "geometry": { "type": "LineString", "coordinates": [ [ -68.472576606403749, -33.194813738176052 ], [ -68.472330106482389, -33.194898838145008 ] ] } },
{ "type": "Feature", "properties": { "id_tramo": 982, "osm_id": "183315906", "zona": "URBANO", "km": 0.11995551289168274, "lado": null, "banq_vrda": "SI", "b_v_estado": "BUENO", "km_b_v": 0.099955512891682738, "fecha": "08-2026" }, "geometry": { "type": "LineString", "coordinates": [ [ -68.4722651146907, -33.193117176277923 ], [ -68.4713882149846, -33.193389976177436 ] ] } },
{ "type": "Feature", "properties": { "id_tramo": 985, "osm_id": "319005278", "zona": "URBANO", "km": 0.1089486640435471, "lado": null, "banq_vrda": "SI", "b_v_estado": "BUENO", "km_b_v": 0.088948664043547093, "fecha": "08-2026" }, "geometry": { "type": "LineString", "coordinates": [ [ -68.470764741339451, -33.191273104522423 ], [ -68.470045941114222, -33.191529304615528 ] ] } },
{ "type": "Feature", "properties": { "id_tramo": 987, "osm_id": "360738024", "zona": "URBANO", "km": 0.11022230405742134, "lado": null, "banq_vrda": "SI", "b_v_estado": "BUENO", "km_b_v": 0.090222304057421335, "fecha": "08-2026" }, "geometry": { "type": "LineString", "coordinates": [ [ -68.470187183360736, -33.190467481112258 ], [ -68.469484383583804, -33.190712281023089 ] ] } },
{ "type": "Feature", "properties": { "id_tramo": 988, "osm_id": "177170657", "zona": "URBANO", "km": 0.11049961313997311, "lado": null, "banq_vrda": "SI", "b_v_estado": "BUENO", "km_b_v": 0.090499613139973109, "fecha": "08-2026" }, "geometry": { "type": "LineString", "coordinates": [ [ -68.46991233050727, -33.190076048771232 ], [ -68.469201730280972, -33.190322048860907 ] ] } },
{ "type": "Feature", "properties": { "id_tramo": 989, "osm_id": "177170649", "zona": "URBANO", "km": 0.060309401849774076, "lado": null, "banq_vrda": "SI", "b_v_estado": "BUENO", "km_b_v": 0.040309401849774079, "fecha": "08-2026" }, "geometry": { "type": "LineString", "coordinates": [ [ -68.469411539105948, -33.189316692910218 ], [ -68.469134639194692, -33.189411392875634 ] ] } },
{ "type": "Feature", "properties": { "id_tramo": 992, "osm_id": "177170502", "zona": "URBANO", "km": 0.081560165557352016, "lado": null, "banq_vrda": "SI", "b_v_estado": "BUENO", "km_b_v": 0.061560165557352012, "fecha": "08-2026" }, "geometry": { "type": "LineString", "coordinates": [ [ -68.469410855312773, -33.190679849628744 ], [ -68.469190555226831, -33.19036874969219 ] ] } },
{ "type": "Feature", "properties": { "id_tramo": 993, "osm_id": "177170502", "zona": "URBANO", "km": 0.081560165557352016, "lado": null, "banq_vrda": "SI", "b_v_estado": "BUENO", "km_b_v": 0.061560165557352012, "fecha": "08-2026" }, "geometry": { "type": "LineString", "coordinates": [ [ -68.469125626528239, -33.190790898228116 ], [ -68.468908126624257, -33.190466198164664 ] ] } },
{ "type": "Feature", "properties": { "id_tramo": 999, "osm_id": "177170621", "zona": "URBANO", "km": 0.0787916610436626, "lado": null, "banq_vrda": "SI", "b_v_estado": "BUENO", "km_b_v": 0.058791661043662596, "fecha": "08-2026" }, "geometry": { "type": "LineString", "coordinates": [ [ -68.471270678171194, -33.190047274655754 ], [ -68.471055578264981, -33.18972797459309 ] ] } },
{ "type": "Feature", "properties": { "id_tramo": 1000, "osm_id": "177170621", "zona": "URBANO", "km": 0.071061588908887682, "lado": null, "banq_vrda": "SI", "b_v_estado": "BUENO", "km_b_v": 0.051061588908887678, "fecha": "08-2026" }, "geometry": { "type": "LineString", "coordinates": [ [ -68.471131563387175, -33.189348247475387 ], [ -68.470946663311338, -33.189081347528905 ] ] } },
{ "type": "Feature", "properties": { "id_tramo": 1002, "osm_id": "183315894", "zona": "URBANO", "km": 0.077791553781878062, "lado": null, "banq_vrda": "SI", "b_v_estado": "REGULAR", "km_b_v": 0.057791553781878058, "fecha": "08-2026" }, "geometry": { "type": "LineString", "coordinates": [ [ -68.472613908371173, -33.189574068145056 ], [ -68.472411408289204, -33.18928346820362 ] ] } },
{ "type": "Feature", "properties": { "id_tramo": 1003, "osm_id": "183315894", "zona": "URBANO", "km": 0.077791553781878062, "lado": null, "banq_vrda": "SI", "b_v_estado": "BUENO", "km_b_v": 0.057791553781878058, "fecha": "08-2026" }, "geometry": { "type": "LineString", "coordinates": [ [ -68.47233756593981, -33.18967065031962 ], [ -68.472130266026255, -33.189369150259488 ] ] } },
{ "type": "Feature", "properties": { "id_tramo": 1006, "osm_id": "177170661", "zona": "URBANO", "km": 0.060174980331797794, "lado": null, "banq_vrda": "SI", "b_v_estado": "REGULAR", "km_b_v": 0.040174980331797797, "fecha": "08-2026" }, "geometry": { "type": "LineString", "coordinates": [ [ -68.473794781878766, -33.194378294878739 ], [ -68.473506381968122, -33.194483094840741 ] ] } },
{ "type": "Feature", "properties": { "id_tramo": 1008, "osm_id": "177170660", "zona": "URBANO", "km": 0.078128473320754024, "lado": null, "banq_vrda": "SI", "b_v_estado": "REGULAR", "km_b_v": 0.058128473320754021, "fecha": "08-2026" }, "geometry": { "type": "LineString", "coordinates": [ [ -68.473992257824449, -33.193055741695566 ], [ -68.473539757959031, -33.193230941632578 ] ] } },
{ "type": "Feature", "properties": { "id_tramo": 1009, "osm_id": "177170660", "zona": "URBANO", "km": 0.062828848530189371, "lado": null, "banq_vrda": "SI", "b_v_estado": "BUENO", "km_b_v": 0.042828848530189367, "fecha": "08-2026" }, "geometry": { "type": "LineString", "coordinates": [ [ -68.473304851074616, -33.193402116005366 ], [ -68.472979750978425, -33.193528916050909 ] ] } },
{ "type": "Feature", "properties": { "id_tramo": 1010, "osm_id": "183315906", "zona": "URBANO", "km": 0.070795914170243265, "lado": null, "banq_vrda": "SI", "b_v_estado": "REGULAR", "km_b_v": 0.050795914170243261, "fecha": "08-2026" }, "geometry": { "type": "LineString", "coordinates": [ [ -68.473154604957756, -33.192846105757937 ], [ -68.472616105135785, -33.193018905694444 ] ] } },
{ "type": "Feature", "properties": { "id_tramo": 1012, "osm_id": "177170660", "zona": "URBANO", "km": 0.062828848530189371, "lado": null, "banq_vrda": "SI", "b_v_estado": "BUENO", "km_b_v": 0.042828848530189367, "fecha": "08-2026" }, "geometry": { "type": "LineString", "coordinates": [ [ -68.473384713423982, -33.193587206772456 ], [ -68.473109713338786, -33.19368710680871 ] ] } },
{ "type": "Feature", "properties": { "id_tramo": 1013, "osm_id": "183315906", "zona": "URBANO", "km": 0.070795914170243265, "lado": null, "banq_vrda": "SI", "b_v_estado": "BUENO", "km_b_v": 0.050795914170243261, "fecha": "08-2026" }, "geometry": { "type": "LineString", "coordinates": [ [ -68.473112961491438, -33.193075583437988 ], [ -68.472715961356172, -33.193194183481801 ] ] } },
{ "type": "Feature", "properties": { "id_tramo": 1014, "osm_id": "177170655", "zona": "URBANO", "km": 0.1185158252712292, "lado": null, "banq_vrda": "SI", "b_v_estado": "BUENO", "km_b_v": 0.098515825271229193, "fecha": "08-2026" }, "geometry": { "type": "LineString", "coordinates": [ [ -68.473391496545617, -33.191870441749735 ], [ -68.472884696707169, -33.192045541685879 ], [ -68.472786685513228, -33.192079445552956 ], [ -68.472602391317906, -33.192143143543731 ] ] } },
{ "type": "Feature", "properties": { "id_tramo": 1022, "osm_id": "360738024", "zona": "URBANO", "km": 0.10919683754849653, "lado": null, "banq_vrda": "SI", "b_v_estado": "MALO", "km_b_v": 0.089196837548496527, "fecha": "08-2026" }, "geometry": { "type": "LineString", "coordinates": [ [ -68.472460019416687, -33.189948882932974 ], [ -68.471776319200586, -33.190188783020311 ] ] } },
{ "type": "Feature", "properties": { "id_tramo": 1023, "osm_id": "360738024", "zona": "URBANO", "km": 0.10919683754849653, "lado": null, "banq_vrda": "SI", "b_v_estado": "REGULAR", "km_b_v": 0.089196837548496527, "fecha": "08-2026" }, "geometry": { "type": "LineString", "coordinates": [ [ -68.472315512624689, -33.189721912001346 ], [ -68.471641012835619, -33.189963111913741 ] ] } },
{ "type": "Feature", "properties": { "id_tramo": 1029, "osm_id": "183315840", "zona": "URBANO", "km": 0.091442212897938094, "lado": null, "banq_vrda": "SI", "b_v_estado": "REGULAR", "km_b_v": 0.07144221289793809, "fecha": "08-2026" }, "geometry": { "type": "LineString", "coordinates": [ [ -68.470783224480584, -33.188160181268046 ], [ -68.470247024662058, -33.188323081207955 ] ] } },
{ "type": "Feature", "properties": { "id_tramo": 1030, "osm_id": "177170650", "zona": "URBANO", "km": 0.092810808941902787, "lado": null, "banq_vrda": "SI", "b_v_estado": "BUENO", "km_b_v": 0.072810808941902783, "fecha": "08-2026" }, "geometry": { "type": "LineString", "coordinates": [ [ -68.470589244010966, -33.187968995270346 ], [ -68.470037743840308, -33.1881697953431 ] ] } },
{ "type": "Feature", "properties": { "id_tramo": 1033, "osm_id": "177170653", "zona": "URBANO", "km": 0.065858044885143116, "lado": null, "banq_vrda": "SI", "b_v_estado": "REGULAR", "km_b_v": 0.045858044885143112, "fecha": "08-2026" }, "geometry": { "type": "LineString", "coordinates": [ [ -68.469670580618555, -33.186930487930354 ], [ -68.469553980655107, -33.186971987915292 ], [ -68.469550616680664, -33.186973332894048 ], [ -68.469442216709382, -33.187021632877077 ], [ -68.469440984251563, -33.187022203992377 ], [ -68.469012985192535, -33.18722830351826 ], [ -68.468923886281274, -33.187271202989706 ], [ -68.46845327936559, -33.187497906297075 ], [ -68.468339942045418, -33.187552494459624 ], [ -68.468291446320137, -33.187572858874148 ], [ -68.468240086145428, -33.187590072997892 ], [ -68.467307998787263, -33.18783305259808 ] ] } },
{ "type": "Feature", "properties": { "id_tramo": 1064, "osm_id": "177170618", "zona": "URBANO", "km": 0.086766252660487334, "lado": null, "banq_vrda": "SI", "b_v_estado": "BUENO", "km_b_v": 0.06676625266048733, "fecha": "08-2026" }, "geometry": { "type": "LineString", "coordinates": [ [ -68.470543893834019, -33.186575898799326 ], [ -68.470267393785861, -33.186276098873115 ] ] } },
{ "type": "Feature", "properties": { "id_tramo": 1066, "osm_id": "257793192", "zona": "URBANO", "km": 0.041494066972945158, "lado": null, "banq_vrda": "SI", "b_v_estado": "REGULAR", "km_b_v": 0.021494066972945158, "fecha": "08-2026" }, "geometry": { "type": "LineString", "coordinates": [ [ -68.466612258090308, -33.187425375823189 ], [ -68.465962757880561, -33.187644275903196 ] ] } },
{ "type": "Feature", "properties": { "id_tramo": 1067, "osm_id": "257793192", "zona": "URBANO", "km": 0.11980010561564962, "lado": null, "banq_vrda": "SI", "b_v_estado": "BUENO", "km_b_v": 0.099800105615649615, "fecha": "08-2026" }, "geometry": { "type": "LineString", "coordinates": [ [ -68.469246213845523, -33.186522622991092 ], [ -68.468165704934506, -33.18689092604378 ], [ -68.468028917651139, -33.186937521713986 ], [ -68.466898430041198, -33.18732331750266 ] ] } },
{ "type": "Feature", "properties": { "id_tramo": 1070, "osm_id": "257793192", "zona": "URBANO", "km": 0.041512836870587377, "lado": null, "banq_vrda": "SI", "b_v_estado": "REGULAR", "km_b_v": 0.021512836870587377, "fecha": "08-2026" }, "geometry": { "type": "LineString", "coordinates": [ [ -68.4707926614104, -33.185677889047987 ], [ -68.469932270067801, -33.185978086013264 ], [ -68.469820078498245, -33.186017183073524 ], [ -68.469071859008395, -33.186278289857846 ] ] } },
{ "type": "Feature", "properties": { "id_tramo": 1071, "osm_id": "257793192", "zona": "URBANO", "km": 0.059897371131687749, "lado": null, "banq_vrda": "SI", "b_v_estado": "REGULAR", "km_b_v": 0.039897371131687745, "fecha": "08-2026" }, "geometry": { "type": "LineString", "coordinates": [ [ -68.469938030896131, -33.186365552385112 ], [ -68.469665030813076, -33.186467652421996 ] ] } },
{ "type": "Feature", "properties": { "id_tramo": 1074, "osm_id": "177170650", "zona": "URBANO", "km": 0.060618460244576636, "lado": null, "banq_vrda": "SI", "b_v_estado": "REGULAR", "km_b_v": 0.040618460244576632, "fecha": "08-2026" }, "geometry": { "type": "LineString", "coordinates": [ [ -68.471034701972457, -33.18755838803628 ], [ -68.470774602053083, -33.187652788002048 ] ] } },
{ "type": "Feature", "properties": { "id_tramo": 1075, "osm_id": "177170650", "zona": "URBANO", "km": 0.054954575901386957, "lado": null, "banq_vrda": "SI", "b_v_estado": "BUENO", "km_b_v": 0.034954575901386953, "fecha": "08-2026" }, "geometry": { "type": "LineString", "coordinates": [ [ -68.47161333054737, -33.187339505748781 ], [ -68.471360230626573, -33.187429905715952 ] ] } },
{ "type": "Feature", "properties": { "id_tramo": 1076, "osm_id": "177170650", "zona": "URBANO", "km": 0.054107936288903848, "lado": null, "banq_vrda": "SI", "b_v_estado": "BUENO", "km_b_v": 0.034107936288903851, "fecha": "08-2026" }, "geometry": { "type": "LineString", "coordinates": [ [ -68.472311041711905, -33.187355568378436 ], [ -68.471974536825726, -33.187476370138405 ], [ -68.471879237397218, -33.18751056993505 ], [ -68.471561037860354, -33.187624769774651 ] ] } },
{ "type": "Feature", "properties": { "id_tramo": 1081, "osm_id": "183315867", "zona": "URBANO", "km": 0.11170883879059448, "lado": null, "banq_vrda": "SI", "b_v_estado": "BUENO", "km_b_v": 0.09170883879059448, "fecha": "08-2026" }, "geometry": { "type": "LineString", "coordinates": [ [ -68.472799031877088, -33.187855978433404 ], [ -68.472420600249222, -33.187988889535539 ], [ -68.472338713308247, -33.188017584960669 ], [ -68.471855937501047, -33.18818707647528 ], [ -68.471770329501666, -33.188217179284955 ], [ -68.471401829385229, -33.188346579332055 ] ] } },
{ "type": "Feature", "properties": { "id_tramo": 1082, "osm_id": "183315867", "zona": "URBANO", "km": 0.11170883879059448, "lado": null, "banq_vrda": "SI", "b_v_estado": "BUENO", "km_b_v": 0.09170883879059448, "fecha": "08-2026" }, "geometry": { "type": "LineString", "coordinates": [ [ -68.472661678292695, -33.187670448310612 ], [ -68.472308778405093, -33.187792548266088 ], [ -68.472228850391076, -33.187820257967068 ], [ -68.472228773757877, -33.187820284607398 ], [ -68.471879073868791, -33.187942184562999 ] ] } },
{ "type": "Feature", "properties": { "id_tramo": 1083, "osm_id": "177170613", "zona": "URBANO", "km": 0.057615331112594509, "lado": null, "banq_vrda": "SI", "b_v_estado": "REGULAR", "km_b_v": 0.037615331112594505, "fecha": "08-2026" }, "geometry": { "type": "LineString", "coordinates": [ [ -68.471254646866484, -33.18863640691108 ], [ -68.471017646912784, -33.188372006847231 ] ] } },
{ "type": "Feature", "properties": { "id_tramo": 1088, "osm_id": "177170655", "zona": "URBANO", "km": 0.14672657961189381, "lado": null, "banq_vrda": "SI", "b_v_estado": "BUENO", "km_b_v": 0.12672657961189382, "fecha": "08-2026" }, "geometry": { "type": "LineString", "coordinates": [ [ -68.476181856983985, -33.191178304881454 ], [ -68.475099456641018, -33.191556405019185 ] ] } },
{ "type": "Feature", "properties": { "id_tramo": 1091, "osm_id": "320867672", "zona": "URBANO", "km": 0.054308309300433816, "lado": null, "banq_vrda": "SI", "b_v_estado": "MALO", "km_b_v": 0.034308309300433812, "fecha": "08-2026" }, "geometry": { "type": "LineString", "coordinates": [ [ -68.472948842033318, -33.19103717937238 ], [ -68.472345047124008, -33.191244877630673 ], [ -68.472250345852004, -33.191277478069516 ], [ -68.471968145761863, -33.191374578104913 ] ] } },
{ "type": "Feature", "properties": { "id_tramo": 1092, "osm_id": "612824061", "zona": "URBANO", "km": 0.13047179676169229, "lado": null, "banq_vrda": "SI", "b_v_estado": "REGULAR", "km_b_v": 0.11047179676169229, "fecha": "08-2026" }, "geometry": { "type": "LineString", "coordinates": [ [ -68.473682912827684, -33.191713869113414 ], [ -68.473262912572565, -33.190973769239697 ] ] } },
{ "type": "Feature", "properties": { "id_tramo": 1094, "osm_id": "320867672", "zona": "URBANO", "km": 0.23478443794827558, "lado": null, "banq_vrda": "SI", "b_v_estado": "BUENO", "km_b_v": 0.21478443794827559, "fecha": "08-2026" }, "geometry": { "type": "LineString", "coordinates": [ [ -68.475438712798294, -33.190140109509706 ], [ -68.474491512549307, -33.190565609658925 ], [ -68.474486700760735, -33.190567460070469 ], [ -68.474365200720712, -33.190606760084904 ], [ -68.474363723763176, -33.190607211876276 ], [ -68.473303623397285, -33.190913111989595 ] ] } },
{ "type": "Feature", "properties": { "id_tramo": 1095, "osm_id": "320867672", "zona": "URBANO", "km": 0.23478443794827558, "lado": null, "banq_vrda": "SI", "b_v_estado": "BUENO", "km_b_v": 0.21478443794827559, "fecha": "08-2026" }, "geometry": { "type": "LineString", "coordinates": [ [ -68.475290574608309, -33.189939351351086 ], [ -68.474387461544509, -33.19034279772314 ], [ -68.474284690173988, -33.190379268086261 ], [ -68.473386354116784, -33.190600286470918 ] ] } },
{ "type": "Feature", "properties": { "id_tramo": 1097, "osm_id": "177170530", "zona": "URBANO", "km": 0.054734136828080197, "lado": null, "banq_vrda": "SI", "b_v_estado": "REGULAR", "km_b_v": 0.0347341368280802, "fecha": "08-2026" }, "geometry": { "type": "LineString", "coordinates": [ [ -68.470139621136227, -33.188322512102218 ], [ -68.470030521118332, -33.188205812131187 ] ] } },
{ "type": "Feature", "properties": { "id_tramo": 1100, "osm_id": "177170618", "zona": "URBANO", "km": 0.070325493939701653, "lado": null, "banq_vrda": "SI", "b_v_estado": "BUENO", "km_b_v": 0.050325493939701649, "fecha": "08-2026" }, "geometry": { "type": "LineString", "coordinates": [ [ -68.471778450556741, -33.187921851392183 ], [ -68.471552450517976, -33.187677651452397 ] ] } },
{ "type": "Feature", "properties": { "id_tramo": 1101, "osm_id": "177170618", "zona": "URBANO", "km": 0.070325493939701653, "lado": null, "banq_vrda": "SI", "b_v_estado": "REGULAR", "km_b_v": 0.050325493939701649, "fecha": "08-2026" }, "geometry": { "type": "LineString", "coordinates": [ [ -68.471500680028569, -33.188034375791545 ], [ -68.471282080077657, -33.187780975731904 ] ] } },
{ "type": "Feature", "properties": { "id_tramo": 1103, "osm_id": "177170653", "zona": "URBANO", "km": 0.061035813649885341, "lado": null, "banq_vrda": "SI", "b_v_estado": "BUENO", "km_b_v": 0.041035813649885344, "fecha": "08-2026" }, "geometry": { "type": "LineString", "coordinates": [ [ -68.470273323396654, -33.186721532796199 ], [ -68.470019323477686, -33.186809132764239 ] ] } },
{ "type": "Feature", "properties": { "id_tramo": 1104, "osm_id": "177170653", "zona": "URBANO", "km": 0.053077690675584481, "lado": null, "banq_vrda": "SI", "b_v_estado": "BUENO", "km_b_v": 0.033077690675584484, "fecha": "08-2026" }, "geometry": { "type": "LineString", "coordinates": [ [ -68.471517142049237, -33.186543803977223 ], [ -68.471298341980699, -33.186621804005547 ] ] } },
{ "type": "Feature", "properties": { "id_tramo": 1105, "osm_id": "177170653", "zona": "URBANO", "km": 0.052704075619337751, "lado": null, "banq_vrda": "SI", "b_v_estado": "BUENO", "km_b_v": 0.032704075619337747, "fecha": "08-2026" }, "geometry": { "type": "LineString", "coordinates": [ [ -68.47101094414667, -33.186724103238468 ], [ -68.470785444076014, -33.18680450326768 ] ] } },
{ "type": "Feature", "properties": { "id_tramo": 1106, "osm_id": "177170653", "zona": "URBANO", "km": 0.053077690675584481, "lado": null, "banq_vrda": "SI", "b_v_estado": "BUENO", "km_b_v": 0.033077690675584484, "fecha": "08-2026" }, "geometry": { "type": "LineString", "coordinates": [ [ -68.471523370231523, -33.186280551187409 ], [ -68.471038970385749, -33.186448251126272 ], [ -68.470946272294753, -33.186480350463611 ], [ -68.470623177504777, -33.18659214865567 ] ] } },
{ "type": "Feature", "properties": { "id_tramo": 1108, "osm_id": "183315903", "zona": "URBANO", "km": 0.11705292466881624, "lado": null, "banq_vrda": "SI", "b_v_estado": "MALO", "km_b_v": 0.097052924668816237, "fecha": "08-2026" }, "geometry": { "type": "LineString", "coordinates": [ [ -68.472361628731534, -33.187002508328845 ], [ -68.471709328631391, -33.186315008501104 ] ] } },
{ "type": "Feature", "properties": { "id_tramo": 1112, "osm_id": "177321969", "zona": "URBANO", "km": 0.12702552573021575, "lado": null, "banq_vrda": "SI", "b_v_estado": "REGULAR", "km_b_v": 0.10702552573021575, "fecha": "08-2026" }, "geometry": { "type": "LineString", "coordinates": [ [ -68.457173665074194, -33.187597096249704 ], [ -68.456708564878653, -33.18691829638464 ] ] } },
{ "type": "Feature", "properties": { "id_tramo": 1113, "osm_id": "177321969", "zona": "URBANO", "km": 0.12702552573021575, "lado": null, "banq_vrda": "SI", "b_v_estado": "BUENO", "km_b_v": 0.10702552573021575, "fecha": "08-2026" }, "geometry": { "type": "LineString", "coordinates": [ [ -68.456883258529658, -33.187694794252472 ], [ -68.456431958732253, -33.187015794120661 ] ] } },
{ "type": "Feature", "properties": { "id_tramo": 1114, "osm_id": "177321969", "zona": "URBANO", "km": 0.11943313789498594, "lado": null, "banq_vrda": "SI", "b_v_estado": "REGULAR", "km_b_v": 0.099433137894985937, "fecha": "08-2026" }, "geometry": { "type": "LineString", "coordinates": [ [ -68.456222053854574, -33.1867002271442 ], [ -68.455829354044056, -33.186088327028713 ] ] } },
{ "type": "Feature", "properties": { "id_tramo": 1115, "osm_id": "177321969", "zona": "URBANO", "km": 0.11943313789498594, "lado": null, "banq_vrda": "SI", "b_v_estado": "BUENO", "km_b_v": 0.099433137894985937, "fecha": "08-2026" }, "geometry": { "type": "LineString", "coordinates": [ [ -68.456497662751815, -33.18660083849614 ], [ -68.456097262571163, -33.185996938613116 ] ] } },
{ "type": "Feature", "properties": { "id_tramo": 1118, "osm_id": "177321947", "zona": "URBANO", "km": 0.1316745174819805, "lado": null, "banq_vrda": "SI", "b_v_estado": "REGULAR", "km_b_v": 0.1116745174819805, "fecha": "08-2026" }, "geometry": { "type": "LineString", "coordinates": [ [ -68.458301411376837, -33.187298903682105 ], [ -68.457840511606804, -33.18656850354612 ] ] } },
{ "type": "Feature", "properties": { "id_tramo": 523, "osm_id": "177321922", "zona": "URBANO", "km": 0.063580907611580195, "lado": null, "banq_vrda": "SI", "b_v_estado": "MALO", "km_b_v": 0.043580907611580191, "fecha": "08-2026" }, "geometry": { "type": "LineString", "coordinates": [ [ -68.463831456638147, -33.199984095116925 ], [ -68.463206256932224, -33.199022294933407 ] ] } },
{ "type": "Feature", "properties": { "id_tramo": 1034, "osm_id": "177170650", "zona": "URBANO", "km": 0.07972426773954823, "lado": null, "banq_vrda": "SI", "b_v_estado": "BUENO", "km_b_v": 0.059724267739548226, "fecha": "08-2026" }, "geometry": { "type": "LineString", "coordinates": [ [ -68.469519512434701, -33.188085468246783 ], [ -68.469090112575742, -33.188225268195517 ] ] } },
{ "type": "Feature", "properties": { "id_tramo": 1041, "osm_id": "320867674", "zona": "URBANO", "km": 0.12311160731021914, "lado": null, "banq_vrda": "SI", "b_v_estado": "BUENO", "km_b_v": 0.10311160731021914, "fecha": "08-2026" }, "geometry": { "type": "LineString", "coordinates": [ [ -68.469070672159418, -33.189396574199321 ], [ -68.468580971967569, -33.188703774340453 ] ] } },
{ "type": "Feature", "properties": { "id_tramo": 1044, "osm_id": "183315853", "zona": "URBANO", "km": 0.1242931482118379, "lado": null, "banq_vrda": "SI", "b_v_estado": "REGULAR", "km_b_v": 0.1042931482118379, "fecha": "08-2026" }, "geometry": { "type": "LineString", "coordinates": [ [ -68.469695178670179, -33.189173169671903 ], [ -68.469224178476324, -33.188492169808313 ] ] } },
{ "type": "Feature", "properties": { "id_tramo": 1045, "osm_id": "177170653", "zona": "URBANO", "km": 0.065858044885143116, "lado": null, "banq_vrda": "SI", "b_v_estado": "BUENO", "km_b_v": 0.045858044885143112, "fecha": "08-2026" }, "geometry": { "type": "LineString", "coordinates": [ [ -68.468359913774222, -33.187825669941084 ], [ -68.468060213665055, -33.18789786996804 ] ] } },
{ "type": "Feature", "properties": { "id_tramo": 1046, "osm_id": "177170653", "zona": "URBANO", "km": 0.060774470921905958, "lado": null, "banq_vrda": "SI", "b_v_estado": "REGULAR", "km_b_v": 0.040774470921905961, "fecha": "08-2026" }, "geometry": { "type": "LineString", "coordinates": [ [ -68.46773163326759, -33.187974350514345 ], [ -68.467426533160818, -33.188058950545745 ] ] } },
{ "type": "Feature", "properties": { "id_tramo": 1050, "osm_id": "320867672", "zona": "URBANO", "km": 0.065746032680773059, "lado": null, "banq_vrda": "SI", "b_v_estado": "BUENO", "km_b_v": 0.045746032680773055, "fecha": "08-2026" }, "geometry": { "type": "LineString", "coordinates": [ [ -68.472996489573816, -33.190725784493146 ], [ -68.472333489781789, -33.190961584407425 ] ] } },
{ "type": "Feature", "properties": { "id_tramo": 1053, "osm_id": "177170660", "zona": "URBANO", "km": 0.12561072898353956, "lado": null, "banq_vrda": "SI", "b_v_estado": "REGULAR", "km_b_v": 0.10561072898353956, "fecha": "08-2026" }, "geometry": { "type": "LineString", "coordinates": [ [ -68.475219906582922, -33.192659494267318 ], [ -68.474408406343457, -33.192977194381371 ] ] } },
{ "type": "Feature", "properties": { "id_tramo": 1054, "osm_id": "177170655", "zona": "URBANO", "km": 0.12351514502354007, "lado": null, "banq_vrda": "SI", "b_v_estado": "REGULAR", "km_b_v": 0.10351514502354006, "fecha": "08-2026" }, "geometry": { "type": "LineString", "coordinates": [ [ -68.474686458059253, -33.191692469471064 ], [ -68.473890057807893, -33.191972669573055 ] ] } },
{ "type": "Feature", "properties": { "id_tramo": 1055, "osm_id": "177170655", "zona": "URBANO", "km": 0.14672657961189381, "lado": null, "banq_vrda": "SI", "b_v_estado": "BUENO", "km_b_v": 0.12672657961189382, "fecha": "08-2026" }, "geometry": { "type": "LineString", "coordinates": [ [ -68.476025352344408, -33.190945926907283 ], [ -68.474830454861447, -33.191366026002093 ], [ -68.474710957003623, -33.191408025247156 ], [ -68.473768951943995, -33.191739227009784 ] ] } },
{ "type": "Feature", "properties": { "id_tramo": 1056, "osm_id": "177170613", "zona": "URBANO", "km": 0.11500851296318879, "lado": null, "banq_vrda": "SI", "b_v_estado": "BUENO", "km_b_v": 0.095008512963188782, "fecha": "08-2026" }, "geometry": { "type": "LineString", "coordinates": [ [ -68.470707425620162, -33.18762481717917 ], [ -68.470186525534444, -33.1870674173175 ] ] } },
{ "type": "Feature", "properties": { "id_tramo": 1061, "osm_id": "183315842", "zona": "URBANO", "km": 0.1166114335882808, "lado": null, "banq_vrda": "SI", "b_v_estado": "BUENO", "km_b_v": 0.096611433588280796, "fecha": "08-2026" }, "geometry": { "type": "LineString", "coordinates": [ [ -68.471609320293737, -33.187295851754797 ], [ -68.471073720368793, -33.186741951614344 ] ] } }
]
}
