{
"type": "FeatureCollection",
"name": "cordon",
"crs": { "type": "name", "properties": { "name": "urn:ogc:def:crs:OGC:1.3:CRS84" } },
"features": [
{ "type": "Feature", "properties": { "id_tramo": 2, "osm_id": "177321947", "zona": "URBANO", "km": 0.1316745174819805, "lado": null, "cordon": "NO", "cord_estado": null, "km_cordon": 0.1116745174819805, "fecha": "08-2026" }, "geometry": { "type": "LineString", "coordinates": [ [ -68.4581517, -33.187334200000016 ], [ -68.4576862, -33.186606 ] ] } },
{ "type": "Feature", "properties": { "id_tramo": 3, "osm_id": "177321947", "zona": "URBANO", "km": 0.12053637539622541, "lado": null, "cordon": "NO", "cord_estado": null, "km_cordon": 0.10053637539622541, "fecha": "08-2026" }, "geometry": { "type": "LineString", "coordinates": [ [ -68.4594324, -33.188890500000014 ], [ -68.4585471, -33.1875933 ] ] } },
{ "type": "Feature", "properties": { "id_tramo": 4, "osm_id": "177321947", "zona": "URBANO", "km": 0.076735696240249812, "lado": null, "cordon": "NO", "cord_estado": null, "km_cordon": 0.056735696240249808, "fecha": "08-2026" }, "geometry": { "type": "LineString", "coordinates": [ [ -68.4592196, -33.1889417 ], [ -68.458953900000012, -33.1885513 ] ] } },
{ "type": "Feature", "properties": { "id_tramo": 8, "osm_id": "177321922", "zona": "URBANO", "km": 0.12392292397883316, "lado": null, "cordon": "NO", "cord_estado": null, "km_cordon": 0.10392292397883315, "fecha": "08-2026" }, "geometry": { "type": "LineString", "coordinates": [ [ -68.4560646, -33.1879345 ], [ -68.4556536, -33.1872712 ] ] } },
{ "type": "Feature", "properties": { "id_tramo": 19, "osm_id": "177322061", "zona": "URBANO", "km": 0.13744877826966284, "lado": null, "cordon": "SI", "cord_estado": "BUENO", "km_cordon": 0.11744877826966284, "fecha": "08-2026" }, "geometry": { "type": "LineString", "coordinates": [ [ -68.4651943, -33.195371600000016 ], [ -68.4646755, -33.1945395 ] ] } },
{ "type": "Feature", "properties": { "id_tramo": 20, "osm_id": "177321955", "zona": "URBANO", "km": 0.12677634088931433, "lado": null, "cordon": "NO", "cord_estado": null, "km_cordon": 0.10677634088931433, "fecha": "08-2026" }, "geometry": { "type": "LineString", "coordinates": [ [ -68.4677631, -33.1946062 ], [ -68.4681948, -33.1952601 ] ] } },
{ "type": "Feature", "properties": { "id_tramo": 21, "osm_id": "177322061", "zona": "URBANO", "km": 0.10614847704761934, "lado": null, "cordon": "SI", "cord_estado": "BUENO", "km_cordon": 0.08614847704761934, "fecha": "08-2026" }, "geometry": { "type": "LineString", "coordinates": [ [ -68.4661689, -33.1972456 ], [ -68.4658482, -33.1967552 ] ] } },
{ "type": "Feature", "properties": { "id_tramo": 23, "osm_id": "177322061", "zona": "URBANO", "km": 0.14218626832578768, "lado": null, "cordon": "NO", "cord_estado": null, "km_cordon": 0.12218626832578768, "fecha": "08-2026" }, "geometry": { "type": "LineString", "coordinates": [ [ -68.4644673, -33.1942514 ], [ -68.4639374, -33.1934673 ] ] } },
{ "type": "Feature", "properties": { "id_tramo": 25, "osm_id": "177321929", "zona": "URBANO", "km": 0.14160821460137962, "lado": null, "cordon": "SI", "cord_estado": "BUENO", "km_cordon": 0.12160821460137962, "fecha": "08-2026" }, "geometry": { "type": "LineString", "coordinates": [ [ -68.467801, -33.1968962 ], [ -68.4672888, -33.196111500000015 ] ] } },
{ "type": "Feature", "properties": { "id_tramo": 26, "osm_id": "177321929", "zona": "URBANO", "km": 0.14160821460137962, "lado": null, "cordon": "SI", "cord_estado": "BUENO", "km_cordon": 0.12160821460137962, "fecha": "08-2026" }, "geometry": { "type": "LineString", "coordinates": [ [ -68.4675979, -33.1969893 ], [ -68.4670794, -33.1961936 ] ] } },
{ "type": "Feature", "properties": { "id_tramo": 27, "osm_id": "177322061", "zona": "URBANO", "km": 0.03551978122093119, "lado": null, "cordon": "NO", "cord_estado": null, "km_cordon": 0.01551978122093119, "fecha": "08-2026" }, "geometry": { "type": "LineString", "coordinates": [ [ -68.4670125, -33.198540100000017 ], [ -68.4663667, -33.1975411 ] ] } },
{ "type": "Feature", "properties": { "id_tramo": 28, "osm_id": "177322061", "zona": "URBANO", "km": 0.12174503373044805, "lado": null, "cordon": "NO", "cord_estado": null, "km_cordon": 0.10174503373044805, "fecha": "08-2026" }, "geometry": { "type": "LineString", "coordinates": [ [ -68.4690303, -33.2016427 ], [ -68.468368, -33.2006294 ], [ -68.4683039, -33.2005312 ], [ -68.467811200000014, -33.1997774 ] ] } },
{ "type": "Feature", "properties": { "id_tramo": 29, "osm_id": "257781715", "zona": "URBANO", "km": 0.13189811360883458, "lado": null, "cordon": "SI", "cord_estado": "BUENO", "km_cordon": 0.11189811360883457, "fecha": "08-2026" }, "geometry": { "type": "LineString", "coordinates": [ [ -68.4669298, -33.1961438 ], [ -68.4660727, -33.1965426 ] ] } },
{ "type": "Feature", "properties": { "id_tramo": 30, "osm_id": "177322061", "zona": "URBANO", "km": 0.074628874259865696, "lado": null, "cordon": "NO", "cord_estado": null, "km_cordon": 0.054628874259865692, "fecha": "08-2026" }, "geometry": { "type": "LineString", "coordinates": [ [ -68.4692711, -33.2015983 ], [ -68.4690276, -33.2012207 ] ] } },
{ "type": "Feature", "properties": { "id_tramo": 32, "osm_id": "177322061", "zona": "URBANO", "km": 0.13333951304007483, "lado": null, "cordon": "NO", "cord_estado": null, "km_cordon": 0.11333951304007482, "fecha": "08-2026" }, "geometry": { "type": "LineString", "coordinates": [ [ -68.4637497, -33.193155 ], [ -68.463273, -33.1924361 ] ] } },
{ "type": "Feature", "properties": { "id_tramo": 33, "osm_id": "257781715", "zona": "URBANO", "km": 0.11903446662486011, "lado": null, "cordon": "SI", "cord_estado": "BUENO", "km_cordon": 0.09903446662486011, "fecha": "08-2026" }, "geometry": { "type": "LineString", "coordinates": [ [ -68.468073, -33.19560220000001 ], [ -68.4672952, -33.1959663 ] ] } },
{ "type": "Feature", "properties": { "id_tramo": 34, "osm_id": "642762562", "zona": "URBANO", "km": 0.13250647336788154, "lado": null, "cordon": "NO", "cord_estado": null, "km_cordon": 0.11250647336788154, "fecha": "08-2026" }, "geometry": { "type": "LineString", "coordinates": [ [ -68.46483, -33.1929651 ], [ -68.4639879, -33.1933467 ] ] } },
{ "type": "Feature", "properties": { "id_tramo": 35, "osm_id": "642762562", "zona": "URBANO", "km": 0.11707442007635591, "lado": null, "cordon": "NO", "cord_estado": null, "km_cordon": 0.097074420076355902, "fecha": "08-2026" }, "geometry": { "type": "LineString", "coordinates": [ [ -68.4652064, -33.1927889 ], [ -68.4659653, -33.1924464 ] ] } },
{ "type": "Feature", "properties": { "id_tramo": 39, "osm_id": "924950738", "zona": "URBANO", "km": 0.065089714399036228, "lado": null, "cordon": "NO", "cord_estado": null, "km_cordon": 0.045089714399036224, "fecha": "08-2026" }, "geometry": { "type": "LineString", "coordinates": [ [ -68.4703438, -33.201492700000017 ], [ -68.4700467, -33.2015426 ] ] } },
{ "type": "Feature", "properties": { "id_tramo": 40, "osm_id": "924950738", "zona": "URBANO", "km": 0.1351767432586464, "lado": null, "cordon": "NO", "cord_estado": null, "km_cordon": 0.11517674325864639, "fecha": "08-2026" }, "geometry": { "type": "LineString", "coordinates": [ [ -68.4718058, -33.2012907 ], [ -68.4707301, -33.2014442 ] ] } },
{ "type": "Feature", "properties": { "id_tramo": 41, "osm_id": "924950738", "zona": "URBANO", "km": 0.090478863782391131, "lado": null, "cordon": "NO", "cord_estado": null, "km_cordon": 0.070478863782391127, "fecha": "08-2026" }, "geometry": { "type": "LineString", "coordinates": [ [ -68.4727526, -33.2011558 ], [ -68.4725989, -33.2011785 ], [ -68.472192, -33.20123370000001 ] ] } },
{ "type": "Feature", "properties": { "id_tramo": 43, "osm_id": "183315905", "zona": "URBANO", "km": 0.13211010216076335, "lado": null, "cordon": "NO", "cord_estado": null, "km_cordon": 0.11211010216076335, "fecha": "08-2026" }, "geometry": { "type": "LineString", "coordinates": [ [ -68.4676468, -33.1972961 ], [ -68.4668216, -33.1976803 ] ] } },
{ "type": "Feature", "properties": { "id_tramo": 44, "osm_id": "183315905", "zona": "URBANO", "km": 0.13211010216076335, "lado": null, "cordon": "NO", "cord_estado": null, "km_cordon": 0.11211010216076335, "fecha": "08-2026" }, "geometry": { "type": "LineString", "coordinates": [ [ -68.4675534, -33.1971387 ], [ -68.4667341, -33.19752 ] ] } },
{ "type": "Feature", "properties": { "id_tramo": 45, "osm_id": "257800486", "zona": "URBANO", "km": 0.13248637230550045, "lado": null, "cordon": "NO", "cord_estado": null, "km_cordon": 0.11248637230550045, "fecha": "08-2026" }, "geometry": { "type": "LineString", "coordinates": [ [ -68.4689351, -33.1991894 ], [ -68.4680685, -33.1995809 ] ] } },
{ "type": "Feature", "properties": { "id_tramo": 46, "osm_id": "257800486", "zona": "URBANO", "km": 0.13248637230550045, "lado": null, "cordon": "NO", "cord_estado": null, "km_cordon": 0.11248637230550045, "fecha": "08-2026" }, "geometry": { "type": "LineString", "coordinates": [ [ -68.468809400000012, -33.1990319 ], [ -68.4679563, -33.19943030000001 ] ] } },
{ "type": "Feature", "properties": { "id_tramo": 48, "osm_id": "177170501", "zona": "URBANO", "km": 0.13266484614288995, "lado": null, "cordon": "NO", "cord_estado": null, "km_cordon": 0.11266484614288995, "fecha": "08-2026" }, "geometry": { "type": "LineString", "coordinates": [ [ -68.4694241, -33.199977 ], [ -68.468571, -33.2003675 ] ] } },
{ "type": "Feature", "properties": { "id_tramo": 49, "osm_id": "257800489", "zona": "URBANO", "km": 0.068444022201126928, "lado": null, "cordon": "NO", "cord_estado": null, "km_cordon": 0.048444022201126924, "fecha": "08-2026" }, "geometry": { "type": "LineString", "coordinates": [ [ -68.4694211, -33.2009655 ], [ -68.4690611, -33.2011215 ] ] } },
{ "type": "Feature", "properties": { "id_tramo": 51, "osm_id": "177321929", "zona": "URBANO", "km": 0.12708970675820089, "lado": null, "cordon": "SI", "cord_estado": "BUENO", "km_cordon": 0.10708970675820088, "fecha": "08-2026" }, "geometry": { "type": "LineString", "coordinates": [ [ -68.4670582, -33.1957782 ], [ -68.4666098, -33.1950961 ] ] } },
{ "type": "Feature", "properties": { "id_tramo": 52, "osm_id": "177321955", "zona": "URBANO", "km": 0.14156284582329437, "lado": null, "cordon": "NO", "cord_estado": null, "km_cordon": 0.12156284582329437, "fecha": "08-2026" }, "geometry": { "type": "LineString", "coordinates": [ [ -68.4689375, -33.19639 ], [ -68.468381, -33.195564500000017 ] ] } },
{ "type": "Feature", "properties": { "id_tramo": 55, "osm_id": "177170643", "zona": "URBANO", "km": 0.13420208494874841, "lado": null, "cordon": "NO", "cord_estado": null, "km_cordon": 0.11420208494874841, "fecha": "08-2026" }, "geometry": { "type": "LineString", "coordinates": [ [ -68.468283400000018, -33.1982471 ], [ -68.4674405, -33.1986423 ] ] } },
{ "type": "Feature", "properties": { "id_tramo": 58, "osm_id": "257781715", "zona": "URBANO", "km": 0.11903446662486011, "lado": null, "cordon": "SI", "cord_estado": "BUENO", "km_cordon": 0.09903446662486011, "fecha": "08-2026" }, "geometry": { "type": "LineString", "coordinates": [ [ -68.46798840000001, -33.195442800000016 ], [ -68.4672254, -33.19580040000001 ] ] } },
{ "type": "Feature", "properties": { "id_tramo": 59, "osm_id": "183315905", "zona": "URBANO", "km": 0.1196860337814363, "lado": null, "cordon": "NO", "cord_estado": null, "km_cordon": 0.099686033781436298, "fecha": "08-2026" }, "geometry": { "type": "LineString", "coordinates": [ [ -68.4688087, -33.1967618 ], [ -68.4680402, -33.1971134 ] ] } },
{ "type": "Feature", "properties": { "id_tramo": 60, "osm_id": "183315905", "zona": "URBANO", "km": 0.1196860337814363, "lado": null, "cordon": "NO", "cord_estado": null, "km_cordon": 0.099686033781436298, "fecha": "08-2026" }, "geometry": { "type": "LineString", "coordinates": [ [ -68.4687027, -33.1965994 ], [ -68.4679662, -33.196941500000015 ] ] } },
{ "type": "Feature", "properties": { "id_tramo": 61, "osm_id": "177170643", "zona": "URBANO", "km": 0.11811697323981549, "lado": null, "cordon": "NO", "cord_estado": null, "km_cordon": 0.098116973239815483, "fecha": "08-2026" }, "geometry": { "type": "LineString", "coordinates": [ [ -68.4694364, -33.1977163 ], [ -68.4686809, -33.1980618 ] ] } },
{ "type": "Feature", "properties": { "id_tramo": 62, "osm_id": "177170643", "zona": "URBANO", "km": 0.11811697323981549, "lado": null, "cordon": "NO", "cord_estado": null, "km_cordon": 0.098116973239815483, "fecha": "08-2026" }, "geometry": { "type": "LineString", "coordinates": [ [ -68.4693296, -33.1975476 ], [ -68.468569, -33.197908 ] ] } },
{ "type": "Feature", "properties": { "id_tramo": 63, "osm_id": "257800486", "zona": "URBANO", "km": 0.12078861214294849, "lado": null, "cordon": "NO", "cord_estado": null, "km_cordon": 0.10078861214294849, "fecha": "08-2026" }, "geometry": { "type": "LineString", "coordinates": [ [ -68.4700535, -33.1986647 ], [ -68.4692925, -33.199018 ] ] } },
{ "type": "Feature", "properties": { "id_tramo": 64, "osm_id": "257800486", "zona": "URBANO", "km": 0.12078861214294849, "lado": null, "cordon": "NO", "cord_estado": null, "km_cordon": 0.10078861214294849, "fecha": "08-2026" }, "geometry": { "type": "LineString", "coordinates": [ [ -68.469932200000017, -33.1985083 ], [ -68.46919960000001, -33.1988441 ] ] } },
{ "type": "Feature", "properties": { "id_tramo": 65, "osm_id": "177170501", "zona": "URBANO", "km": 0.12135410793595812, "lado": null, "cordon": "NO", "cord_estado": null, "km_cordon": 0.10135410793595812, "fecha": "08-2026" }, "geometry": { "type": "LineString", "coordinates": [ [ -68.4706564, -33.1996268 ], [ -68.4699039, -33.199965 ] ] } },
{ "type": "Feature", "properties": { "id_tramo": 66, "osm_id": "177170501", "zona": "URBANO", "km": 0.12135410793595812, "lado": null, "cordon": "NO", "cord_estado": null, "km_cordon": 0.10135410793595812, "fecha": "08-2026" }, "geometry": { "type": "LineString", "coordinates": [ [ -68.4705504, -33.1994548 ], [ -68.4698049, -33.1998018 ] ] } },
{ "type": "Feature", "properties": { "id_tramo": 68, "osm_id": "257800489", "zona": "URBANO", "km": 0.12446550062383251, "lado": null, "cordon": "NO", "cord_estado": null, "km_cordon": 0.1044655006238325, "fecha": "08-2026" }, "geometry": { "type": "LineString", "coordinates": [ [ -68.4710662, -33.200121400000015 ], [ -68.4702156, -33.2005115 ] ] } },
{ "type": "Feature", "properties": { "id_tramo": 69, "osm_id": "177321947", "zona": "URBANO", "km": 0.13640703484320302, "lado": null, "cordon": "NO", "cord_estado": null, "km_cordon": 0.11640703484320301, "fecha": "08-2026" }, "geometry": { "type": "LineString", "coordinates": [ [ -68.4633397, -33.1947458 ], [ -68.4628589, -33.1940114 ] ] } },
{ "type": "Feature", "properties": { "id_tramo": 73, "osm_id": "847833489", "zona": "URBANO", "km": 0.13297649763172564, "lado": null, "cordon": "SI", "cord_estado": "BUENO", "km_cordon": 0.11297649763172564, "fecha": "08-2026" }, "geometry": { "type": "LineString", "coordinates": [ [ -68.4661843, -33.1950078 ], [ -68.4653303, -33.1954104 ] ] } },
{ "type": "Feature", "properties": { "id_tramo": 74, "osm_id": "257781723", "zona": "URBANO", "km": 0.13206321462352291, "lado": null, "cordon": "NO", "cord_estado": null, "km_cordon": 0.11206321462352291, "fecha": "08-2026" }, "geometry": { "type": "LineString", "coordinates": [ [ -68.4655553, -33.1940732 ], [ -68.4647174, -33.194442800000012 ] ] } },
{ "type": "Feature", "properties": { "id_tramo": 75, "osm_id": "257781723", "zona": "URBANO", "km": 0.13206321462352291, "lado": null, "cordon": "NO", "cord_estado": null, "km_cordon": 0.11206321462352291, "fecha": "08-2026" }, "geometry": { "type": "LineString", "coordinates": [ [ -68.4654676, -33.193900900000017 ], [ -68.464602, -33.194296 ] ] } },
{ "type": "Feature", "properties": { "id_tramo": 77, "osm_id": "183312754", "zona": "URBANO", "km": 0.12393348550353563, "lado": null, "cordon": "NO", "cord_estado": null, "km_cordon": 0.10393348550353562, "fecha": "08-2026" }, "geometry": { "type": "LineString", "coordinates": [ [ -68.4635256, -33.1933615 ], [ -68.4627692, -33.1937099 ] ] } },
{ "type": "Feature", "properties": { "id_tramo": 79, "osm_id": "183315837", "zona": "URBANO", "km": 0.1223611659920292, "lado": null, "cordon": "SI", "cord_estado": "BUENO", "km_cordon": 0.1023611659920292, "fecha": "08-2026" }, "geometry": { "type": "LineString", "coordinates": [ [ -68.4643359, -33.1946042 ], [ -68.4635601, -33.1949401 ] ] } },
{ "type": "Feature", "properties": { "id_tramo": 81, "osm_id": "257781709", "zona": "URBANO", "km": 0.12072849318932621, "lado": null, "cordon": "SI", "cord_estado": "BUENO", "km_cordon": 0.10072849318932621, "fecha": "08-2026" }, "geometry": { "type": "LineString", "coordinates": [ [ -68.4650371, -33.195726900000011 ], [ -68.4642912, -33.1960746 ] ] } },
{ "type": "Feature", "properties": { "id_tramo": 83, "osm_id": "183315928", "zona": "URBANO", "km": 0.11976751966257937, "lado": null, "cordon": "SI", "cord_estado": "BUENO", "km_cordon": 0.099767519662579365, "fecha": "08-2026" }, "geometry": { "type": "LineString", "coordinates": [ [ -68.4657033, -33.1967004 ], [ -68.4649717, -33.1970238 ] ] } },
{ "type": "Feature", "properties": { "id_tramo": 84, "osm_id": "183315928", "zona": "URBANO", "km": 0.11976751966257937, "lado": null, "cordon": "SI", "cord_estado": "BUENO", "km_cordon": 0.099767519662579365, "fecha": "08-2026" }, "geometry": { "type": "LineString", "coordinates": [ [ -68.4655985, -33.19656 ], [ -68.4648764, -33.196875900000016 ] ] } },
{ "type": "Feature", "properties": { "id_tramo": 87, "osm_id": "257800487", "zona": "URBANO", "km": 0.11789701270868833, "lado": null, "cordon": "NO", "cord_estado": null, "km_cordon": 0.097897012708688322, "fecha": "08-2026" }, "geometry": { "type": "LineString", "coordinates": [ [ -68.4670792, -33.1987897 ], [ -68.46631, -33.1991465 ] ] } },
{ "type": "Feature", "properties": { "id_tramo": 88, "osm_id": "257800487", "zona": "URBANO", "km": 0.11789701270868833, "lado": null, "cordon": "NO", "cord_estado": null, "km_cordon": 0.097897012708688322, "fecha": "08-2026" }, "geometry": { "type": "LineString", "coordinates": [ [ -68.4669695, -33.1986483 ], [ -68.4662465, -33.198977 ] ] } },
{ "type": "Feature", "properties": { "id_tramo": 92, "osm_id": "183312795", "zona": "URBANO", "km": 0.14835465627699823, "lado": null, "cordon": "NO", "cord_estado": null, "km_cordon": 0.12835465627699824, "fecha": "08-2026" }, "geometry": { "type": "LineString", "coordinates": [ [ -68.4689941, -33.2017048 ], [ -68.4689379, -33.20172560000001 ], [ -68.4688048, -33.2017058 ], [ -68.467847, -33.2015038 ] ] } },
{ "type": "Feature", "properties": { "id_tramo": 94, "osm_id": "177170612", "zona": "URBANO", "km": 0.059680608992196155, "lado": null, "cordon": "NO", "cord_estado": null, "km_cordon": 0.039680608992196151, "fecha": "08-2026" }, "geometry": { "type": "LineString", "coordinates": [ [ -68.4805217, -33.1945681 ], [ -68.4814176, -33.1942045 ] ] } },
{ "type": "Feature", "properties": { "id_tramo": 95, "osm_id": "177170587", "zona": "URBANO", "km": 0.13521338771139896, "lado": null, "cordon": "NO", "cord_estado": null, "km_cordon": 0.11521338771139895, "fecha": "08-2026" }, "geometry": { "type": "LineString", "coordinates": [ [ -68.4804064, -33.1945984 ], [ -68.4792075, -33.19507870000001 ] ] } },
{ "type": "Feature", "properties": { "id_tramo": 97, "osm_id": "642762562", "zona": "URBANO", "km": 0.11707442007635591, "lado": null, "cordon": "NO", "cord_estado": null, "km_cordon": 0.097074420076355902, "fecha": "08-2026" }, "geometry": { "type": "LineString", "coordinates": [ [ -68.4650984, -33.1926322 ], [ -68.465866, -33.19227810000001 ] ] } },
{ "type": "Feature", "properties": { "id_tramo": 98, "osm_id": "177322061", "zona": "URBANO", "km": 0.17026837875038159, "lado": null, "cordon": "NO", "cord_estado": null, "km_cordon": 0.1502683787503816, "fecha": "08-2026" }, "geometry": { "type": "LineString", "coordinates": [ [ -68.4630468, -33.1921044 ], [ -68.4623731, -33.191068600000015 ] ] } },
{ "type": "Feature", "properties": { "id_tramo": 99, "osm_id": "177322061", "zona": "URBANO", "km": 0.17026837875038159, "lado": null, "cordon": "NO", "cord_estado": null, "km_cordon": 0.1502683787503816, "fecha": "08-2026" }, "geometry": { "type": "LineString", "coordinates": [ [ -68.4628653, -33.1921826 ], [ -68.4621904, -33.1911356 ] ] } },
{ "type": "Feature", "properties": { "id_tramo": 100, "osm_id": "177321969", "zona": "URBANO", "km": 0.13174065963779324, "lado": null, "cordon": "NO", "cord_estado": null, "km_cordon": 0.11174065963779324, "fecha": "08-2026" }, "geometry": { "type": "LineString", "coordinates": [ [ -68.4621574, -33.19523610000001 ], [ -68.4617049, -33.1945429 ] ] } },
{ "type": "Feature", "properties": { "id_tramo": 102, "osm_id": "177321929", "zona": "URBANO", "km": 0.12201432960340199, "lado": null, "cordon": "NO", "cord_estado": null, "km_cordon": 0.10201432960340198, "fecha": "08-2026" }, "geometry": { "type": "LineString", "coordinates": [ [ -68.4684294, -33.19786770000001 ], [ -68.4680183, -33.1972387 ] ] } },
{ "type": "Feature", "properties": { "id_tramo": 103, "osm_id": "177321929", "zona": "URBANO", "km": 0.12201432960340199, "lado": null, "cordon": "NO", "cord_estado": null, "km_cordon": 0.10201432960340198, "fecha": "08-2026" }, "geometry": { "type": "LineString", "coordinates": [ [ -68.468245, -33.19795280000001 ], [ -68.4678245, -33.19731070000001 ] ] } },
{ "type": "Feature", "properties": { "id_tramo": 104, "osm_id": "177321955", "zona": "URBANO", "km": 0.11830365422451675, "lado": null, "cordon": "NO", "cord_estado": null, "km_cordon": 0.098303654224516743, "fecha": "08-2026" }, "geometry": { "type": "LineString", "coordinates": [ [ -68.469552, -33.1973551 ], [ -68.4691408, -33.1967231 ] ] } },
{ "type": "Feature", "properties": { "id_tramo": 107, "osm_id": "177321929", "zona": "URBANO", "km": 0.11805152682518301, "lado": null, "cordon": "NO", "cord_estado": null, "km_cordon": 0.098051526825183005, "fecha": "08-2026" }, "geometry": { "type": "LineString", "coordinates": [ [ -68.4690541, -33.1988118 ], [ -68.4686474, -33.1981919 ] ] } },
{ "type": "Feature", "properties": { "id_tramo": 109, "osm_id": "177321955", "zona": "URBANO", "km": 0.12157712411691127, "lado": null, "cordon": "NO", "cord_estado": null, "km_cordon": 0.10157712411691126, "fecha": "08-2026" }, "geometry": { "type": "LineString", "coordinates": [ [ -68.4701696, -33.198292 ], [ -68.4697723, -33.197683800000014 ] ] } },
{ "type": "Feature", "properties": { "id_tramo": 110, "osm_id": "177170544", "zona": "URBANO", "km": 0.12005083336236433, "lado": null, "cordon": "NO", "cord_estado": null, "km_cordon": 0.10005083336236432, "fecha": "08-2026" }, "geometry": { "type": "LineString", "coordinates": [ [ -68.4712802, -33.1977861 ], [ -68.4708578, -33.1971681 ] ] } },
{ "type": "Feature", "properties": { "id_tramo": 112, "osm_id": "257800486", "zona": "URBANO", "km": 0.13679051606795067, "lado": null, "cordon": "NO", "cord_estado": null, "km_cordon": 0.11679051606795067, "fecha": "08-2026" }, "geometry": { "type": "LineString", "coordinates": [ [ -68.4713463, -33.1980718 ], [ -68.4704206, -33.1984932 ] ] } },
{ "type": "Feature", "properties": { "id_tramo": 115, "osm_id": "177170643", "zona": "URBANO", "km": 0.13507249162646584, "lado": null, "cordon": "NO", "cord_estado": null, "km_cordon": 0.11507249162646584, "fecha": "08-2026" }, "geometry": { "type": "LineString", "coordinates": [ [ -68.4705946, -33.196967 ], [ -68.4697017, -33.1973787 ] ] } },
{ "type": "Feature", "properties": { "id_tramo": 116, "osm_id": "183315905", "zona": "URBANO", "km": 0.13304019974754897, "lado": null, "cordon": "NO", "cord_estado": null, "km_cordon": 0.11304019974754896, "fecha": "08-2026" }, "geometry": { "type": "LineString", "coordinates": [ [ -68.470018600000017, -33.1961751 ], [ -68.4691746, -33.1965808 ] ] } },
{ "type": "Feature", "properties": { "id_tramo": 118, "osm_id": "257781715", "zona": "URBANO", "km": 0.13012043563787221, "lado": null, "cordon": "NO", "cord_estado": null, "km_cordon": 0.1101204356378722, "fecha": "08-2026" }, "geometry": { "type": "LineString", "coordinates": [ [ -68.4692416, -33.1950674 ], [ -68.4684379, -33.195449600000011 ] ] } },
{ "type": "Feature", "properties": { "id_tramo": 119, "osm_id": "257781715", "zona": "URBANO", "km": 0.13012043563787221, "lado": null, "cordon": "NO", "cord_estado": null, "km_cordon": 0.1101204356378722, "fecha": "08-2026" }, "geometry": { "type": "LineString", "coordinates": [ [ -68.469132500000015, -33.1949093 ], [ -68.4683288, -33.1952894 ] ] } },
{ "type": "Feature", "properties": { "id_tramo": 122, "osm_id": "177321929", "zona": "URBANO", "km": 0.1336508810188532, "lado": null, "cordon": "SI", "cord_estado": "BUENO", "km_cordon": 0.11365088101885319, "fecha": "08-2026" }, "geometry": { "type": "LineString", "coordinates": [ [ -68.4664119, -33.1948008 ], [ -68.4658931, -33.1940248 ] ] } },
{ "type": "Feature", "properties": { "id_tramo": 123, "osm_id": "177321929", "zona": "URBANO", "km": 0.1336508810188532, "lado": null, "cordon": "SI", "cord_estado": "BUENO", "km_cordon": 0.11365088101885319, "fecha": "08-2026" }, "geometry": { "type": "LineString", "coordinates": [ [ -68.4662192, -33.1948785 ], [ -68.4657151, -33.19409910000001 ] ] } },
{ "type": "Feature", "properties": { "id_tramo": 124, "osm_id": "177321955", "zona": "URBANO", "km": 0.13420332001422572, "lado": null, "cordon": "NO", "cord_estado": null, "km_cordon": 0.11420332001422571, "fecha": "08-2026" }, "geometry": { "type": "LineString", "coordinates": [ [ -68.4675432, -33.1942751 ], [ -68.4670492, -33.193524300000014 ] ] } },
{ "type": "Feature", "properties": { "id_tramo": 130, "osm_id": "177321947", "zona": "URBANO", "km": 0.094678300027835019, "lado": null, "cordon": "NO", "cord_estado": null, "km_cordon": 0.074678300027835015, "fecha": "08-2026" }, "geometry": { "type": "LineString", "coordinates": [ [ -68.4652098, -33.1975875 ], [ -68.4649266, -33.197162400000011 ] ] } },
{ "type": "Feature", "properties": { "id_tramo": 134, "osm_id": "183315928", "zona": "URBANO", "km": 0.11569010199266319, "lado": null, "cordon": "NO", "cord_estado": null, "km_cordon": 0.095690101992663187, "fecha": "08-2026" }, "geometry": { "type": "LineString", "coordinates": [ [ -68.464585, -33.197225 ], [ -68.463827, -33.1975692 ] ] } },
{ "type": "Feature", "properties": { "id_tramo": 138, "osm_id": "257800487", "zona": "URBANO", "km": 0.11831820418901173, "lado": null, "cordon": "NO", "cord_estado": null, "km_cordon": 0.098318204189011729, "fecha": "08-2026" }, "geometry": { "type": "LineString", "coordinates": [ [ -68.4659728, -33.1993098 ], [ -68.4652183, -33.1996704 ] ] } },
{ "type": "Feature", "properties": { "id_tramo": 139, "osm_id": "257800487", "zona": "URBANO", "km": 0.11831820418901173, "lado": null, "cordon": "NO", "cord_estado": null, "km_cordon": 0.098318204189011729, "fecha": "08-2026" }, "geometry": { "type": "LineString", "coordinates": [ [ -68.4658642, -33.1991484 ], [ -68.465114, -33.1994976 ] ] } },
{ "type": "Feature", "properties": { "id_tramo": 140, "osm_id": "423678382", "zona": "URBANO", "km": 0.11797961425116797, "lado": null, "cordon": "NO", "cord_estado": null, "km_cordon": 0.097979614251167968, "fecha": "08-2026" }, "geometry": { "type": "LineString", "coordinates": [ [ -68.4662732, -33.1997774 ], [ -68.4655115, -33.2001305 ] ] } },
{ "type": "Feature", "properties": { "id_tramo": 142, "osm_id": "183315930", "zona": "URBANO", "km": 0.059593881888866017, "lado": null, "cordon": "NO", "cord_estado": null, "km_cordon": 0.03959388188886602, "fecha": "08-2026" }, "geometry": { "type": "LineString", "coordinates": [ [ -68.4664808, -33.2000966 ], [ -68.4657334, -33.2004526 ] ] } },
{ "type": "Feature", "properties": { "id_tramo": 143, "osm_id": "177321947", "zona": "URBANO", "km": 0.057092998562798994, "lado": null, "cordon": "NO", "cord_estado": null, "km_cordon": 0.03709299856279899, "fecha": "08-2026" }, "geometry": { "type": "LineString", "coordinates": [ [ -68.4667145, -33.199919300000012 ], [ -68.4662856, -33.1992654 ] ] } },
{ "type": "Feature", "properties": { "id_tramo": 147, "osm_id": "177321955", "zona": "URBANO", "km": 0.11986038137525021, "lado": null, "cordon": "NO", "cord_estado": null, "km_cordon": 0.099860381375250204, "fecha": "08-2026" }, "geometry": { "type": "LineString", "coordinates": [ [ -68.4706037, -33.19932020000001 ], [ -68.470203, -33.1987066 ] ] } },
{ "type": "Feature", "properties": { "id_tramo": 151, "osm_id": "177322007", "zona": "URBANO", "km": 0.08079793582489353, "lado": null, "cordon": "NO", "cord_estado": null, "km_cordon": 0.060797935824893526, "fecha": "08-2026" }, "geometry": { "type": "LineString", "coordinates": [ [ -68.4685818, -33.194109500000017 ], [ -68.4677944, -33.1944832 ] ] } },
{ "type": "Feature", "properties": { "id_tramo": 153, "osm_id": "257781723", "zona": "URBANO", "km": 0.11782918284134855, "lado": null, "cordon": "NO", "cord_estado": null, "km_cordon": 0.097829182841348547, "fecha": "08-2026" }, "geometry": { "type": "LineString", "coordinates": [ [ -68.4666811, -33.1935698 ], [ -68.4659499, -33.193903 ] ] } },
{ "type": "Feature", "properties": { "id_tramo": 155, "osm_id": "177321955", "zona": "URBANO", "km": 0.14275112297282433, "lado": null, "cordon": "NO", "cord_estado": null, "km_cordon": 0.12275112297282433, "fecha": "08-2026" }, "geometry": { "type": "LineString", "coordinates": [ [ -68.4668295, -33.1931767 ], [ -68.4663267, -33.1924097 ] ] } },
{ "type": "Feature", "properties": { "id_tramo": 157, "osm_id": "177170544", "zona": "URBANO", "km": 0.14079031070093914, "lado": null, "cordon": "NO", "cord_estado": null, "km_cordon": 0.12079031070093914, "fecha": "08-2026" }, "geometry": { "type": "LineString", "coordinates": [ [ -68.4679707, -33.192653500000013 ], [ -68.4674292, -33.1918895 ] ] } },
{ "type": "Feature", "properties": { "id_tramo": 158, "osm_id": "177170544", "zona": "URBANO", "km": 0.14079031070093914, "lado": null, "cordon": "NO", "cord_estado": null, "km_cordon": 0.12079031070093914, "fecha": "08-2026" }, "geometry": { "type": "LineString", "coordinates": [ [ -68.4677764, -33.192746500000013 ], [ -68.467228, -33.191972300000018 ] ] } },
{ "type": "Feature", "properties": { "id_tramo": 160, "osm_id": "257781709", "zona": "URBANO", "km": 0.1150611970838564, "lado": null, "cordon": "NO", "cord_estado": null, "km_cordon": 0.095061197083856394, "fecha": "08-2026" }, "geometry": { "type": "LineString", "coordinates": [ [ -68.4638334, -33.1960874 ], [ -68.4631003, -33.19643940000001 ] ] } },
{ "type": "Feature", "properties": { "id_tramo": 162, "osm_id": "183315837", "zona": "URBANO", "km": 0.11449253332866767, "lado": null, "cordon": "NO", "cord_estado": null, "km_cordon": 0.094492533328667666, "fecha": "08-2026" }, "geometry": { "type": "LineString", "coordinates": [ [ -68.4630935, -33.1949343 ], [ -68.4623021, -33.1952668 ] ] } },
{ "type": "Feature", "properties": { "id_tramo": 163, "osm_id": "183312754", "zona": "URBANO", "km": 0.11367000251798036, "lado": null, "cordon": "NO", "cord_estado": null, "km_cordon": 0.093670002517980355, "fecha": "08-2026" }, "geometry": { "type": "LineString", "coordinates": [ [ -68.4624968, -33.1940569 ], [ -68.4617556, -33.1944066 ] ] } },
{ "type": "Feature", "properties": { "id_tramo": 165, "osm_id": "177321947", "zona": "URBANO", "km": 0.025645862571155156, "lado": null, "cordon": "NO", "cord_estado": null, "km_cordon": 0.0056458625711551559, "fecha": "08-2026" }, "geometry": { "type": "LineString", "coordinates": [ [ -68.4626348, -33.1936919 ], [ -68.462143, -33.192946100000015 ] ] } },
{ "type": "Feature", "properties": { "id_tramo": 169, "osm_id": "177321969", "zona": "URBANO", "km": 0.11383721534657842, "lado": null, "cordon": "NO", "cord_estado": null, "km_cordon": 0.09383721534657842, "fecha": "08-2026" }, "geometry": { "type": "LineString", "coordinates": [ [ -68.4615093, -33.1942149 ], [ -68.46108, -33.1935436 ] ] } },
{ "type": "Feature", "properties": { "id_tramo": 170, "osm_id": "177321969", "zona": "URBANO", "km": 0.11383721534657842, "lado": null, "cordon": "NO", "cord_estado": null, "km_cordon": 0.09383721534657842, "fecha": "08-2026" }, "geometry": { "type": "LineString", "coordinates": [ [ -68.4613345, -33.194289800000014 ], [ -68.460864, -33.1935225 ] ] } },
{ "type": "Feature", "properties": { "id_tramo": 175, "osm_id": "177321969", "zona": "URBANO", "km": 0.14670575258180937, "lado": null, "cordon": "NO", "cord_estado": null, "km_cordon": 0.12670575258180938, "fecha": "08-2026" }, "geometry": { "type": "LineString", "coordinates": [ [ -68.4629306, -33.1964256 ], [ -68.4623836, -33.1955683 ] ] } },
{ "type": "Feature", "properties": { "id_tramo": 179, "osm_id": "177321969", "zona": "URBANO", "km": 0.12374233265743566, "lado": null, "cordon": "NO", "cord_estado": null, "km_cordon": 0.10374233265743565, "fecha": "08-2026" }, "geometry": { "type": "LineString", "coordinates": [ [ -68.4635681, -33.1973665 ], [ -68.463148, -33.1967376 ] ] } },
{ "type": "Feature", "properties": { "id_tramo": 180, "osm_id": "177321969", "zona": "URBANO", "km": 0.12374233265743566, "lado": null, "cordon": "NO", "cord_estado": null, "km_cordon": 0.10374233265743565, "fecha": "08-2026" }, "geometry": { "type": "LineString", "coordinates": [ [ -68.46337, -33.1974526 ], [ -68.4629587, -33.1968214 ] ] } },
{ "type": "Feature", "properties": { "id_tramo": 181, "osm_id": "177321969", "zona": "URBANO", "km": 0.081645901493550721, "lado": null, "cordon": "NO", "cord_estado": null, "km_cordon": 0.061645901493550717, "fecha": "08-2026" }, "geometry": { "type": "LineString", "coordinates": [ [ -68.4640022, -33.1980365 ], [ -68.463781400000016, -33.1977003 ] ] } },
{ "type": "Feature", "properties": { "id_tramo": 184, "osm_id": "183315917", "zona": "URBANO", "km": 0.12064741410601487, "lado": null, "cordon": "NO", "cord_estado": null, "km_cordon": 0.10064741410601487, "fecha": "08-2026" }, "geometry": { "type": "LineString", "coordinates": [ [ -68.4628284, -33.1922998 ], [ -68.4620792, -33.1926542 ] ] } },
{ "type": "Feature", "properties": { "id_tramo": 187, "osm_id": "177321929", "zona": "URBANO", "km": 0.11272024013389523, "lado": null, "cordon": "NO", "cord_estado": null, "km_cordon": 0.092720240133895224, "fecha": "08-2026" }, "geometry": { "type": "LineString", "coordinates": [ [ -68.4649624, -33.192607600000017 ], [ -68.4645932, -33.1920336 ] ] } },
{ "type": "Feature", "properties": { "id_tramo": 188, "osm_id": "177321929", "zona": "URBANO", "km": 0.11272024013389523, "lado": null, "cordon": "NO", "cord_estado": null, "km_cordon": 0.092720240133895224, "fecha": "08-2026" }, "geometry": { "type": "LineString", "coordinates": [ [ -68.4647669, -33.1926864 ], [ -68.4643874, -33.192081700000017 ] ] } },
{ "type": "Feature", "properties": { "id_tramo": 189, "osm_id": "257781702", "zona": "URBANO", "km": 0.1225169386765699, "lado": null, "cordon": "NO", "cord_estado": null, "km_cordon": 0.1025169386765699, "fecha": "08-2026" }, "geometry": { "type": "LineString", "coordinates": [ [ -68.4646454, -33.1919171 ], [ -68.4654646, -33.1916715 ] ] } },
{ "type": "Feature", "properties": { "id_tramo": 190, "osm_id": "257781702", "zona": "URBANO", "km": 0.1225169386765699, "lado": null, "cordon": "NO", "cord_estado": null, "km_cordon": 0.1025169386765699, "fecha": "08-2026" }, "geometry": { "type": "LineString", "coordinates": [ [ -68.4645351, -33.1917547 ], [ -68.4653558, -33.1915099 ] ] } },
{ "type": "Feature", "properties": { "id_tramo": 191, "osm_id": "257781702", "zona": "URBANO", "km": 0.11899045298557792, "lado": null, "cordon": "NO", "cord_estado": null, "km_cordon": 0.098990452985577917, "fecha": "08-2026" }, "geometry": { "type": "LineString", "coordinates": [ [ -68.4666306, -33.1912929 ], [ -68.4658462, -33.1915419 ] ] } },
{ "type": "Feature", "properties": { "id_tramo": 194, "osm_id": "177321947", "zona": "URBANO", "km": 0.17187865362465737, "lado": null, "cordon": "NO", "cord_estado": null, "km_cordon": 0.15187865362465738, "fecha": "08-2026" }, "geometry": { "type": "LineString", "coordinates": [ [ -68.461746, -33.192712 ], [ -68.4610753, -33.1916675 ] ] } },
{ "type": "Feature", "properties": { "id_tramo": 197, "osm_id": "183312785", "zona": "URBANO", "km": 0.11716011991358356, "lado": null, "cordon": "NO", "cord_estado": null, "km_cordon": 0.097160119913583559, "fecha": "08-2026" }, "geometry": { "type": "LineString", "coordinates": [ [ -68.4609097, -33.191631600000015 ], [ -68.4602384, -33.1919468 ] ] } },
{ "type": "Feature", "properties": { "id_tramo": 199, "osm_id": "177170650", "zona": "URBANO", "km": 0.13738909632647059, "lado": null, "cordon": "NO", "cord_estado": null, "km_cordon": 0.11738909632647059, "fecha": "08-2026" }, "geometry": { "type": "LineString", "coordinates": [ [ -68.4633372, -33.19061940000001 ], [ -68.4624206, -33.1909448 ] ] } },
{ "type": "Feature", "properties": { "id_tramo": 204, "osm_id": "177321955", "zona": "URBANO", "km": 0.093908470058396726, "lado": null, "cordon": "NO", "cord_estado": null, "km_cordon": 0.073908470058396722, "fecha": "08-2026" }, "geometry": { "type": "LineString", "coordinates": [ [ -68.4659108, -33.19216320000001 ], [ -68.4656042, -33.191708 ] ] } },
{ "type": "Feature", "properties": { "id_tramo": 208, "osm_id": "257781709", "zona": "URBANO", "km": 0.094975432018632969, "lado": null, "cordon": "NO", "cord_estado": null, "km_cordon": 0.074975432018632965, "fecha": "08-2026" }, "geometry": { "type": "LineString", "coordinates": [ [ -68.4627171, -33.1966141 ], [ -68.4622137, -33.1968442 ] ] } },
{ "type": "Feature", "properties": { "id_tramo": 210, "osm_id": "183315928", "zona": "URBANO", "km": 0.095514386746257673, "lado": null, "cordon": "NO", "cord_estado": null, "km_cordon": 0.07551438674625767, "fecha": "08-2026" }, "geometry": { "type": "LineString", "coordinates": [ [ -68.4633435, -33.1975929 ], [ -68.4628463, -33.197821100000013 ] ] } },
{ "type": "Feature", "properties": { "id_tramo": 211, "osm_id": "177321922", "zona": "URBANO", "km": 0.12253630998083478, "lado": null, "cordon": "NO", "cord_estado": null, "km_cordon": 0.10253630998083478, "fecha": "08-2026" }, "geometry": { "type": "LineString", "coordinates": [ [ -68.4627045, -33.197803 ], [ -68.4622786, -33.1971401 ] ] } },
{ "type": "Feature", "properties": { "id_tramo": 213, "osm_id": "183315837", "zona": "URBANO", "km": 0.094503966952595594, "lado": null, "cordon": "NO", "cord_estado": null, "km_cordon": 0.074503966952595591, "fecha": "08-2026" }, "geometry": { "type": "LineString", "coordinates": [ [ -68.4619613, -33.195408500000013 ], [ -68.4614342, -33.195637 ] ] } },
{ "type": "Feature", "properties": { "id_tramo": 215, "osm_id": "183312754", "zona": "URBANO", "km": 0.093737762335040969, "lado": null, "cordon": "NO", "cord_estado": null, "km_cordon": 0.073737762335040966, "fecha": "08-2026" }, "geometry": { "type": "LineString", "coordinates": [ [ -68.4612985, -33.1943957 ], [ -68.4607788, -33.1946393 ] ] } },
{ "type": "Feature", "properties": { "id_tramo": 216, "osm_id": "183312786", "zona": "URBANO", "km": 0.093257794228154028, "lado": null, "cordon": "NO", "cord_estado": null, "km_cordon": 0.073257794228154025, "fecha": "08-2026" }, "geometry": { "type": "LineString", "coordinates": [ [ -68.460729, -33.19348080000001 ], [ -68.4601728, -33.1937351 ] ] } },
{ "type": "Feature", "properties": { "id_tramo": 220, "osm_id": "177321969", "zona": "URBANO", "km": 0.1737551437891523, "lado": null, "cordon": "NO", "cord_estado": null, "km_cordon": 0.15375514378915231, "fecha": "08-2026" }, "geometry": { "type": "LineString", "coordinates": [ [ -68.4606615, -33.1932141 ], [ -68.4600138, -33.1921503 ] ] } },
{ "type": "Feature", "properties": { "id_tramo": 221, "osm_id": "177321969", "zona": "URBANO", "km": 0.1737551437891523, "lado": null, "cordon": "NO", "cord_estado": null, "km_cordon": 0.15375514378915231, "fecha": "08-2026" }, "geometry": { "type": "LineString", "coordinates": [ [ -68.4608423, -33.1931356 ], [ -68.460207, -33.1920782 ] ] } },
{ "type": "Feature", "properties": { "id_tramo": 222, "osm_id": "183312785", "zona": "URBANO", "km": 0.092377115857557146, "lado": null, "cordon": "NO", "cord_estado": null, "km_cordon": 0.072377115857557142, "fecha": "08-2026" }, "geometry": { "type": "LineString", "coordinates": [ [ -68.4598659, -33.192116 ], [ -68.4593077, -33.1923785 ] ] } },
{ "type": "Feature", "properties": { "id_tramo": 224, "osm_id": "177321955", "zona": "URBANO", "km": 0.19150876244277595, "lado": null, "cordon": "NO", "cord_estado": null, "km_cordon": 0.17150876244277596, "fecha": "08-2026" }, "geometry": { "type": "LineString", "coordinates": [ [ -68.4655995, -33.191354 ], [ -68.4648791, -33.1901262 ] ] } },
{ "type": "Feature", "properties": { "id_tramo": 226, "osm_id": "177170650", "zona": "URBANO", "km": 0.11012814118062146, "lado": null, "cordon": "NO", "cord_estado": null, "km_cordon": 0.090128141180621457, "fecha": "08-2026" }, "geometry": { "type": "LineString", "coordinates": [ [ -68.4655854, -33.1897496 ], [ -68.4649303, -33.1900067 ] ] } },
{ "type": "Feature", "properties": { "id_tramo": 227, "osm_id": "177170650", "zona": "URBANO", "km": 0.11012814118062146, "lado": null, "cordon": "NO", "cord_estado": null, "km_cordon": 0.090128141180621457, "fecha": "08-2026" }, "geometry": { "type": "LineString", "coordinates": [ [ -68.4654955, -33.1895921 ], [ -68.464843500000015, -33.189842 ] ] } },
{ "type": "Feature", "properties": { "id_tramo": 228, "osm_id": "177321922", "zona": "URBANO", "km": 0.17670917833561159, "lado": null, "cordon": "NO", "cord_estado": null, "km_cordon": 0.1567091783356116, "fecha": "08-2026" }, "geometry": { "type": "LineString", "coordinates": [ [ -68.4599308, -33.1935484 ], [ -68.4592671, -33.1925029 ] ] } },
{ "type": "Feature", "properties": { "id_tramo": 229, "osm_id": "177321922", "zona": "URBANO", "km": 0.17670917833561159, "lado": null, "cordon": "NO", "cord_estado": null, "km_cordon": 0.1567091783356116, "fecha": "08-2026" }, "geometry": { "type": "LineString", "coordinates": [ [ -68.4597215, -33.1936269 ], [ -68.459063, -33.192583 ] ] } },
{ "type": "Feature", "properties": { "id_tramo": 231, "osm_id": "177321945", "zona": "URBANO", "km": 0.12252323202845666, "lado": null, "cordon": "NO", "cord_estado": null, "km_cordon": 0.10252323202845666, "fecha": "08-2026" }, "geometry": { "type": "LineString", "coordinates": [ [ -68.4599219, -33.196176200000011 ], [ -68.4595364, -33.195559300000014 ] ] } },
{ "type": "Feature", "properties": { "id_tramo": 232, "osm_id": "177170544", "zona": "URBANO", "km": 0.20124559697399363, "lado": null, "cordon": "NO", "cord_estado": null, "km_cordon": 0.18124559697399364, "fecha": "08-2026" }, "geometry": { "type": "LineString", "coordinates": [ [ -68.4667515, -33.1909529 ], [ -68.4659399, -33.1897295 ] ] } },
{ "type": "Feature", "properties": { "id_tramo": 235, "osm_id": "177170544", "zona": "URBANO", "km": 0.079308412440130191, "lado": null, "cordon": "NO", "cord_estado": null, "km_cordon": 0.059308412440130187, "fecha": "08-2026" }, "geometry": { "type": "LineString", "coordinates": [ [ -68.4670094, -33.1916576 ], [ -68.4667841, -33.1913327 ] ] } },
{ "type": "Feature", "properties": { "id_tramo": 236, "osm_id": "177170544", "zona": "URBANO", "km": 0.11285173242552837, "lado": null, "cordon": "NO", "cord_estado": null, "km_cordon": 0.092851732425528369, "fecha": "08-2026" }, "geometry": { "type": "LineString", "coordinates": [ [ -68.4685199, -33.193831 ], [ -68.4680077, -33.1930536 ] ] } },
{ "type": "Feature", "properties": { "id_tramo": 238, "osm_id": "177170500", "zona": "URBANO", "km": 0.076489558688765211, "lado": null, "cordon": "NO", "cord_estado": null, "km_cordon": 0.056489558688765207, "fecha": "08-2026" }, "geometry": { "type": "LineString", "coordinates": [ [ -68.4688081, -33.1921513 ], [ -68.4683203, -33.1914455 ] ] } },
{ "type": "Feature", "properties": { "id_tramo": 239, "osm_id": "177170544", "zona": "URBANO", "km": 0.023355013398660331, "lado": null, "cordon": "NO", "cord_estado": null, "km_cordon": 0.0033550133986603309, "fecha": "08-2026" }, "geometry": { "type": "LineString", "coordinates": [ [ -68.468752, -33.193805800000014 ], [ -68.4695212, -33.1949071 ] ] } },
{ "type": "Feature", "properties": { "id_tramo": 243, "osm_id": "257800488", "zona": "URBANO", "km": 0.08393876075846797, "lado": null, "cordon": "NO", "cord_estado": null, "km_cordon": 0.063938760758467966, "fecha": "08-2026" }, "geometry": { "type": "LineString", "coordinates": [ [ -68.4722782, -33.20049130000001 ], [ -68.4718761, -33.2006661 ] ] } },
{ "type": "Feature", "properties": { "id_tramo": 244, "osm_id": "177170544", "zona": "URBANO", "km": 0.10091476026067428, "lado": null, "cordon": "NO", "cord_estado": null, "km_cordon": 0.080914760260674276, "fecha": "08-2026" }, "geometry": { "type": "LineString", "coordinates": [ [ -68.470631, -33.1968286 ], [ -68.4701851, -33.1962058 ] ] } },
{ "type": "Feature", "properties": { "id_tramo": 245, "osm_id": "177322007", "zona": "URBANO", "km": 0.08079793582489353, "lado": null, "cordon": "NO", "cord_estado": null, "km_cordon": 0.060797935824893526, "fecha": "08-2026" }, "geometry": { "type": "LineString", "coordinates": [ [ -68.4684737, -33.1939543 ], [ -68.4677087, -33.1943038 ] ] } },
{ "type": "Feature", "properties": { "id_tramo": 249, "osm_id": "257800489", "zona": "URBANO", "km": 0.063790154094678794, "lado": null, "cordon": "NO", "cord_estado": null, "km_cordon": 0.04379015409467879, "fecha": "08-2026" }, "geometry": { "type": "LineString", "coordinates": [ [ -68.4725162, -33.1996561 ], [ -68.4721865, -33.199811900000014 ] ] } },
{ "type": "Feature", "properties": { "id_tramo": 251, "osm_id": "257800489", "zona": "URBANO", "km": 0.081463841730081504, "lado": null, "cordon": "NO", "cord_estado": null, "km_cordon": 0.0614638417300815, "fecha": "08-2026" }, "geometry": { "type": "LineString", "coordinates": [ [ -68.4718955, -33.1999394 ], [ -68.4715076, -33.2001231 ] ] } },
{ "type": "Feature", "properties": { "id_tramo": 252, "osm_id": "257800489", "zona": "URBANO", "km": 0.081463841730081504, "lado": null, "cordon": "NO", "cord_estado": null, "km_cordon": 0.0614638417300815, "fecha": "08-2026" }, "geometry": { "type": "LineString", "coordinates": [ [ -68.4717895, -33.1997882 ], [ -68.4714069, -33.1999645 ] ] } },
{ "type": "Feature", "properties": { "id_tramo": 253, "osm_id": "177170501", "zona": "URBANO", "km": 0.060868495969855309, "lado": null, "cordon": "NO", "cord_estado": null, "km_cordon": 0.040868495969855312, "fecha": "08-2026" }, "geometry": { "type": "LineString", "coordinates": [ [ -68.4719916, -33.198978100000012 ], [ -68.4716881, -33.1991185 ] ] } },
{ "type": "Feature", "properties": { "id_tramo": 255, "osm_id": "257951210", "zona": "URBANO", "km": 0.12091960837065351, "lado": null, "cordon": "NO", "cord_estado": null, "km_cordon": 0.1009196083706535, "fecha": "08-2026" }, "geometry": { "type": "LineString", "coordinates": [ [ -68.461425, -33.1901466 ], [ -68.4606457, -33.1904371 ] ] } },
{ "type": "Feature", "properties": { "id_tramo": 256, "osm_id": "257951210", "zona": "URBANO", "km": 0.12091960837065351, "lado": null, "cordon": "NO", "cord_estado": null, "km_cordon": 0.1009196083706535, "fecha": "08-2026" }, "geometry": { "type": "LineString", "coordinates": [ [ -68.4613246, -33.1899875 ], [ -68.4605506, -33.1902762 ] ] } },
{ "type": "Feature", "properties": { "id_tramo": 264, "osm_id": "642762566", "zona": "URBANO", "km": 0.13818915971427118, "lado": null, "cordon": "NO", "cord_estado": null, "km_cordon": 0.11818915971427117, "fecha": "08-2026" }, "geometry": { "type": "LineString", "coordinates": [ [ -68.458208, -33.185045700000011 ], [ -68.4572375, -33.1853572 ] ] } },
{ "type": "Feature", "properties": { "id_tramo": 269, "osm_id": "177322064", "zona": "URBANO", "km": 0.14014492788068314, "lado": null, "cordon": "NO", "cord_estado": null, "km_cordon": 0.12014492788068314, "fecha": "08-2026" }, "geometry": { "type": "LineString", "coordinates": [ [ -68.4560765, -33.181951 ], [ -68.4551234, -33.1824303 ] ] } },
{ "type": "Feature", "properties": { "id_tramo": 272, "osm_id": "177322060", "zona": "URBANO", "km": 0.14306063870292796, "lado": null, "cordon": "NO", "cord_estado": null, "km_cordon": 0.12306063870292795, "fecha": "08-2026" }, "geometry": { "type": "LineString", "coordinates": [ [ -68.4552089, -33.180677 ], [ -68.4542289, -33.1810057 ] ] } },
{ "type": "Feature", "properties": { "id_tramo": 274, "osm_id": "177322071", "zona": "URBANO", "km": 0.1564969068118516, "lado": null, "cordon": "NO", "cord_estado": null, "km_cordon": 0.13649690681185161, "fecha": "08-2026" }, "geometry": { "type": "LineString", "coordinates": [ [ -68.4546349, -33.17983490000001 ], [ -68.4534427, -33.1801058 ] ] } },
{ "type": "Feature", "properties": { "id_tramo": 277, "osm_id": "545997175", "zona": "URBANO", "km": 0.16648214525164043, "lado": null, "cordon": "NO", "cord_estado": null, "km_cordon": 0.14648214525164044, "fecha": "08-2026" }, "geometry": { "type": "LineString", "coordinates": [ [ -68.4540541, -33.1789434 ], [ -68.452747, -33.1791572 ] ] } },
{ "type": "Feature", "properties": { "id_tramo": 278, "osm_id": "545997175", "zona": "URBANO", "km": 0.16648214525164043, "lado": null, "cordon": "NO", "cord_estado": null, "km_cordon": 0.14648214525164044, "fecha": "08-2026" }, "geometry": { "type": "LineString", "coordinates": [ [ -68.4539564, -33.1788126 ], [ -68.4526488, -33.17903 ] ] } },
{ "type": "Feature", "properties": { "id_tramo": 284, "osm_id": "177170619", "zona": "URBANO", "km": 0.13689988171433903, "lado": null, "cordon": "NO", "cord_estado": null, "km_cordon": 0.11689988171433903, "fecha": "08-2026" }, "geometry": { "type": "LineString", "coordinates": [ [ -68.4608432, -33.1866422 ], [ -68.4598872, -33.1869256 ] ] } },
{ "type": "Feature", "properties": { "id_tramo": 285, "osm_id": "177170628", "zona": "URBANO", "km": 0.13558201312546911, "lado": null, "cordon": "NO", "cord_estado": null, "km_cordon": 0.1155820131254691, "fecha": "08-2026" }, "geometry": { "type": "LineString", "coordinates": [ [ -68.4602517, -33.18571 ], [ -68.4593205, -33.186083 ] ] } },
{ "type": "Feature", "properties": { "id_tramo": 286, "osm_id": "177170628", "zona": "URBANO", "km": 0.13558201312546911, "lado": null, "cordon": "NO", "cord_estado": null, "km_cordon": 0.1155820131254691, "fecha": "08-2026" }, "geometry": { "type": "LineString", "coordinates": [ [ -68.4601599, -33.1855462 ], [ -68.4592202, -33.18591820000001 ] ] } },
{ "type": "Feature", "properties": { "id_tramo": 287, "osm_id": "177170633", "zona": "URBANO", "km": 0.1370541219707542, "lado": null, "cordon": "NO", "cord_estado": null, "km_cordon": 0.1170541219707542, "fecha": "08-2026" }, "geometry": { "type": "LineString", "coordinates": [ [ -68.4596533, -33.1847692 ], [ -68.4586971, -33.185089 ] ] } },
{ "type": "Feature", "properties": { "id_tramo": 288, "osm_id": "177170633", "zona": "URBANO", "km": 0.1370541219707542, "lado": null, "cordon": "NO", "cord_estado": null, "km_cordon": 0.1170541219707542, "fecha": "08-2026" }, "geometry": { "type": "LineString", "coordinates": [ [ -68.4595392, -33.184600400000015 ], [ -68.4585864, -33.1849087 ] ] } },
{ "type": "Feature", "properties": { "id_tramo": 291, "osm_id": "177322060", "zona": "URBANO", "km": 0.13016025562410988, "lado": null, "cordon": "NO", "cord_estado": null, "km_cordon": 0.11016025562410987, "fecha": "08-2026" }, "geometry": { "type": "LineString", "coordinates": [ [ -68.4565877, -33.1803434 ], [ -68.4556994, -33.1806941 ] ] } },
{ "type": "Feature", "properties": { "id_tramo": 293, "osm_id": "177322071", "zona": "URBANO", "km": 0.11630990344317783, "lado": null, "cordon": "NO", "cord_estado": null, "km_cordon": 0.09630990344317783, "fecha": "08-2026" }, "geometry": { "type": "LineString", "coordinates": [ [ -68.4558757, -33.1794735 ], [ -68.4551024, -33.1798378 ] ] } },
{ "type": "Feature", "properties": { "id_tramo": 295, "osm_id": "257951210", "zona": "URBANO", "km": 0.11635990277674786, "lado": null, "cordon": "NO", "cord_estado": null, "km_cordon": 0.096359902776747858, "fecha": "08-2026" }, "geometry": { "type": "LineString", "coordinates": [ [ -68.460249, -33.190585600000013 ], [ -68.4595432, -33.1908338 ] ] } },
{ "type": "Feature", "properties": { "id_tramo": 297, "osm_id": "183312743", "zona": "URBANO", "km": 0.11726576620340798, "lado": null, "cordon": "NO", "cord_estado": null, "km_cordon": 0.097265766203407975, "fecha": "08-2026" }, "geometry": { "type": "LineString", "coordinates": [ [ -68.459797, -33.1898865 ], [ -68.4590826, -33.1901373 ] ] } },
{ "type": "Feature", "properties": { "id_tramo": 298, "osm_id": "183312743", "zona": "URBANO", "km": 0.11726576620340798, "lado": null, "cordon": "NO", "cord_estado": null, "km_cordon": 0.097265766203407975, "fecha": "08-2026" }, "geometry": { "type": "LineString", "coordinates": [ [ -68.4596937, -33.1897173 ], [ -68.4589669, -33.1899756 ] ] } },
{ "type": "Feature", "properties": { "id_tramo": 299, "osm_id": "183315893", "zona": "URBANO", "km": 0.11526468143710325, "lado": null, "cordon": "NO", "cord_estado": null, "km_cordon": 0.095264681437103246, "fecha": "08-2026" }, "geometry": { "type": "LineString", "coordinates": [ [ -68.4592813, -33.1891092 ], [ -68.4585067, -33.1893641 ] ] } },
{ "type": "Feature", "properties": { "id_tramo": 300, "osm_id": "183315893", "zona": "URBANO", "km": 0.11526468143710325, "lado": null, "cordon": "NO", "cord_estado": null, "km_cordon": 0.095264681437103246, "fecha": "08-2026" }, "geometry": { "type": "LineString", "coordinates": [ [ -68.4592038, -33.1890347 ], [ -68.458454800000013, -33.1892785 ] ] } },
{ "type": "Feature", "properties": { "id_tramo": 301, "osm_id": "771230548", "zona": "URBANO", "km": 0.11779559404647701, "lado": null, "cordon": "NO", "cord_estado": null, "km_cordon": 0.097795594046477002, "fecha": "08-2026" }, "geometry": { "type": "LineString", "coordinates": [ [ -68.458833, -33.1885059 ], [ -68.458037, -33.1887628 ] ] } },
{ "type": "Feature", "properties": { "id_tramo": 302, "osm_id": "257781725", "zona": "URBANO", "km": 0.12299785009572237, "lado": null, "cordon": "NO", "cord_estado": null, "km_cordon": 0.10299785009572236, "fecha": "08-2026" }, "geometry": { "type": "LineString", "coordinates": [ [ -68.4582145, -33.1876013 ], [ -68.4574175, -33.18783650000001 ] ] } },
{ "type": "Feature", "properties": { "id_tramo": 304, "osm_id": "257781706", "zona": "URBANO", "km": 0.12348141511422417, "lado": null, "cordon": "NO", "cord_estado": null, "km_cordon": 0.10348141511422417, "fecha": "08-2026" }, "geometry": { "type": "LineString", "coordinates": [ [ -68.4575409, -33.1865619 ], [ -68.4567417, -33.1868165 ] ] } },
{ "type": "Feature", "properties": { "id_tramo": 307, "osm_id": "257781719", "zona": "URBANO", "km": 0.12134655071793794, "lado": null, "cordon": "NO", "cord_estado": null, "km_cordon": 0.10134655071793794, "fecha": "08-2026" }, "geometry": { "type": "LineString", "coordinates": [ [ -68.4568397, -33.1854658 ], [ -68.4560116, -33.1857314 ] ] } },
{ "type": "Feature", "properties": { "id_tramo": 308, "osm_id": "177322022", "zona": "URBANO", "km": 0.11374799396415805, "lado": null, "cordon": "NO", "cord_estado": null, "km_cordon": 0.093747993964158047, "fecha": "08-2026" }, "geometry": { "type": "LineString", "coordinates": [ [ -68.4562486, -33.1847853 ], [ -68.4555984, -33.18511 ] ] } },
{ "type": "Feature", "properties": { "id_tramo": 310, "osm_id": "177322011", "zona": "URBANO", "km": 0.10996557834779751, "lado": null, "cordon": "NO", "cord_estado": null, "km_cordon": 0.089965578347797504, "fecha": "08-2026" }, "geometry": { "type": "LineString", "coordinates": [ [ -68.4555138, -33.183695 ], [ -68.4548764, -33.1840179 ] ] } },
{ "type": "Feature", "properties": { "id_tramo": 311, "osm_id": "177322011", "zona": "URBANO", "km": 0.10996557834779751, "lado": null, "cordon": "NO", "cord_estado": null, "km_cordon": 0.089965578347797504, "fecha": "08-2026" }, "geometry": { "type": "LineString", "coordinates": [ [ -68.4554378, -33.183528700000011 ], [ -68.4547842, -33.1838597 ] ] } },
{ "type": "Feature", "properties": { "id_tramo": 315, "osm_id": "177322060", "zona": "URBANO", "km": 0.18346661998565736, "lado": null, "cordon": "NO", "cord_estado": null, "km_cordon": 0.16346661998565737, "fecha": "08-2026" }, "geometry": { "type": "LineString", "coordinates": [ [ -68.4537968, -33.1811643 ], [ -68.4524374, -33.1816526 ] ] } },
{ "type": "Feature", "properties": { "id_tramo": 318, "osm_id": "257781722", "zona": "URBANO", "km": 0.10547095445468346, "lado": null, "cordon": "NO", "cord_estado": null, "km_cordon": 0.085470954454683459, "fecha": "08-2026" }, "geometry": { "type": "LineString", "coordinates": [ [ -68.4650023, -33.188809300000017 ], [ -68.4643543, -33.1890561 ] ] } },
{ "type": "Feature", "properties": { "id_tramo": 322, "osm_id": "183315929", "zona": "URBANO", "km": 0.12507026738349747, "lado": null, "cordon": "NO", "cord_estado": null, "km_cordon": 0.10507026738349746, "fecha": "08-2026" }, "geometry": { "type": "LineString", "coordinates": [ [ -68.4626388, -33.1887186 ], [ -68.4634966, -33.188442100000017 ] ] } },
{ "type": "Feature", "properties": { "id_tramo": 323, "osm_id": "183315929", "zona": "URBANO", "km": 0.12507026738349747, "lado": null, "cordon": "NO", "cord_estado": null, "km_cordon": 0.10507026738349746, "fecha": "08-2026" }, "geometry": { "type": "LineString", "coordinates": [ [ -68.4625475, -33.1885662 ], [ -68.4634024, -33.1882829 ] ] } },
{ "type": "Feature", "properties": { "id_tramo": 324, "osm_id": "183315851", "zona": "URBANO", "km": 0.12016607748091876, "lado": null, "cordon": "NO", "cord_estado": null, "km_cordon": 0.10016607748091876, "fecha": "08-2026" }, "geometry": { "type": "LineString", "coordinates": [ [ -68.4618665, -33.187476 ], [ -68.4626856, -33.1872438 ] ] } },
{ "type": "Feature", "properties": { "id_tramo": 325, "osm_id": "183315851", "zona": "URBANO", "km": 0.12016607748091876, "lado": null, "cordon": "NO", "cord_estado": null, "km_cordon": 0.10016607748091876, "fecha": "08-2026" }, "geometry": { "type": "LineString", "coordinates": [ [ -68.4617673, -33.1873186 ], [ -68.4625933, -33.1870794 ] ] } },
{ "type": "Feature", "properties": { "id_tramo": 329, "osm_id": "177170619", "zona": "URBANO", "km": 0.10392011093391763, "lado": null, "cordon": "NO", "cord_estado": null, "km_cordon": 0.08392011093391763, "fecha": "08-2026" }, "geometry": { "type": "LineString", "coordinates": [ [ -68.4631082, -33.1859859 ], [ -68.4624485, -33.1861809 ] ] } },
{ "type": "Feature", "properties": { "id_tramo": 332, "osm_id": "177170628", "zona": "URBANO", "km": 0.11267137035504726, "lado": null, "cordon": "NO", "cord_estado": null, "km_cordon": 0.092671370355047258, "fecha": "08-2026" }, "geometry": { "type": "LineString", "coordinates": [ [ -68.4606372, -33.1855626 ], [ -68.4613538, -33.185328 ] ] } },
{ "type": "Feature", "properties": { "id_tramo": 333, "osm_id": "177170628", "zona": "URBANO", "km": 0.11267137035504726, "lado": null, "cordon": "NO", "cord_estado": null, "km_cordon": 0.092671370355047258, "fecha": "08-2026" }, "geometry": { "type": "LineString", "coordinates": [ [ -68.4605615, -33.1853978 ], [ -68.4612492, -33.1851739 ] ] } },
{ "type": "Feature", "properties": { "id_tramo": 340, "osm_id": "177321963", "zona": "URBANO", "km": 0.10544392795212904, "lado": null, "cordon": "NO", "cord_estado": null, "km_cordon": 0.085443927952129031, "fecha": "08-2026" }, "geometry": { "type": "LineString", "coordinates": [ [ -68.4593068, -33.1834869 ], [ -68.4599103, -33.1832804 ] ] } },
{ "type": "Feature", "properties": { "id_tramo": 341, "osm_id": "177321963", "zona": "URBANO", "km": 0.10544392795212904, "lado": null, "cordon": "NO", "cord_estado": null, "km_cordon": 0.085443927952129031, "fecha": "08-2026" }, "geometry": { "type": "LineString", "coordinates": [ [ -68.4592008, -33.183334 ], [ -68.4598092, -33.1831244 ] ] } },
{ "type": "Feature", "properties": { "id_tramo": 342, "osm_id": "177321944", "zona": "URBANO", "km": 0.10543895019876111, "lado": null, "cordon": "NO", "cord_estado": null, "km_cordon": 0.085438950198761104, "fecha": "08-2026" }, "geometry": { "type": "LineString", "coordinates": [ [ -68.4590052, -33.182996100000011 ], [ -68.4595891, -33.182802100000018 ] ] } },
{ "type": "Feature", "properties": { "id_tramo": 343, "osm_id": "177321944", "zona": "URBANO", "km": 0.10543895019876111, "lado": null, "cordon": "NO", "cord_estado": null, "km_cordon": 0.085438950198761104, "fecha": "08-2026" }, "geometry": { "type": "LineString", "coordinates": [ [ -68.4588941, -33.182835500000017 ], [ -68.4594835, -33.1826408 ] ] } },
{ "type": "Feature", "properties": { "id_tramo": 345, "osm_id": "177322005", "zona": "URBANO", "km": 0.10722487083351773, "lado": null, "cordon": "NO", "cord_estado": null, "km_cordon": 0.087224870833517723, "fecha": "08-2026" }, "geometry": { "type": "LineString", "coordinates": [ [ -68.4613352, -33.1833776 ], [ -68.4606626, -33.1835986 ] ] } },
{ "type": "Feature", "properties": { "id_tramo": 549, "osm_id": "183315919", "zona": "URBANO", "km": 0.088605589740216983, "lado": null, "cordon": "NO", "cord_estado": null, "km_cordon": 0.06860558974021698, "fecha": "08-2026" }, "geometry": { "type": "LineString", "coordinates": [ [ -68.4617852, -33.199226900000014 ], [ -68.4613024, -33.1994059 ] ] } },
{ "type": "Feature", "properties": { "id_tramo": 349, "osm_id": "177321944", "zona": "URBANO", "km": 0.10837490585316667, "lado": null, "cordon": "NO", "cord_estado": null, "km_cordon": 0.088374905853166666, "fecha": "08-2026" }, "geometry": { "type": "LineString", "coordinates": [ [ -68.4606127, -33.182257500000013 ], [ -68.459882600000014, -33.1824975 ] ] } },
{ "type": "Feature", "properties": { "id_tramo": 350, "osm_id": "612824076", "zona": "URBANO", "km": 0.11377880908902206, "lado": null, "cordon": "NO", "cord_estado": null, "km_cordon": 0.093778809089022058, "fecha": "08-2026" }, "geometry": { "type": "LineString", "coordinates": [ [ -68.4603167, -33.1818067 ], [ -68.4595461, -33.182072500000011 ] ] } },
{ "type": "Feature", "properties": { "id_tramo": 351, "osm_id": "612824076", "zona": "URBANO", "km": 0.11377880908902206, "lado": null, "cordon": "NO", "cord_estado": null, "km_cordon": 0.093778809089022058, "fecha": "08-2026" }, "geometry": { "type": "LineString", "coordinates": [ [ -68.460219, -33.1816533 ], [ -68.4594663, -33.1819142 ] ] } },
{ "type": "Feature", "properties": { "id_tramo": 355, "osm_id": "177321947", "zona": "URBANO", "km": 0.12687084371936405, "lado": null, "cordon": "NO", "cord_estado": null, "km_cordon": 0.10687084371936405, "fecha": "08-2026" }, "geometry": { "type": "LineString", "coordinates": [ [ -68.4610438, -33.1912747 ], [ -68.4605931, -33.19056470000001 ] ] } },
{ "type": "Feature", "properties": { "id_tramo": 357, "osm_id": "177321929", "zona": "URBANO", "km": 0.12135300550371417, "lado": null, "cordon": "NO", "cord_estado": null, "km_cordon": 0.10135300550371416, "fecha": "08-2026" }, "geometry": { "type": "LineString", "coordinates": [ [ -68.4634689, -33.190254300000014 ], [ -68.4630728, -33.1896483 ] ] } },
{ "type": "Feature", "properties": { "id_tramo": 361, "osm_id": "177321955", "zona": "URBANO", "km": 0.11874362340605961, "lado": null, "cordon": "NO", "cord_estado": null, "km_cordon": 0.098743623406059605, "fecha": "08-2026" }, "geometry": { "type": "LineString", "coordinates": [ [ -68.4644965, -33.1898794 ], [ -68.4641201, -33.1892578 ] ] } },
{ "type": "Feature", "properties": { "id_tramo": 362, "osm_id": "177170544", "zona": "URBANO", "km": 0.11493175041606978, "lado": null, "cordon": "NO", "cord_estado": null, "km_cordon": 0.094931750416069771, "fecha": "08-2026" }, "geometry": { "type": "LineString", "coordinates": [ [ -68.4657301, -33.1894094 ], [ -68.4652505, -33.188663 ], [ -68.4651908, -33.1885702 ], [ -68.4648811, -33.1880881 ] ] } },
{ "type": "Feature", "properties": { "id_tramo": 363, "osm_id": "177170544", "zona": "URBANO", "km": 0.11493175041606978, "lado": null, "cordon": "NO", "cord_estado": null, "km_cordon": 0.094931750416069771, "fecha": "08-2026" }, "geometry": { "type": "LineString", "coordinates": [ [ -68.4655361, -33.189477 ], [ -68.465127200000012, -33.18884 ] ] } },
{ "type": "Feature", "properties": { "id_tramo": 364, "osm_id": "177321955", "zona": "URBANO", "km": 0.094447991627026759, "lado": null, "cordon": "NO", "cord_estado": null, "km_cordon": 0.074447991627026755, "fecha": "08-2026" }, "geometry": { "type": "LineString", "coordinates": [ [ -68.4639175, -33.1889334 ], [ -68.463646800000021, -33.1884852 ] ] } },
{ "type": "Feature", "properties": { "id_tramo": 365, "osm_id": "177321955", "zona": "URBANO", "km": 0.094447991627026759, "lado": null, "cordon": "NO", "cord_estado": null, "km_cordon": 0.074447991627026755, "fecha": "08-2026" }, "geometry": { "type": "LineString", "coordinates": [ [ -68.4641054, -33.1888635 ], [ -68.4638456, -33.1884327 ] ] } },
{ "type": "Feature", "properties": { "id_tramo": 366, "osm_id": "177321969", "zona": "URBANO", "km": 0.13643469710400694, "lado": null, "cordon": "NO", "cord_estado": null, "km_cordon": 0.11643469710400693, "fecha": "08-2026" }, "geometry": { "type": "LineString", "coordinates": [ [ -68.4600005, -33.1917499 ], [ -68.4595191, -33.1909603 ] ] } },
{ "type": "Feature", "properties": { "id_tramo": 369, "osm_id": "257951210", "zona": "URBANO", "km": 0.092090911628723474, "lado": null, "cordon": "NO", "cord_estado": null, "km_cordon": 0.07209091162872347, "fecha": "08-2026" }, "geometry": { "type": "LineString", "coordinates": [ [ -68.45907, -33.1908115 ], [ -68.4584355, -33.1910457 ] ] } },
{ "type": "Feature", "properties": { "id_tramo": 370, "osm_id": "177321922", "zona": "URBANO", "km": 0.14430354173196949, "lado": null, "cordon": "NO", "cord_estado": null, "km_cordon": 0.12430354173196949, "fecha": "08-2026" }, "geometry": { "type": "LineString", "coordinates": [ [ -68.4590522, -33.1922099 ], [ -68.458507, -33.1913221 ] ] } },
{ "type": "Feature", "properties": { "id_tramo": 371, "osm_id": "183312743", "zona": "URBANO", "km": 0.091733782882579953, "lado": null, "cordon": "NO", "cord_estado": null, "km_cordon": 0.07173378288257995, "fecha": "08-2026" }, "geometry": { "type": "LineString", "coordinates": [ [ -68.458675, -33.19028 ], [ -68.4580869, -33.190501 ] ] } },
{ "type": "Feature", "properties": { "id_tramo": 372, "osm_id": "183312743", "zona": "URBANO", "km": 0.091733782882579953, "lado": null, "cordon": "NO", "cord_estado": null, "km_cordon": 0.07173378288257995, "fecha": "08-2026" }, "geometry": { "type": "LineString", "coordinates": [ [ -68.4585645, -33.1901247 ], [ -68.4579866, -33.19034120000002 ] ] } },
{ "type": "Feature", "properties": { "id_tramo": 376, "osm_id": "254577236", "zona": "URBANO", "km": 0.096490665318751126, "lado": null, "cordon": "NO", "cord_estado": null, "km_cordon": 0.076490665318751122, "fecha": "08-2026" }, "geometry": { "type": "LineString", "coordinates": [ [ -68.4644513, -33.199239400000017 ], [ -68.4639166, -33.1994811 ] ] } },
{ "type": "Feature", "properties": { "id_tramo": 378, "osm_id": "257800487", "zona": "URBANO", "km": 0.096704957016682233, "lado": null, "cordon": "NO", "cord_estado": null, "km_cordon": 0.076704957016682229, "fecha": "08-2026" }, "geometry": { "type": "LineString", "coordinates": [ [ -68.4647306, -33.19966860000001 ], [ -68.464194100000014, -33.1999105 ] ] } },
{ "type": "Feature", "properties": { "id_tramo": 388, "osm_id": "177321929", "zona": "URBANO", "km": 0.099854345749694873, "lado": null, "cordon": "NO", "cord_estado": null, "km_cordon": 0.079854345749694869, "fecha": "08-2026" }, "geometry": { "type": "LineString", "coordinates": [ [ -68.4620697, -33.188403900000012 ], [ -68.4615416, -33.1875502 ], [ -68.4614825, -33.187454700000011 ], [ -68.4611011, -33.186837900000015 ] ] } },
{ "type": "Feature", "properties": { "id_tramo": 389, "osm_id": "177321929", "zona": "URBANO", "km": 0.099854345749694873, "lado": null, "cordon": "NO", "cord_estado": null, "km_cordon": 0.079854345749694869, "fecha": "08-2026" }, "geometry": { "type": "LineString", "coordinates": [ [ -68.4616139, -33.1872742 ], [ -68.4612967, -33.1867872 ] ] } },
{ "type": "Feature", "properties": { "id_tramo": 390, "osm_id": "177321929", "zona": "URBANO", "km": 0.14099397227739915, "lado": null, "cordon": "NO", "cord_estado": null, "km_cordon": 0.12099397227739915, "fecha": "08-2026" }, "geometry": { "type": "LineString", "coordinates": [ [ -68.461102, -33.1864617 ], [ -68.4606122, -33.1856895 ] ] } },
{ "type": "Feature", "properties": { "id_tramo": 393, "osm_id": "177322061", "zona": "URBANO", "km": 0.12964903548346235, "lado": null, "cordon": "NO", "cord_estado": null, "km_cordon": 0.10964903548346235, "fecha": "08-2026" }, "geometry": { "type": "LineString", "coordinates": [ [ -68.459513, -33.1869378 ], [ -68.4590207, -33.1861804 ] ] } },
{ "type": "Feature", "properties": { "id_tramo": 394, "osm_id": "177322061", "zona": "URBANO", "km": 0.11731559365966331, "lado": null, "cordon": "NO", "cord_estado": null, "km_cordon": 0.097315593659663302, "fecha": "08-2026" }, "geometry": { "type": "LineString", "coordinates": [ [ -68.4590719, -33.1858755 ], [ -68.4586507, -33.18520740000001 ] ] } },
{ "type": "Feature", "properties": { "id_tramo": 399, "osm_id": "177321955", "zona": "URBANO", "km": 0.15341168777670403, "lado": null, "cordon": "NO", "cord_estado": null, "km_cordon": 0.13341168777670404, "fecha": "08-2026" }, "geometry": { "type": "LineString", "coordinates": [ [ -68.4634491, -33.1881754 ], [ -68.4628244, -33.1872892 ] ] } },
{ "type": "Feature", "properties": { "id_tramo": 403, "osm_id": "177321955", "zona": "URBANO", "km": 0.14583546133468167, "lado": null, "cordon": "NO", "cord_estado": null, "km_cordon": 0.12583546133468168, "fecha": "08-2026" }, "geometry": { "type": "LineString", "coordinates": [ [ -68.4620508, -33.1861897 ], [ -68.4615002, -33.1853699 ] ] } },
{ "type": "Feature", "properties": { "id_tramo": 551, "osm_id": "183312781", "zona": "URBANO", "km": 0.037714190428316016, "lado": null, "cordon": "NO", "cord_estado": null, "km_cordon": 0.017714190428316016, "fecha": "08-2026" }, "geometry": { "type": "LineString", "coordinates": [ [ -68.4567817, -33.1899683 ], [ -68.4563411, -33.1901436 ] ] } },
{ "type": "Feature", "properties": { "id_tramo": 557, "osm_id": "177321922", "zona": "URBANO", "km": 0.099405209721718166, "lado": null, "cordon": "NO", "cord_estado": null, "km_cordon": 0.079405209721718162, "fecha": "08-2026" }, "geometry": { "type": "LineString", "coordinates": [ [ -68.4576526, -33.1903838 ], [ -68.4572659, -33.1897866 ], [ -68.4572096, -33.1896997 ], [ -68.45626750000001, -33.188244800000014 ] ] } },
{ "type": "Feature", "properties": { "id_tramo": 558, "osm_id": "177321922", "zona": "URBANO", "km": 0.20476779371609491, "lado": null, "cordon": "NO", "cord_estado": null, "km_cordon": 0.18476779371609492, "fecha": "08-2026" }, "geometry": { "type": "LineString", "coordinates": [ [ -68.4573479, -33.1895482 ], [ -68.4564612, -33.1882022 ] ] } },
{ "type": "Feature", "properties": { "id_tramo": 560, "osm_id": "177321922", "zona": "URBANO", "km": 0.090818562552815105, "lado": null, "cordon": "NO", "cord_estado": null, "km_cordon": 0.070818562552815101, "fecha": "08-2026" }, "geometry": { "type": "LineString", "coordinates": [ [ -68.4582996, -33.191011100000011 ], [ -68.4580361, -33.1906113 ] ] } },
{ "type": "Feature", "properties": { "id_tramo": 561, "osm_id": "177321922", "zona": "URBANO", "km": 0.090818562552815105, "lado": null, "cordon": "NO", "cord_estado": null, "km_cordon": 0.070818562552815101, "fecha": "08-2026" }, "geometry": { "type": "LineString", "coordinates": [ [ -68.4581122, -33.191089 ], [ -68.4578413, -33.1906739 ] ] } },
{ "type": "Feature", "properties": { "id_tramo": 563, "osm_id": "177321945", "zona": "URBANO", "km": 0.091978473966515609, "lado": null, "cordon": "NO", "cord_estado": null, "km_cordon": 0.071978473966515605, "fecha": "08-2026" }, "geometry": { "type": "LineString", "coordinates": [ [ -68.4568877, -33.1915279 ], [ -68.4566266, -33.1911246 ] ] } },
{ "type": "Feature", "properties": { "id_tramo": 568, "osm_id": "177322059", "zona": "URBANO", "km": 0.10303752190253938, "lado": null, "cordon": "NO", "cord_estado": null, "km_cordon": 0.08303752190253938, "fecha": "08-2026" }, "geometry": { "type": "LineString", "coordinates": [ [ -68.4554566, -33.191209400000012 ], [ -68.4551211, -33.1907004 ] ] } },
{ "type": "Feature", "properties": { "id_tramo": 569, "osm_id": "183315836", "zona": "URBANO", "km": 0.11811992237762498, "lado": null, "cordon": "NO", "cord_estado": null, "km_cordon": 0.098119922377624971, "fecha": "08-2026" }, "geometry": { "type": "LineString", "coordinates": [ [ -68.4571026, -33.193092 ], [ -68.4567918, -33.1926372 ], [ -68.456462, -33.1927071 ], [ -68.4561099, -33.192193 ] ] } },
{ "type": "Feature", "properties": { "id_tramo": 406, "osm_id": "183315893", "zona": "URBANO", "km": 0.091662262370330427, "lado": null, "cordon": "NO", "cord_estado": null, "km_cordon": 0.071662262370330423, "fecha": "08-2026" }, "geometry": { "type": "LineString", "coordinates": [ [ -68.4581165, -33.1894925 ], [ -68.4575369, -33.1896809 ] ] } },
{ "type": "Feature", "properties": { "id_tramo": 407, "osm_id": "183315893", "zona": "URBANO", "km": 0.091662262370330427, "lado": null, "cordon": "NO", "cord_estado": null, "km_cordon": 0.071662262370330423, "fecha": "08-2026" }, "geometry": { "type": "LineString", "coordinates": [ [ -68.4580599, -33.1894044 ], [ -68.4574841, -33.1895854 ] ] } },
{ "type": "Feature", "properties": { "id_tramo": 409, "osm_id": "257781725", "zona": "URBANO", "km": 0.082083468040654833, "lado": null, "cordon": "NO", "cord_estado": null, "km_cordon": 0.062083468040654829, "fecha": "08-2026" }, "geometry": { "type": "LineString", "coordinates": [ [ -68.4568817, -33.187799100000014 ], [ -68.4564045, -33.1879407 ] ] } },
{ "type": "Feature", "properties": { "id_tramo": 412, "osm_id": "257781719", "zona": "URBANO", "km": 0.077818109809171296, "lado": null, "cordon": "NO", "cord_estado": null, "km_cordon": 0.057818109809171292, "fecha": "08-2026" }, "geometry": { "type": "LineString", "coordinates": [ [ -68.4557304, -33.1860242 ], [ -68.4553014, -33.1861613 ] ] } },
{ "type": "Feature", "properties": { "id_tramo": 417, "osm_id": "177322011", "zona": "URBANO", "km": 0.075415878424288804, "lado": null, "cordon": "NO", "cord_estado": null, "km_cordon": 0.0554158784242888, "fecha": "08-2026" }, "geometry": { "type": "LineString", "coordinates": [ [ -68.4544389, -33.184043 ], [ -68.4540695, -33.18423640000001 ] ] } },
{ "type": "Feature", "properties": { "id_tramo": 423, "osm_id": "177321947", "zona": "URBANO", "km": 0.093195067294194342, "lado": null, "cordon": "NO", "cord_estado": null, "km_cordon": 0.073195067294194338, "fecha": "08-2026" }, "geometry": { "type": "LineString", "coordinates": [ [ -68.4602048, -33.190319 ], [ -68.4599272, -33.189914300000012 ] ] } },
{ "type": "Feature", "properties": { "id_tramo": 424, "osm_id": "177321947", "zona": "URBANO", "km": 0.088110711790281473, "lado": null, "cordon": "NO", "cord_estado": null, "km_cordon": 0.06811071179028147, "fecha": "08-2026" }, "geometry": { "type": "LineString", "coordinates": [ [ -68.4597132, -33.189598100000012 ], [ -68.459402, -33.18913830000001 ] ] } },
{ "type": "Feature", "properties": { "id_tramo": 425, "osm_id": "183312754", "zona": "URBANO", "km": 0.12143253007520002, "lado": null, "cordon": "NO", "cord_estado": null, "km_cordon": 0.10143253007520002, "fecha": "08-2026" }, "geometry": { "type": "LineString", "coordinates": [ [ -68.4605181, -33.1950119 ], [ -68.4598009, -33.1953354 ] ] } },
{ "type": "Feature", "properties": { "id_tramo": 428, "osm_id": "183315837", "zona": "URBANO", "km": 0.12068371358112871, "lado": null, "cordon": "NO", "cord_estado": null, "km_cordon": 0.10068371358112871, "fecha": "08-2026" }, "geometry": { "type": "LineString", "coordinates": [ [ -68.4610469, -33.1957903 ], [ -68.4602743, -33.1961235 ] ] } },
{ "type": "Feature", "properties": { "id_tramo": 429, "osm_id": "257781709", "zona": "URBANO", "km": 0.11955595780062658, "lado": null, "cordon": "NO", "cord_estado": null, "km_cordon": 0.099555957800626579, "fecha": "08-2026" }, "geometry": { "type": "LineString", "coordinates": [ [ -68.461920400000011, -33.1971727 ], [ -68.4611677, -33.1975233 ] ] } },
{ "type": "Feature", "properties": { "id_tramo": 435, "osm_id": "183315836", "zona": "URBANO", "km": 0.063316375184934978, "lado": null, "cordon": "NO", "cord_estado": null, "km_cordon": 0.043316375184934974, "fecha": "08-2026" }, "geometry": { "type": "LineString", "coordinates": [ [ -68.4581452, -33.1913581 ], [ -68.4578776, -33.1914534 ] ] } },
{ "type": "Feature", "properties": { "id_tramo": 439, "osm_id": "257781725", "zona": "URBANO", "km": 0.12874742293322775, "lado": null, "cordon": "NO", "cord_estado": null, "km_cordon": 0.10874742293322774, "fecha": "08-2026" }, "geometry": { "type": "LineString", "coordinates": [ [ -68.4561216, -33.1881912 ], [ -68.4552782, -33.188437 ] ] } },
{ "type": "Feature", "properties": { "id_tramo": 440, "osm_id": "257781725", "zona": "URBANO", "km": 0.12874742293322775, "lado": null, "cordon": "NO", "cord_estado": null, "km_cordon": 0.10874742293322774, "fecha": "08-2026" }, "geometry": { "type": "LineString", "coordinates": [ [ -68.4560302, -33.188043200000017 ], [ -68.455178, -33.1883003 ] ] } },
{ "type": "Feature", "properties": { "id_tramo": 441, "osm_id": "257781706", "zona": "URBANO", "km": 0.12386366617706933, "lado": null, "cordon": "NO", "cord_estado": null, "km_cordon": 0.10386366617706932, "fecha": "08-2026" }, "geometry": { "type": "LineString", "coordinates": [ [ -68.4555232, -33.1872336 ], [ -68.454704300000017, -33.187508100000016 ] ] } },
{ "type": "Feature", "properties": { "id_tramo": 442, "osm_id": "257781706", "zona": "URBANO", "km": 0.12386366617706933, "lado": null, "cordon": "NO", "cord_estado": null, "km_cordon": 0.10386366617706932, "fecha": "08-2026" }, "geometry": { "type": "LineString", "coordinates": [ [ -68.4554429, -33.1870709 ], [ -68.454617, -33.1873417 ] ] } },
{ "type": "Feature", "properties": { "id_tramo": 444, "osm_id": "257781719", "zona": "URBANO", "km": 0.13353697913827192, "lado": null, "cordon": "NO", "cord_estado": null, "km_cordon": 0.11353697913827192, "fecha": "08-2026" }, "geometry": { "type": "LineString", "coordinates": [ [ -68.4548229, -33.1861228 ], [ -68.453866, -33.1864305 ], [ -68.4537565, -33.1864658 ], [ -68.4526807, -33.1868117 ] ] } },
{ "type": "Feature", "properties": { "id_tramo": 448, "osm_id": "183312797", "zona": "URBANO", "km": 0.073298754036241018, "lado": null, "cordon": "NO", "cord_estado": null, "km_cordon": 0.053298754036241014, "fecha": "08-2026" }, "geometry": { "type": "LineString", "coordinates": [ [ -68.45374990000002, -33.187833900000015 ], [ -68.4534154, -33.18794350000001 ] ] } },
{ "type": "Feature", "properties": { "id_tramo": 454, "osm_id": "183312743", "zona": "URBANO", "km": 0.11915872055373031, "lado": null, "cordon": "NO", "cord_estado": null, "km_cordon": 0.099158720553730303, "fecha": "08-2026" }, "geometry": { "type": "LineString", "coordinates": [ [ -68.4563959, -33.1909378 ], [ -68.4555955, -33.1912366 ] ] } },
{ "type": "Feature", "properties": { "id_tramo": 458, "osm_id": "183315921", "zona": "URBANO", "km": 0.12162950730335212, "lado": null, "cordon": "NO", "cord_estado": null, "km_cordon": 0.10162950730335212, "fecha": "08-2026" }, "geometry": { "type": "LineString", "coordinates": [ [ -68.4626245, -33.1982424 ], [ -68.4618228, -33.1985582 ] ] } },
{ "type": "Feature", "properties": { "id_tramo": 459, "osm_id": "183315919", "zona": "URBANO", "km": 0.12287751174687804, "lado": null, "cordon": "NO", "cord_estado": null, "km_cordon": 0.10287751174687804, "fecha": "08-2026" }, "geometry": { "type": "LineString", "coordinates": [ [ -68.46309140000001, -33.1989709 ], [ -68.4622544, -33.199257700000011 ] ] } },
{ "type": "Feature", "properties": { "id_tramo": 602, "osm_id": "183315872", "zona": "URBANO", "km": 0.088894281339753273, "lado": null, "cordon": "NO", "cord_estado": null, "km_cordon": 0.068894281339753269, "fecha": "08-2026" }, "geometry": { "type": "LineString", "coordinates": [ [ -68.4633262, -33.2002581 ], [ -68.4630089, -33.1997666 ] ] } },
{ "type": "Feature", "properties": { "id_tramo": 603, "osm_id": "1238956367", "zona": "URBANO", "km": 0.053553226631943111, "lado": null, "cordon": "NO", "cord_estado": null, "km_cordon": 0.033553226631943114, "fecha": "08-2026" }, "geometry": { "type": "LineString", "coordinates": [ [ -68.4617318, -33.2012569 ], [ -68.4616127, -33.2010692 ], [ -68.4615508, -33.2009717 ], [ -68.4608467, -33.1998619 ] ] } },
{ "type": "Feature", "properties": { "id_tramo": 604, "osm_id": "177321972", "zona": "URBANO", "km": 0.19183555296548918, "lado": null, "cordon": "NO", "cord_estado": null, "km_cordon": 0.17183555296548919, "fecha": "08-2026" }, "geometry": { "type": "LineString", "coordinates": [ [ -68.4607526, -33.2012601 ], [ -68.4600414, -33.2001344 ] ] } },
{ "type": "Feature", "properties": { "id_tramo": 605, "osm_id": "177321972", "zona": "URBANO", "km": 0.19183555296548918, "lado": null, "cordon": "NO", "cord_estado": null, "km_cordon": 0.17183555296548919, "fecha": "08-2026" }, "geometry": { "type": "LineString", "coordinates": [ [ -68.461008600000014, -33.2012812 ], [ -68.4602351, -33.2000778 ] ] } },
{ "type": "Feature", "properties": { "id_tramo": 606, "osm_id": "1238394593", "zona": "URBANO", "km": 0.073940654091806376, "lado": null, "cordon": "NO", "cord_estado": null, "km_cordon": 0.053940654091806373, "fecha": "08-2026" }, "geometry": { "type": "LineString", "coordinates": [ [ -68.4624039, -33.2013133 ], [ -68.4621614, -33.200934900000014 ], [ -68.4621003, -33.2008395 ], [ -68.4613602, -33.1996844 ] ] } },
{ "type": "Feature", "properties": { "id_tramo": 607, "osm_id": "183315919", "zona": "URBANO", "km": 0.080228665574877317, "lado": null, "cordon": "NO", "cord_estado": null, "km_cordon": 0.060228665574877313, "fecha": "08-2026" }, "geometry": { "type": "LineString", "coordinates": [ [ -68.4607018, -33.1998197 ], [ -68.4602776, -33.1999686 ] ] } },
{ "type": "Feature", "properties": { "id_tramo": 609, "osm_id": "183312795", "zona": "URBANO", "km": 0.090943692173776972, "lado": null, "cordon": "NO", "cord_estado": null, "km_cordon": 0.070943692173776968, "fecha": "08-2026" }, "geometry": { "type": "LineString", "coordinates": [ [ -68.4616703, -33.2013573 ], [ -68.4611326, -33.20134920000001 ] ] } },
{ "type": "Feature", "properties": { "id_tramo": 610, "osm_id": "183315921", "zona": "URBANO", "km": 0.080020290178950654, "lado": null, "cordon": "NO", "cord_estado": null, "km_cordon": 0.06002029017895065, "fecha": "08-2026" }, "geometry": { "type": "LineString", "coordinates": [ [ -68.460402, -33.1993289 ], [ -68.459976, -33.1994957 ] ] } },
{ "type": "Feature", "properties": { "id_tramo": 612, "osm_id": "177321972", "zona": "URBANO", "km": 0.059635755538023638, "lado": null, "cordon": "NO", "cord_estado": null, "km_cordon": 0.039635755538023634, "fecha": "08-2026" }, "geometry": { "type": "LineString", "coordinates": [ [ -68.4600479, -33.1997815 ], [ -68.4599355, -33.1995959 ] ] } },
{ "type": "Feature", "properties": { "id_tramo": 613, "osm_id": "177322037", "zona": "URBANO", "km": 0.13692249118418456, "lado": null, "cordon": "NO", "cord_estado": null, "km_cordon": 0.11692249118418456, "fecha": "08-2026" }, "geometry": { "type": "LineString", "coordinates": [ [ -68.4568268, -33.1963468 ], [ -68.4563478, -33.1956037 ] ] } },
{ "type": "Feature", "properties": { "id_tramo": 614, "osm_id": "177322037", "zona": "URBANO", "km": 0.13692249118418456, "lado": null, "cordon": "NO", "cord_estado": null, "km_cordon": 0.11692249118418456, "fecha": "08-2026" }, "geometry": { "type": "LineString", "coordinates": [ [ -68.4566501, -33.1964379 ], [ -68.4561601, -33.1956684 ] ] } },
{ "type": "Feature", "properties": { "id_tramo": 615, "osm_id": "257781709", "zona": "URBANO", "km": 0.077998303469815691, "lado": null, "cordon": "NO", "cord_estado": null, "km_cordon": 0.057998303469815687, "fecha": "08-2026" }, "geometry": { "type": "LineString", "coordinates": [ [ -68.4596775, -33.198222900000012 ], [ -68.4592819, -33.1984031 ] ] } },
{ "type": "Feature", "properties": { "id_tramo": 616, "osm_id": "257781709", "zona": "URBANO", "km": 0.077998303469815691, "lado": null, "cordon": "NO", "cord_estado": null, "km_cordon": 0.057998303469815687, "fecha": "08-2026" }, "geometry": { "type": "LineString", "coordinates": [ [ -68.4595811, -33.1980602 ], [ -68.4591834, -33.1982439 ] ] } },
{ "type": "Feature", "properties": { "id_tramo": 617, "osm_id": "183315837", "zona": "URBANO", "km": 0.080842832317823354, "lado": null, "cordon": "NO", "cord_estado": null, "km_cordon": 0.06084283231782335, "fecha": "08-2026" }, "geometry": { "type": "LineString", "coordinates": [ [ -68.4588071, -33.1969357 ], [ -68.4584097, -33.1971052 ] ] } },
{ "type": "Feature", "properties": { "id_tramo": 619, "osm_id": "183312754", "zona": "URBANO", "km": 0.080752646154569382, "lado": null, "cordon": "NO", "cord_estado": null, "km_cordon": 0.060752646154569379, "fecha": "08-2026" }, "geometry": { "type": "LineString", "coordinates": [ [ -68.4582678, -33.1960702 ], [ -68.4578895, -33.1962472 ] ] } },
{ "type": "Feature", "properties": { "id_tramo": 620, "osm_id": "183312754", "zona": "URBANO", "km": 0.080752646154569382, "lado": null, "cordon": "NO", "cord_estado": null, "km_cordon": 0.060752646154569379, "fecha": "08-2026" }, "geometry": { "type": "LineString", "coordinates": [ [ -68.45812410000002, -33.1958319 ], [ -68.457751, -33.1960017 ] ] } },
{ "type": "Feature", "properties": { "id_tramo": 467, "osm_id": "771230553", "zona": "URBANO", "km": 0.077089260263013715, "lado": null, "cordon": "NO", "cord_estado": null, "km_cordon": 0.057089260263013711, "fecha": "08-2026" }, "geometry": { "type": "LineString", "coordinates": [ [ -68.4579476, -33.19194 ], [ -68.4577176, -33.1915784 ] ] } },
{ "type": "Feature", "properties": { "id_tramo": 470, "osm_id": "177321922", "zona": "URBANO", "km": 0.14430354173196949, "lado": null, "cordon": "NO", "cord_estado": null, "km_cordon": 0.12430354173196949, "fecha": "08-2026" }, "geometry": { "type": "LineString", "coordinates": [ [ -68.4585111, -33.191738700000016 ], [ -68.4582996, -33.1913809 ] ] } },
{ "type": "Feature", "properties": { "id_tramo": 471, "osm_id": "177321922", "zona": "URBANO", "km": 0.14430354173196949, "lado": null, "cordon": "NO", "cord_estado": null, "km_cordon": 0.12430354173196949, "fecha": "08-2026" }, "geometry": { "type": "LineString", "coordinates": [ [ -68.4588724, -33.1922779 ], [ -68.4586578, -33.191936900000016 ] ] } },
{ "type": "Feature", "properties": { "id_tramo": 474, "osm_id": "177321945", "zona": "URBANO", "km": 0.17493824703318972, "lado": null, "cordon": "NO", "cord_estado": null, "km_cordon": 0.15493824703318973, "fecha": "08-2026" }, "geometry": { "type": "LineString", "coordinates": [ [ -68.4586177, -33.194157700000012 ], [ -68.4579286, -33.1931019 ] ] } },
{ "type": "Feature", "properties": { "id_tramo": 479, "osm_id": "257781725", "zona": "URBANO", "km": 0.052412404913273591, "lado": null, "cordon": "NO", "cord_estado": null, "km_cordon": 0.032412404913273588, "fecha": "08-2026" }, "geometry": { "type": "LineString", "coordinates": [ [ -68.4547772, -33.1883977 ], [ -68.4545649, -33.1884683 ] ] } },
{ "type": "Feature", "properties": { "id_tramo": 482, "osm_id": "177322026", "zona": "URBANO", "km": 0.2589828272797034, "lado": null, "cordon": "NO", "cord_estado": null, "km_cordon": 0.23898282727970341, "fecha": "08-2026" }, "geometry": { "type": "LineString", "coordinates": [ [ -68.4543373, -33.1853479 ], [ -68.4535155, -33.1857379 ], [ -68.4533944, -33.1857924 ], [ -68.4532874, -33.1858406 ], [ -68.4529198, -33.1860062 ], [ -68.4527434, -33.186084 ], [ -68.4526584, -33.1861176 ], [ -68.4525702, -33.18614860000001 ], [ -68.452295, -33.1862241 ] ] } },
{ "type": "Feature", "properties": { "id_tramo": 484, "osm_id": "177322029", "zona": "URBANO", "km": 0.26188276586143122, "lado": null, "cordon": "NO", "cord_estado": null, "km_cordon": 0.24188276586143123, "fecha": "08-2026" }, "geometry": { "type": "LineString", "coordinates": [ [ -68.4537217, -33.184400800000013 ], [ -68.4527746, -33.1848555 ], [ -68.452667, -33.184904 ], [ -68.452002, -33.185193 ], [ -68.4519258, -33.1852206 ], [ -68.4516702, -33.1852941 ] ] } },
{ "type": "Feature", "properties": { "id_tramo": 486, "osm_id": "1238394593", "zona": "URBANO", "km": 0.06461501183724995, "lado": null, "cordon": "NO", "cord_estado": null, "km_cordon": 0.044615011837249946, "fecha": "08-2026" }, "geometry": { "type": "LineString", "coordinates": [ [ -68.4611627, -33.1993803 ], [ -68.4610211, -33.1991552 ] ] } },
{ "type": "Feature", "properties": { "id_tramo": 487, "osm_id": "177322064", "zona": "URBANO", "km": 0.24972990182873764, "lado": null, "cordon": "NO", "cord_estado": null, "km_cordon": 0.22972990182873765, "fecha": "08-2026" }, "geometry": { "type": "LineString", "coordinates": [ [ -68.4530185, -33.1832667 ], [ -68.4521044, -33.1836966 ], [ -68.4519936, -33.1837491 ], [ -68.4514395, -33.184008 ], [ -68.4513349, -33.184046 ], [ -68.4512547, -33.1840702 ], [ -68.4511745, -33.18408920000001 ] ] } },
{ "type": "Feature", "properties": { "id_tramo": 488, "osm_id": "177322061", "zona": "URBANO", "km": 0.07429539834117263, "lado": null, "cordon": "NO", "cord_estado": null, "km_cordon": 0.054295398341172627, "fecha": "08-2026" }, "geometry": { "type": "LineString", "coordinates": [ [ -68.4582238, -33.184933700000016 ], [ -68.4577042, -33.184169600000011 ] ] } },
{ "type": "Feature", "properties": { "id_tramo": 489, "osm_id": "177322061", "zona": "URBANO", "km": 0.07429539834117263, "lado": null, "cordon": "NO", "cord_estado": null, "km_cordon": 0.054295398341172627, "fecha": "08-2026" }, "geometry": { "type": "LineString", "coordinates": [ [ -68.4581315, -33.1844233 ], [ -68.4579173, -33.1841125 ] ] } },
{ "type": "Feature", "properties": { "id_tramo": 490, "osm_id": "177322061", "zona": "URBANO", "km": 0.062819679113116825, "lado": null, "cordon": "NO", "cord_estado": null, "km_cordon": 0.042819679113116821, "fecha": "08-2026" }, "geometry": { "type": "LineString", "coordinates": [ [ -68.4584339, -33.1848622 ], [ -68.4582737, -33.1846296 ] ] } },
{ "type": "Feature", "properties": { "id_tramo": 494, "osm_id": "177322061", "zona": "URBANO", "km": 0.1351897846803011, "lado": null, "cordon": "NO", "cord_estado": null, "km_cordon": 0.1151897846803011, "fecha": "08-2026" }, "geometry": { "type": "LineString", "coordinates": [ [ -68.4559903, -33.181647100000013 ], [ -68.4554508, -33.180869 ] ] } },
{ "type": "Feature", "properties": { "id_tramo": 495, "osm_id": "177322061", "zona": "URBANO", "km": 0.1351897846803011, "lado": null, "cordon": "NO", "cord_estado": null, "km_cordon": 0.1151897846803011, "fecha": "08-2026" }, "geometry": { "type": "LineString", "coordinates": [ [ -68.4561833, -33.1815773 ], [ -68.4556435, -33.1808049 ] ] } },
{ "type": "Feature", "properties": { "id_tramo": 498, "osm_id": "177322061", "zona": "URBANO", "km": 0.035360567463777963, "lado": null, "cordon": "NO", "cord_estado": null, "km_cordon": 0.015360567463777963, "fecha": "08-2026" }, "geometry": { "type": "LineString", "coordinates": [ [ -68.4543332, -33.1792189 ], [ -68.4541813, -33.1789883 ] ] } },
{ "type": "Feature", "properties": { "id_tramo": 499, "osm_id": "177322061", "zona": "URBANO", "km": 0.06296881290031156, "lado": null, "cordon": "NO", "cord_estado": null, "km_cordon": 0.042968812900311557, "fecha": "08-2026" }, "geometry": { "type": "LineString", "coordinates": [ [ -68.4546875, -33.17974 ], [ -68.4545229, -33.1794983 ] ] } },
{ "type": "Feature", "properties": { "id_tramo": 502, "osm_id": "545997175", "zona": "URBANO", "km": 0.16648214525164043, "lado": null, "cordon": "NO", "cord_estado": null, "km_cordon": 0.14648214525164044, "fecha": "08-2026" }, "geometry": { "type": "LineString", "coordinates": [ [ -68.4543835, -33.1789252 ], [ -68.4539351, -33.1782686 ] ] } },
{ "type": "Feature", "properties": { "id_tramo": 507, "osm_id": "177321922", "zona": "URBANO", "km": 0.034863305612521926, "lado": null, "cordon": "NO", "cord_estado": null, "km_cordon": 0.014863305612521926, "fecha": "08-2026" }, "geometry": { "type": "LineString", "coordinates": [ [ -68.4630917, -33.1983917 ], [ -68.4629136, -33.1981184 ] ] } },
{ "type": "Feature", "properties": { "id_tramo": 508, "osm_id": "177321922", "zona": "URBANO", "km": 0.037055844111211697, "lado": null, "cordon": "NO", "cord_estado": null, "km_cordon": 0.017055844111211697, "fecha": "08-2026" }, "geometry": { "type": "LineString", "coordinates": [ [ -68.4630616, -33.1987206 ], [ -68.462872, -33.1984227 ] ] } },
{ "type": "Feature", "properties": { "id_tramo": 509, "osm_id": "177321922", "zona": "URBANO", "km": 0.12253630998083478, "lado": null, "cordon": "NO", "cord_estado": null, "km_cordon": 0.10253630998083478, "fecha": "08-2026" }, "geometry": { "type": "LineString", "coordinates": [ [ -68.4626636, -33.1981227 ], [ -68.4620842, -33.197218 ] ] } },
{ "type": "Feature", "properties": { "id_tramo": 511, "osm_id": "177322006", "zona": "URBANO", "km": 0.068463004807947314, "lado": null, "cordon": "NO", "cord_estado": null, "km_cordon": 0.04846300480794731, "fecha": "08-2026" }, "geometry": { "type": "LineString", "coordinates": [ [ -68.4620471, -33.1990643 ], [ -68.4618806, -33.1988066 ] ] } },
{ "type": "Feature", "properties": { "id_tramo": 512, "osm_id": "177321952", "zona": "URBANO", "km": 0.11890447832836394, "lado": null, "cordon": "NO", "cord_estado": null, "km_cordon": 0.098904478328363937, "fecha": "08-2026" }, "geometry": { "type": "LineString", "coordinates": [ [ -68.4592787, -33.1964533 ], [ -68.4588963, -33.1958591 ] ] } },
{ "type": "Feature", "properties": { "id_tramo": 622, "osm_id": "183312786", "zona": "URBANO", "km": 0.080747951255568232, "lado": null, "cordon": "NO", "cord_estado": null, "km_cordon": 0.060747951255568228, "fecha": "08-2026" }, "geometry": { "type": "LineString", "coordinates": [ [ -68.457445, -33.1947846 ], [ -68.4570586, -33.1949619 ] ] } },
{ "type": "Feature", "properties": { "id_tramo": 623, "osm_id": "183312785", "zona": "URBANO", "km": 0.080752220438064778, "lado": null, "cordon": "NO", "cord_estado": null, "km_cordon": 0.060752220438064775, "fecha": "08-2026" }, "geometry": { "type": "LineString", "coordinates": [ [ -68.4566603, -33.1935755 ], [ -68.4562632, -33.1937613 ] ] } },
{ "type": "Feature", "properties": { "id_tramo": 625, "osm_id": "183315836", "zona": "URBANO", "km": 0.080653793915562141, "lado": null, "cordon": "NO", "cord_estado": null, "km_cordon": 0.060653793915562138, "fecha": "08-2026" }, "geometry": { "type": "LineString", "coordinates": [ [ -68.455768, -33.1922369 ], [ -68.4553729, -33.1923812 ] ] } },
{ "type": "Feature", "properties": { "id_tramo": 626, "osm_id": "183315836", "zona": "URBANO", "km": 0.080653793915562141, "lado": null, "cordon": "NO", "cord_estado": null, "km_cordon": 0.060653793915562138, "fecha": "08-2026" }, "geometry": { "type": "LineString", "coordinates": [ [ -68.4556777, -33.1920739 ], [ -68.455251, -33.1922304 ] ] } },
{ "type": "Feature", "properties": { "id_tramo": 671, "osm_id": "257781719", "zona": "URBANO", "km": 0.079894387506276601, "lado": null, "cordon": "NO", "cord_estado": null, "km_cordon": 0.059894387506276597, "fecha": "08-2026" }, "geometry": { "type": "LineString", "coordinates": [ [ -68.4514488, -33.1871764 ], [ -68.4510858, -33.1872968 ] ] } },
{ "type": "Feature", "properties": { "id_tramo": 672, "osm_id": "257781719", "zona": "URBANO", "km": 0.079894387506276601, "lado": null, "cordon": "NO", "cord_estado": null, "km_cordon": 0.059894387506276597, "fecha": "08-2026" }, "geometry": { "type": "LineString", "coordinates": [ [ -68.451573, -33.1873558 ], [ -68.451173, -33.1874804 ] ] } },
{ "type": "Feature", "properties": { "id_tramo": 679, "osm_id": "183312763", "zona": "URBANO", "km": 0.14212200155069257, "lado": null, "cordon": "NO", "cord_estado": null, "km_cordon": 0.12212200155069257, "fecha": "08-2026" }, "geometry": { "type": "LineString", "coordinates": [ [ -68.4530192, -33.1964305 ], [ -68.452496900000014, -33.1955565 ] ] } },
{ "type": "Feature", "properties": { "id_tramo": 681, "osm_id": "183312765", "zona": "URBANO", "km": 0.1371942358733485, "lado": null, "cordon": "NO", "cord_estado": null, "km_cordon": 0.1171942358733485, "fecha": "08-2026" }, "geometry": { "type": "LineString", "coordinates": [ [ -68.4524493, -33.1966196 ], [ -68.4519473, -33.1958151 ] ] } },
{ "type": "Feature", "properties": { "id_tramo": 684, "osm_id": "183312759", "zona": "URBANO", "km": 0.085974768845802532, "lado": null, "cordon": "NO", "cord_estado": null, "km_cordon": 0.065974768845802528, "fecha": "08-2026" }, "geometry": { "type": "LineString", "coordinates": [ [ -68.456892, -33.1989263 ], [ -68.4566647, -33.1985492 ] ] } },
{ "type": "Feature", "properties": { "id_tramo": 782, "osm_id": "183315908", "zona": "URBANO", "km": 0.14255998204655126, "lado": null, "cordon": "NO", "cord_estado": null, "km_cordon": 0.12255998204655126, "fecha": "08-2026" }, "geometry": { "type": "LineString", "coordinates": [ [ -68.465895, -33.2033289 ], [ -68.4664365, -33.204242600000015 ] ] } },
{ "type": "Feature", "properties": { "id_tramo": 516, "osm_id": "1238394593", "zona": "URBANO", "km": 0.14429387761708487, "lado": null, "cordon": "NO", "cord_estado": null, "km_cordon": 0.12429387761708487, "fecha": "08-2026" }, "geometry": { "type": "LineString", "coordinates": [ [ -68.4608263, -33.1988615 ], [ -68.4602902, -33.1980365 ] ] } },
{ "type": "Feature", "properties": { "id_tramo": 517, "osm_id": "1238956367", "zona": "URBANO", "km": 0.14171030918684432, "lado": null, "cordon": "NO", "cord_estado": null, "km_cordon": 0.12171030918684432, "fecha": "08-2026" }, "geometry": { "type": "LineString", "coordinates": [ [ -68.4603221, -33.199054400000016 ], [ -68.4598081, -33.19826350000001 ] ] } },
{ "type": "Feature", "properties": { "id_tramo": 518, "osm_id": "1238956367", "zona": "URBANO", "km": 0.063149804147355812, "lado": null, "cordon": "NO", "cord_estado": null, "km_cordon": 0.043149804147355808, "fecha": "08-2026" }, "geometry": { "type": "LineString", "coordinates": [ [ -68.4606536, -33.1995588 ], [ -68.4605242, -33.1993609 ] ] } },
{ "type": "Feature", "properties": { "id_tramo": 520, "osm_id": "177321969", "zona": "URBANO", "km": 0.060757241965825798, "lado": null, "cordon": "NO", "cord_estado": null, "km_cordon": 0.040757241965825794, "fecha": "08-2026" }, "geometry": { "type": "LineString", "coordinates": [ [ -68.4647616, -33.199563100000013 ], [ -68.4646292, -33.1993604 ] ] } },
{ "type": "Feature", "properties": { "id_tramo": 521, "osm_id": "177321969", "zona": "URBANO", "km": 0.12613571457732631, "lado": null, "cordon": "NO", "cord_estado": null, "km_cordon": 0.1061357145773263, "fecha": "08-2026" }, "geometry": { "type": "LineString", "coordinates": [ [ -68.4649546, -33.1994929 ], [ -68.4642048, -33.198351200000012 ] ] } },
{ "type": "Feature", "properties": { "id_tramo": 523, "osm_id": "177321922", "zona": "URBANO", "km": 0.063580907611580195, "lado": null, "cordon": "NO", "cord_estado": null, "km_cordon": 0.043580907611580191, "fecha": "08-2026" }, "geometry": { "type": "LineString", "coordinates": [ [ -68.4638691, -33.1999668 ], [ -68.4632439, -33.199005 ] ] } },
{ "type": "Feature", "properties": { "id_tramo": 524, "osm_id": "177321922", "zona": "URBANO", "km": 0.036847316320502088, "lado": null, "cordon": "NO", "cord_estado": null, "km_cordon": 0.016847316320502088, "fecha": "08-2026" }, "geometry": { "type": "LineString", "coordinates": [ [ -68.4637894, -33.1994694 ], [ -68.463275, -33.1986921 ] ] } },
{ "type": "Feature", "properties": { "id_tramo": 525, "osm_id": "177321972", "zona": "URBANO", "km": 0.13371105598699098, "lado": null, "cordon": "NO", "cord_estado": null, "km_cordon": 0.11371105598699098, "fecha": "08-2026" }, "geometry": { "type": "LineString", "coordinates": [ [ -68.4574137, -33.19606550000001 ], [ -68.4569372, -33.1953181 ] ] } },
{ "type": "Feature", "properties": { "id_tramo": 526, "osm_id": "177321972", "zona": "URBANO", "km": 0.13371105598699098, "lado": null, "cordon": "NO", "cord_estado": null, "km_cordon": 0.11371105598699098, "fecha": "08-2026" }, "geometry": { "type": "LineString", "coordinates": [ [ -68.4575998, -33.1959881 ], [ -68.4571208, -33.1952475 ] ] } },
{ "type": "Feature", "properties": { "id_tramo": 527, "osm_id": "177321972", "zona": "URBANO", "km": 0.17268775917220619, "lado": null, "cordon": "NO", "cord_estado": null, "km_cordon": 0.1526877591722062, "fecha": "08-2026" }, "geometry": { "type": "LineString", "coordinates": [ [ -68.4567265, -33.1950158 ], [ -68.4560493, -33.1939634 ] ] } },
{ "type": "Feature", "properties": { "id_tramo": 528, "osm_id": "177321972", "zona": "URBANO", "km": 0.17268775917220619, "lado": null, "cordon": "NO", "cord_estado": null, "km_cordon": 0.1526877591722062, "fecha": "08-2026" }, "geometry": { "type": "LineString", "coordinates": [ [ -68.4569256, -33.1949356 ], [ -68.4562378, -33.193885 ] ] } },
{ "type": "Feature", "properties": { "id_tramo": 529, "osm_id": "177321972", "zona": "URBANO", "km": 0.11177255855182144, "lado": null, "cordon": "NO", "cord_estado": null, "km_cordon": 0.09177255855182144, "fecha": "08-2026" }, "geometry": { "type": "LineString", "coordinates": [ [ -68.457999500000014, -33.1969833 ], [ -68.4576617, -33.1964434 ] ] } },
{ "type": "Feature", "properties": { "id_tramo": 530, "osm_id": "177321972", "zona": "URBANO", "km": 0.11177255855182144, "lado": null, "cordon": "NO", "cord_estado": null, "km_cordon": 0.09177255855182144, "fecha": "08-2026" }, "geometry": { "type": "LineString", "coordinates": [ [ -68.4581873, -33.1969033 ], [ -68.4578393, -33.19635980000001 ] ] } },
{ "type": "Feature", "properties": { "id_tramo": 532, "osm_id": "177321972", "zona": "URBANO", "km": 0.13845888485513433, "lado": null, "cordon": "NO", "cord_estado": null, "km_cordon": 0.11845888485513432, "fecha": "08-2026" }, "geometry": { "type": "LineString", "coordinates": [ [ -68.4595445, -33.1993574 ], [ -68.4590514, -33.1985946 ] ] } },
{ "type": "Feature", "properties": { "id_tramo": 533, "osm_id": "177321972", "zona": "URBANO", "km": 0.13845888485513433, "lado": null, "cordon": "NO", "cord_estado": null, "km_cordon": 0.11845888485513432, "fecha": "08-2026" }, "geometry": { "type": "LineString", "coordinates": [ [ -68.4597416, -33.1992881 ], [ -68.4592456, -33.198518300000011 ] ] } },
{ "type": "Feature", "properties": { "id_tramo": 534, "osm_id": "177321972", "zona": "URBANO", "km": 0.16475531760520368, "lado": null, "cordon": "NO", "cord_estado": null, "km_cordon": 0.14475531760520369, "fecha": "08-2026" }, "geometry": { "type": "LineString", "coordinates": [ [ -68.4590541, -33.198215200000021 ], [ -68.4583926, -33.197215 ] ] } },
{ "type": "Feature", "properties": { "id_tramo": 535, "osm_id": "177322037", "zona": "URBANO", "km": 0.10475160377115224, "lado": null, "cordon": "NO", "cord_estado": null, "km_cordon": 0.084751603771152234, "fecha": "08-2026" }, "geometry": { "type": "LineString", "coordinates": [ [ -68.4571857, -33.1972862 ], [ -68.4568682, -33.196768400000011 ] ] } },
{ "type": "Feature", "properties": { "id_tramo": 536, "osm_id": "177322037", "zona": "URBANO", "km": 0.10475160377115224, "lado": null, "cordon": "NO", "cord_estado": null, "km_cordon": 0.084751603771152234, "fecha": "08-2026" }, "geometry": { "type": "LineString", "coordinates": [ [ -68.4574077, -33.197222 ], [ -68.4570828, -33.1967109 ] ] } },
{ "type": "Feature", "properties": { "id_tramo": 537, "osm_id": "183312785", "zona": "URBANO", "km": 0.085303336845413802, "lado": null, "cordon": "NO", "cord_estado": null, "km_cordon": 0.065303336845413798, "fecha": "08-2026" }, "geometry": { "type": "LineString", "coordinates": [ [ -68.4577863, -33.1930614 ], [ -68.4573137, -33.1932851 ] ] } },
{ "type": "Feature", "properties": { "id_tramo": 538, "osm_id": "183312785", "zona": "URBANO", "km": 0.085303336845413802, "lado": null, "cordon": "NO", "cord_estado": null, "km_cordon": 0.065303336845413798, "fecha": "08-2026" }, "geometry": { "type": "LineString", "coordinates": [ [ -68.4576866, -33.1929031 ], [ -68.4572248, -33.1931151 ] ] } },
{ "type": "Feature", "properties": { "id_tramo": 540, "osm_id": "183312786", "zona": "URBANO", "km": 0.08726345837353848, "lado": null, "cordon": "NO", "cord_estado": null, "km_cordon": 0.067263458373538476, "fecha": "08-2026" }, "geometry": { "type": "LineString", "coordinates": [ [ -68.458588, -33.1942692 ], [ -68.4581181, -33.1944868 ] ] } },
{ "type": "Feature", "properties": { "id_tramo": 542, "osm_id": "183312754", "zona": "URBANO", "km": 0.088349106318036524, "lado": null, "cordon": "NO", "cord_estado": null, "km_cordon": 0.06834910631803652, "fecha": "08-2026" }, "geometry": { "type": "LineString", "coordinates": [ [ -68.4592526, -33.1952988 ], [ -68.4588031, -33.1955076 ] ] } },
{ "type": "Feature", "properties": { "id_tramo": 545, "osm_id": "257781709", "zona": "URBANO", "km": 0.091133402440245342, "lado": null, "cordon": "NO", "cord_estado": null, "km_cordon": 0.071133402440245339, "fecha": "08-2026" }, "geometry": { "type": "LineString", "coordinates": [ [ -68.4608025, -33.197691 ], [ -68.4603176, -33.1979172 ] ] } },
{ "type": "Feature", "properties": { "id_tramo": 546, "osm_id": "183315921", "zona": "URBANO", "km": 0.088992634770502566, "lado": null, "cordon": "NO", "cord_estado": null, "km_cordon": 0.068992634770502562, "fecha": "08-2026" }, "geometry": { "type": "LineString", "coordinates": [ [ -68.4615632, -33.1988627 ], [ -68.4610644, -33.199059300000016 ] ] } },
{ "type": "Feature", "properties": { "id_tramo": 575, "osm_id": "177321972", "zona": "URBANO", "km": 0.09208011869971304, "lado": null, "cordon": "NO", "cord_estado": null, "km_cordon": 0.072080118699713036, "fecha": "08-2026" }, "geometry": { "type": "LineString", "coordinates": [ [ -68.454905, -33.1922534 ], [ -68.4546512, -33.1918636 ] ] } },
{ "type": "Feature", "properties": { "id_tramo": 576, "osm_id": "177321947", "zona": "URBANO", "km": 0.057092998562798994, "lado": null, "cordon": "NO", "cord_estado": null, "km_cordon": 0.03709299856279899, "fecha": "08-2026" }, "geometry": { "type": "LineString", "coordinates": [ [ -68.4662409, -33.1995395 ], [ -68.46610410000001, -33.19933 ] ] } },
{ "type": "Feature", "properties": { "id_tramo": 578, "osm_id": "177321969", "zona": "URBANO", "km": 0.059998778140488387, "lado": null, "cordon": "NO", "cord_estado": null, "km_cordon": 0.039998778140488384, "fecha": "08-2026" }, "geometry": { "type": "LineString", "coordinates": [ [ -68.465394, -33.2005191 ], [ -68.4652615, -33.2003221 ] ] } },
{ "type": "Feature", "properties": { "id_tramo": 579, "osm_id": "177321969", "zona": "URBANO", "km": 0.056317161117436745, "lado": null, "cordon": "NO", "cord_estado": null, "km_cordon": 0.036317161117436741, "fecha": "08-2026" }, "geometry": { "type": "LineString", "coordinates": [ [ -68.4651016, -33.2000671 ], [ -68.4649647, -33.199857700000017 ] ] } },
{ "type": "Feature", "properties": { "id_tramo": 581, "osm_id": "177321969", "zona": "URBANO", "km": 0.056317161117436745, "lado": null, "cordon": "NO", "cord_estado": null, "km_cordon": 0.036317161117436741, "fecha": "08-2026" }, "geometry": { "type": "LineString", "coordinates": [ [ -68.4652966, -33.1999826 ], [ -68.4651628, -33.1997839 ] ] } },
{ "type": "Feature", "properties": { "id_tramo": 582, "osm_id": "177321947", "zona": "URBANO", "km": 0.1879444834031147, "lado": null, "cordon": "NO", "cord_estado": null, "km_cordon": 0.16794448340311471, "fecha": "08-2026" }, "geometry": { "type": "LineString", "coordinates": [ [ -68.4677347, -33.201416 ], [ -68.4673462, -33.200845200000018 ], [ -68.4672842, -33.200754100000012 ], [ -68.4669134, -33.2002093 ] ] } },
{ "type": "Feature", "properties": { "id_tramo": 585, "osm_id": "183312795", "zona": "URBANO", "km": 0.068246769233606008, "lado": null, "cordon": "NO", "cord_estado": null, "km_cordon": 0.048246769233606004, "fecha": "08-2026" }, "geometry": { "type": "LineString", "coordinates": [ [ -68.4673525, -33.2014326 ], [ -68.4670412, -33.2014381 ] ] } },
{ "type": "Feature", "properties": { "id_tramo": 586, "osm_id": "183315930", "zona": "URBANO", "km": 0.059593881888866017, "lado": null, "cordon": "NO", "cord_estado": null, "km_cordon": 0.03959388188886602, "fecha": "08-2026" }, "geometry": { "type": "LineString", "coordinates": [ [ -68.466052, -33.2005105 ], [ -68.4658074, -33.200626800000016 ] ] } },
{ "type": "Feature", "properties": { "id_tramo": 587, "osm_id": "183315930", "zona": "URBANO", "km": 0.05803489289576659, "lado": null, "cordon": "NO", "cord_estado": null, "km_cordon": 0.038034892895766587, "fecha": "08-2026" }, "geometry": { "type": "LineString", "coordinates": [ [ -68.4665953, -33.2002611 ], [ -68.4663379, -33.2003801 ] ] } },
{ "type": "Feature", "properties": { "id_tramo": 588, "osm_id": "183315857", "zona": "URBANO", "km": 0.15424012679826021, "lado": null, "cordon": "NO", "cord_estado": null, "km_cordon": 0.13424012679826022, "fecha": "08-2026" }, "geometry": { "type": "LineString", "coordinates": [ [ -68.4666998, -33.2013447 ], [ -68.4664668, -33.2009924 ], [ -68.4664019, -33.20089440000001 ], [ -68.4661748, -33.2005508 ] ] } },
{ "type": "Feature", "properties": { "id_tramo": 590, "osm_id": "183315857", "zona": "URBANO", "km": 0.15424012679826021, "lado": null, "cordon": "NO", "cord_estado": null, "km_cordon": 0.13424012679826022, "fecha": "08-2026" }, "geometry": { "type": "LineString", "coordinates": [ [ -68.4669107, -33.201369400000011 ], [ -68.4666228, -33.2009254 ], [ -68.4665565, -33.2008231 ], [ -68.4663335, -33.2004792 ] ] } },
{ "type": "Feature", "properties": { "id_tramo": 593, "osm_id": "177321922", "zona": "URBANO", "km": 0.056331110014085466, "lado": null, "cordon": "NO", "cord_estado": null, "km_cordon": 0.036331110014085469, "fecha": "08-2026" }, "geometry": { "type": "LineString", "coordinates": [ [ -68.4644049, -33.2003875 ], [ -68.4642753, -33.2001905 ] ] } },
{ "type": "Feature", "properties": { "id_tramo": 594, "osm_id": "177321922", "zona": "URBANO", "km": 0.056331110014085466, "lado": null, "cordon": "NO", "cord_estado": null, "km_cordon": 0.036331110014085469, "fecha": "08-2026" }, "geometry": { "type": "LineString", "coordinates": [ [ -68.4647649, -33.2013393 ], [ -68.4646357, -33.2011387 ], [ -68.4645803, -33.2010527 ], [ -68.4640742, -33.200267 ] ] } },
{ "type": "Feature", "properties": { "id_tramo": 596, "osm_id": "183315872", "zona": "URBANO", "km": 0.14913143055713621, "lado": null, "cordon": "NO", "cord_estado": null, "km_cordon": 0.12913143055713622, "fecha": "08-2026" }, "geometry": { "type": "LineString", "coordinates": [ [ -68.4640402, -33.2013592 ], [ -68.4635162, -33.200548 ] ] } },
{ "type": "Feature", "properties": { "id_tramo": 599, "osm_id": "177322006", "zona": "URBANO", "km": 0.11499575955582071, "lado": null, "cordon": "NO", "cord_estado": null, "km_cordon": 0.094995759555820708, "fecha": "08-2026" }, "geometry": { "type": "LineString", "coordinates": [ [ -68.4635422, -33.2013517 ], [ -68.4631282, -33.2007262 ] ] } },
{ "type": "Feature", "properties": { "id_tramo": 600, "osm_id": "177322006", "zona": "URBANO", "km": 0.1751743620557171, "lado": null, "cordon": "NO", "cord_estado": null, "km_cordon": 0.15517436205571711, "fecha": "08-2026" }, "geometry": { "type": "LineString", "coordinates": [ [ -68.4629269, -33.2004373 ], [ -68.4622259, -33.199372200000013 ] ] } },
{ "type": "Feature", "properties": { "id_tramo": 601, "osm_id": "183315872", "zona": "URBANO", "km": 0.088894281339753273, "lado": null, "cordon": "NO", "cord_estado": null, "km_cordon": 0.068894281339753269, "fecha": "08-2026" }, "geometry": { "type": "LineString", "coordinates": [ [ -68.4634769, -33.200194300000014 ], [ -68.4631717, -33.1997174 ] ] } },
{ "type": "Feature", "properties": { "id_tramo": 628, "osm_id": "183312781", "zona": "URBANO", "km": 0.081787719022752919, "lado": null, "cordon": "NO", "cord_estado": null, "km_cordon": 0.061787719022752915, "fecha": "08-2026" }, "geometry": { "type": "LineString", "coordinates": [ [ -68.4546701, -33.190556500000014 ], [ -68.4542477, -33.190718 ] ] } },
{ "type": "Feature", "properties": { "id_tramo": 629, "osm_id": "177322037", "zona": "URBANO", "km": 0.092260202959027232, "lado": null, "cordon": "NO", "cord_estado": null, "km_cordon": 0.072260202959027228, "fecha": "08-2026" }, "geometry": { "type": "LineString", "coordinates": [ [ -68.4550775, -33.1940124 ], [ -68.454262, -33.1927794 ], [ -68.4541958, -33.1926792 ], [ -68.4538644, -33.192168100000011 ] ] } },
{ "type": "Feature", "properties": { "id_tramo": 630, "osm_id": "177322037", "zona": "URBANO", "km": 0.18023309126050097, "lado": null, "cordon": "NO", "cord_estado": null, "km_cordon": 0.16023309126050098, "fecha": "08-2026" }, "geometry": { "type": "LineString", "coordinates": [ [ -68.4552612, -33.1939419 ], [ -68.4545294, -33.192818 ] ] } },
{ "type": "Feature", "properties": { "id_tramo": 631, "osm_id": "177322037", "zona": "URBANO", "km": 0.092260202959027232, "lado": null, "cordon": "NO", "cord_estado": null, "km_cordon": 0.072260202959027228, "fecha": "08-2026" }, "geometry": { "type": "LineString", "coordinates": [ [ -68.4543118, -33.1924815 ], [ -68.4540643, -33.1921081 ] ] } },
{ "type": "Feature", "properties": { "id_tramo": 634, "osm_id": "177322037", "zona": "URBANO", "km": 0.10367536204975034, "lado": null, "cordon": "NO", "cord_estado": null, "km_cordon": 0.083675362049750332, "fecha": "08-2026" }, "geometry": { "type": "LineString", "coordinates": [ [ -68.4538504, -33.191788 ], [ -68.4535256, -33.1912849 ] ] } },
{ "type": "Feature", "properties": { "id_tramo": 637, "osm_id": "183315919", "zona": "URBANO", "km": 0.078796260587969402, "lado": null, "cordon": "NO", "cord_estado": null, "km_cordon": 0.058796260587969398, "fecha": "08-2026" }, "geometry": { "type": "LineString", "coordinates": [ [ -68.459793, -33.199923 ], [ -68.4594047, -33.2000571 ] ] } },
{ "type": "Feature", "properties": { "id_tramo": 638, "osm_id": "183315921", "zona": "URBANO", "km": 0.079206338859175815, "lado": null, "cordon": "NO", "cord_estado": null, "km_cordon": 0.059206338859175811, "fecha": "08-2026" }, "geometry": { "type": "LineString", "coordinates": [ [ -68.4596318, -33.1996316 ], [ -68.4592249, -33.199795 ] ] } },
{ "type": "Feature", "properties": { "id_tramo": 639, "osm_id": "183315921", "zona": "URBANO", "km": 0.079206338859175815, "lado": null, "cordon": "NO", "cord_estado": null, "km_cordon": 0.059206338859175811, "fecha": "08-2026" }, "geometry": { "type": "LineString", "coordinates": [ [ -68.459521, -33.1994726 ], [ -68.4591204, -33.1996348 ] ] } },
{ "type": "Feature", "properties": { "id_tramo": 642, "osm_id": "183315837", "zona": "URBANO", "km": 0.083031586143941002, "lado": null, "cordon": "NO", "cord_estado": null, "km_cordon": 0.063031586143940999, "fecha": "08-2026" }, "geometry": { "type": "LineString", "coordinates": [ [ -68.4580577, -33.1972447 ], [ -68.4576484, -33.197418 ] ] } },
{ "type": "Feature", "properties": { "id_tramo": 643, "osm_id": "183315837", "zona": "URBANO", "km": 0.083031586143941002, "lado": null, "cordon": "NO", "cord_estado": null, "km_cordon": 0.063031586143940999, "fecha": "08-2026" }, "geometry": { "type": "LineString", "coordinates": [ [ -68.4579491, -33.1970902 ], [ -68.4575383, -33.1972622 ] ] } },
{ "type": "Feature", "properties": { "id_tramo": 646, "osm_id": "183312786", "zona": "URBANO", "km": 0.085637273347803161, "lado": null, "cordon": "NO", "cord_estado": null, "km_cordon": 0.065637273347803157, "fecha": "08-2026" }, "geometry": { "type": "LineString", "coordinates": [ [ -68.4567829, -33.1953047 ], [ -68.4563833, -33.195483500000016 ] ] } },
{ "type": "Feature", "properties": { "id_tramo": 647, "osm_id": "183312786", "zona": "URBANO", "km": 0.085637273347803161, "lado": null, "cordon": "NO", "cord_estado": null, "km_cordon": 0.065637273347803157, "fecha": "08-2026" }, "geometry": { "type": "LineString", "coordinates": [ [ -68.4566905, -33.1951372 ], [ -68.4562899, -33.195314 ] ] } },
{ "type": "Feature", "properties": { "id_tramo": 648, "osm_id": "183312785", "zona": "URBANO", "km": 0.087559144599575575, "lado": null, "cordon": "NO", "cord_estado": null, "km_cordon": 0.067559144599575571, "fecha": "08-2026" }, "geometry": { "type": "LineString", "coordinates": [ [ -68.4559023, -33.1939451 ], [ -68.4555015, -33.194129600000011 ] ] } },
{ "type": "Feature", "properties": { "id_tramo": 650, "osm_id": "183315836", "zona": "URBANO", "km": 0.089150578425346724, "lado": null, "cordon": "NO", "cord_estado": null, "km_cordon": 0.06915057842534672, "fecha": "08-2026" }, "geometry": { "type": "LineString", "coordinates": [ [ -68.4549777, -33.192543 ], [ -68.454564, -33.1926951 ] ] } },
{ "type": "Feature", "properties": { "id_tramo": 652, "osm_id": "183312743", "zona": "URBANO", "km": 0.088651296468989144, "lado": null, "cordon": "NO", "cord_estado": null, "km_cordon": 0.06865129646898914, "fecha": "08-2026" }, "geometry": { "type": "LineString", "coordinates": [ [ -68.4545173, -33.191836300000013 ], [ -68.4541078, -33.191986 ] ] } },
{ "type": "Feature", "properties": { "id_tramo": 653, "osm_id": "183312743", "zona": "URBANO", "km": 0.088651296468989144, "lado": null, "cordon": "NO", "cord_estado": null, "km_cordon": 0.06865129646898914, "fecha": "08-2026" }, "geometry": { "type": "LineString", "coordinates": [ [ -68.4544119, -33.191668 ], [ -68.4539867, -33.1918242 ] ] } },
{ "type": "Feature", "properties": { "id_tramo": 654, "osm_id": "183312781", "zona": "URBANO", "km": 0.087265711393229972, "lado": null, "cordon": "NO", "cord_estado": null, "km_cordon": 0.067265711393229968, "fecha": "08-2026" }, "geometry": { "type": "LineString", "coordinates": [ [ -68.4539787, -33.1910105 ], [ -68.4535677, -33.1911738 ] ] } },
{ "type": "Feature", "properties": { "id_tramo": 655, "osm_id": "183312781", "zona": "URBANO", "km": 0.087265711393229972, "lado": null, "cordon": "NO", "cord_estado": null, "km_cordon": 0.067265711393229968, "fecha": "08-2026" }, "geometry": { "type": "LineString", "coordinates": [ [ -68.45388530000001, -33.1908586 ], [ -68.4534526, -33.1910275 ] ] } },
{ "type": "Feature", "properties": { "id_tramo": 657, "osm_id": "257781725", "zona": "URBANO", "km": 0.083493451840368799, "lado": null, "cordon": "NO", "cord_estado": null, "km_cordon": 0.063493451840368795, "fecha": "08-2026" }, "geometry": { "type": "LineString", "coordinates": [ [ -68.4535036, -33.18880690000001 ], [ -68.4530877, -33.1889483 ] ] } },
{ "type": "Feature", "properties": { "id_tramo": 659, "osm_id": "183312797", "zona": "URBANO", "km": 0.077317789965998224, "lado": null, "cordon": "NO", "cord_estado": null, "km_cordon": 0.05731778996599822, "fecha": "08-2026" }, "geometry": { "type": "LineString", "coordinates": [ [ -68.4529102, -33.1879232 ], [ -68.452525, -33.1880678 ] ] } },
{ "type": "Feature", "properties": { "id_tramo": 660, "osm_id": "257781719", "zona": "URBANO", "km": 0.081559627213188352, "lado": null, "cordon": "NO", "cord_estado": null, "km_cordon": 0.061559627213188348, "fecha": "08-2026" }, "geometry": { "type": "LineString", "coordinates": [ [ -68.4523684, -33.187087500000011 ], [ -68.4519467, -33.1872298 ] ] } },
{ "type": "Feature", "properties": { "id_tramo": 662, "osm_id": "177322026", "zona": "URBANO", "km": 0.079613654625963912, "lado": null, "cordon": "NO", "cord_estado": null, "km_cordon": 0.059613654625963908, "fecha": "08-2026" }, "geometry": { "type": "LineString", "coordinates": [ [ -68.4518891, -33.18633410000001 ], [ -68.451494, -33.18646720000001 ] ] } },
{ "type": "Feature", "properties": { "id_tramo": 665, "osm_id": "177322029", "zona": "URBANO", "km": 0.076905537337610519, "lado": null, "cordon": "NO", "cord_estado": null, "km_cordon": 0.056905537337610515, "fecha": "08-2026" }, "geometry": { "type": "LineString", "coordinates": [ [ -68.4512766, -33.1854053 ], [ -68.4508801, -33.185525700000014 ] ] } },
{ "type": "Feature", "properties": { "id_tramo": 667, "osm_id": "257781725", "zona": "URBANO", "km": 0.085724127308337977, "lado": null, "cordon": "NO", "cord_estado": null, "km_cordon": 0.065724127308337973, "fecha": "08-2026" }, "geometry": { "type": "LineString", "coordinates": [ [ -68.4526916, -33.1890849 ], [ -68.4522819, -33.189225 ] ] } },
{ "type": "Feature", "properties": { "id_tramo": 669, "osm_id": "183312797", "zona": "URBANO", "km": 0.086586631314204812, "lado": null, "cordon": "NO", "cord_estado": null, "km_cordon": 0.066586631314204808, "fecha": "08-2026" }, "geometry": { "type": "LineString", "coordinates": [ [ -68.4521254, -33.188208400000015 ], [ -68.4517391, -33.1883391 ] ] } },
{ "type": "Feature", "properties": { "id_tramo": 670, "osm_id": "183312797", "zona": "URBANO", "km": 0.086586631314204812, "lado": null, "cordon": "NO", "cord_estado": null, "km_cordon": 0.066586631314204808, "fecha": "08-2026" }, "geometry": { "type": "LineString", "coordinates": [ [ -68.452233, -33.1883571 ], [ -68.4518259, -33.188500500000011 ] ] } },
{ "type": "Feature", "properties": { "id_tramo": 685, "osm_id": "257781709", "zona": "URBANO", "km": 0.12753301113039114, "lado": null, "cordon": "NO", "cord_estado": null, "km_cordon": 0.10753301113039114, "fecha": "08-2026" }, "geometry": { "type": "LineString", "coordinates": [ [ -68.4581478, -33.1988735 ], [ -68.457202, -33.1991252 ], [ -68.4570947, -33.1991538 ], [ -68.4560467, -33.199432700000017 ] ] } },
{ "type": "Feature", "properties": { "id_tramo": 686, "osm_id": "257781709", "zona": "URBANO", "km": 0.11357723950118137, "lado": null, "cordon": "NO", "cord_estado": null, "km_cordon": 0.093577239501181367, "fecha": "08-2026" }, "geometry": { "type": "LineString", "coordinates": [ [ -68.4580249, -33.1987117 ], [ -68.4572535, -33.1989197 ] ] } },
{ "type": "Feature", "properties": { "id_tramo": 688, "osm_id": "183312783", "zona": "URBANO", "km": 0.057269399173016412, "lado": null, "cordon": "NO", "cord_estado": null, "km_cordon": 0.037269399173016415, "fecha": "08-2026" }, "geometry": { "type": "LineString", "coordinates": [ [ -68.4575921, -33.1980632 ], [ -68.4566955, -33.1982998 ], [ -68.4565847, -33.198329200000018 ], [ -68.4555596, -33.198600900000017 ] ] } },
{ "type": "Feature", "properties": { "id_tramo": 689, "osm_id": "183312783", "zona": "URBANO", "km": 0.057269399173016412, "lado": null, "cordon": "NO", "cord_estado": null, "km_cordon": 0.037269399173016415, "fecha": "08-2026" }, "geometry": { "type": "LineString", "coordinates": [ [ -68.4576881, -33.1981908 ], [ -68.4569127, -33.198392 ] ] } },
{ "type": "Feature", "properties": { "id_tramo": 694, "osm_id": "177322037", "zona": "URBANO", "km": 0.13252986938081393, "lado": null, "cordon": "NO", "cord_estado": null, "km_cordon": 0.11252986938081393, "fecha": "08-2026" }, "geometry": { "type": "LineString", "coordinates": [ [ -68.4587983, -33.1996598 ], [ -68.4582874, -33.1989059 ] ] } },
{ "type": "Feature", "properties": { "id_tramo": 696, "osm_id": "177322037", "zona": "URBANO", "km": 0.089073758802749842, "lado": null, "cordon": "NO", "cord_estado": null, "km_cordon": 0.069073758802749838, "fecha": "08-2026" }, "geometry": { "type": "LineString", "coordinates": [ [ -68.4582854, -33.1985334 ], [ -68.4576145, -33.1975313 ] ] } },
{ "type": "Feature", "properties": { "id_tramo": 697, "osm_id": "177321972", "zona": "URBANO", "km": 0.16475531760520368, "lado": null, "cordon": "NO", "cord_estado": null, "km_cordon": 0.14475531760520369, "fecha": "08-2026" }, "geometry": { "type": "LineString", "coordinates": [ [ -68.458857, -33.1982978 ], [ -68.4582005, -33.1972872 ] ] } },
{ "type": "Feature", "properties": { "id_tramo": 698, "osm_id": "183312762", "zona": "URBANO", "km": 0.18499493640236916, "lado": null, "cordon": "NO", "cord_estado": null, "km_cordon": 0.16499493640236917, "fecha": "08-2026" }, "geometry": { "type": "LineString", "coordinates": [ [ -68.4572741, -33.1975486 ], [ -68.4563342, -33.1977886 ], [ -68.4562177, -33.1978184 ], [ -68.4552429, -33.19807380000001 ] ] } },
{ "type": "Feature", "properties": { "id_tramo": 701, "osm_id": "183312743", "zona": "URBANO", "km": 0.094336618824133384, "lado": null, "cordon": "NO", "cord_estado": null, "km_cordon": 0.07433661882413338, "fecha": "08-2026" }, "geometry": { "type": "LineString", "coordinates": [ [ -68.4537104, -33.1921315 ], [ -68.4530956, -33.1923595 ] ] } },
{ "type": "Feature", "properties": { "id_tramo": 702, "osm_id": "183312743", "zona": "URBANO", "km": 0.094336618824133384, "lado": null, "cordon": "NO", "cord_estado": null, "km_cordon": 0.07433661882413338, "fecha": "08-2026" }, "geometry": { "type": "LineString", "coordinates": [ [ -68.4536111, -33.1919581 ], [ -68.453005, -33.1921858 ] ] } },
{ "type": "Feature", "properties": { "id_tramo": 708, "osm_id": "612824072", "zona": "URBANO", "km": 0.10485127620128223, "lado": null, "cordon": "NO", "cord_estado": null, "km_cordon": 0.08485127620128223, "fecha": "08-2026" }, "geometry": { "type": "LineString", "coordinates": [ [ -68.4528483, -33.1921663 ], [ -68.4524639, -33.191667 ] ] } },
{ "type": "Feature", "properties": { "id_tramo": 709, "osm_id": "183312786", "zona": "URBANO", "km": 0.084687796051267542, "lado": null, "cordon": "NO", "cord_estado": null, "km_cordon": 0.064687796051267538, "fecha": "08-2026" }, "geometry": { "type": "LineString", "coordinates": [ [ -68.4560207, -33.1956296 ], [ -68.455524100000019, -33.19580460000001 ] ] } },
{ "type": "Feature", "properties": { "id_tramo": 710, "osm_id": "183312786", "zona": "URBANO", "km": 0.084687796051267542, "lado": null, "cordon": "NO", "cord_estado": null, "km_cordon": 0.064687796051267538, "fecha": "08-2026" }, "geometry": { "type": "LineString", "coordinates": [ [ -68.4559231, -33.1954725 ], [ -68.4554108, -33.1956498 ] ] } },
{ "type": "Feature", "properties": { "id_tramo": 712, "osm_id": "183312776", "zona": "URBANO", "km": 0.14727968198044064, "lado": null, "cordon": "NO", "cord_estado": null, "km_cordon": 0.12727968198044065, "fecha": "08-2026" }, "geometry": { "type": "LineString", "coordinates": [ [ -68.4537804, -33.1961657 ], [ -68.4531777, -33.1952456 ] ] } },
{ "type": "Feature", "properties": { "id_tramo": 714, "osm_id": "177322037", "zona": "URBANO", "km": 0.056297201996012548, "lado": null, "cordon": "NO", "cord_estado": null, "km_cordon": 0.036297201996012551, "fecha": "08-2026" }, "geometry": { "type": "LineString", "coordinates": [ [ -68.4592914, -33.2000419 ], [ -68.4591879, -33.1998892 ] ] } },
{ "type": "Feature", "properties": { "id_tramo": 718, "osm_id": "642762563", "zona": "URBANO", "km": 0.07108941804099235, "lado": null, "cordon": "NO", "cord_estado": null, "km_cordon": 0.051089418040992346, "fecha": "08-2026" }, "geometry": { "type": "LineString", "coordinates": [ [ -68.4535432, -33.1990669 ], [ -68.4533715, -33.198799200000011 ] ] } },
{ "type": "Feature", "properties": { "id_tramo": 722, "osm_id": "612824068", "zona": "URBANO", "km": 0.12603250197396501, "lado": null, "cordon": "NO", "cord_estado": null, "km_cordon": 0.10603250197396501, "fecha": "08-2026" }, "geometry": { "type": "LineString", "coordinates": [ [ -68.4532969, -33.1928842 ], [ -68.4530433, -33.1924682 ] ] } },
{ "type": "Feature", "properties": { "id_tramo": 723, "osm_id": "612824068", "zona": "URBANO", "km": 0.12603250197396501, "lado": null, "cordon": "NO", "cord_estado": null, "km_cordon": 0.10603250197396501, "fecha": "08-2026" }, "geometry": { "type": "LineString", "coordinates": [ [ -68.453117, -33.1929404 ], [ -68.4528757, -33.1925257 ] ] } },
{ "type": "Feature", "properties": { "id_tramo": 725, "osm_id": "612824066", "zona": "URBANO", "km": 0.059093098190134891, "lado": null, "cordon": "NO", "cord_estado": null, "km_cordon": 0.039093098190134887, "fecha": "08-2026" }, "geometry": { "type": "LineString", "coordinates": [ [ -68.4556932, -33.1962402 ], [ -68.4554822, -33.1959064 ] ] } },
{ "type": "Feature", "properties": { "id_tramo": 727, "osm_id": "183312768", "zona": "URBANO", "km": 0.075056204276414851, "lado": null, "cordon": "NO", "cord_estado": null, "km_cordon": 0.055056204276414847, "fecha": "08-2026" }, "geometry": { "type": "LineString", "coordinates": [ [ -68.4560383, -33.200028 ], [ -68.4557116, -33.1994817 ], [ -68.4556597, -33.199395 ], [ -68.455335, -33.1988518 ] ] } },
{ "type": "Feature", "properties": { "id_tramo": 732, "osm_id": "183315880", "zona": "URBANO", "km": 0.097695572917991164, "lado": null, "cordon": "NO", "cord_estado": null, "km_cordon": 0.07769557291799116, "fecha": "08-2026" }, "geometry": { "type": "LineString", "coordinates": [ [ -68.4666688, -33.2025598 ], [ -68.4668764, -33.202996700000014 ] ] } },
{ "type": "Feature", "properties": { "id_tramo": 735, "osm_id": "183312742", "zona": "URBANO", "km": 0.10282788502206833, "lado": null, "cordon": "NO", "cord_estado": null, "km_cordon": 0.082827885022068323, "fecha": "08-2026" }, "geometry": { "type": "LineString", "coordinates": [ [ -68.4525803, -33.19753990000001 ], [ -68.4522801, -33.197055400000011 ] ] } },
{ "type": "Feature", "properties": { "id_tramo": 736, "osm_id": "183312742", "zona": "URBANO", "km": 0.1254875068425724, "lado": null, "cordon": "NO", "cord_estado": null, "km_cordon": 0.1054875068425724, "fecha": "08-2026" }, "geometry": { "type": "LineString", "coordinates": [ [ -68.451407900000021, -33.1956775 ], [ -68.4506144, -33.194459300000013 ], [ -68.4505496, -33.1943597 ], [ -68.4500414, -33.193579 ] ] } },
{ "type": "Feature", "properties": { "id_tramo": 785, "osm_id": "183315848", "zona": "URBANO", "km": 0.094076295496289139, "lado": null, "cordon": "NO", "cord_estado": null, "km_cordon": 0.074076295496289135, "fecha": "08-2026" }, "geometry": { "type": "LineString", "coordinates": [ [ -68.4668703, -33.2033574 ], [ -68.4670932, -33.2037332 ] ] } },
{ "type": "Feature", "properties": { "id_tramo": 787, "osm_id": "183315885", "zona": "URBANO", "km": 0.19841163603859605, "lado": null, "cordon": "NO", "cord_estado": null, "km_cordon": 0.17841163603859606, "fecha": "08-2026" }, "geometry": { "type": "LineString", "coordinates": [ [ -68.467951, -33.2018676 ], [ -68.4683181, -33.2026408 ] ] } },
{ "type": "Feature", "properties": { "id_tramo": 788, "osm_id": "183312795", "zona": "URBANO", "km": 0.066433849434078471, "lado": null, "cordon": "NO", "cord_estado": null, "km_cordon": 0.046433849434078467, "fecha": "08-2026" }, "geometry": { "type": "LineString", "coordinates": [ [ -68.4629102, -33.2016336 ], [ -68.462126, -33.2016171 ], [ -68.4619998, -33.2016144 ], [ -68.4611615, -33.20159670000001 ], [ -68.4610263, -33.2015938 ], [ -68.4603786, -33.2015802 ] ] } },
{ "type": "Feature", "properties": { "id_tramo": 789, "osm_id": "183315881", "zona": "URBANO", "km": 0.081581593308842515, "lado": null, "cordon": "NO", "cord_estado": null, "km_cordon": 0.061581593308842511, "fecha": "08-2026" }, "geometry": { "type": "LineString", "coordinates": [ [ -68.4637202, -33.2024465 ], [ -68.4632752, -33.2024538 ] ] } },
{ "type": "Feature", "properties": { "id_tramo": 821, "osm_id": "177170511", "zona": "URBANO", "km": 0.11859041308576093, "lado": null, "cordon": "NO", "cord_estado": null, "km_cordon": 0.098590413085760928, "fecha": "08-2026" }, "geometry": { "type": "LineString", "coordinates": [ [ -68.4704435, -33.1946656 ], [ -68.4696751, -33.1949234 ] ] } },
{ "type": "Feature", "properties": { "id_tramo": 822, "osm_id": "177170661", "zona": "URBANO", "km": 0.11597176971209129, "lado": null, "cordon": "NO", "cord_estado": null, "km_cordon": 0.095971769712091287, "fecha": "08-2026" }, "geometry": { "type": "LineString", "coordinates": [ [ -68.470974, -33.1954322 ], [ -68.4701964, -33.1957121 ] ] } },
{ "type": "Feature", "properties": { "id_tramo": 824, "osm_id": "177170501", "zona": "URBANO", "km": 0.055551799951387454, "lado": null, "cordon": "NO", "cord_estado": null, "km_cordon": 0.03555179995138745, "fecha": "08-2026" }, "geometry": { "type": "LineString", "coordinates": [ [ -68.4735891, -33.1984517 ], [ -68.4727991, -33.1986871 ], [ -68.4727071, -33.1987145 ], [ -68.4723535, -33.198819800000017 ] ] } },
{ "type": "Feature", "properties": { "id_tramo": 826, "osm_id": "177170527", "zona": "URBANO", "km": 0.1102913832435557, "lado": null, "cordon": "NO", "cord_estado": null, "km_cordon": 0.090291383243555692, "fecha": "08-2026" }, "geometry": { "type": "LineString", "coordinates": [ [ -68.4720279, -33.197451 ], [ -68.4717238, -33.196798900000012 ] ] } },
{ "type": "Feature", "properties": { "id_tramo": 738, "osm_id": "183312780", "zona": "URBANO", "km": 0.059548185848275384, "lado": null, "cordon": "NO", "cord_estado": null, "km_cordon": 0.03954818584827538, "fecha": "08-2026" }, "geometry": { "type": "LineString", "coordinates": [ [ -68.4498409, -33.1944978 ], [ -68.4493982, -33.1938114 ] ] } },
{ "type": "Feature", "properties": { "id_tramo": 739, "osm_id": "183312786", "zona": "URBANO", "km": 0.055701657318076449, "lado": null, "cordon": "NO", "cord_estado": null, "km_cordon": 0.035701657318076452, "fecha": "08-2026" }, "geometry": { "type": "LineString", "coordinates": [ [ -68.455167, -33.195927300000015 ], [ -68.4542828, -33.1962373 ], [ -68.4541662, -33.1962782 ], [ -68.4532598, -33.196596 ], [ -68.4531635, -33.1966329 ], [ -68.452344200000013, -33.1969171 ] ] } },
{ "type": "Feature", "properties": { "id_tramo": 740, "osm_id": "183312786", "zona": "URBANO", "km": 0.055701657318076449, "lado": null, "cordon": "NO", "cord_estado": null, "km_cordon": 0.035701657318076452, "fecha": "08-2026" }, "geometry": { "type": "LineString", "coordinates": [ [ -68.4524127, -33.196706500000012 ], [ -68.4521931, -33.19678 ] ] } },
{ "type": "Feature", "properties": { "id_tramo": 741, "osm_id": "183312786", "zona": "URBANO", "km": 0.062435087904483065, "lado": null, "cordon": "NO", "cord_estado": null, "km_cordon": 0.042435087904483068, "fecha": "08-2026" }, "geometry": { "type": "LineString", "coordinates": [ [ -68.4529797, -33.1965082 ], [ -68.4527262, -33.1965985 ] ] } },
{ "type": "Feature", "properties": { "id_tramo": 742, "osm_id": "183312786", "zona": "URBANO", "km": 0.055693668122122203, "lado": null, "cordon": "NO", "cord_estado": null, "km_cordon": 0.035693668122122199, "fecha": "08-2026" }, "geometry": { "type": "LineString", "coordinates": [ [ -68.4535853, -33.1962921 ], [ -68.4532858, -33.1963966 ] ] } },
{ "type": "Feature", "properties": { "id_tramo": 745, "osm_id": "183312785", "zona": "URBANO", "km": 0.057573667933262199, "lado": null, "cordon": "NO", "cord_estado": null, "km_cordon": 0.037573667933262195, "fecha": "08-2026" }, "geometry": { "type": "LineString", "coordinates": [ [ -68.4517378, -33.195619 ], [ -68.4515443, -33.1957064 ] ] } },
{ "type": "Feature", "properties": { "id_tramo": 747, "osm_id": "183312785", "zona": "URBANO", "km": 0.057573667933262199, "lado": null, "cordon": "NO", "cord_estado": null, "km_cordon": 0.037573667933262195, "fecha": "08-2026" }, "geometry": { "type": "LineString", "coordinates": [ [ -68.4518303, -33.1957821 ], [ -68.4516055, -33.19588550000001 ] ] } },
{ "type": "Feature", "properties": { "id_tramo": 748, "osm_id": "183312785", "zona": "URBANO", "km": 0.057896727361114439, "lado": null, "cordon": "NO", "cord_estado": null, "km_cordon": 0.037896727361114435, "fecha": "08-2026" }, "geometry": { "type": "LineString", "coordinates": [ [ -68.4523826, -33.1955283 ], [ -68.4521166, -33.1956505 ] ] } },
{ "type": "Feature", "properties": { "id_tramo": 753, "osm_id": "183312795", "zona": "RURAL", "km": 0.44581295855396086, "lado": null, "cordon": "NO", "cord_estado": null, "km_cordon": 0.42581295855396084, "fecha": "08-2026" }, "geometry": { "type": "LineString", "coordinates": [ [ -68.4597836, -33.20131090000001 ], [ -68.4596493, -33.2012913 ], [ -68.4582879, -33.2009335 ], [ -68.4582398, -33.2009209 ], [ -68.4581878, -33.2009063 ], [ -68.4564474, -33.2004168 ], [ -68.45632, -33.200381 ], [ -68.4551026, -33.2000386 ], [ -68.4549707, -33.200003300000013 ], [ -68.454047, -33.199741800000012 ] ] } },
{ "type": "Feature", "properties": { "id_tramo": 754, "osm_id": "277067037", "zona": "URBANO", "km": 0.061647245808001135, "lado": null, "cordon": "NO", "cord_estado": null, "km_cordon": 0.041647245808001138, "fecha": "08-2026" }, "geometry": { "type": "LineString", "coordinates": [ [ -68.460268, -33.1967029 ], [ -68.4601353, -33.196497 ] ] } },
{ "type": "Feature", "properties": { "id_tramo": 755, "osm_id": "277067037", "zona": "URBANO", "km": 0.061647245808001135, "lado": null, "cordon": "NO", "cord_estado": null, "km_cordon": 0.041647245808001138, "fecha": "08-2026" }, "geometry": { "type": "LineString", "coordinates": [ [ -68.460475, -33.196602500000012 ], [ -68.4603443, -33.1964178 ] ] } },
{ "type": "Feature", "properties": { "id_tramo": 759, "osm_id": "183312795", "zona": "URBANO", "km": 0.060049517343797015, "lado": null, "cordon": "NO", "cord_estado": null, "km_cordon": 0.040049517343797011, "fecha": "08-2026" }, "geometry": { "type": "LineString", "coordinates": [ [ -68.4668478, -33.2017103 ], [ -68.4665828, -33.2017109 ] ] } },
{ "type": "Feature", "properties": { "id_tramo": 760, "osm_id": "183312795", "zona": "URBANO", "km": 0.11062759994662703, "lado": null, "cordon": "NO", "cord_estado": null, "km_cordon": 0.09062759994662703, "fecha": "08-2026" }, "geometry": { "type": "LineString", "coordinates": [ [ -68.466161600000021, -33.2017022 ], [ -68.4653787, -33.201708 ] ] } },
{ "type": "Feature", "properties": { "id_tramo": 761, "osm_id": "183312795", "zona": "URBANO", "km": 0.072817621912601771, "lado": null, "cordon": "NO", "cord_estado": null, "km_cordon": 0.052817621912601767, "fecha": "08-2026" }, "geometry": { "type": "LineString", "coordinates": [ [ -68.4649139, -33.201695 ], [ -68.4645424, -33.2016789 ] ] } },
{ "type": "Feature", "properties": { "id_tramo": 762, "osm_id": "183315869", "zona": "URBANO", "km": 0.063435193763255293, "lado": null, "cordon": "NO", "cord_estado": null, "km_cordon": 0.043435193763255289, "fecha": "08-2026" }, "geometry": { "type": "LineString", "coordinates": [ [ -68.4643113, -33.201979200000011 ], [ -68.4641829, -33.2019516 ], [ -68.4640536, -33.2019276 ], [ -68.463902, -33.201905300000014 ] ] } },
{ "type": "Feature", "properties": { "id_tramo": 763, "osm_id": "183315865", "zona": "URBANO", "km": 0.09928578779666046, "lado": null, "cordon": "NO", "cord_estado": null, "km_cordon": 0.079285787796660456, "fecha": "08-2026" }, "geometry": { "type": "LineString", "coordinates": [ [ -68.4665406, -33.2025029 ], [ -68.4658922, -33.20272 ] ] } },
{ "type": "Feature", "properties": { "id_tramo": 764, "osm_id": "183315865", "zona": "URBANO", "km": 0.09928578779666046, "lado": null, "cordon": "NO", "cord_estado": null, "km_cordon": 0.079285787796660456, "fecha": "08-2026" }, "geometry": { "type": "LineString", "coordinates": [ [ -68.4664739, -33.2023625 ], [ -68.4658277, -33.2025752 ] ] } },
{ "type": "Feature", "properties": { "id_tramo": 765, "osm_id": "183315922", "zona": "URBANO", "km": 0.06688953114481612, "lado": null, "cordon": "NO", "cord_estado": null, "km_cordon": 0.046889531144816116, "fecha": "08-2026" }, "geometry": { "type": "LineString", "coordinates": [ [ -68.4667733, -33.203088700000016 ], [ -68.4660757, -33.2030826 ] ] } },
{ "type": "Feature", "properties": { "id_tramo": 773, "osm_id": "183315839", "zona": "URBANO", "km": 0.19563475470194366, "lado": null, "cordon": "NO", "cord_estado": null, "km_cordon": 0.17563475470194367, "fecha": "08-2026" }, "geometry": { "type": "LineString", "coordinates": [ [ -68.4669753, -33.2017797 ], [ -68.4675632, -33.2029926 ] ] } },
{ "type": "Feature", "properties": { "id_tramo": 774, "osm_id": "183315885", "zona": "URBANO", "km": 0.19841163603859605, "lado": null, "cordon": "NO", "cord_estado": null, "km_cordon": 0.17841163603859606, "fecha": "08-2026" }, "geometry": { "type": "LineString", "coordinates": [ [ -68.4676607, -33.2017581 ], [ -68.4680803, -33.2026296 ] ] } },
{ "type": "Feature", "properties": { "id_tramo": 777, "osm_id": "183315908", "zona": "URBANO", "km": 0.14104369948564582, "lado": null, "cordon": "NO", "cord_estado": null, "km_cordon": 0.12104369948564582, "fecha": "08-2026" }, "geometry": { "type": "LineString", "coordinates": [ [ -68.4650362, -33.2017661 ], [ -68.4657075, -33.2029768 ] ] } },
{ "type": "Feature", "properties": { "id_tramo": 778, "osm_id": "183315908", "zona": "URBANO", "km": 0.14104369948564582, "lado": null, "cordon": "NO", "cord_estado": null, "km_cordon": 0.12104369948564582, "fecha": "08-2026" }, "geometry": { "type": "LineString", "coordinates": [ [ -68.4652918, -33.2018056 ], [ -68.465692, -33.2025312 ] ] } },
{ "type": "Feature", "properties": { "id_tramo": 779, "osm_id": "183315908", "zona": "URBANO", "km": 0.054983435226373063, "lado": null, "cordon": "NO", "cord_estado": null, "km_cordon": 0.034983435226373066, "fecha": "08-2026" }, "geometry": { "type": "LineString", "coordinates": [ [ -68.4658338, -33.2028126 ], [ -68.4659501, -33.2030111 ] ] } },
{ "type": "Feature", "properties": { "id_tramo": 781, "osm_id": "183315908", "zona": "URBANO", "km": 0.14255998204655126, "lado": null, "cordon": "NO", "cord_estado": null, "km_cordon": 0.12255998204655126, "fecha": "08-2026" }, "geometry": { "type": "LineString", "coordinates": [ [ -68.4661313, -33.2033291 ], [ -68.4666123, -33.2041201 ] ] } },
{ "type": "Feature", "properties": { "id_tramo": 791, "osm_id": "183315881", "zona": "URBANO", "km": 0.076866546534581706, "lado": null, "cordon": "NO", "cord_estado": null, "km_cordon": 0.056866546534581702, "fecha": "08-2026" }, "geometry": { "type": "LineString", "coordinates": [ [ -68.4632805, -33.2025995 ], [ -68.463889, -33.2025885 ], [ -68.4639907, -33.2025866 ], [ -68.4645516, -33.2025764 ] ] } },
{ "type": "Feature", "properties": { "id_tramo": 792, "osm_id": "771230533", "zona": "URBANO", "km": 0.19081111411853585, "lado": null, "cordon": "NO", "cord_estado": null, "km_cordon": 0.17081111411853586, "fecha": "08-2026" }, "geometry": { "type": "LineString", "coordinates": [ [ -68.4645658, -33.2029736 ], [ -68.4640106, -33.2029849 ], [ -68.463898, -33.2029871 ], [ -68.4632881, -33.20299880000001 ] ] } },
{ "type": "Feature", "properties": { "id_tramo": 795, "osm_id": "183315850", "zona": "URBANO", "km": 0.071981535758323348, "lado": null, "cordon": "NO", "cord_estado": null, "km_cordon": 0.051981535758323344, "fecha": "08-2026" }, "geometry": { "type": "LineString", "coordinates": [ [ -68.4638495, -33.2019804 ], [ -68.4639916, -33.2023607 ] ] } },
{ "type": "Feature", "properties": { "id_tramo": 797, "osm_id": "183315869", "zona": "URBANO", "km": 0.062335008408580576, "lado": null, "cordon": "NO", "cord_estado": null, "km_cordon": 0.042335008408580579, "fecha": "08-2026" }, "geometry": { "type": "LineString", "coordinates": [ [ -68.4635729, -33.2019393 ], [ -68.4632557, -33.2019972 ] ] } },
{ "type": "Feature", "properties": { "id_tramo": 799, "osm_id": "183312791", "zona": "URBANO", "km": 0.10645697699035157, "lado": null, "cordon": "NO", "cord_estado": null, "km_cordon": 0.086456976990351569, "fecha": "08-2026" }, "geometry": { "type": "LineString", "coordinates": [ [ -68.448635, -33.19006310000001 ], [ -68.4479513, -33.1900621 ] ] } },
{ "type": "Feature", "properties": { "id_tramo": 800, "osm_id": "183312791", "zona": "URBANO", "km": 0.049143929159022673, "lado": null, "cordon": "NO", "cord_estado": null, "km_cordon": 0.029143929159022672, "fecha": "08-2026" }, "geometry": { "type": "LineString", "coordinates": [ [ -68.4511832, -33.19006550000001 ], [ -68.4503172, -33.1900707 ] ] } },
{ "type": "Feature", "properties": { "id_tramo": 801, "osm_id": "183312791", "zona": "URBANO", "km": 0.11427173484245902, "lado": null, "cordon": "NO", "cord_estado": null, "km_cordon": 0.094271734842459015, "fecha": "08-2026" }, "geometry": { "type": "LineString", "coordinates": [ [ -68.4498859, -33.190069600000015 ], [ -68.4490836, -33.1900709 ] ] } },
{ "type": "Feature", "properties": { "id_tramo": 802, "osm_id": "183312791", "zona": "URBANO", "km": 0.11427173484245902, "lado": null, "cordon": "NO", "cord_estado": null, "km_cordon": 0.094271734842459015, "fecha": "08-2026" }, "geometry": { "type": "LineString", "coordinates": [ [ -68.4499091, -33.1902631 ], [ -68.4490131, -33.190266 ], [ -68.4488626, -33.1902665 ], [ -68.4480722, -33.1902691 ] ] } },
{ "type": "Feature", "properties": { "id_tramo": 803, "osm_id": "183312797", "zona": "URBANO", "km": 0.098002414373924249, "lado": null, "cordon": "NO", "cord_estado": null, "km_cordon": 0.078002414373924245, "fecha": "08-2026" }, "geometry": { "type": "LineString", "coordinates": [ [ -68.4481956, -33.189423 ], [ -68.4476648, -33.1895881 ] ] } },
{ "type": "Feature", "properties": { "id_tramo": 804, "osm_id": "183312797", "zona": "URBANO", "km": 0.098002414373924249, "lado": null, "cordon": "NO", "cord_estado": null, "km_cordon": 0.078002414373924245, "fecha": "08-2026" }, "geometry": { "type": "LineString", "coordinates": [ [ -68.4482924, -33.1895764 ], [ -68.4477486, -33.1897476 ] ] } },
{ "type": "Feature", "properties": { "id_tramo": 805, "osm_id": "183312797", "zona": "URBANO", "km": 0.10593956423127708, "lado": null, "cordon": "NO", "cord_estado": null, "km_cordon": 0.085939564231277077, "fecha": "08-2026" }, "geometry": { "type": "LineString", "coordinates": [ [ -68.4494265, -33.189218 ], [ -68.4487178, -33.1894428 ] ] } },
{ "type": "Feature", "properties": { "id_tramo": 807, "osm_id": "183312797", "zona": "URBANO", "km": 0.092482207782992057, "lado": null, "cordon": "NO", "cord_estado": null, "km_cordon": 0.072482207782992053, "fecha": "08-2026" }, "geometry": { "type": "LineString", "coordinates": [ [ -68.4514153, -33.1886358 ], [ -68.4508579, -33.18878990000001 ] ] } },
{ "type": "Feature", "properties": { "id_tramo": 808, "osm_id": "183312797", "zona": "URBANO", "km": 0.10623069735312012, "lado": null, "cordon": "NO", "cord_estado": null, "km_cordon": 0.086230697353120112, "fecha": "08-2026" }, "geometry": { "type": "LineString", "coordinates": [ [ -68.4504225, -33.1889222 ], [ -68.4497347, -33.1891245 ] ] } },
{ "type": "Feature", "properties": { "id_tramo": 809, "osm_id": "177322037", "zona": "URBANO", "km": 0.056297201996012548, "lado": null, "cordon": "NO", "cord_estado": null, "km_cordon": 0.036297201996012551, "fecha": "08-2026" }, "geometry": { "type": "LineString", "coordinates": [ [ -68.4598242, -33.2012356 ], [ -68.4592103, -33.2002953 ], [ -68.4591533, -33.2002079 ], [ -68.4589849, -33.1999501 ] ] } },
{ "type": "Feature", "properties": { "id_tramo": 810, "osm_id": "1165526541", "zona": "URBANO", "km": 0.10681848030635474, "lado": null, "cordon": "NO", "cord_estado": null, "km_cordon": 0.086818480306354737, "fecha": "08-2026" }, "geometry": { "type": "LineString", "coordinates": [ [ -68.4587212, -33.1997683 ], [ -68.4578984, -33.2000115 ] ] } },
{ "type": "Feature", "properties": { "id_tramo": 811, "osm_id": "1165526541", "zona": "URBANO", "km": 0.10681848030635474, "lado": null, "cordon": "NO", "cord_estado": null, "km_cordon": 0.086818480306354737, "fecha": "08-2026" }, "geometry": { "type": "LineString", "coordinates": [ [ -68.458825, -33.1999243 ], [ -68.4579807, -33.2001766 ] ] } },
{ "type": "Feature", "properties": { "id_tramo": 815, "osm_id": "177170657", "zona": "URBANO", "km": 0.11389796820297753, "lado": null, "cordon": "NO", "cord_estado": null, "km_cordon": 0.093897968202977522, "fecha": "08-2026" }, "geometry": { "type": "LineString", "coordinates": [ [ -68.4676305, -33.190649700000016 ], [ -68.4669163, -33.1909819 ] ] } },
{ "type": "Feature", "properties": { "id_tramo": 817, "osm_id": "360738024", "zona": "URBANO", "km": 0.11402914554933526, "lado": null, "cordon": "NO", "cord_estado": null, "km_cordon": 0.094029145549335252, "fecha": "08-2026" }, "geometry": { "type": "LineString", "coordinates": [ [ -68.4680743, -33.191260100000015 ], [ -68.467353, -33.191593100000013 ] ] } },
{ "type": "Feature", "properties": { "id_tramo": 818, "osm_id": "177170655", "zona": "URBANO", "km": 0.117396692814753, "lado": null, "cordon": "NO", "cord_estado": null, "km_cordon": 0.097396692814752994, "fecha": "08-2026" }, "geometry": { "type": "LineString", "coordinates": [ [ -68.4695667, -33.193442700000013 ], [ -68.4688172, -33.1936976 ] ] } },
{ "type": "Feature", "properties": { "id_tramo": 819, "osm_id": "177170655", "zona": "URBANO", "km": 0.117396692814753, "lado": null, "cordon": "NO", "cord_estado": null, "km_cordon": 0.097396692814752994, "fecha": "08-2026" }, "geometry": { "type": "LineString", "coordinates": [ [ -68.4694649, -33.193274 ], [ -68.4687037, -33.1935397 ] ] } },
{ "type": "Feature", "properties": { "id_tramo": 820, "osm_id": "177170511", "zona": "URBANO", "km": 0.11859041308576093, "lado": null, "cordon": "NO", "cord_estado": null, "km_cordon": 0.098590413085760928, "fecha": "08-2026" }, "geometry": { "type": "LineString", "coordinates": [ [ -68.4705453, -33.1948129 ], [ -68.4697623, -33.1950724 ] ] } },
{ "type": "Feature", "properties": { "id_tramo": 829, "osm_id": "177170527", "zona": "URBANO", "km": 0.1102913832435557, "lado": null, "cordon": "NO", "cord_estado": null, "km_cordon": 0.090291383243555692, "fecha": "08-2026" }, "geometry": { "type": "LineString", "coordinates": [ [ -68.4724585, -33.197885200000016 ], [ -68.4723078, -33.1975688 ], [ -68.4722679, -33.1974852 ], [ -68.4719141, -33.1967427 ] ] } },
{ "type": "Feature", "properties": { "id_tramo": 830, "osm_id": "177170527", "zona": "URBANO", "km": 0.075447016552996127, "lado": null, "cordon": "NO", "cord_estado": null, "km_cordon": 0.055447016552996123, "fecha": "08-2026" }, "geometry": { "type": "LineString", "coordinates": [ [ -68.4725211, -33.198488500000011 ], [ -68.4723445, -33.1981136 ], [ -68.4723121, -33.1980447 ], [ -68.4721921, -33.19778980000001 ] ] } },
{ "type": "Feature", "properties": { "id_tramo": 833, "osm_id": "177170500", "zona": "URBANO", "km": 0.088563342097380884, "lado": null, "cordon": "NO", "cord_estado": null, "km_cordon": 0.06856334209738088, "fecha": "08-2026" }, "geometry": { "type": "LineString", "coordinates": [ [ -68.4662206, -33.1881255 ], [ -68.4659288, -33.187704800000013 ] ] } },
{ "type": "Feature", "properties": { "id_tramo": 837, "osm_id": "658283842", "zona": "URBANO", "km": 0.1061515189212611, "lado": null, "cordon": "NO", "cord_estado": null, "km_cordon": 0.086151518921261092, "fecha": "08-2026" }, "geometry": { "type": "LineString", "coordinates": [ [ -68.4675714, -33.188683200000014 ], [ -68.4672215, -33.188167 ] ] } },
{ "type": "Feature", "properties": { "id_tramo": 840, "osm_id": "183315853", "zona": "URBANO", "km": 0.10131663691593554, "lado": null, "cordon": "NO", "cord_estado": null, "km_cordon": 0.081316636915935533, "fecha": "08-2026" }, "geometry": { "type": "LineString", "coordinates": [ [ -68.4689785, -33.188204800000015 ], [ -68.4686594, -33.1877603 ] ] } },
{ "type": "Feature", "properties": { "id_tramo": 841, "osm_id": "183315853", "zona": "URBANO", "km": 0.10131663691593554, "lado": null, "cordon": "NO", "cord_estado": null, "km_cordon": 0.081316636915935533, "fecha": "08-2026" }, "geometry": { "type": "LineString", "coordinates": [ [ -68.4687792, -33.1882719 ], [ -68.4684602, -33.1878185 ] ] } },
{ "type": "Feature", "properties": { "id_tramo": 842, "osm_id": "177170530", "zona": "URBANO", "km": 0.10942853253513546, "lado": null, "cordon": "NO", "cord_estado": null, "km_cordon": 0.089428532535135455, "fecha": "08-2026" }, "geometry": { "type": "LineString", "coordinates": [ [ -68.4697663, -33.1879675 ], [ -68.4692942, -33.1874491 ] ] } },
{ "type": "Feature", "properties": { "id_tramo": 845, "osm_id": "177170500", "zona": "URBANO", "km": 0.077291075044582561, "lado": null, "cordon": "NO", "cord_estado": null, "km_cordon": 0.057291075044582557, "fecha": "08-2026" }, "geometry": { "type": "LineString", "coordinates": [ [ -68.4682995, -33.19106810000001 ], [ -68.4680909, -33.1907668 ] ] } },
{ "type": "Feature", "properties": { "id_tramo": 846, "osm_id": "177170500", "zona": "URBANO", "km": 0.070660721883745517, "lado": null, "cordon": "NO", "cord_estado": null, "km_cordon": 0.050660721883745513, "fecha": "08-2026" }, "geometry": { "type": "LineString", "coordinates": [ [ -68.4678803, -33.1904703 ], [ -68.4676844, -33.1901931 ] ] } },
{ "type": "Feature", "properties": { "id_tramo": 847, "osm_id": "177170500", "zona": "URBANO", "km": 0.077291075044582561, "lado": null, "cordon": "NO", "cord_estado": null, "km_cordon": 0.057291075044582557, "fecha": "08-2026" }, "geometry": { "type": "LineString", "coordinates": [ [ -68.4681049, -33.191143 ], [ -68.4678921, -33.190835900000017 ] ] } },
{ "type": "Feature", "properties": { "id_tramo": 849, "osm_id": "177170500", "zona": "URBANO", "km": 0.058893029519481895, "lado": null, "cordon": "NO", "cord_estado": null, "km_cordon": 0.038893029519481898, "fecha": "08-2026" }, "geometry": { "type": "LineString", "coordinates": [ [ -68.467158, -33.1894468 ], [ -68.4670385, -33.1892772 ] ] } },
{ "type": "Feature", "properties": { "id_tramo": 851, "osm_id": "177170502", "zona": "URBANO", "km": 0.075955773165230375, "lado": null, "cordon": "NO", "cord_estado": null, "km_cordon": 0.055955773165230371, "fecha": "08-2026" }, "geometry": { "type": "LineString", "coordinates": [ [ -68.4696482, -33.1914296 ], [ -68.4693891, -33.19106 ] ] } },
{ "type": "Feature", "properties": { "id_tramo": 855, "osm_id": "177170595", "zona": "URBANO", "km": 0.052250133709967797, "lado": null, "cordon": "NO", "cord_estado": null, "km_cordon": 0.032250133709967793, "fecha": "08-2026" }, "geometry": { "type": "LineString", "coordinates": [ [ -68.4709688, -33.1913879 ], [ -68.4708827, -33.1912646 ] ] } },
{ "type": "Feature", "properties": { "id_tramo": 857, "osm_id": "658283842", "zona": "URBANO", "km": 0.055897284937320088, "lado": null, "cordon": "NO", "cord_estado": null, "km_cordon": 0.035897284937320084, "fecha": "08-2026" }, "geometry": { "type": "LineString", "coordinates": [ [ -68.4684268, -33.1896153 ], [ -68.4682015, -33.18929330000001 ], [ -68.4681498, -33.1892196 ], [ -68.4679488, -33.188928400000016 ] ] } },
{ "type": "Feature", "properties": { "id_tramo": 859, "osm_id": "658283842", "zona": "URBANO", "km": 0.055897284937320088, "lado": null, "cordon": "NO", "cord_estado": null, "km_cordon": 0.035897284937320084, "fecha": "08-2026" }, "geometry": { "type": "LineString", "coordinates": [ [ -68.4678766, -33.1891288 ], [ -68.4677666, -33.1889654 ] ] } },
{ "type": "Feature", "properties": { "id_tramo": 860, "osm_id": "177170650", "zona": "URBANO", "km": 0.093451876522301025, "lado": null, "cordon": "NO", "cord_estado": null, "km_cordon": 0.073451876522301021, "fecha": "08-2026" }, "geometry": { "type": "LineString", "coordinates": [ [ -68.4676529, -33.188938 ], [ -68.467059, -33.1891631 ] ] } },
{ "type": "Feature", "properties": { "id_tramo": 861, "osm_id": "177170650", "zona": "URBANO", "km": 0.093451876522301025, "lado": null, "cordon": "NO", "cord_estado": null, "km_cordon": 0.073451876522301021, "fecha": "08-2026" }, "geometry": { "type": "LineString", "coordinates": [ [ -68.4675376, -33.188784 ], [ -68.466968900000012, -33.1889966 ] ] } },
{ "type": "Feature", "properties": { "id_tramo": 862, "osm_id": "319003737", "zona": "URBANO", "km": 0.092402560011000168, "lado": null, "cordon": "NO", "cord_estado": null, "km_cordon": 0.072402560011000164, "fecha": "08-2026" }, "geometry": { "type": "LineString", "coordinates": [ [ -68.467951, -33.1893786 ], [ -68.4673817, -33.1896228 ] ] } },
{ "type": "Feature", "properties": { "id_tramo": 865, "osm_id": "177170649", "zona": "URBANO", "km": 0.092458308295500696, "lado": null, "cordon": "NO", "cord_estado": null, "km_cordon": 0.072458308295500692, "fecha": "08-2026" }, "geometry": { "type": "LineString", "coordinates": [ [ -68.4682198, -33.1897604 ], [ -68.4676256, -33.1899623 ] ] } },
{ "type": "Feature", "properties": { "id_tramo": 866, "osm_id": "177170657", "zona": "URBANO", "km": 0.1051736688055712, "lado": null, "cordon": "NO", "cord_estado": null, "km_cordon": 0.085173668805571201, "fecha": "08-2026" }, "geometry": { "type": "LineString", "coordinates": [ [ -68.468808, -33.1904252 ], [ -68.4681359, -33.190661 ] ] } },
{ "type": "Feature", "properties": { "id_tramo": 867, "osm_id": "177170657", "zona": "URBANO", "km": 0.1051736688055712, "lado": null, "cordon": "NO", "cord_estado": null, "km_cordon": 0.085173668805571201, "fecha": "08-2026" }, "geometry": { "type": "LineString", "coordinates": [ [ -68.4686891, -33.1902636 ], [ -68.4680185, -33.1905006 ] ] } },
{ "type": "Feature", "properties": { "id_tramo": 868, "osm_id": "319005278", "zona": "URBANO", "km": 0.10531868160885191, "lado": null, "cordon": "NO", "cord_estado": null, "km_cordon": 0.085318681608851907, "fecha": "08-2026" }, "geometry": { "type": "LineString", "coordinates": [ [ -68.4696844, -33.1916122 ], [ -68.4689468, -33.19185250000001 ] ] } },
{ "type": "Feature", "properties": { "id_tramo": 874, "osm_id": "183315906", "zona": "URBANO", "km": 0.11440484923239813, "lado": null, "cordon": "NO", "cord_estado": null, "km_cordon": 0.094404849232398128, "fecha": "08-2026" }, "geometry": { "type": "LineString", "coordinates": [ [ -68.4711386, -33.1936549 ], [ -68.4703879, -33.193907900000013 ] ] } },
{ "type": "Feature", "properties": { "id_tramo": 875, "osm_id": "183315906", "zona": "URBANO", "km": 0.11440484923239813, "lado": null, "cordon": "NO", "cord_estado": null, "km_cordon": 0.094404849232398128, "fecha": "08-2026" }, "geometry": { "type": "LineString", "coordinates": [ [ -68.4710402, -33.1935443 ], [ -68.4703242, -33.1937861 ] ] } },
{ "type": "Feature", "properties": { "id_tramo": 877, "osm_id": "177170660", "zona": "URBANO", "km": 0.11882589936829598, "lado": null, "cordon": "NO", "cord_estado": null, "km_cordon": 0.098825899368295972, "fecha": "08-2026" }, "geometry": { "type": "LineString", "coordinates": [ [ -68.4713962, -33.193985 ], [ -68.4706162, -33.1942444 ] ] } },
{ "type": "Feature", "properties": { "id_tramo": 881, "osm_id": "183315866", "zona": "URBANO", "km": 0.10564037046979653, "lado": null, "cordon": "NO", "cord_estado": null, "km_cordon": 0.085640370469796528, "fecha": "08-2026" }, "geometry": { "type": "LineString", "coordinates": [ [ -68.4732526, -33.1977036 ], [ -68.472574800000018, -33.1979269 ] ] } },
{ "type": "Feature", "properties": { "id_tramo": 882, "osm_id": "177170501", "zona": "URBANO", "km": 0.10741107194274134, "lado": null, "cordon": "NO", "cord_estado": null, "km_cordon": 0.087411071942741336, "fecha": "08-2026" }, "geometry": { "type": "LineString", "coordinates": [ [ -68.4735236, -33.1982661 ], [ -68.47284, -33.1984805 ] ] } },
{ "type": "Feature", "properties": { "id_tramo": 885, "osm_id": "177170500", "zona": "URBANO", "km": 0.029349365739109276, "lado": null, "cordon": "NO", "cord_estado": null, "km_cordon": 0.0093493657391092756, "fecha": "08-2026" }, "geometry": { "type": "LineString", "coordinates": [ [ -68.4712275, -33.1952639 ], [ -68.4707133, -33.1945309 ] ] } },
{ "type": "Feature", "properties": { "id_tramo": 886, "osm_id": "177170544", "zona": "URBANO", "km": 0.017526321295991139, "lado": null, "cordon": "NO", "cord_estado": null, "km_cordon": -0.0024736787040088616, "fecha": "08-2026" }, "geometry": { "type": "LineString", "coordinates": [ [ -68.4697015, -33.1955313 ], [ -68.4693969, -33.1950849 ] ] } },
{ "type": "Feature", "properties": { "id_tramo": 887, "osm_id": "177170544", "zona": "URBANO", "km": 0.042896268107885223, "lado": null, "cordon": "NO", "cord_estado": null, "km_cordon": 0.022896268107885222, "fecha": "08-2026" }, "geometry": { "type": "LineString", "coordinates": [ [ -68.469949, -33.1958942 ], [ -68.4698246, -33.195711800000012 ] ] } },
{ "type": "Feature", "properties": { "id_tramo": 890, "osm_id": "177170500", "zona": "URBANO", "km": 0.072705336344295907, "lado": null, "cordon": "NO", "cord_estado": null, "km_cordon": 0.052705336344295903, "fecha": "08-2026" }, "geometry": { "type": "LineString", "coordinates": [ [ -68.469905, -33.1934177 ], [ -68.470172100000013, -33.1937649 ] ] } },
{ "type": "Feature", "properties": { "id_tramo": 894, "osm_id": "257781723", "zona": "URBANO", "km": 0.11991571311927915, "lado": null, "cordon": "NO", "cord_estado": null, "km_cordon": 0.099915713119279145, "fecha": "08-2026" }, "geometry": { "type": "LineString", "coordinates": [ [ -68.4688723, -33.19240580000001 ], [ -68.4687157, -33.1924632 ], [ -68.4683512, -33.1928648 ], [ -68.4682465, -33.1929113 ] ] } },
{ "type": "Feature", "properties": { "id_tramo": 896, "osm_id": "177170500", "zona": "URBANO", "km": 0.050289388614783853, "lado": null, "cordon": "NO", "cord_estado": null, "km_cordon": 0.030289388614783853, "fecha": "08-2026" }, "geometry": { "type": "LineString", "coordinates": [ [ -68.4690157, -33.1920889 ], [ -68.468917100000013, -33.1919517 ] ] } },
{ "type": "Feature", "properties": { "id_tramo": 897, "osm_id": "177170500", "zona": "URBANO", "km": 0.076489558688765211, "lado": null, "cordon": "NO", "cord_estado": null, "km_cordon": 0.056489558688765207, "fecha": "08-2026" }, "geometry": { "type": "LineString", "coordinates": [ [ -68.4687693, -33.1917379 ], [ -68.4685057, -33.1913631 ] ] } },
{ "type": "Feature", "properties": { "id_tramo": 899, "osm_id": "177170558", "zona": "URBANO", "km": 0.095356417072608765, "lado": null, "cordon": "NO", "cord_estado": null, "km_cordon": 0.075356417072608761, "fecha": "08-2026" }, "geometry": { "type": "LineString", "coordinates": [ [ -68.466968, -33.1879764 ], [ -68.4663611, -33.1881463 ] ] } },
{ "type": "Feature", "properties": { "id_tramo": 900, "osm_id": "658283842", "zona": "URBANO", "km": 0.09405504315686472, "lado": null, "cordon": "NO", "cord_estado": null, "km_cordon": 0.074055043156864717, "fecha": "08-2026" }, "geometry": { "type": "LineString", "coordinates": [ [ -68.4671575, -33.187832600000014 ], [ -68.4668484, -33.1873901 ] ] } },
{ "type": "Feature", "properties": { "id_tramo": 902, "osm_id": "360738024", "zona": "URBANO", "km": 0.10525414599764368, "lado": null, "cordon": "NO", "cord_estado": null, "km_cordon": 0.085254145997643679, "fecha": "08-2026" }, "geometry": { "type": "LineString", "coordinates": [ [ -68.4692576, -33.1910313 ], [ -68.4685655, -33.1912655 ] ] } },
{ "type": "Feature", "properties": { "id_tramo": 903, "osm_id": "360738024", "zona": "URBANO", "km": 0.10525414599764368, "lado": null, "cordon": "NO", "cord_estado": null, "km_cordon": 0.085254145997643679, "fecha": "08-2026" }, "geometry": { "type": "LineString", "coordinates": [ [ -68.4691478, -33.190863600000014 ], [ -68.4684462, -33.191099 ] ] } },
{ "type": "Feature", "properties": { "id_tramo": 906, "osm_id": "183312743", "zona": "URBANO", "km": 0.037115025461495317, "lado": null, "cordon": "NO", "cord_estado": null, "km_cordon": 0.017115025461495317, "fecha": "08-2026" }, "geometry": { "type": "LineString", "coordinates": [ [ -68.4526444, -33.1923167 ], [ -68.4516327, -33.192695400000012 ], [ -68.451551, -33.192726 ], [ -68.4513764, -33.1927914 ] ] } },
{ "type": "Feature", "properties": { "id_tramo": 909, "osm_id": "183312743", "zona": "URBANO", "km": 0.057076570447172591, "lado": null, "cordon": "NO", "cord_estado": null, "km_cordon": 0.037076570447172594, "fecha": "08-2026" }, "geometry": { "type": "LineString", "coordinates": [ [ -68.4509702, -33.192944 ], [ -68.4504801, -33.1931289 ], [ -68.4503806, -33.19316640000001 ], [ -68.4499986, -33.1933105 ] ] } },
{ "type": "Feature", "properties": { "id_tramo": 913, "osm_id": "612824072", "zona": "URBANO", "km": 0.10485127620128223, "lado": null, "cordon": "NO", "cord_estado": null, "km_cordon": 0.08485127620128223, "fecha": "08-2026" }, "geometry": { "type": "LineString", "coordinates": [ [ -68.4526756, -33.19222520000001 ], [ -68.4522902, -33.1917243 ] ] } },
{ "type": "Feature", "properties": { "id_tramo": 914, "osm_id": "183312793", "zona": "URBANO", "km": 0.10569535710416476, "lado": null, "cordon": "NO", "cord_estado": null, "km_cordon": 0.08569535710416476, "fecha": "08-2026" }, "geometry": { "type": "LineString", "coordinates": [ [ -68.4512304, -33.1927651 ], [ -68.4509733, -33.1921786 ] ] } },
{ "type": "Feature", "properties": { "id_tramo": 916, "osm_id": "183312772", "zona": "URBANO", "km": 0.053543498805627122, "lado": null, "cordon": "NO", "cord_estado": null, "km_cordon": 0.033543498805627125, "fecha": "08-2026" }, "geometry": { "type": "LineString", "coordinates": [ [ -68.4521503, -33.191685 ], [ -68.4514242, -33.1919383 ], [ -68.451313, -33.19197710000001 ], [ -68.4510252, -33.1920774 ] ] } },
{ "type": "Feature", "properties": { "id_tramo": 919, "osm_id": "183312791", "zona": "URBANO", "km": 0.075972597220760454, "lado": null, "cordon": "NO", "cord_estado": null, "km_cordon": 0.055972597220760451, "fecha": "08-2026" }, "geometry": { "type": "LineString", "coordinates": [ [ -68.4513301, -33.1902585 ], [ -68.4508184, -33.1902601 ] ] } },
{ "type": "Feature", "properties": { "id_tramo": 920, "osm_id": "183312791", "zona": "URBANO", "km": 0.049143929159022673, "lado": null, "cordon": "NO", "cord_estado": null, "km_cordon": 0.029143929159022672, "fecha": "08-2026" }, "geometry": { "type": "LineString", "coordinates": [ [ -68.4505928, -33.1902609 ], [ -68.4503768, -33.190261600000014 ] ] } },
{ "type": "Feature", "properties": { "id_tramo": 922, "osm_id": "183312789", "zona": "URBANO", "km": 0.065722591898831506, "lado": null, "cordon": "NO", "cord_estado": null, "km_cordon": 0.045722591898831502, "fecha": "08-2026" }, "geometry": { "type": "LineString", "coordinates": [ [ -68.4502441, -33.1944497 ], [ -68.4499694, -33.194539 ] ] } },
{ "type": "Feature", "properties": { "id_tramo": 923, "osm_id": "183312789", "zona": "URBANO", "km": 0.14668794094550569, "lado": null, "cordon": "NO", "cord_estado": null, "km_cordon": 0.1266879409455057, "fecha": "08-2026" }, "geometry": { "type": "LineString", "coordinates": [ [ -68.4496236, -33.1946484 ], [ -68.4494345, -33.1947103 ], [ -68.4493409, -33.194741 ], [ -68.4484697, -33.195026600000013 ] ] } },
{ "type": "Feature", "properties": { "id_tramo": 924, "osm_id": "183312780", "zona": "URBANO", "km": 0.063358079616260346, "lado": null, "cordon": "NO", "cord_estado": null, "km_cordon": 0.043358079616260342, "fecha": "08-2026" }, "geometry": { "type": "LineString", "coordinates": [ [ -68.4496662, -33.1945508 ], [ -68.4495285, -33.1943304 ] ] } },
{ "type": "Feature", "properties": { "id_tramo": 925, "osm_id": "183312778", "zona": "URBANO", "km": 0.1481748313759681, "lado": null, "cordon": "NO", "cord_estado": null, "km_cordon": 0.12817483137596811, "fecha": "08-2026" }, "geometry": { "type": "LineString", "coordinates": [ [ -68.4493997, -33.1942924 ], [ -68.449176, -33.194366 ], [ -68.4490718, -33.1944002 ], [ -68.448249300000015, -33.1946706 ] ] } },
{ "type": "Feature", "properties": { "id_tramo": 928, "osm_id": "183312787", "zona": "URBANO", "km": 0.06217316735294745, "lado": null, "cordon": "NO", "cord_estado": null, "km_cordon": 0.042173167352947447, "fecha": "08-2026" }, "geometry": { "type": "LineString", "coordinates": [ [ -68.4483457, -33.19499780000001 ], [ -68.4481962, -33.194764200000016 ] ] } },
{ "type": "Feature", "properties": { "id_tramo": 929, "osm_id": "183312743", "zona": "URBANO", "km": 0.14914662527177616, "lado": null, "cordon": "NO", "cord_estado": null, "km_cordon": 0.12914662527177617, "fecha": "08-2026" }, "geometry": { "type": "LineString", "coordinates": [ [ -68.4490192, -33.1936992 ], [ -68.4488295, -33.1937598 ], [ -68.4487355, -33.1937898 ], [ -68.4478288, -33.1940767 ] ] } },
{ "type": "Feature", "properties": { "id_tramo": 932, "osm_id": "183312743", "zona": "URBANO", "km": 0.063989514901300767, "lado": null, "cordon": "NO", "cord_estado": null, "km_cordon": 0.043989514901300764, "fecha": "08-2026" }, "geometry": { "type": "LineString", "coordinates": [ [ -68.4497077, -33.1936057 ], [ -68.4494274, -33.193702700000017 ] ] } },
{ "type": "Feature", "properties": { "id_tramo": 934, "osm_id": "183312780", "zona": "URBANO", "km": 0.054922303251334549, "lado": null, "cordon": "NO", "cord_estado": null, "km_cordon": 0.034922303251334552, "fecha": "08-2026" }, "geometry": { "type": "LineString", "coordinates": [ [ -68.4492095, -33.1935166 ], [ -68.4490369, -33.1932476 ] ] } },
{ "type": "Feature", "properties": { "id_tramo": 933, "osm_id": "319047715", "zona": "URBANO", "km": 0.14880687474294388, "lado": null, "cordon": "NO", "cord_estado": null, "km_cordon": 0.12880687474294389, "fecha": "08-2026" }, "geometry": { "type": "LineString", "coordinates": [ [ -68.4488197, -33.1933668 ], [ -68.448594, -33.1934358 ], [ -68.4484888, -33.193468 ], [ -68.4476064, -33.1937381 ] ] } },
{ "type": "Feature", "properties": { "id_tramo": 936, "osm_id": "183312787", "zona": "URBANO", "km": 0.052651615810156913, "lado": null, "cordon": "NO", "cord_estado": null, "km_cordon": 0.032651615810156909, "fecha": "08-2026" }, "geometry": { "type": "LineString", "coordinates": [ [ -68.4477323, -33.1940603 ], [ -68.447575, -33.193812 ] ] } },
{ "type": "Feature", "properties": { "id_tramo": 938, "osm_id": "183312757", "zona": "URBANO", "km": 0.071778688123615361, "lado": null, "cordon": "NO", "cord_estado": null, "km_cordon": 0.051778688123615357, "fecha": "08-2026" }, "geometry": { "type": "LineString", "coordinates": [ [ -68.4528489, -33.195018500000018 ], [ -68.4521757, -33.1939465 ], [ -68.452108700000011, -33.1938398 ], [ -68.451818, -33.193377 ], [ -68.4516223, -33.192980500000012 ] ] } },
{ "type": "Feature", "properties": { "id_tramo": 940, "osm_id": "183312763", "zona": "URBANO", "km": 0.098342154042594901, "lado": null, "cordon": "NO", "cord_estado": null, "km_cordon": 0.078342154042594897, "fecha": "08-2026" }, "geometry": { "type": "LineString", "coordinates": [ [ -68.4521685, -33.1950617 ], [ -68.4515914, -33.1941573 ], [ -68.4515235, -33.194051 ], [ -68.4512561, -33.193632 ], [ -68.451037, -33.193176900000012 ] ] } },
{ "type": "Feature", "properties": { "id_tramo": 941, "osm_id": "183312746", "zona": "URBANO", "km": 0.19421276257210729, "lado": null, "cordon": "NO", "cord_estado": null, "km_cordon": 0.1742127625721073, "fecha": "08-2026" }, "geometry": { "type": "LineString", "coordinates": [ [ -68.4517559, -33.195221400000015 ], [ -68.4511785, -33.1942966 ], [ -68.4511119, -33.19419 ], [ -68.4508543, -33.1937773 ], [ -68.450622, -33.1933432 ] ] } },
{ "type": "Feature", "properties": { "id_tramo": 943, "osm_id": "177170502", "zona": "URBANO", "km": 0.13260733606829686, "lado": null, "cordon": "NO", "cord_estado": null, "km_cordon": 0.11260733606829686, "fecha": "08-2026" }, "geometry": { "type": "LineString", "coordinates": [ [ -68.4722201, -33.194884400000014 ], [ -68.4718508, -33.19414470000001 ] ] } },
{ "type": "Feature", "properties": { "id_tramo": 944, "osm_id": "177170502", "zona": "URBANO", "km": 0.13260733606829686, "lado": null, "cordon": "NO", "cord_estado": null, "km_cordon": 0.11260733606829686, "fecha": "08-2026" }, "geometry": { "type": "LineString", "coordinates": [ [ -68.4720226, -33.1949513 ], [ -68.4716556, -33.1941895 ] ] } },
{ "type": "Feature", "properties": { "id_tramo": 945, "osm_id": "177170505", "zona": "URBANO", "km": 0.12917266198553079, "lado": null, "cordon": "NO", "cord_estado": null, "km_cordon": 0.10917266198553079, "fecha": "08-2026" }, "geometry": { "type": "LineString", "coordinates": [ [ -68.4727861, -33.1946925 ], [ -68.4724248, -33.1939528 ] ] } },
{ "type": "Feature", "properties": { "id_tramo": 949, "osm_id": "177170514", "zona": "URBANO", "km": 0.1283395033506613, "lado": null, "cordon": "NO", "cord_estado": null, "km_cordon": 0.1083395033506613, "fecha": "08-2026" }, "geometry": { "type": "LineString", "coordinates": [ [ -68.47398130000002, -33.194278 ], [ -68.4736213, -33.193546100000013 ] ] } },
{ "type": "Feature", "properties": { "id_tramo": 952, "osm_id": "612824061", "zona": "URBANO", "km": 0.13270858078579567, "lado": null, "cordon": "NO", "cord_estado": null, "km_cordon": 0.11270858078579567, "fecha": "08-2026" }, "geometry": { "type": "LineString", "coordinates": [ [ -68.4745754, -33.194049800000016 ], [ -68.4742153, -33.19329590000001 ] ] } },
{ "type": "Feature", "properties": { "id_tramo": 954, "osm_id": "177170576", "zona": "URBANO", "km": 0.13469472720791972, "lado": null, "cordon": "NO", "cord_estado": null, "km_cordon": 0.11469472720791972, "fecha": "08-2026" }, "geometry": { "type": "LineString", "coordinates": [ [ -68.4758036, -33.1936082 ], [ -68.4754132, -33.1928288 ] ] } },
{ "type": "Feature", "properties": { "id_tramo": 955, "osm_id": "258345452", "zona": "URBANO", "km": 0.13849434004009076, "lado": null, "cordon": "NO", "cord_estado": null, "km_cordon": 0.11849434004009075, "fecha": "08-2026" }, "geometry": { "type": "LineString", "coordinates": [ [ -68.4775083, -33.1930049 ], [ -68.4769754, -33.192206 ] ] } },
{ "type": "Feature", "properties": { "id_tramo": 956, "osm_id": "177170585", "zona": "URBANO", "km": 0.08418809647578164, "lado": null, "cordon": "NO", "cord_estado": null, "km_cordon": 0.064188096475781636, "fecha": "08-2026" }, "geometry": { "type": "LineString", "coordinates": [ [ -68.4722395, -33.1926017 ], [ -68.4725183, -33.1930124 ] ] } },
{ "type": "Feature", "properties": { "id_tramo": 960, "osm_id": "177170502", "zona": "URBANO", "km": 0.077638763484697129, "lado": null, "cordon": "NO", "cord_estado": null, "km_cordon": 0.057638763484697125, "fecha": "08-2026" }, "geometry": { "type": "LineString", "coordinates": [ [ -68.4707872, -33.1930887 ], [ -68.4710723, -33.1934457 ] ] } },
{ "type": "Feature", "properties": { "id_tramo": 961, "osm_id": "177170502", "zona": "URBANO", "km": 0.065740980680016825, "lado": null, "cordon": "NO", "cord_estado": null, "km_cordon": 0.045740980680016821, "fecha": "08-2026" }, "geometry": { "type": "LineString", "coordinates": [ [ -68.4712587, -33.1936844 ], [ -68.4714401, -33.1939018 ] ] } },
{ "type": "Feature", "properties": { "id_tramo": 964, "osm_id": "612824061", "zona": "URBANO", "km": 0.13800381737582806, "lado": null, "cordon": "NO", "cord_estado": null, "km_cordon": 0.11800381737582806, "fecha": "08-2026" }, "geometry": { "type": "LineString", "coordinates": [ [ -68.4736104, -33.192120800000012 ], [ -68.4740422, -33.1929819 ] ] } },
{ "type": "Feature", "properties": { "id_tramo": 965, "osm_id": "612824061", "zona": "URBANO", "km": 0.13800381737582806, "lado": null, "cordon": "NO", "cord_estado": null, "km_cordon": 0.11800381737582806, "fecha": "08-2026" }, "geometry": { "type": "LineString", "coordinates": [ [ -68.4738152, -33.1920532 ], [ -68.4742412, -33.1929001 ] ] } },
{ "type": "Feature", "properties": { "id_tramo": 966, "osm_id": "177170576", "zona": "URBANO", "km": 0.13694321107676352, "lado": null, "cordon": "NO", "cord_estado": null, "km_cordon": 0.11694321107676352, "fecha": "08-2026" }, "geometry": { "type": "LineString", "coordinates": [ [ -68.4750206, -33.1916331 ], [ -68.4754418, -33.1924454 ] ] } },
{ "type": "Feature", "properties": { "id_tramo": 968, "osm_id": "258345452", "zona": "URBANO", "km": 0.13654890008821952, "lado": null, "cordon": "NO", "cord_estado": null, "km_cordon": 0.11654890008821951, "fecha": "08-2026" }, "geometry": { "type": "LineString", "coordinates": [ [ -68.4763051, -33.191181 ], [ -68.4767813, -33.191903400000015 ] ] } },
{ "type": "Feature", "properties": { "id_tramo": 969, "osm_id": "177170502", "zona": "URBANO", "km": 0.13551134893809275, "lado": null, "cordon": "NO", "cord_estado": null, "km_cordon": 0.11551134893809274, "fecha": "08-2026" }, "geometry": { "type": "LineString", "coordinates": [ [ -68.4707715, -33.1927413 ], [ -68.4702705, -33.1920131 ] ] } },
{ "type": "Feature", "properties": { "id_tramo": 970, "osm_id": "177170502", "zona": "URBANO", "km": 0.13551134893809275, "lado": null, "cordon": "NO", "cord_estado": null, "km_cordon": 0.11551134893809274, "fecha": "08-2026" }, "geometry": { "type": "LineString", "coordinates": [ [ -68.4705924, -33.192809800000013 ], [ -68.4700871, -33.1920642 ] ] } },
{ "type": "Feature", "properties": { "id_tramo": 974, "osm_id": "183315891", "zona": "URBANO", "km": 0.064061235747241249, "lado": null, "cordon": "NO", "cord_estado": null, "km_cordon": 0.044061235747241245, "fecha": "08-2026" }, "geometry": { "type": "LineString", "coordinates": [ [ -68.4722086, -33.1909513 ], [ -68.4717338, -33.1902708 ] ] } },
{ "type": "Feature", "properties": { "id_tramo": 976, "osm_id": "183315891", "zona": "URBANO", "km": 0.044602707690942309, "lado": null, "cordon": "NO", "cord_estado": null, "km_cordon": 0.024602707690942308, "fecha": "08-2026" }, "geometry": { "type": "LineString", "coordinates": [ [ -68.4730505, -33.190650400000017 ], [ -68.4725867, -33.18996520000001 ] ] } },
{ "type": "Feature", "properties": { "id_tramo": 978, "osm_id": "177170660", "zona": "URBANO", "km": 0.056916209288567415, "lado": null, "cordon": "NO", "cord_estado": null, "km_cordon": 0.036916209288567411, "fecha": "08-2026" }, "geometry": { "type": "LineString", "coordinates": [ [ -68.4721446, -33.193953 ], [ -68.4719023, -33.1940314 ] ] } },
{ "type": "Feature", "properties": { "id_tramo": 979, "osm_id": "177170655", "zona": "URBANO", "km": 0.12640667756024659, "lado": null, "cordon": "NO", "cord_estado": null, "km_cordon": 0.10640667756024659, "fecha": "08-2026" }, "geometry": { "type": "LineString", "coordinates": [ [ -68.4719001, -33.1926308 ], [ -68.4710086, -33.1929379 ] ] } },
{ "type": "Feature", "properties": { "id_tramo": 980, "osm_id": "177170661", "zona": "URBANO", "km": 0.060192299371310751, "lado": null, "cordon": "NO", "cord_estado": null, "km_cordon": 0.040192299371310747, "fecha": "08-2026" }, "geometry": { "type": "LineString", "coordinates": [ [ -68.4731872, -33.1946416 ], [ -68.4729083, -33.194738 ] ] } },
{ "type": "Feature", "properties": { "id_tramo": 982, "osm_id": "183315906", "zona": "URBANO", "km": 0.11995551289168274, "lado": null, "cordon": "NO", "cord_estado": null, "km_cordon": 0.099955512891682738, "fecha": "08-2026" }, "geometry": { "type": "LineString", "coordinates": [ [ -68.47228, -33.193151 ], [ -68.4714031, -33.193423800000012 ] ] } },
{ "type": "Feature", "properties": { "id_tramo": 983, "osm_id": "177170655", "zona": "URBANO", "km": 0.040321803117960422, "lado": null, "cordon": "NO", "cord_estado": null, "km_cordon": 0.020321803117960422, "fecha": "08-2026" }, "geometry": { "type": "LineString", "coordinates": [ [ -68.4722294, -33.1923236 ], [ -68.4720102, -33.1924001 ], [ -68.4719008, -33.1924383 ], [ -68.4709207, -33.1927804 ] ] } },
{ "type": "Feature", "properties": { "id_tramo": 984, "osm_id": "319005278", "zona": "URBANO", "km": 0.1089486640435471, "lado": null, "cordon": "NO", "cord_estado": null, "km_cordon": 0.088948664043547093, "fecha": "08-2026" }, "geometry": { "type": "LineString", "coordinates": [ [ -68.470678, -33.1911457 ], [ -68.4699577, -33.19139340000001 ] ] } },
{ "type": "Feature", "properties": { "id_tramo": 987, "osm_id": "360738024", "zona": "URBANO", "km": 0.11022230405742134, "lado": null, "cordon": "NO", "cord_estado": null, "km_cordon": 0.090222304057421335, "fecha": "08-2026" }, "geometry": { "type": "LineString", "coordinates": [ [ -68.4702036, -33.1905008 ], [ -68.4695008, -33.190745600000014 ] ] } },
{ "type": "Feature", "properties": { "id_tramo": 988, "osm_id": "177170657", "zona": "URBANO", "km": 0.11049961313997311, "lado": null, "cordon": "NO", "cord_estado": null, "km_cordon": 0.090499613139973109, "fecha": "08-2026" }, "geometry": { "type": "LineString", "coordinates": [ [ -68.469896, -33.1900427 ], [ -68.4691854, -33.1902887 ] ] } },
{ "type": "Feature", "properties": { "id_tramo": 989, "osm_id": "177170649", "zona": "URBANO", "km": 0.060309401849774076, "lado": null, "cordon": "NO", "cord_estado": null, "km_cordon": 0.040309401849774079, "fecha": "08-2026" }, "geometry": { "type": "LineString", "coordinates": [ [ -68.4694277, -33.1893501 ], [ -68.4691508, -33.1894448 ] ] } },
{ "type": "Feature", "properties": { "id_tramo": 991, "osm_id": "177170647", "zona": "URBANO", "km": 0.10839687580895796, "lado": null, "cordon": "NO", "cord_estado": null, "km_cordon": 0.088396875808957956, "fecha": "08-2026" }, "geometry": { "type": "LineString", "coordinates": [ [ -68.4709519, -33.1914838 ], [ -68.4701909, -33.1917417 ] ] } },
{ "type": "Feature", "properties": { "id_tramo": 997, "osm_id": "177170595", "zona": "URBANO", "km": 0.070133184416674488, "lado": null, "cordon": "NO", "cord_estado": null, "km_cordon": 0.050133184416674484, "fecha": "08-2026" }, "geometry": { "type": "LineString", "coordinates": [ [ -68.4700269, -33.1897357 ], [ -68.469831, -33.1894585 ] ] } },
{ "type": "Feature", "properties": { "id_tramo": 1000, "osm_id": "177170621", "zona": "URBANO", "km": 0.071061588908887682, "lado": null, "cordon": "NO", "cord_estado": null, "km_cordon": 0.051061588908887678, "fecha": "08-2026" }, "geometry": { "type": "LineString", "coordinates": [ [ -68.4710945, -33.1893664 ], [ -68.4709096, -33.1890995 ] ] } },
{ "type": "Feature", "properties": { "id_tramo": 1001, "osm_id": "177170621", "zona": "URBANO", "km": 0.071061588908887682, "lado": null, "cordon": "NO", "cord_estado": null, "km_cordon": 0.051061588908887678, "fecha": "08-2026" }, "geometry": { "type": "LineString", "coordinates": [ [ -68.470910300000014, -33.1894337 ], [ -68.4707197, -33.1891538 ] ] } },
{ "type": "Feature", "properties": { "id_tramo": 1003, "osm_id": "183315894", "zona": "URBANO", "km": 0.077791553781878062, "lado": null, "cordon": "NO", "cord_estado": null, "km_cordon": 0.057791553781878058, "fecha": "08-2026" }, "geometry": { "type": "LineString", "coordinates": [ [ -68.4723747, -33.189652600000016 ], [ -68.4721674, -33.1893511 ] ] } },
{ "type": "Feature", "properties": { "id_tramo": 1005, "osm_id": "183315894", "zona": "URBANO", "km": 0.072016053244700562, "lado": null, "cordon": "NO", "cord_estado": null, "km_cordon": 0.052016053244700558, "fecha": "08-2026" }, "geometry": { "type": "LineString", "coordinates": [ [ -68.4719645, -33.1890559 ], [ -68.4717861, -33.1887947 ] ] } },
{ "type": "Feature", "properties": { "id_tramo": 1006, "osm_id": "177170661", "zona": "URBANO", "km": 0.060174980331797794, "lado": null, "cordon": "NO", "cord_estado": null, "km_cordon": 0.040174980331797797, "fecha": "08-2026" }, "geometry": { "type": "LineString", "coordinates": [ [ -68.4738118, -33.1944114 ], [ -68.4735234, -33.1945162 ] ] } },
{ "type": "Feature", "properties": { "id_tramo": 1007, "osm_id": "177170661", "zona": "URBANO", "km": 0.077941732108766898, "lado": null, "cordon": "NO", "cord_estado": null, "km_cordon": 0.057941732108766894, "fecha": "08-2026" }, "geometry": { "type": "LineString", "coordinates": [ [ -68.4745393, -33.1941493 ], [ -68.4741132, -33.1943024 ] ] } },
{ "type": "Feature", "properties": { "id_tramo": 1008, "osm_id": "177170660", "zona": "URBANO", "km": 0.078128473320754024, "lado": null, "cordon": "NO", "cord_estado": null, "km_cordon": 0.058128473320754021, "fecha": "08-2026" }, "geometry": { "type": "LineString", "coordinates": [ [ -68.4740102, -33.193088500000016 ], [ -68.4735577, -33.19326370000001 ] ] } },
{ "type": "Feature", "properties": { "id_tramo": 1009, "osm_id": "177170660", "zona": "URBANO", "km": 0.062828848530189371, "lado": null, "cordon": "NO", "cord_estado": null, "km_cordon": 0.042828848530189367, "fecha": "08-2026" }, "geometry": { "type": "LineString", "coordinates": [ [ -68.4732868, -33.1933694 ], [ -68.4729617, -33.1934962 ] ] } },
{ "type": "Feature", "properties": { "id_tramo": 1010, "osm_id": "183315906", "zona": "URBANO", "km": 0.070795914170243265, "lado": null, "cordon": "NO", "cord_estado": null, "km_cordon": 0.050795914170243261, "fecha": "08-2026" }, "geometry": { "type": "LineString", "coordinates": [ [ -68.4731699, -33.1928798 ], [ -68.4726314, -33.1930526 ] ] } },
{ "type": "Feature", "properties": { "id_tramo": 1011, "osm_id": "177170660", "zona": "URBANO", "km": 0.078128473320754024, "lado": null, "cordon": "NO", "cord_estado": null, "km_cordon": 0.058128473320754021, "fecha": "08-2026" }, "geometry": { "type": "LineString", "coordinates": [ [ -68.4740907, -33.1932598 ], [ -68.4736492, -33.1934395 ] ] } },
{ "type": "Feature", "properties": { "id_tramo": 1014, "osm_id": "177170655", "zona": "URBANO", "km": 0.1185158252712292, "lado": null, "cordon": "NO", "cord_estado": null, "km_cordon": 0.098515825271229193, "fecha": "08-2026" }, "geometry": { "type": "LineString", "coordinates": [ [ -68.4734078, -33.191903800000013 ], [ -68.472901, -33.1920789 ], [ -68.472803, -33.1921128 ], [ -68.4726187, -33.1921765 ] ] } },
{ "type": "Feature", "properties": { "id_tramo": 1017, "osm_id": "360738024", "zona": "URBANO", "km": 0.10652571480563393, "lado": null, "cordon": "NO", "cord_estado": null, "km_cordon": 0.086525714805633924, "fecha": "08-2026" }, "geometry": { "type": "LineString", "coordinates": [ [ -68.4712643, -33.1901341 ], [ -68.4706039, -33.1903596 ] ] } },
{ "type": "Feature", "properties": { "id_tramo": 1019, "osm_id": "177170657", "zona": "URBANO", "km": 0.10777488384609682, "lado": null, "cordon": "NO", "cord_estado": null, "km_cordon": 0.087774883846096816, "fecha": "08-2026" }, "geometry": { "type": "LineString", "coordinates": [ [ -68.4708549, -33.1895293 ], [ -68.4701497, -33.1897701 ] ] } },
{ "type": "Feature", "properties": { "id_tramo": 1020, "osm_id": "177170649", "zona": "URBANO", "km": 0.093841326611643266, "lado": null, "cordon": "NO", "cord_estado": null, "km_cordon": 0.073841326611643263, "fecha": "08-2026" }, "geometry": { "type": "LineString", "coordinates": [ [ -68.4705959, -33.1891266 ], [ -68.4698696, -33.1893711 ] ] } },
{ "type": "Feature", "properties": { "id_tramo": 1022, "osm_id": "360738024", "zona": "URBANO", "km": 0.10919683754849653, "lado": null, "cordon": "NO", "cord_estado": null, "km_cordon": 0.089196837548496527, "fecha": "08-2026" }, "geometry": { "type": "LineString", "coordinates": [ [ -68.4724435, -33.1899156 ], [ -68.4717598, -33.19015550000001 ] ] } },
{ "type": "Feature", "properties": { "id_tramo": 1025, "osm_id": "177170657", "zona": "URBANO", "km": 0.10653230200321723, "lado": null, "cordon": "NO", "cord_estado": null, "km_cordon": 0.086532302003217224, "fecha": "08-2026" }, "geometry": { "type": "LineString", "coordinates": [ [ -68.4719091, -33.189160200000011 ], [ -68.4712205, -33.18939790000001 ] ] } },
{ "type": "Feature", "properties": { "id_tramo": 1026, "osm_id": "177170649", "zona": "URBANO", "km": 0.076135203754385719, "lado": null, "cordon": "NO", "cord_estado": null, "km_cordon": 0.056135203754385715, "fecha": "08-2026" }, "geometry": { "type": "LineString", "coordinates": [ [ -68.4716538, -33.1887607 ], [ -68.4709437, -33.18899720000001 ] ] } },
{ "type": "Feature", "properties": { "id_tramo": 1028, "osm_id": "183315840", "zona": "URBANO", "km": 0.091442212897938094, "lado": null, "cordon": "NO", "cord_estado": null, "km_cordon": 0.07144221289793809, "fecha": "08-2026" }, "geometry": { "type": "LineString", "coordinates": [ [ -68.4709333, -33.1883154 ], [ -68.4703757, -33.1884873 ] ] } },
{ "type": "Feature", "properties": { "id_tramo": 1030, "osm_id": "177170650", "zona": "URBANO", "km": 0.092810808941902787, "lado": null, "cordon": "NO", "cord_estado": null, "km_cordon": 0.072810808941902783, "fecha": "08-2026" }, "geometry": { "type": "LineString", "coordinates": [ [ -68.4705722, -33.1879359 ], [ -68.4700207, -33.1881367 ] ] } },
{ "type": "Feature", "properties": { "id_tramo": 1031, "osm_id": "177170650", "zona": "URBANO", "km": 0.092810808941902787, "lado": null, "cordon": "NO", "cord_estado": null, "km_cordon": 0.072810808941902783, "fecha": "08-2026" }, "geometry": { "type": "LineString", "coordinates": [ [ -68.4704427, -33.187807800000016 ], [ -68.4699025, -33.1879979 ] ] } },
{ "type": "Feature", "properties": { "id_tramo": 1032, "osm_id": "177170653", "zona": "URBANO", "km": 0.091308083420639646, "lado": null, "cordon": "NO", "cord_estado": null, "km_cordon": 0.071308083420639642, "fecha": "08-2026" }, "geometry": { "type": "LineString", "coordinates": [ [ -68.4698086, -33.187112300000017 ], [ -68.4693018, -33.1873352 ] ] } },
{ "type": "Feature", "properties": { "id_tramo": 1034, "osm_id": "177170650", "zona": "URBANO", "km": 0.07972426773954823, "lado": null, "cordon": "NO", "cord_estado": null, "km_cordon": 0.059724267739548226, "fecha": "08-2026" }, "geometry": { "type": "LineString", "coordinates": [ [ -68.469535, -33.1881191 ], [ -68.46910560000002, -33.1882589 ] ] } },
{ "type": "Feature", "properties": { "id_tramo": 1035, "osm_id": "177170650", "zona": "URBANO", "km": 0.07972426773954823, "lado": null, "cordon": "NO", "cord_estado": null, "km_cordon": 0.059724267739548226, "fecha": "08-2026" }, "geometry": { "type": "LineString", "coordinates": [ [ -68.4696584, -33.188261 ], [ -68.4692259, -33.188403900000012 ] ] } },
{ "type": "Feature", "properties": { "id_tramo": 1037, "osm_id": "177170650", "zona": "URBANO", "km": 0.063734866452027958, "lado": null, "cordon": "NO", "cord_estado": null, "km_cordon": 0.043734866452027954, "fecha": "08-2026" }, "geometry": { "type": "LineString", "coordinates": [ [ -68.4687615, -33.188374300000014 ], [ -68.4684642, -33.1884766 ] ] } },
{ "type": "Feature", "properties": { "id_tramo": 1039, "osm_id": "177170650", "zona": "URBANO", "km": 0.063734866452027958, "lado": null, "cordon": "NO", "cord_estado": null, "km_cordon": 0.043734866452027954, "fecha": "08-2026" }, "geometry": { "type": "LineString", "coordinates": [ [ -68.4688615, -33.1885372 ], [ -68.4685758, -33.188631 ] ] } },
{ "type": "Feature", "properties": { "id_tramo": 1041, "osm_id": "320867674", "zona": "URBANO", "km": 0.12311160731021914, "lado": null, "cordon": "NO", "cord_estado": null, "km_cordon": 0.10311160731021914, "fecha": "08-2026" }, "geometry": { "type": "LineString", "coordinates": [ [ -68.4690338, -33.189415 ], [ -68.4685441, -33.1887222 ] ] } },
{ "type": "Feature", "properties": { "id_tramo": 1045, "osm_id": "177170653", "zona": "URBANO", "km": 0.065858044885143116, "lado": null, "cordon": "NO", "cord_estado": null, "km_cordon": 0.045858044885143112, "fecha": "08-2026" }, "geometry": { "type": "LineString", "coordinates": [ [ -68.4683481, -33.187791 ], [ -68.4680484, -33.187863200000017 ] ] } },
{ "type": "Feature", "properties": { "id_tramo": 1047, "osm_id": "177170530", "zona": "URBANO", "km": 0.069690256005904977, "lado": null, "cordon": "NO", "cord_estado": null, "km_cordon": 0.049690256005904973, "fecha": "08-2026" }, "geometry": { "type": "LineString", "coordinates": [ [ -68.4703748, -33.18892180000001 ], [ -68.4697964, -33.188288 ] ] } },
{ "type": "Feature", "properties": { "id_tramo": 1048, "osm_id": "320867672", "zona": "URBANO", "km": 0.054308309300433816, "lado": null, "cordon": "NO", "cord_estado": null, "km_cordon": 0.034308309300433812, "fecha": "08-2026" }, "geometry": { "type": "LineString", "coordinates": [ [ -68.471965600000019, -33.191135 ], [ -68.4717756, -33.1912009 ] ] } },
{ "type": "Feature", "properties": { "id_tramo": 1053, "osm_id": "177170660", "zona": "URBANO", "km": 0.12561072898353956, "lado": null, "cordon": "NO", "cord_estado": null, "km_cordon": 0.10561072898353956, "fecha": "08-2026" }, "geometry": { "type": "LineString", "coordinates": [ [ -68.4752018, -33.1926268 ], [ -68.4743903, -33.1929445 ] ] } },
{ "type": "Feature", "properties": { "id_tramo": 1056, "osm_id": "177170613", "zona": "URBANO", "km": 0.11500851296318879, "lado": null, "cordon": "NO", "cord_estado": null, "km_cordon": 0.095008512963188782, "fecha": "08-2026" }, "geometry": { "type": "LineString", "coordinates": [ [ -68.4706737, -33.187647100000014 ], [ -68.4701528, -33.1870897 ] ] } },
{ "type": "Feature", "properties": { "id_tramo": 1057, "osm_id": "177170613", "zona": "URBANO", "km": 0.11500851296318879, "lado": null, "cordon": "NO", "cord_estado": null, "km_cordon": 0.095008512963188782, "fecha": "08-2026" }, "geometry": { "type": "LineString", "coordinates": [ [ -68.4704544, -33.1877008 ], [ -68.46995, -33.1871509 ] ] } },
{ "type": "Feature", "properties": { "id_tramo": 1058, "osm_id": "177170618", "zona": "URBANO", "km": 0.11545001829292369, "lado": null, "cordon": "NO", "cord_estado": null, "km_cordon": 0.095450018292923683, "fecha": "08-2026" }, "geometry": { "type": "LineString", "coordinates": [ [ -68.4712616, -33.187425 ], [ -68.4707513, -33.1868682 ] ] } },
{ "type": "Feature", "properties": { "id_tramo": 1059, "osm_id": "177170618", "zona": "URBANO", "km": 0.11545001829292369, "lado": null, "cordon": "NO", "cord_estado": null, "km_cordon": 0.095450018292923683, "fecha": "08-2026" }, "geometry": { "type": "LineString", "coordinates": [ [ -68.4710599, -33.1874922 ], [ -68.4705526, -33.1869361 ] ] } },
{ "type": "Feature", "properties": { "id_tramo": 1061, "osm_id": "183315842", "zona": "URBANO", "km": 0.1166114335882808, "lado": null, "cordon": "NO", "cord_estado": null, "km_cordon": 0.096611433588280796, "fecha": "08-2026" }, "geometry": { "type": "LineString", "coordinates": [ [ -68.4716426, -33.1872731 ], [ -68.471107, -33.1867192 ] ] } },
{ "type": "Feature", "properties": { "id_tramo": 1062, "osm_id": "177170613", "zona": "URBANO", "km": 0.088313032355718829, "lado": null, "cordon": "NO", "cord_estado": null, "km_cordon": 0.068313032355718825, "fecha": "08-2026" }, "geometry": { "type": "LineString", "coordinates": [ [ -68.4698981, -33.1868091 ], [ -68.4696271, -33.186518300000017 ] ] } },
{ "type": "Feature", "properties": { "id_tramo": 1064, "osm_id": "177170618", "zona": "URBANO", "km": 0.086766252660487334, "lado": null, "cordon": "NO", "cord_estado": null, "km_cordon": 0.06676625266048733, "fecha": "08-2026" }, "geometry": { "type": "LineString", "coordinates": [ [ -68.47051, -33.186598 ], [ -68.4702335, -33.186298200000024 ] ] } },
{ "type": "Feature", "properties": { "id_tramo": 1068, "osm_id": "257793192", "zona": "URBANO", "km": 0.099647252281267529, "lado": null, "cordon": "NO", "cord_estado": null, "km_cordon": 0.079647252281267525, "fecha": "08-2026" }, "geometry": { "type": "LineString", "coordinates": [ [ -68.4687515, -33.1864363 ], [ -68.4680715, -33.1866731 ] ] } },
{ "type": "Feature", "properties": { "id_tramo": 1071, "osm_id": "257793192", "zona": "URBANO", "km": 0.059897371131687749, "lado": null, "cordon": "NO", "cord_estado": null, "km_cordon": 0.039897371131687745, "fecha": "08-2026" }, "geometry": { "type": "LineString", "coordinates": [ [ -68.4699206, -33.1863326 ], [ -68.4696476, -33.1864347 ] ] } },
{ "type": "Feature", "properties": { "id_tramo": 1072, "osm_id": "257793192", "zona": "URBANO", "km": 0.12088194422406787, "lado": null, "cordon": "NO", "cord_estado": null, "km_cordon": 0.10088194422406786, "fecha": "08-2026" }, "geometry": { "type": "LineString", "coordinates": [ [ -68.4721787, -33.1854616 ], [ -68.4715826, -33.185658599999989 ], [ -68.4712399, -33.1857775 ], [ -68.4711441, -33.1858122 ], [ -68.470916, -33.1858948 ], [ -68.4706403, -33.1860011 ], [ -68.4702548, -33.1861831 ] ] } },
{ "type": "Feature", "properties": { "id_tramo": 1073, "osm_id": "177170650", "zona": "URBANO", "km": 0.060618460244576636, "lado": null, "cordon": "NO", "cord_estado": null, "km_cordon": 0.040618460244576632, "fecha": "08-2026" }, "geometry": { "type": "LineString", "coordinates": [ [ -68.4711763, -33.1877267 ], [ -68.4709425, -33.187811 ] ] } },
{ "type": "Feature", "properties": { "id_tramo": 1074, "osm_id": "177170650", "zona": "URBANO", "km": 0.060618460244576636, "lado": null, "cordon": "NO", "cord_estado": null, "km_cordon": 0.040618460244576632, "fecha": "08-2026" }, "geometry": { "type": "LineString", "coordinates": [ [ -68.4710517, -33.187591500000011 ], [ -68.4707916, -33.1876859 ] ] } },
{ "type": "Feature", "properties": { "id_tramo": 1076, "osm_id": "177170650", "zona": "URBANO", "km": 0.054107936288903848, "lado": null, "cordon": "NO", "cord_estado": null, "km_cordon": 0.034107936288903851, "fecha": "08-2026" }, "geometry": { "type": "LineString", "coordinates": [ [ -68.4722942, -33.1873224 ], [ -68.4719577, -33.1874432 ], [ -68.4718624, -33.1874774 ], [ -68.4715442, -33.1875916 ] ] } },
{ "type": "Feature", "properties": { "id_tramo": 1079, "osm_id": "177170557", "zona": "URBANO", "km": 0.14852404808454495, "lado": null, "cordon": "NO", "cord_estado": null, "km_cordon": 0.12852404808454496, "fecha": "08-2026" }, "geometry": { "type": "LineString", "coordinates": [ [ -68.473017, -33.188120400000017 ], [ -68.472625, -33.1882522 ], [ -68.4725414, -33.1882804 ], [ -68.4716502, -33.1885802 ] ] } },
{ "type": "Feature", "properties": { "id_tramo": 1080, "osm_id": "183315867", "zona": "URBANO", "km": 0.060601403293502304, "lado": null, "cordon": "NO", "cord_estado": null, "km_cordon": 0.0406014032935023, "fecha": "08-2026" }, "geometry": { "type": "LineString", "coordinates": [ [ -68.4715039, -33.1881093 ], [ -68.4712878, -33.1881862 ] ] } },
{ "type": "Feature", "properties": { "id_tramo": 1082, "osm_id": "183315867", "zona": "URBANO", "km": 0.11170883879059448, "lado": null, "cordon": "NO", "cord_estado": null, "km_cordon": 0.09170883879059448, "fecha": "08-2026" }, "geometry": { "type": "LineString", "coordinates": [ [ -68.472678, -33.1877038 ], [ -68.4723251, -33.1878259 ], [ -68.4722452, -33.1878536 ], [ -68.4718955, -33.1879755 ] ] } },
{ "type": "Feature", "properties": { "id_tramo": 1084, "osm_id": "177170613", "zona": "URBANO", "km": 0.052416566005988229, "lado": null, "cordon": "NO", "cord_estado": null, "km_cordon": 0.032416566005988232, "fecha": "08-2026" }, "geometry": { "type": "LineString", "coordinates": [ [ -68.4708313, -33.1880986 ], [ -68.4707055, -33.1879614 ] ] } },
{ "type": "Feature", "properties": { "id_tramo": 1085, "osm_id": "177170661", "zona": "URBANO", "km": 0.18192950444509629, "lado": null, "cordon": "NO", "cord_estado": null, "km_cordon": 0.1619295044450963, "fecha": "08-2026" }, "geometry": { "type": "LineString", "coordinates": [ [ -68.4774489, -33.1931182 ], [ -68.4761315, -33.193589800000019 ] ] } },
{ "type": "Feature", "properties": { "id_tramo": 1086, "osm_id": "177170660", "zona": "URBANO", "km": 0.16144079701615174, "lado": null, "cordon": "NO", "cord_estado": null, "km_cordon": 0.14144079701615175, "fecha": "08-2026" }, "geometry": { "type": "LineString", "coordinates": [ [ -68.4767303, -33.192018800000014 ], [ -68.4755551, -33.1924815 ] ] } },
{ "type": "Feature", "properties": { "id_tramo": 1089, "osm_id": "258345452", "zona": "URBANO", "km": 0.070932577377618031, "lado": null, "cordon": "NO", "cord_estado": null, "km_cordon": 0.050932577377618027, "fecha": "08-2026" }, "geometry": { "type": "LineString", "coordinates": [ [ -68.4760546, -33.19085350000001 ], [ -68.4755488, -33.1901397 ] ] } },
{ "type": "Feature", "properties": { "id_tramo": 1090, "osm_id": "177170647", "zona": "URBANO", "km": 0.10839687580895796, "lado": null, "cordon": "NO", "cord_estado": null, "km_cordon": 0.088396875808957956, "fecha": "08-2026" }, "geometry": { "type": "LineString", "coordinates": [ [ -68.4715919, -33.1914707 ], [ -68.4713, -33.191571 ], [ -68.4711933, -33.1916077 ], [ -68.470301100000015, -33.19191450000001 ] ] } },
{ "type": "Feature", "properties": { "id_tramo": 1091, "osm_id": "320867672", "zona": "URBANO", "km": 0.054308309300433816, "lado": null, "cordon": "NO", "cord_estado": null, "km_cordon": 0.034308309300433812, "fecha": "08-2026" }, "geometry": { "type": "LineString", "coordinates": [ [ -68.4729326, -33.1910038 ], [ -68.4723288, -33.1912115 ], [ -68.4722341, -33.1912441 ], [ -68.4719519, -33.1913412 ] ] } },
{ "type": "Feature", "properties": { "id_tramo": 1093, "osm_id": "612824061", "zona": "URBANO", "km": 0.13047179676169229, "lado": null, "cordon": "NO", "cord_estado": null, "km_cordon": 0.11047179676169229, "fecha": "08-2026" }, "geometry": { "type": "LineString", "coordinates": [ [ -68.4734498, -33.1917976 ], [ -68.4730432, -33.1910434 ] ] } },
{ "type": "Feature", "properties": { "id_tramo": 1094, "osm_id": "320867672", "zona": "URBANO", "km": 0.23478443794827558, "lado": null, "cordon": "NO", "cord_estado": null, "km_cordon": 0.21478443794827559, "fecha": "08-2026" }, "geometry": { "type": "LineString", "coordinates": [ [ -68.4754185, -33.1901083 ], [ -68.4744713, -33.1905338 ], [ -68.4743498, -33.1905731 ], [ -68.4732897, -33.190879 ] ] } },
{ "type": "Feature", "properties": { "id_tramo": 1095, "osm_id": "320867672", "zona": "URBANO", "km": 0.23478443794827558, "lado": null, "cordon": "NO", "cord_estado": null, "km_cordon": 0.21478443794827559, "fecha": "08-2026" }, "geometry": { "type": "LineString", "coordinates": [ [ -68.4753107, -33.1899712 ], [ -68.4744059, -33.1903754 ], [ -68.4742991, -33.1904133 ], [ -68.4733984, -33.1906349 ] ] } },
{ "type": "Feature", "properties": { "id_tramo": 1096, "osm_id": "177170530", "zona": "URBANO", "km": 0.069690256005904977, "lado": null, "cordon": "NO", "cord_estado": null, "km_cordon": 0.049690256005904973, "fecha": "08-2026" }, "geometry": { "type": "LineString", "coordinates": [ [ -68.4705856, -33.1888581 ], [ -68.4703343, -33.1885891 ] ] } },
{ "type": "Feature", "properties": { "id_tramo": 1097, "osm_id": "177170530", "zona": "URBANO", "km": 0.054734136828080197, "lado": null, "cordon": "NO", "cord_estado": null, "km_cordon": 0.0347341368280802, "fecha": "08-2026" }, "geometry": { "type": "LineString", "coordinates": [ [ -68.4701059, -33.18834480000001 ], [ -68.4699968, -33.1882281 ] ] } },
{ "type": "Feature", "properties": { "id_tramo": 1098, "osm_id": "177170613", "zona": "URBANO", "km": 0.057615331112594509, "lado": null, "cordon": "NO", "cord_estado": null, "km_cordon": 0.037615331112594505, "fecha": "08-2026" }, "geometry": { "type": "LineString", "coordinates": [ [ -68.4714901, -33.188559 ], [ -68.4713502, -33.1884085 ] ] } },
{ "type": "Feature", "properties": { "id_tramo": 1099, "osm_id": "177170613", "zona": "URBANO", "km": 0.052416566005988229, "lado": null, "cordon": "NO", "cord_estado": null, "km_cordon": 0.032416566005988232, "fecha": "08-2026" }, "geometry": { "type": "LineString", "coordinates": [ [ -68.4711414, -33.18816420000001 ], [ -68.4709101, -33.1879171 ] ] } },
{ "type": "Feature", "properties": { "id_tramo": 1101, "osm_id": "177170618", "zona": "URBANO", "km": 0.070325493939701653, "lado": null, "cordon": "NO", "cord_estado": null, "km_cordon": 0.050325493939701649, "fecha": "08-2026" }, "geometry": { "type": "LineString", "coordinates": [ [ -68.4715354, -33.1880132 ], [ -68.4713168, -33.1877598 ] ] } },
{ "type": "Feature", "properties": { "id_tramo": 1102, "osm_id": "177170653", "zona": "URBANO", "km": 0.061035813649885341, "lado": null, "cordon": "NO", "cord_estado": null, "km_cordon": 0.041035813649885344, "fecha": "08-2026" }, "geometry": { "type": "LineString", "coordinates": [ [ -68.4704304, -33.1868969 ], [ -68.4701621, -33.1869846 ] ] } },
{ "type": "Feature", "properties": { "id_tramo": 1109, "osm_id": "177321969", "zona": "URBANO", "km": 0.077212609305980465, "lado": null, "cordon": "NO", "cord_estado": null, "km_cordon": 0.057212609305980461, "fecha": "08-2026" }, "geometry": { "type": "LineString", "coordinates": [ [ -68.4582811, -33.1892438 ], [ -68.4580102, -33.1888668 ] ] } },
{ "type": "Feature", "properties": { "id_tramo": 1111, "osm_id": "177321969", "zona": "URBANO", "km": 0.12755197609452087, "lado": null, "cordon": "NO", "cord_estado": null, "km_cordon": 0.10755197609452087, "fecha": "08-2026" }, "geometry": { "type": "LineString", "coordinates": [ [ -68.4578429, -33.1886216 ], [ -68.457352, -33.187932600000011 ] ] } },
{ "type": "Feature", "properties": { "id_tramo": 1112, "osm_id": "177321969", "zona": "URBANO", "km": 0.12702552573021575, "lado": null, "cordon": "NO", "cord_estado": null, "km_cordon": 0.10702552573021575, "fecha": "08-2026" }, "geometry": { "type": "LineString", "coordinates": [ [ -68.4571365, -33.1876151 ], [ -68.4566714, -33.1869363 ] ] } },
{ "type": "Feature", "properties": { "id_tramo": 1113, "osm_id": "177321969", "zona": "URBANO", "km": 0.12702552573021575, "lado": null, "cordon": "NO", "cord_estado": null, "km_cordon": 0.10702552573021575, "fecha": "08-2026" }, "geometry": { "type": "LineString", "coordinates": [ [ -68.4569207, -33.18767720000001 ], [ -68.4564694, -33.186998200000012 ] ] } },
{ "type": "Feature", "properties": { "id_tramo": 1115, "osm_id": "177321969", "zona": "URBANO", "km": 0.11943313789498594, "lado": null, "cordon": "NO", "cord_estado": null, "km_cordon": 0.099433137894985937, "fecha": "08-2026" }, "geometry": { "type": "LineString", "coordinates": [ [ -68.4564602, -33.186618400000015 ], [ -68.4560598, -33.1860145 ] ] } },
{ "type": "Feature", "properties": { "id_tramo": 1116, "osm_id": "177321947", "zona": "URBANO", "km": 0.11917427163506264, "lado": null, "cordon": "NO", "cord_estado": null, "km_cordon": 0.099174271635062636, "fecha": "08-2026" }, "geometry": { "type": "LineString", "coordinates": [ [ -68.4576702, -33.1862244 ], [ -68.4572973, -33.1856259 ] ] } },
{ "type": "Feature", "properties": { "id_tramo": 1118, "osm_id": "177321947", "zona": "URBANO", "km": 0.1316745174819805, "lado": null, "cordon": "NO", "cord_estado": null, "km_cordon": 0.1116745174819805, "fecha": "08-2026" }, "geometry": { "type": "LineString", "coordinates": [ [ -68.4583393, -33.187282 ], [ -68.4578784, -33.1865516 ] ] } },
{ "type": "Feature", "properties": { "id_tramo": 1, "osm_id": "183312743", "zona": "URBANO", "km": 0.12265088701552483, "lado": null, "cordon": "SI", "cord_estado": "BUENO", "km_cordon": 0.10265088701552483, "fecha": "08-2026" }, "geometry": { "type": "LineString", "coordinates": [ [ -68.452746, -33.1924828 ], [ -68.4518428, -33.1928263 ] ] } },
{ "type": "Feature", "properties": { "id_tramo": 5, "osm_id": "177321947", "zona": "URBANO", "km": 0.12053637539622541, "lado": null, "cordon": "SI", "cord_estado": "BUENO", "km_cordon": 0.10053637539622541, "fecha": "08-2026" }, "geometry": { "type": "LineString", "coordinates": [ [ -68.4587716, -33.1882834 ], [ -68.4583346, -33.18764130000001 ] ] } },
{ "type": "Feature", "properties": { "id_tramo": 6, "osm_id": "771230548", "zona": "URBANO", "km": 0.11779559404647701, "lado": null, "cordon": "SI", "cord_estado": "BUENO", "km_cordon": 0.097795594046477002, "fecha": "08-2026" }, "geometry": { "type": "LineString", "coordinates": [ [ -68.4587572, -33.1884012 ], [ -68.4579867, -33.1886518 ] ] } },
{ "type": "Feature", "properties": { "id_tramo": 7, "osm_id": "177321922", "zona": "URBANO", "km": 0.12392292397883316, "lado": null, "cordon": "SI", "cord_estado": "BUENO", "km_cordon": 0.10392292397883315, "fecha": "08-2026" }, "geometry": { "type": "LineString", "coordinates": [ [ -68.456264300000015, -33.1878814 ], [ -68.4558395, -33.1872139 ] ] } },
{ "type": "Feature", "properties": { "id_tramo": 9, "osm_id": "177321922", "zona": "URBANO", "km": 0.12076120997625059, "lado": null, "cordon": "SI", "cord_estado": "REGULAR", "km_cordon": 0.10076120997625058, "fecha": "08-2026" }, "geometry": { "type": "LineString", "coordinates": [ [ -68.4554583, -33.1869691 ], [ -68.4550549, -33.1863325 ] ] } },
{ "type": "Feature", "properties": { "id_tramo": 10, "osm_id": "177321922", "zona": "URBANO", "km": 0.12076120997625059, "lado": null, "cordon": "SI", "cord_estado": "REGULAR", "km_cordon": 0.10076120997625058, "fecha": "08-2026" }, "geometry": { "type": "LineString", "coordinates": [ [ -68.4556561, -33.1869022 ], [ -68.4552507, -33.1862729 ] ] } },
{ "type": "Feature", "properties": { "id_tramo": 11, "osm_id": "177322061", "zona": "URBANO", "km": 0.10614847704761934, "lado": null, "cordon": "SI", "cord_estado": "BUENO", "km_cordon": 0.08614847704761934, "fecha": "08-2026" }, "geometry": { "type": "LineString", "coordinates": [ [ -68.4665772, -33.197471 ], [ -68.4660607, -33.1966756 ] ] } },
{ "type": "Feature", "properties": { "id_tramo": 12, "osm_id": "177322061", "zona": "URBANO", "km": 0.12174503373044805, "lado": null, "cordon": "SI", "cord_estado": "BUENO", "km_cordon": 0.10174503373044805, "fecha": "08-2026" }, "geometry": { "type": "LineString", "coordinates": [ [ -68.4684353, -33.200336900000011 ], [ -68.4680236, -33.1997061 ] ] } },
{ "type": "Feature", "properties": { "id_tramo": 13, "osm_id": "177322061", "zona": "URBANO", "km": 0.12537114988633544, "lado": null, "cordon": "SI", "cord_estado": "BUENO", "km_cordon": 0.10537114988633543, "fecha": "08-2026" }, "geometry": { "type": "LineString", "coordinates": [ [ -68.4656506, -33.1964318 ], [ -68.4651953, -33.195753300000014 ] ] } },
{ "type": "Feature", "properties": { "id_tramo": 14, "osm_id": "177322061", "zona": "URBANO", "km": 0.11644874142447516, "lado": null, "cordon": "SI", "cord_estado": "BUENO", "km_cordon": 0.096448741424475154, "fecha": "08-2026" }, "geometry": { "type": "LineString", "coordinates": [ [ -68.4676222, -33.1994807 ], [ -68.4672132, -33.1988465 ] ] } },
{ "type": "Feature", "properties": { "id_tramo": 15, "osm_id": "177322061", "zona": "URBANO", "km": 0.12579189980054314, "lado": null, "cordon": "SI", "cord_estado": "BUENO", "km_cordon": 0.10579189980054314, "fecha": "08-2026" }, "geometry": { "type": "LineString", "coordinates": [ [ -68.4672099, -33.1984536 ], [ -68.4667908, -33.19780440000001 ] ] } },
{ "type": "Feature", "properties": { "id_tramo": 16, "osm_id": "177321955", "zona": "URBANO", "km": 0.12677634088931433, "lado": null, "cordon": "SI", "cord_estado": "BUENO", "km_cordon": 0.10677634088931433, "fecha": "08-2026" }, "geometry": { "type": "LineString", "coordinates": [ [ -68.4675583, -33.194650200000012 ], [ -68.4679942, -33.195332 ] ] } },
{ "type": "Feature", "properties": { "id_tramo": 17, "osm_id": "177322061", "zona": "URBANO", "km": 0.13744877826966284, "lado": null, "cordon": "SI", "cord_estado": "BUENO", "km_cordon": 0.11744877826966284, "fecha": "08-2026" }, "geometry": { "type": "LineString", "coordinates": [ [ -68.4650016, -33.1954476 ], [ -68.4644752, -33.1946274 ] ] } },
{ "type": "Feature", "properties": { "id_tramo": 18, "osm_id": "177322061", "zona": "URBANO", "km": 0.14218626832578768, "lado": null, "cordon": "SI", "cord_estado": "BUENO", "km_cordon": 0.12218626832578768, "fecha": "08-2026" }, "geometry": { "type": "LineString", "coordinates": [ [ -68.4642807, -33.1943261 ], [ -68.4637641, -33.1935291 ] ] } },
{ "type": "Feature", "properties": { "id_tramo": 22, "osm_id": "177322061", "zona": "URBANO", "km": 0.079714972804785927, "lado": null, "cordon": "SI", "cord_estado": "BUENO", "km_cordon": 0.059714972804785924, "fecha": "08-2026" }, "geometry": { "type": "LineString", "coordinates": [ [ -68.4688724, -33.2009995 ], [ -68.4686427, -33.20064570000001 ] ] } },
{ "type": "Feature", "properties": { "id_tramo": 24, "osm_id": "177322061", "zona": "URBANO", "km": 0.11644874142447516, "lado": null, "cordon": "SI", "cord_estado": "BUENO", "km_cordon": 0.096448741424475154, "fecha": "08-2026" }, "geometry": { "type": "LineString", "coordinates": [ [ -68.4678202, -33.1994007 ], [ -68.4673995, -33.1987672 ] ] } },
{ "type": "Feature", "properties": { "id_tramo": 31, "osm_id": "177322061", "zona": "URBANO", "km": 0.13333951304007483, "lado": null, "cordon": "SI", "cord_estado": "MALO", "km_cordon": 0.11333951304007482, "fecha": "08-2026" }, "geometry": { "type": "LineString", "coordinates": [ [ -68.4635688, -33.193239900000016 ], [ -68.4630708, -33.192501 ] ] } },
{ "type": "Feature", "properties": { "id_tramo": 36, "osm_id": "177322007", "zona": "URBANO", "km": 0.11719964625374088, "lado": null, "cordon": "SI", "cord_estado": "BUENO", "km_cordon": 0.097199646253740876, "fecha": "08-2026" }, "geometry": { "type": "LineString", "coordinates": [ [ -68.4674387, -33.194600199999982 ], [ -68.4666162, -33.1949804 ] ] } },
{ "type": "Feature", "properties": { "id_tramo": 37, "osm_id": "924950738", "zona": "URBANO", "km": 0.090478863782391131, "lado": null, "cordon": "SI", "cord_estado": "MALO", "km_cordon": 0.070478863782391127, "fecha": "08-2026" }, "geometry": { "type": "LineString", "coordinates": [ [ -68.4735232, -33.2010583 ], [ -68.4732288, -33.2012162 ], [ -68.473017, -33.201320700000011 ], [ -68.4729461, -33.2013495 ], [ -68.4728705, -33.2013666 ], [ -68.4695817, -33.2018316 ] ] } },
{ "type": "Feature", "properties": { "id_tramo": 38, "osm_id": "924950738", "zona": "URBANO", "km": 0.067350997066728979, "lado": null, "cordon": "SI", "cord_estado": "BUENO", "km_cordon": 0.047350997066728975, "fecha": "08-2026" }, "geometry": { "type": "LineString", "coordinates": [ [ -68.469783, -33.20158330000001 ], [ -68.4694121, -33.2016323 ] ] } },
{ "type": "Feature", "properties": { "id_tramo": 42, "osm_id": "924950738", "zona": "URBANO", "km": 0.067632642262032319, "lado": null, "cordon": "SI", "cord_estado": "BUENO", "km_cordon": 0.047632642262032315, "fecha": "08-2026" }, "geometry": { "type": "LineString", "coordinates": [ [ -68.4734083, -33.2008447 ], [ -68.4730733, -33.2010301 ] ] } },
{ "type": "Feature", "properties": { "id_tramo": 47, "osm_id": "177170501", "zona": "URBANO", "km": 0.13266484614288995, "lado": null, "cordon": "SI", "cord_estado": "REGULAR", "km_cordon": 0.11266484614288995, "fecha": "08-2026" }, "geometry": { "type": "LineString", "coordinates": [ [ -68.4695498, -33.2001208 ], [ -68.4686651, -33.2005408 ] ] } },
{ "type": "Feature", "properties": { "id_tramo": 50, "osm_id": "257800489", "zona": "URBANO", "km": 0.068444022201126928, "lado": null, "cordon": "SI", "cord_estado": "REGULAR", "km_cordon": 0.048444022201126924, "fecha": "08-2026" }, "geometry": { "type": "LineString", "coordinates": [ [ -68.4698769, -33.2006622 ], [ -68.4690305, -33.2010363 ] ] } },
{ "type": "Feature", "properties": { "id_tramo": 53, "osm_id": "177321955", "zona": "URBANO", "km": 0.14156284582329437, "lado": null, "cordon": "SI", "cord_estado": "REGULAR", "km_cordon": 0.12156284582329437, "fecha": "08-2026" }, "geometry": { "type": "LineString", "coordinates": [ [ -68.4687416, -33.196476600000011 ], [ -68.4681999, -33.1956428 ] ] } },
{ "type": "Feature", "properties": { "id_tramo": 54, "osm_id": "257800489", "zona": "URBANO", "km": 0.060954248411662956, "lado": null, "cordon": "SI", "cord_estado": "BUENO", "km_cordon": 0.040954248411662952, "fecha": "08-2026" }, "geometry": { "type": "LineString", "coordinates": [ [ -68.4699327, -33.200758700000016 ], [ -68.469647, -33.200875 ] ] } },
{ "type": "Feature", "properties": { "id_tramo": 56, "osm_id": "177170643", "zona": "URBANO", "km": 0.13420208494874841, "lado": null, "cordon": "SI", "cord_estado": "BUENO", "km_cordon": 0.11420208494874841, "fecha": "08-2026" }, "geometry": { "type": "LineString", "coordinates": [ [ -68.4681861, -33.1980764 ], [ -68.4673513, -33.1984709 ] ] } },
{ "type": "Feature", "properties": { "id_tramo": 57, "osm_id": "177322007", "zona": "URBANO", "km": 0.11719964625374088, "lado": null, "cordon": "SI", "cord_estado": "BUENO", "km_cordon": 0.097199646253740876, "fecha": "08-2026" }, "geometry": { "type": "LineString", "coordinates": [ [ -68.4673358, -33.1944638 ], [ -68.4665495, -33.1948304 ] ] } },
{ "type": "Feature", "properties": { "id_tramo": 67, "osm_id": "257800489", "zona": "URBANO", "km": 0.12446550062383251, "lado": null, "cordon": "SI", "cord_estado": "BUENO", "km_cordon": 0.1044655006238325, "fecha": "08-2026" }, "geometry": { "type": "LineString", "coordinates": [ [ -68.4711522, -33.20028820000001 ], [ -68.4703056, -33.200696900000011 ] ] } },
{ "type": "Feature", "properties": { "id_tramo": 70, "osm_id": "177321947", "zona": "URBANO", "km": 0.13640703484320302, "lado": null, "cordon": "SI", "cord_estado": "REGULAR", "km_cordon": 0.11640703484320301, "fecha": "08-2026" }, "geometry": { "type": "LineString", "coordinates": [ [ -68.4631373, -33.1948176 ], [ -68.4626529, -33.1940811 ] ] } },
{ "type": "Feature", "properties": { "id_tramo": 71, "osm_id": "177321929", "zona": "URBANO", "km": 0.14516812517431904, "lado": null, "cordon": "SI", "cord_estado": "BUENO", "km_cordon": 0.12516812517431905, "fecha": "08-2026" }, "geometry": { "type": "LineString", "coordinates": [ [ -68.465701, -33.1937053 ], [ -68.4651617, -33.192906 ] ] } },
{ "type": "Feature", "properties": { "id_tramo": 72, "osm_id": "177321929", "zona": "URBANO", "km": 0.14516812517431904, "lado": null, "cordon": "SI", "cord_estado": "BUENO", "km_cordon": 0.12516812517431905, "fecha": "08-2026" }, "geometry": { "type": "LineString", "coordinates": [ [ -68.4655074, -33.1937783 ], [ -68.4649839, -33.1929776 ] ] } },
{ "type": "Feature", "properties": { "id_tramo": 76, "osm_id": "642762562", "zona": "URBANO", "km": 0.13250647336788154, "lado": null, "cordon": "SI", "cord_estado": "BUENO", "km_cordon": 0.11250647336788154, "fecha": "08-2026" }, "geometry": { "type": "LineString", "coordinates": [ [ -68.4647114, -33.192811 ], [ -68.463912400000012, -33.193183 ] ] } },
{ "type": "Feature", "properties": { "id_tramo": 78, "osm_id": "183312754", "zona": "URBANO", "km": 0.12393348550353563, "lado": null, "cordon": "SI", "cord_estado": "BUENO", "km_cordon": 0.10393348550353562, "fecha": "08-2026" }, "geometry": { "type": "LineString", "coordinates": [ [ -68.46364, -33.193510300000014 ], [ -68.462850300000014, -33.1938731 ] ] } },
{ "type": "Feature", "properties": { "id_tramo": 80, "osm_id": "183315837", "zona": "URBANO", "km": 0.1223611659920292, "lado": null, "cordon": "SI", "cord_estado": "BUENO", "km_cordon": 0.1023611659920292, "fecha": "08-2026" }, "geometry": { "type": "LineString", "coordinates": [ [ -68.4642458, -33.1944571 ], [ -68.4634706, -33.1947921 ] ] } },
{ "type": "Feature", "properties": { "id_tramo": 82, "osm_id": "257781709", "zona": "URBANO", "km": 0.12072849318932621, "lado": null, "cordon": "SI", "cord_estado": "BUENO", "km_cordon": 0.10072849318932621, "fecha": "08-2026" }, "geometry": { "type": "LineString", "coordinates": [ [ -68.4649669, -33.1955669 ], [ -68.464214200000015, -33.1959171 ] ] } },
{ "type": "Feature", "properties": { "id_tramo": 85, "osm_id": "183315904", "zona": "URBANO", "km": 0.11948651864527335, "lado": null, "cordon": "SI", "cord_estado": "REGULAR", "km_cordon": 0.099486518645273345, "fecha": "08-2026" }, "geometry": { "type": "LineString", "coordinates": [ [ -68.4662448, -33.1974982 ], [ -68.4654274, -33.1977855 ] ] } },
{ "type": "Feature", "properties": { "id_tramo": 86, "osm_id": "183315904", "zona": "URBANO", "km": 0.11948651864527335, "lado": null, "cordon": "SI", "cord_estado": "BUENO", "km_cordon": 0.099486518645273345, "fecha": "08-2026" }, "geometry": { "type": "LineString", "coordinates": [ [ -68.4661148, -33.197351800000014 ], [ -68.4653589, -33.197616300000014 ] ] } },
{ "type": "Feature", "properties": { "id_tramo": 89, "osm_id": "183315930", "zona": "URBANO", "km": 0.11679670207879136, "lado": null, "cordon": "SI", "cord_estado": "REGULAR", "km_cordon": 0.096796702078791361, "fecha": "08-2026" }, "geometry": { "type": "LineString", "coordinates": [ [ -68.4676701, -33.1997592 ], [ -68.4669315, -33.200104 ] ] } },
{ "type": "Feature", "properties": { "id_tramo": 90, "osm_id": "183315930", "zona": "URBANO", "km": 0.11679670207879136, "lado": null, "cordon": "SI", "cord_estado": "BUENO", "km_cordon": 0.096796702078791361, "fecha": "08-2026" }, "geometry": { "type": "LineString", "coordinates": [ [ -68.4675711, -33.1995956 ], [ -68.4668587, -33.1999299 ] ] } },
{ "type": "Feature", "properties": { "id_tramo": 91, "osm_id": "183312795", "zona": "URBANO", "km": 0.14835465627699823, "lado": null, "cordon": "SI", "cord_estado": "BUENO", "km_cordon": 0.12835465627699824, "fecha": "08-2026" }, "geometry": { "type": "LineString", "coordinates": [ [ -68.4691402, -33.201969 ], [ -68.4690019, -33.2019679 ], [ -68.4688342, -33.2019493 ], [ -68.4680529, -33.2018043 ] ] } },
{ "type": "Feature", "properties": { "id_tramo": 93, "osm_id": "177170612", "zona": "URBANO", "km": 0.064878914467588866, "lado": null, "cordon": "SI", "cord_estado": "REGULAR", "km_cordon": 0.044878914467588862, "fecha": "08-2026" }, "geometry": { "type": "LineString", "coordinates": [ [ -68.480452, -33.1944357 ], [ -68.4813479, -33.1940721 ] ] } },
{ "type": "Feature", "properties": { "id_tramo": 96, "osm_id": "177170587", "zona": "URBANO", "km": 0.13521338771139896, "lado": null, "cordon": "SI", "cord_estado": "BUENO", "km_cordon": 0.11521338771139895, "fecha": "08-2026" }, "geometry": { "type": "LineString", "coordinates": [ [ -68.4803394, -33.1944794 ], [ -68.4791377, -33.1949463 ] ] } },
{ "type": "Feature", "properties": { "id_tramo": 101, "osm_id": "177321969", "zona": "URBANO", "km": 0.13174065963779324, "lado": null, "cordon": "SI", "cord_estado": "MALO", "km_cordon": 0.11174065963779324, "fecha": "08-2026" }, "geometry": { "type": "LineString", "coordinates": [ [ -68.4619864, -33.1952961 ], [ -68.4615404, -33.1946096 ] ] } },
{ "type": "Feature", "properties": { "id_tramo": 105, "osm_id": "177321955", "zona": "URBANO", "km": 0.11830365422451675, "lado": null, "cordon": "SI", "cord_estado": "REGULAR", "km_cordon": 0.098303654224516743, "fecha": "08-2026" }, "geometry": { "type": "LineString", "coordinates": [ [ -68.469373, -33.19744020000001 ], [ -68.4689525, -33.1967981 ] ] } },
{ "type": "Feature", "properties": { "id_tramo": 106, "osm_id": "177321929", "zona": "URBANO", "km": 0.11805152682518301, "lado": null, "cordon": "SI", "cord_estado": "BUENO", "km_cordon": 0.098051526825183005, "fecha": "08-2026" }, "geometry": { "type": "LineString", "coordinates": [ [ -68.4688547, -33.198906 ], [ -68.4684517, -33.198281 ] ] } },
{ "type": "Feature", "properties": { "id_tramo": 108, "osm_id": "177321955", "zona": "URBANO", "km": 0.12157712411691127, "lado": null, "cordon": "SI", "cord_estado": "BUENO", "km_cordon": 0.10157712411691126, "fecha": "08-2026" }, "geometry": { "type": "LineString", "coordinates": [ [ -68.4699866, -33.1983725 ], [ -68.4695883, -33.1977592 ] ] } },
{ "type": "Feature", "properties": { "id_tramo": 111, "osm_id": "177170544", "zona": "URBANO", "km": 0.12005083336236433, "lado": null, "cordon": "SI", "cord_estado": "REGULAR", "km_cordon": 0.10005083336236432, "fecha": "08-2026" }, "geometry": { "type": "LineString", "coordinates": [ [ -68.4714622, -33.1977112 ], [ -68.4710351, -33.1970813 ] ] } },
{ "type": "Feature", "properties": { "id_tramo": 113, "osm_id": "257800486", "zona": "URBANO", "km": 0.13679051606795067, "lado": null, "cordon": "SI", "cord_estado": "BUENO", "km_cordon": 0.11679051606795067, "fecha": "08-2026" }, "geometry": { "type": "LineString", "coordinates": [ [ -68.4712433, -33.1979086 ], [ -68.470342, -33.1983244 ] ] } },
{ "type": "Feature", "properties": { "id_tramo": 114, "osm_id": "177170643", "zona": "URBANO", "km": 0.13507249162646584, "lado": null, "cordon": "SI", "cord_estado": "REGULAR", "km_cordon": 0.11507249162646584, "fecha": "08-2026" }, "geometry": { "type": "LineString", "coordinates": [ [ -68.4707019, -33.197121 ], [ -68.4697824, -33.1975458 ] ] } },
{ "type": "Feature", "properties": { "id_tramo": 117, "osm_id": "183315905", "zona": "URBANO", "km": 0.13304019974754897, "lado": null, "cordon": "SI", "cord_estado": "BUENO", "km_cordon": 0.11304019974754896, "fecha": "08-2026" }, "geometry": { "type": "LineString", "coordinates": [ [ -68.4699341, -33.1960166 ], [ -68.4690703, -33.1964179 ] ] } },
{ "type": "Feature", "properties": { "id_tramo": 120, "osm_id": "642762562", "zona": "URBANO", "km": 0.1206166541042847, "lado": null, "cordon": "SI", "cord_estado": "BUENO", "km_cordon": 0.10061665410428469, "fecha": "08-2026" }, "geometry": { "type": "LineString", "coordinates": [ [ -68.4670624, -33.1919386 ], [ -68.4663342, -33.1922748 ] ] } },
{ "type": "Feature", "properties": { "id_tramo": 121, "osm_id": "642762562", "zona": "URBANO", "km": 0.1206166541042847, "lado": null, "cordon": "SI", "cord_estado": "BUENO", "km_cordon": 0.10061665410428469, "fecha": "08-2026" }, "geometry": { "type": "LineString", "coordinates": [ [ -68.466966500000012, -33.1917738 ], [ -68.4662316, -33.1921141 ] ] } },
{ "type": "Feature", "properties": { "id_tramo": 125, "osm_id": "177321955", "zona": "URBANO", "km": 0.13420332001422572, "lado": null, "cordon": "SI", "cord_estado": "BUENO", "km_cordon": 0.11420332001422571, "fecha": "08-2026" }, "geometry": { "type": "LineString", "coordinates": [ [ -68.4673621, -33.19435150000001 ], [ -68.4668672, -33.1935986 ] ] } },
{ "type": "Feature", "properties": { "id_tramo": 126, "osm_id": "177321947", "zona": "URBANO", "km": 0.14170905610841289, "lado": null, "cordon": "SI", "cord_estado": "BUENO", "km_cordon": 0.12170905610841289, "fecha": "08-2026" }, "geometry": { "type": "LineString", "coordinates": [ [ -68.4640885, -33.1958788 ], [ -68.463544, -33.195052 ] ] } },
{ "type": "Feature", "properties": { "id_tramo": 127, "osm_id": "177321947", "zona": "URBANO", "km": 0.14170905610841289, "lado": null, "cordon": "SI", "cord_estado": "REGULAR", "km_cordon": 0.12170905610841289, "fecha": "08-2026" }, "geometry": { "type": "LineString", "coordinates": [ [ -68.4638904, -33.1959606 ], [ -68.4633544, -33.1951342 ] ] } },
{ "type": "Feature", "properties": { "id_tramo": 128, "osm_id": "177321947", "zona": "URBANO", "km": 0.17299215923182168, "lado": null, "cordon": "SI", "cord_estado": "BUENO", "km_cordon": 0.15299215923182169, "fecha": "08-2026" }, "geometry": { "type": "LineString", "coordinates": [ [ -68.4660865, -33.1989444 ], [ -68.4654199, -33.19790050000001 ] ] } },
{ "type": "Feature", "properties": { "id_tramo": 129, "osm_id": "177321947", "zona": "URBANO", "km": 0.17299215923182168, "lado": null, "cordon": "SI", "cord_estado": "REGULAR", "km_cordon": 0.15299215923182169, "fecha": "08-2026" }, "geometry": { "type": "LineString", "coordinates": [ [ -68.4658991, -33.1990249 ], [ -68.4652346, -33.197981 ] ] } },
{ "type": "Feature", "properties": { "id_tramo": 131, "osm_id": "177321947", "zona": "URBANO", "km": 0.094678300027835019, "lado": null, "cordon": "SI", "cord_estado": "BUENO", "km_cordon": 0.074678300027835015, "fecha": "08-2026" }, "geometry": { "type": "LineString", "coordinates": [ [ -68.46501, -33.197655 ], [ -68.4647349, -33.1972454 ] ] } },
{ "type": "Feature", "properties": { "id_tramo": 133, "osm_id": "183315904", "zona": "URBANO", "km": 0.11717277940300194, "lado": null, "cordon": "SI", "cord_estado": "BUENO", "km_cordon": 0.097172779403001938, "fecha": "08-2026" }, "geometry": { "type": "LineString", "coordinates": [ [ -68.464972, -33.1977725 ], [ -68.4641651, -33.198068499999984 ] ] } },
{ "type": "Feature", "properties": { "id_tramo": 135, "osm_id": "183315928", "zona": "URBANO", "km": 0.11569010199266319, "lado": null, "cordon": "SI", "cord_estado": "REGULAR", "km_cordon": 0.095690101992663187, "fecha": "08-2026" }, "geometry": { "type": "LineString", "coordinates": [ [ -68.4644787, -33.197062 ], [ -68.4637349, -33.197402799999985 ] ] } },
{ "type": "Feature", "properties": { "id_tramo": 136, "osm_id": "177321947", "zona": "URBANO", "km": 0.12379872946025089, "lado": null, "cordon": "SI", "cord_estado": "BUENO", "km_cordon": 0.10379872946025089, "fecha": "08-2026" }, "geometry": { "type": "LineString", "coordinates": [ [ -68.4645257, -33.1969306 ], [ -68.4640999, -33.1962813 ] ] } },
{ "type": "Feature", "properties": { "id_tramo": 137, "osm_id": "177321947", "zona": "URBANO", "km": 0.12379872946025089, "lado": null, "cordon": "SI", "cord_estado": "BUENO", "km_cordon": 0.10379872946025089, "fecha": "08-2026" }, "geometry": { "type": "LineString", "coordinates": [ [ -68.4647317, -33.196848300000013 ], [ -68.4642868, -33.196191400000011 ] ] } },
{ "type": "Feature", "properties": { "id_tramo": 141, "osm_id": "423678382", "zona": "URBANO", "km": 0.11797961425116797, "lado": null, "cordon": "SI", "cord_estado": "BUENO", "km_cordon": 0.097979614251167968, "fecha": "08-2026" }, "geometry": { "type": "LineString", "coordinates": [ [ -68.4661742, -33.1996491 ], [ -68.4654374, -33.1999978 ] ] } },
{ "type": "Feature", "properties": { "id_tramo": 144, "osm_id": "177321929", "zona": "URBANO", "km": 0.12249198221521236, "lado": null, "cordon": "SI", "cord_estado": "BUENO", "km_cordon": 0.10249198221521236, "fecha": "08-2026" }, "geometry": { "type": "LineString", "coordinates": [ [ -68.4696865, -33.1997687 ], [ -68.469269, -33.1991408 ] ] } },
{ "type": "Feature", "properties": { "id_tramo": 145, "osm_id": "177321929", "zona": "URBANO", "km": 0.12249198221521236, "lado": null, "cordon": "SI", "cord_estado": "REGULAR", "km_cordon": 0.10249198221521236, "fecha": "08-2026" }, "geometry": { "type": "LineString", "coordinates": [ [ -68.4694955, -33.199854500000015 ], [ -68.4690766, -33.1992273 ] ] } },
{ "type": "Feature", "properties": { "id_tramo": 146, "osm_id": "177321955", "zona": "URBANO", "km": 0.11986038137525021, "lado": null, "cordon": "SI", "cord_estado": "BUENO", "km_cordon": 0.099860381375250204, "fecha": "08-2026" }, "geometry": { "type": "LineString", "coordinates": [ [ -68.4707987, -33.199227600000015 ], [ -68.4703975, -33.1986321 ] ] } },
{ "type": "Feature", "properties": { "id_tramo": 148, "osm_id": "177170544", "zona": "URBANO", "km": 0.12252021303880956, "lado": null, "cordon": "SI", "cord_estado": "BUENO", "km_cordon": 0.10252021303880955, "fecha": "08-2026" }, "geometry": { "type": "LineString", "coordinates": [ [ -68.4720907, -33.1986229 ], [ -68.4716854, -33.1980223 ] ] } },
{ "type": "Feature", "properties": { "id_tramo": 149, "osm_id": "177170544", "zona": "URBANO", "km": 0.12252021303880956, "lado": null, "cordon": "SI", "cord_estado": "BUENO", "km_cordon": 0.10252021303880955, "fecha": "08-2026" }, "geometry": { "type": "LineString", "coordinates": [ [ -68.4719037, -33.1987053 ], [ -68.471493, -33.198102 ] ] } },
{ "type": "Feature", "properties": { "id_tramo": 150, "osm_id": "177170544", "zona": "URBANO", "km": 0.12753872624913992, "lado": null, "cordon": "SI", "cord_estado": "REGULAR", "km_cordon": 0.10753872624913992, "fecha": "08-2026" }, "geometry": { "type": "LineString", "coordinates": [ [ -68.4687408, -33.1941393 ], [ -68.4691767, -33.194784 ] ] } },
{ "type": "Feature", "properties": { "id_tramo": 152, "osm_id": "257781723", "zona": "URBANO", "km": 0.077765633370882964, "lado": null, "cordon": "SI", "cord_estado": "MALO", "km_cordon": 0.05776563337088296, "fecha": "08-2026" }, "geometry": { "type": "LineString", "coordinates": [ [ -68.4677323, -33.1928835 ], [ -68.4669872, -33.193224299999983 ] ] } },
{ "type": "Feature", "properties": { "id_tramo": 154, "osm_id": "257781723", "zona": "URBANO", "km": 0.11782918284134855, "lado": null, "cordon": "SI", "cord_estado": "BUENO", "km_cordon": 0.097829182841348547, "fecha": "08-2026" }, "geometry": { "type": "LineString", "coordinates": [ [ -68.4665802, -33.1933973 ], [ -68.465834, -33.1937366 ] ] } },
{ "type": "Feature", "properties": { "id_tramo": 156, "osm_id": "177321955", "zona": "URBANO", "km": 0.14275112297282433, "lado": null, "cordon": "SI", "cord_estado": "BUENO", "km_cordon": 0.12275112297282433, "fecha": "08-2026" }, "geometry": { "type": "LineString", "coordinates": [ [ -68.4666236, -33.1932618 ], [ -68.4661266, -33.1924961 ] ] } },
{ "type": "Feature", "properties": { "id_tramo": 159, "osm_id": "257781709", "zona": "URBANO", "km": 0.1150611970838564, "lado": null, "cordon": "SI", "cord_estado": "BUENO", "km_cordon": 0.095061197083856394, "fecha": "08-2026" }, "geometry": { "type": "LineString", "coordinates": [ [ -68.4639423, -33.1962437 ], [ -68.4631951, -33.1966036 ] ] } },
{ "type": "Feature", "properties": { "id_tramo": 161, "osm_id": "183315837", "zona": "URBANO", "km": 0.11449253332866767, "lado": null, "cordon": "SI", "cord_estado": "BUENO", "km_cordon": 0.094492533328667666, "fecha": "08-2026" }, "geometry": { "type": "LineString", "coordinates": [ [ -68.4631932, -33.1951043 ], [ -68.4624109, -33.195431 ] ] } },
{ "type": "Feature", "properties": { "id_tramo": 164, "osm_id": "183312754", "zona": "URBANO", "km": 0.11367000251798036, "lado": null, "cordon": "SI", "cord_estado": "REGULAR", "km_cordon": 0.093670002517980355, "fecha": "08-2026" }, "geometry": { "type": "LineString", "coordinates": [ [ -68.46239180000002, -33.1938887 ], [ -68.4616567, -33.1942339 ] ] } },
{ "type": "Feature", "properties": { "id_tramo": 166, "osm_id": "177321947", "zona": "URBANO", "km": 0.11079938071131154, "lado": null, "cordon": "SI", "cord_estado": "REGULAR", "km_cordon": 0.090799380711311536, "fecha": "08-2026" }, "geometry": { "type": "LineString", "coordinates": [ [ -68.4624571, -33.1937737 ], [ -68.4620445, -33.1931437 ] ] } },
{ "type": "Feature", "properties": { "id_tramo": 167, "osm_id": "183315858", "zona": "URBANO", "km": 0.11549156326481759, "lado": null, "cordon": "SI", "cord_estado": "BUENO", "km_cordon": 0.095491563264817586, "fecha": "08-2026" }, "geometry": { "type": "LineString", "coordinates": [ [ -68.4619125, -33.1931201 ], [ -68.4611417, -33.1934407 ] ] } },
{ "type": "Feature", "properties": { "id_tramo": 168, "osm_id": "183315895", "zona": "URBANO", "km": 0.11645070567649243, "lado": null, "cordon": "SI", "cord_estado": "BUENO", "km_cordon": 0.096450705676492429, "fecha": "08-2026" }, "geometry": { "type": "LineString", "coordinates": [ [ -68.4617226, -33.1928202 ], [ -68.4609893, -33.1931624 ] ] } },
{ "type": "Feature", "properties": { "id_tramo": 171, "osm_id": "177321922", "zona": "URBANO", "km": 0.13154320230914038, "lado": null, "cordon": "SI", "cord_estado": "REGULAR", "km_cordon": 0.11154320230914037, "fecha": "08-2026" }, "geometry": { "type": "LineString", "coordinates": [ [ -68.4604277, -33.1946756 ], [ -68.4599565, -33.1939444 ] ] } },
{ "type": "Feature", "properties": { "id_tramo": 172, "osm_id": "177321922", "zona": "URBANO", "km": 0.13154320230914038, "lado": null, "cordon": "SI", "cord_estado": "BUENO", "km_cordon": 0.11154320230914037, "fecha": "08-2026" }, "geometry": { "type": "LineString", "coordinates": [ [ -68.460617200000016, -33.1946131 ], [ -68.4601383, -33.1938694 ] ] } },
{ "type": "Feature", "properties": { "id_tramo": 173, "osm_id": "177321922", "zona": "URBANO", "km": 0.1245405438027694, "lado": null, "cordon": "SI", "cord_estado": "BUENO", "km_cordon": 0.10454054380276939, "fecha": "08-2026" }, "geometry": { "type": "LineString", "coordinates": [ [ -68.4612735, -33.1955907 ], [ -68.4608487, -33.1949502 ] ] } },
{ "type": "Feature", "properties": { "id_tramo": 174, "osm_id": "177321922", "zona": "URBANO", "km": 0.1245405438027694, "lado": null, "cordon": "SI", "cord_estado": "REGULAR", "km_cordon": 0.10454054380276939, "fecha": "08-2026" }, "geometry": { "type": "LineString", "coordinates": [ [ -68.4610722, -33.1956733 ], [ -68.4606585, -33.195030500000016 ] ] } },
{ "type": "Feature", "properties": { "id_tramo": 176, "osm_id": "177321969", "zona": "URBANO", "km": 0.14670575258180937, "lado": null, "cordon": "SI", "cord_estado": "REGULAR", "km_cordon": 0.12670575258180938, "fecha": "08-2026" }, "geometry": { "type": "LineString", "coordinates": [ [ -68.4627489, -33.1965036 ], [ -68.462191, -33.1956347 ] ] } },
{ "type": "Feature", "properties": { "id_tramo": 177, "osm_id": "177321922", "zona": "URBANO", "km": 0.15363153886000303, "lado": null, "cordon": "SI", "cord_estado": "BUENO", "km_cordon": 0.13363153886000304, "fecha": "08-2026" }, "geometry": { "type": "LineString", "coordinates": [ [ -68.4620591, -33.1967953 ], [ -68.4615097, -33.1959319 ] ] } },
{ "type": "Feature", "properties": { "id_tramo": 178, "osm_id": "177321922", "zona": "URBANO", "km": 0.15363153886000303, "lado": null, "cordon": "SI", "cord_estado": "BUENO", "km_cordon": 0.13363153886000304, "fecha": "08-2026" }, "geometry": { "type": "LineString", "coordinates": [ [ -68.4618558, -33.1968813 ], [ -68.4613123, -33.1960144 ] ] } },
{ "type": "Feature", "properties": { "id_tramo": 182, "osm_id": "177321969", "zona": "URBANO", "km": 0.081645901493550721, "lado": null, "cordon": "SI", "cord_estado": "BUENO", "km_cordon": 0.061645901493550717, "fecha": "08-2026" }, "geometry": { "type": "LineString", "coordinates": [ [ -68.4638034, -33.1981001 ], [ -68.4636016, -33.19778860000001 ] ] } },
{ "type": "Feature", "properties": { "id_tramo": 183, "osm_id": "183315917", "zona": "URBANO", "km": 0.12064741410601487, "lado": null, "cordon": "SI", "cord_estado": "BUENO", "km_cordon": 0.10064741410601487, "fecha": "08-2026" }, "geometry": { "type": "LineString", "coordinates": [ [ -68.462914, -33.1924627 ], [ -68.4621723, -33.1928174 ] ] } },
{ "type": "Feature", "properties": { "id_tramo": 185, "osm_id": "257781702", "zona": "URBANO", "km": 0.13142493264650001, "lado": null, "cordon": "SI", "cord_estado": "REGULAR", "km_cordon": 0.11142493264650001, "fecha": "08-2026" }, "geometry": { "type": "LineString", "coordinates": [ [ -68.4642363, -33.192041900000014 ], [ -68.4633288, -33.1923139 ] ] } },
{ "type": "Feature", "properties": { "id_tramo": 186, "osm_id": "257781702", "zona": "URBANO", "km": 0.13142493264650001, "lado": null, "cordon": "SI", "cord_estado": "BUENO", "km_cordon": 0.11142493264650001, "fecha": "08-2026" }, "geometry": { "type": "LineString", "coordinates": [ [ -68.4641219, -33.1918773 ], [ -68.463196, -33.1921546 ] ] } },
{ "type": "Feature", "properties": { "id_tramo": 192, "osm_id": "257781702", "zona": "URBANO", "km": 0.11899045298557792, "lado": null, "cordon": "SI", "cord_estado": "BUENO", "km_cordon": 0.098990452985577917, "fecha": "08-2026" }, "geometry": { "type": "LineString", "coordinates": [ [ -68.46654, -33.1911205 ], [ -68.4663612, -33.19120860000001 ], [ -68.465954, -33.191301 ], [ -68.4657376, -33.191392 ] ] } },
{ "type": "Feature", "properties": { "id_tramo": 193, "osm_id": "177321947", "zona": "URBANO", "km": 0.17187865362465737, "lado": null, "cordon": "SI", "cord_estado": "REGULAR", "km_cordon": 0.15187865362465738, "fecha": "08-2026" }, "geometry": { "type": "LineString", "coordinates": [ [ -68.4619276, -33.1926259 ], [ -68.4612517, -33.1915936 ] ] } },
{ "type": "Feature", "properties": { "id_tramo": 195, "osm_id": "183312785", "zona": "URBANO", "km": 0.11899737225041418, "lado": null, "cordon": "SI", "cord_estado": "REGULAR", "km_cordon": 0.098997372250414176, "fecha": "08-2026" }, "geometry": { "type": "LineString", "coordinates": [ [ -68.4620435, -33.19110040000001 ], [ -68.4612873, -33.1914502 ] ] } },
{ "type": "Feature", "properties": { "id_tramo": 196, "osm_id": "183312785", "zona": "URBANO", "km": 0.11899737225041418, "lado": null, "cordon": "SI", "cord_estado": "BUENO", "km_cordon": 0.098997372250414176, "fecha": "08-2026" }, "geometry": { "type": "LineString", "coordinates": [ [ -68.4619478, -33.1909543 ], [ -68.4611874, -33.1913066 ] ] } },
{ "type": "Feature", "properties": { "id_tramo": 198, "osm_id": "183312785", "zona": "URBANO", "km": 0.11716011991358356, "lado": null, "cordon": "SI", "cord_estado": "REGULAR", "km_cordon": 0.097160119913583559, "fecha": "08-2026" }, "geometry": { "type": "LineString", "coordinates": [ [ -68.4608064, -33.1914753 ], [ -68.460157, -33.1917821 ] ] } },
{ "type": "Feature", "properties": { "id_tramo": 200, "osm_id": "177170650", "zona": "URBANO", "km": 0.13738909632647059, "lado": null, "cordon": "SI", "cord_estado": "REGULAR", "km_cordon": 0.11738909632647059, "fecha": "08-2026" }, "geometry": { "type": "LineString", "coordinates": [ [ -68.463237300000017, -33.190462400000015 ], [ -68.4622915, -33.1907885 ] ] } },
{ "type": "Feature", "properties": { "id_tramo": 201, "osm_id": "177321929", "zona": "URBANO", "km": 0.17740175143075157, "lado": null, "cordon": "SI", "cord_estado": "BUENO", "km_cordon": 0.15740175143075158, "fecha": "08-2026" }, "geometry": { "type": "LineString", "coordinates": [ [ -68.4643836, -33.1917115 ], [ -68.4636716, -33.1905835 ] ] } },
{ "type": "Feature", "properties": { "id_tramo": 202, "osm_id": "177321929", "zona": "URBANO", "km": 0.17740175143075157, "lado": null, "cordon": "SI", "cord_estado": "BUENO", "km_cordon": 0.15740175143075158, "fecha": "08-2026" }, "geometry": { "type": "LineString", "coordinates": [ [ -68.4641838, -33.1917707 ], [ -68.4634929, -33.190651 ] ] } },
{ "type": "Feature", "properties": { "id_tramo": 203, "osm_id": "177321955", "zona": "URBANO", "km": 0.093908470058396726, "lado": null, "cordon": "SI", "cord_estado": "BUENO", "km_cordon": 0.073908470058396722, "fecha": "08-2026" }, "geometry": { "type": "LineString", "coordinates": [ [ -68.4661045, -33.1920875 ], [ -68.4658155, -33.1916477 ] ] } },
{ "type": "Feature", "properties": { "id_tramo": 205, "osm_id": "177170650", "zona": "URBANO", "km": 0.12008635725489474, "lado": null, "cordon": "SI", "cord_estado": "BUENO", "km_cordon": 0.10008635725489473, "fecha": "08-2026" }, "geometry": { "type": "LineString", "coordinates": [ [ -68.4637375, -33.1904641 ], [ -68.464533, -33.1901545 ] ] } },
{ "type": "Feature", "properties": { "id_tramo": 206, "osm_id": "177170650", "zona": "URBANO", "km": 0.12008635725489474, "lado": null, "cordon": "SI", "cord_estado": "REGULAR", "km_cordon": 0.10008635725489473, "fecha": "08-2026" }, "geometry": { "type": "LineString", "coordinates": [ [ -68.463629900000015, -33.1903042 ], [ -68.4644612, -33.1899862 ] ] } },
{ "type": "Feature", "properties": { "id_tramo": 207, "osm_id": "257781709", "zona": "URBANO", "km": 0.094975432018632969, "lado": null, "cordon": "SI", "cord_estado": "REGULAR", "km_cordon": 0.074975432018632965, "fecha": "08-2026" }, "geometry": { "type": "LineString", "coordinates": [ [ -68.4628222, -33.1967857 ], [ -68.462304, -33.1970163 ] ] } },
{ "type": "Feature", "properties": { "id_tramo": 209, "osm_id": "183315928", "zona": "URBANO", "km": 0.095514386746257673, "lado": null, "cordon": "SI", "cord_estado": "REGULAR", "km_cordon": 0.07551438674625767, "fecha": "08-2026" }, "geometry": { "type": "LineString", "coordinates": [ [ -68.4634611, -33.1977644 ], [ -68.46293350000002, -33.1980053 ] ] } },
{ "type": "Feature", "properties": { "id_tramo": 212, "osm_id": "183315837", "zona": "URBANO", "km": 0.094503966952595594, "lado": null, "cordon": "SI", "cord_estado": "BUENO", "km_cordon": 0.074503966952595591, "fecha": "08-2026" }, "geometry": { "type": "LineString", "coordinates": [ [ -68.4620409, -33.1955937 ], [ -68.4615488, -33.1958087 ] ] } },
{ "type": "Feature", "properties": { "id_tramo": 214, "osm_id": "183312754", "zona": "URBANO", "km": 0.093737762335040969, "lado": null, "cordon": "SI", "cord_estado": "BUENO", "km_cordon": 0.073737762335040966, "fecha": "08-2026" }, "geometry": { "type": "LineString", "coordinates": [ [ -68.4614163, -33.1945702 ], [ -68.4608932, -33.194811200000011 ] ] } },
{ "type": "Feature", "properties": { "id_tramo": 217, "osm_id": "183312786", "zona": "URBANO", "km": 0.093257794228154028, "lado": null, "cordon": "SI", "cord_estado": "BUENO", "km_cordon": 0.073257794228154025, "fecha": "08-2026" }, "geometry": { "type": "LineString", "coordinates": [ [ -68.4606271, -33.193334500000013 ], [ -68.4600766, -33.1935846 ] ] } },
{ "type": "Feature", "properties": { "id_tramo": 218, "osm_id": "177321945", "zona": "URBANO", "km": 0.13217028893069901, "lado": null, "cordon": "SI", "cord_estado": "REGULAR", "km_cordon": 0.11217028893069901, "fecha": "08-2026" }, "geometry": { "type": "LineString", "coordinates": [ [ -68.4594726, -33.1950972 ], [ -68.4589982, -33.1943803 ] ] } },
{ "type": "Feature", "properties": { "id_tramo": 219, "osm_id": "177321945", "zona": "URBANO", "km": 0.13217028893069901, "lado": null, "cordon": "SI", "cord_estado": "BUENO", "km_cordon": 0.11217028893069901, "fecha": "08-2026" }, "geometry": { "type": "LineString", "coordinates": [ [ -68.459286, -33.1951734 ], [ -68.4588227, -33.1944517 ] ] } },
{ "type": "Feature", "properties": { "id_tramo": 223, "osm_id": "183312785", "zona": "URBANO", "km": 0.092377115857557146, "lado": null, "cordon": "SI", "cord_estado": "REGULAR", "km_cordon": 0.072377115857557142, "fecha": "08-2026" }, "geometry": { "type": "LineString", "coordinates": [ [ -68.4597815, -33.1919582 ], [ -68.459207, -33.1922215 ] ] } },
{ "type": "Feature", "properties": { "id_tramo": 225, "osm_id": "177321955", "zona": "URBANO", "km": 0.19150876244277595, "lado": null, "cordon": "SI", "cord_estado": "BUENO", "km_cordon": 0.17150876244277596, "fecha": "08-2026" }, "geometry": { "type": "LineString", "coordinates": [ [ -68.4653997, -33.191406200000017 ], [ -68.4646865, -33.1901969 ] ] } },
{ "type": "Feature", "properties": { "id_tramo": 230, "osm_id": "177321945", "zona": "URBANO", "km": 0.12252323202845666, "lado": null, "cordon": "SI", "cord_estado": "BUENO", "km_cordon": 0.10252323202845666, "fecha": "08-2026" }, "geometry": { "type": "LineString", "coordinates": [ [ -68.4601186, -33.1960976 ], [ -68.4597228, -33.1954697 ] ] } },
{ "type": "Feature", "properties": { "id_tramo": 233, "osm_id": "177170544", "zona": "URBANO", "km": 0.20124559697399363, "lado": null, "cordon": "SI", "cord_estado": "REGULAR", "km_cordon": 0.18124559697399364, "fecha": "08-2026" }, "geometry": { "type": "LineString", "coordinates": [ [ -68.466541, -33.191009600000015 ], [ -68.4657339, -33.1897958 ] ] } },
{ "type": "Feature", "properties": { "id_tramo": 234, "osm_id": "177170544", "zona": "URBANO", "km": 0.079308412440130191, "lado": null, "cordon": "SI", "cord_estado": "BUENO", "km_cordon": 0.059308412440130187, "fecha": "08-2026" }, "geometry": { "type": "LineString", "coordinates": [ [ -68.4671975, -33.191576600000012 ], [ -68.4669813, -33.1912724 ] ] } },
{ "type": "Feature", "properties": { "id_tramo": 237, "osm_id": "177170544", "zona": "URBANO", "km": 0.11285173242552837, "lado": null, "cordon": "SI", "cord_estado": "BUENO", "km_cordon": 0.092851732425528369, "fecha": "08-2026" }, "geometry": { "type": "LineString", "coordinates": [ [ -68.4685396, -33.1934938 ], [ -68.4682157, -33.1930223 ] ] } },
{ "type": "Feature", "properties": { "id_tramo": 240, "osm_id": "177170544", "zona": "URBANO", "km": 0.042896268107885223, "lado": null, "cordon": "SI", "cord_estado": "BUENO", "km_cordon": 0.022896268107885222, "fecha": "08-2026" }, "geometry": { "type": "LineString", "coordinates": [ [ -68.4700581, -33.195698700000015 ], [ -68.4697117, -33.1951956 ] ] } },
{ "type": "Feature", "properties": { "id_tramo": 241, "osm_id": "177170501", "zona": "URBANO", "km": 0.079491804667574092, "lado": null, "cordon": "SI", "cord_estado": "REGULAR", "km_cordon": 0.059491804667574089, "fecha": "08-2026" }, "geometry": { "type": "LineString", "coordinates": [ [ -68.4718643, -33.198832 ], [ -68.4709591, -33.199273100000013 ] ] } },
{ "type": "Feature", "properties": { "id_tramo": 242, "osm_id": "257800488", "zona": "URBANO", "km": 0.066723743759036239, "lado": null, "cordon": "SI", "cord_estado": "BUENO", "km_cordon": 0.046723743759036235, "fecha": "08-2026" }, "geometry": { "type": "LineString", "coordinates": [ [ -68.4728882, -33.2002199 ], [ -68.4725532, -33.2003698 ] ] } },
{ "type": "Feature", "properties": { "id_tramo": 246, "osm_id": "257781723", "zona": "URBANO", "km": 0.045072635890843329, "lado": null, "cordon": "SI", "cord_estado": "BUENO", "km_cordon": 0.025072635890843329, "fecha": "08-2026" }, "geometry": { "type": "LineString", "coordinates": [ [ -68.4678467, -33.1930361 ], [ -68.4670735, -33.1933928 ] ] } },
{ "type": "Feature", "properties": { "id_tramo": 247, "osm_id": "257800488", "zona": "URBANO", "km": 0.066723743759036239, "lado": null, "cordon": "SI", "cord_estado": "BUENO", "km_cordon": 0.046723743759036235, "fecha": "08-2026" }, "geometry": { "type": "LineString", "coordinates": [ [ -68.4730066, -33.2003755 ], [ -68.4726716, -33.2005254 ] ] } },
{ "type": "Feature", "properties": { "id_tramo": 248, "osm_id": "257800488", "zona": "URBANO", "km": 0.08393876075846797, "lado": null, "cordon": "SI", "cord_estado": "BUENO", "km_cordon": 0.063938760758467966, "fecha": "08-2026" }, "geometry": { "type": "LineString", "coordinates": [ [ -68.4723718, -33.200655800000014 ], [ -68.4719698, -33.2008306 ] ] } },
{ "type": "Feature", "properties": { "id_tramo": 250, "osm_id": "257800489", "zona": "URBANO", "km": 0.063790154094678794, "lado": null, "cordon": "SI", "cord_estado": "REGULAR", "km_cordon": 0.04379015409467879, "fecha": "08-2026" }, "geometry": { "type": "LineString", "coordinates": [ [ -68.4724013, -33.1995035 ], [ -68.4720716, -33.1996637 ] ] } },
{ "type": "Feature", "properties": { "id_tramo": 254, "osm_id": "177170501", "zona": "URBANO", "km": 0.079491804667574092, "lado": null, "cordon": "SI", "cord_estado": "REGULAR", "km_cordon": 0.059491804667574089, "fecha": "08-2026" }, "geometry": { "type": "LineString", "coordinates": [ [ -68.4714152, -33.199252200000011 ], [ -68.4710488, -33.1994256 ] ] } },
{ "type": "Feature", "properties": { "id_tramo": 257, "osm_id": "183315893", "zona": "URBANO", "km": 0.12506313219221957, "lado": null, "cordon": "SI", "cord_estado": "REGULAR", "km_cordon": 0.10506313219221956, "fecha": "08-2026" }, "geometry": { "type": "LineString", "coordinates": [ [ -68.4605243, -33.1887207 ], [ -68.4596342, -33.1889997 ] ] } },
{ "type": "Feature", "properties": { "id_tramo": 258, "osm_id": "183315893", "zona": "URBANO", "km": 0.12506313219221957, "lado": null, "cordon": "SI", "cord_estado": "BUENO", "km_cordon": 0.10506313219221956, "fecha": "08-2026" }, "geometry": { "type": "LineString", "coordinates": [ [ -68.4604748, -33.1886417 ], [ -68.459586, -33.1889166 ] ] } },
{ "type": "Feature", "properties": { "id_tramo": 259, "osm_id": "257781725", "zona": "URBANO", "km": 0.13206757348813675, "lado": null, "cordon": "SI", "cord_estado": "BUENO", "km_cordon": 0.11206757348813674, "fecha": "08-2026" }, "geometry": { "type": "LineString", "coordinates": [ [ -68.4595628, -33.187206 ], [ -68.4586137, -33.1874774 ] ] } },
{ "type": "Feature", "properties": { "id_tramo": 260, "osm_id": "257781725", "zona": "URBANO", "km": 0.13206757348813675, "lado": null, "cordon": "SI", "cord_estado": "BUENO", "km_cordon": 0.11206757348813674, "fecha": "08-2026" }, "geometry": { "type": "LineString", "coordinates": [ [ -68.4594636, -33.1870481 ], [ -68.458495, -33.1873249 ] ] } },
{ "type": "Feature", "properties": { "id_tramo": 261, "osm_id": "257781706", "zona": "URBANO", "km": 0.13483655389080801, "lado": null, "cordon": "SI", "cord_estado": "REGULAR", "km_cordon": 0.114836553890808, "fecha": "08-2026" }, "geometry": { "type": "LineString", "coordinates": [ [ -68.4588634, -33.1861338 ], [ -68.4579385, -33.18643070000001 ] ] } },
{ "type": "Feature", "properties": { "id_tramo": 262, "osm_id": "257781706", "zona": "URBANO", "km": 0.13483655389080801, "lado": null, "cordon": "SI", "cord_estado": "REGULAR", "km_cordon": 0.114836553890808, "fecha": "08-2026" }, "geometry": { "type": "LineString", "coordinates": [ [ -68.458763, -33.1859677 ], [ -68.4578287, -33.1862707 ] ] } },
{ "type": "Feature", "properties": { "id_tramo": 263, "osm_id": "642762566", "zona": "URBANO", "km": 0.13818915971427118, "lado": null, "cordon": "SI", "cord_estado": "REGULAR", "km_cordon": 0.11818915971427117, "fecha": "08-2026" }, "geometry": { "type": "LineString", "coordinates": [ [ -68.4582932, -33.1852067 ], [ -68.4573728, -33.1855058 ] ] } },
{ "type": "Feature", "properties": { "id_tramo": 265, "osm_id": "177322022", "zona": "URBANO", "km": 0.13660816601077169, "lado": null, "cordon": "SI", "cord_estado": "BUENO", "km_cordon": 0.11660816601077169, "fecha": "08-2026" }, "geometry": { "type": "LineString", "coordinates": [ [ -68.4575475, -33.1841332 ], [ -68.4566218, -33.1846011 ] ] } },
{ "type": "Feature", "properties": { "id_tramo": 266, "osm_id": "177322022", "zona": "URBANO", "km": 0.13660816601077169, "lado": null, "cordon": "SI", "cord_estado": "MALO", "km_cordon": 0.11660816601077169, "fecha": "08-2026" }, "geometry": { "type": "LineString", "coordinates": [ [ -68.4574356, -33.1839678 ], [ -68.4565173, -33.18443640000001 ] ] } },
{ "type": "Feature", "properties": { "id_tramo": 267, "osm_id": "177322011", "zona": "URBANO", "km": 0.13834200708862371, "lado": null, "cordon": "SI", "cord_estado": "BUENO", "km_cordon": 0.1183420070886237, "fecha": "08-2026" }, "geometry": { "type": "LineString", "coordinates": [ [ -68.4568106, -33.1830511 ], [ -68.4559067, -33.1835008 ] ] } },
{ "type": "Feature", "properties": { "id_tramo": 268, "osm_id": "177322011", "zona": "URBANO", "km": 0.13834200708862371, "lado": null, "cordon": "SI", "cord_estado": "REGULAR", "km_cordon": 0.1183420070886237, "fecha": "08-2026" }, "geometry": { "type": "LineString", "coordinates": [ [ -68.4567087, -33.1828857 ], [ -68.4557839, -33.1833512 ] ] } },
{ "type": "Feature", "properties": { "id_tramo": 270, "osm_id": "177322064", "zona": "URBANO", "km": 0.14014492788068314, "lado": null, "cordon": "SI", "cord_estado": "BUENO", "km_cordon": 0.12014492788068314, "fecha": "08-2026" }, "geometry": { "type": "LineString", "coordinates": [ [ -68.4559648, -33.1817842 ], [ -68.4550398, -33.1822505 ] ] } },
{ "type": "Feature", "properties": { "id_tramo": 271, "osm_id": "177322060", "zona": "URBANO", "km": 0.14306063870292796, "lado": null, "cordon": "SI", "cord_estado": "BUENO", "km_cordon": 0.12306063870292795, "fecha": "08-2026" }, "geometry": { "type": "LineString", "coordinates": [ [ -68.4553067, -33.180836 ], [ -68.4543504, -33.1811642 ] ] } },
{ "type": "Feature", "properties": { "id_tramo": 273, "osm_id": "177322071", "zona": "URBANO", "km": 0.1564969068118516, "lado": null, "cordon": "SI", "cord_estado": "REGULAR", "km_cordon": 0.13649690681185161, "fecha": "08-2026" }, "geometry": { "type": "LineString", "coordinates": [ [ -68.4547342, -33.180002 ], [ -68.4535895, -33.1802529 ] ] } },
{ "type": "Feature", "properties": { "id_tramo": 275, "osm_id": "177322049", "zona": "URBANO", "km": 0.1625435541459401, "lado": null, "cordon": "SI", "cord_estado": "BUENO", "km_cordon": 0.14254355414594011, "fecha": "08-2026" }, "geometry": { "type": "LineString", "coordinates": [ [ -68.4543996, -33.1794697 ], [ -68.4532098, -33.1797411 ] ] } },
{ "type": "Feature", "properties": { "id_tramo": 276, "osm_id": "177322049", "zona": "URBANO", "km": 0.1625435541459401, "lado": null, "cordon": "SI", "cord_estado": "BUENO", "km_cordon": 0.14254355414594011, "fecha": "08-2026" }, "geometry": { "type": "LineString", "coordinates": [ [ -68.4542826, -33.1793103 ], [ -68.4530302, -33.1795915 ] ] } },
{ "type": "Feature", "properties": { "id_tramo": 279, "osm_id": "257781722", "zona": "URBANO", "km": 0.13801496898273549, "lado": null, "cordon": "SI", "cord_estado": "REGULAR", "km_cordon": 0.11801496898273549, "fecha": "08-2026" }, "geometry": { "type": "LineString", "coordinates": [ [ -68.4627313, -33.189667500000013 ], [ -68.4617992, -33.1900084 ] ] } },
{ "type": "Feature", "properties": { "id_tramo": 280, "osm_id": "257781722", "zona": "URBANO", "km": 0.13801496898273549, "lado": null, "cordon": "SI", "cord_estado": "BUENO", "km_cordon": 0.11801496898273549, "fecha": "08-2026" }, "geometry": { "type": "LineString", "coordinates": [ [ -68.462636100000012, -33.189501300000011 ], [ -68.4616919, -33.189846500000016 ] ] } },
{ "type": "Feature", "properties": { "id_tramo": 281, "osm_id": "658283843", "zona": "URBANO", "km": 0.1359875809187297, "lado": null, "cordon": "SI", "cord_estado": "BUENO", "km_cordon": 0.1159875809187297, "fecha": "08-2026" }, "geometry": { "type": "LineString", "coordinates": [ [ -68.4621, -33.1886529 ], [ -68.4611695, -33.1889941 ] ] } },
{ "type": "Feature", "properties": { "id_tramo": 282, "osm_id": "658283843", "zona": "URBANO", "km": 0.1359875809187297, "lado": null, "cordon": "SI", "cord_estado": "BUENO", "km_cordon": 0.1159875809187297, "fecha": "08-2026" }, "geometry": { "type": "LineString", "coordinates": [ [ -68.4620184, -33.1885146 ], [ -68.4610787, -33.18884580000001 ] ] } },
{ "type": "Feature", "properties": { "id_tramo": 283, "osm_id": "177170619", "zona": "URBANO", "km": 0.13689988171433903, "lado": null, "cordon": "SI", "cord_estado": "BUENO", "km_cordon": 0.11689988171433903, "fecha": "08-2026" }, "geometry": { "type": "LineString", "coordinates": [ [ -68.460944700000013, -33.186803100000013 ], [ -68.4599592, -33.1870938 ] ] } },
{ "type": "Feature", "properties": { "id_tramo": 289, "osm_id": "177322005", "zona": "URBANO", "km": 0.13813066562101589, "lado": null, "cordon": "SI", "cord_estado": "BUENO", "km_cordon": 0.11813066562101589, "fecha": "08-2026" }, "geometry": { "type": "LineString", "coordinates": [ [ -68.4593146, -33.1842008 ], [ -68.4583368, -33.1845403 ] ] } },
{ "type": "Feature", "properties": { "id_tramo": 290, "osm_id": "177322005", "zona": "URBANO", "km": 0.13813066562101589, "lado": null, "cordon": "SI", "cord_estado": "REGULAR", "km_cordon": 0.11813066562101589, "fecha": "08-2026" }, "geometry": { "type": "LineString", "coordinates": [ [ -68.4592589, -33.1841001 ], [ -68.4582546, -33.1844432 ] ] } },
{ "type": "Feature", "properties": { "id_tramo": 292, "osm_id": "177322060", "zona": "URBANO", "km": 0.13016025562410988, "lado": null, "cordon": "SI", "cord_estado": "BUENO", "km_cordon": 0.11016025562410987, "fecha": "08-2026" }, "geometry": { "type": "LineString", "coordinates": [ [ -68.4564716, -33.180191500000014 ], [ -68.455617, -33.1805325 ] ] } },
{ "type": "Feature", "properties": { "id_tramo": 294, "osm_id": "177322071", "zona": "URBANO", "km": 0.11630990344317783, "lado": null, "cordon": "SI", "cord_estado": "BUENO", "km_cordon": 0.09630990344317783, "fecha": "08-2026" }, "geometry": { "type": "LineString", "coordinates": [ [ -68.4557758, -33.179316500000013 ], [ -68.4550334, -33.179671 ] ] } },
{ "type": "Feature", "properties": { "id_tramo": 296, "osm_id": "257951210", "zona": "URBANO", "km": 0.11635990277674786, "lado": null, "cordon": "SI", "cord_estado": "BUENO", "km_cordon": 0.096359902776747858, "fecha": "08-2026" }, "geometry": { "type": "LineString", "coordinates": [ [ -68.4601657, -33.190422900000016 ], [ -68.4594732, -33.1906742 ] ] } },
{ "type": "Feature", "properties": { "id_tramo": 303, "osm_id": "257781725", "zona": "URBANO", "km": 0.12299785009572237, "lado": null, "cordon": "SI", "cord_estado": "REGULAR", "km_cordon": 0.10299785009572236, "fecha": "08-2026" }, "geometry": { "type": "LineString", "coordinates": [ [ -68.4580965, -33.1874408 ], [ -68.457288, -33.1876655 ] ] } },
{ "type": "Feature", "properties": { "id_tramo": 305, "osm_id": "257781706", "zona": "URBANO", "km": 0.12348141511422417, "lado": null, "cordon": "SI", "cord_estado": "BUENO", "km_cordon": 0.10348141511422417, "fecha": "08-2026" }, "geometry": { "type": "LineString", "coordinates": [ [ -68.4574499, -33.1863978 ], [ -68.4566325, -33.1866647 ] ] } },
{ "type": "Feature", "properties": { "id_tramo": 306, "osm_id": "257781719", "zona": "URBANO", "km": 0.12134655071793794, "lado": null, "cordon": "SI", "cord_estado": "BUENO", "km_cordon": 0.10134655071793794, "fecha": "08-2026" }, "geometry": { "type": "LineString", "coordinates": [ [ -68.4569538, -33.1856454 ], [ -68.4561454, -33.185896700000015 ] ] } },
{ "type": "Feature", "properties": { "id_tramo": 309, "osm_id": "177322022", "zona": "URBANO", "km": 0.11374799396415805, "lado": null, "cordon": "SI", "cord_estado": "REGULAR", "km_cordon": 0.093747993964158047, "fecha": "08-2026" }, "geometry": { "type": "LineString", "coordinates": [ [ -68.4561479, -33.184615 ], [ -68.4555082, -33.184949100000011 ] ] } },
{ "type": "Feature", "properties": { "id_tramo": 312, "osm_id": "177322064", "zona": "URBANO", "km": 0.10645289262746727, "lado": null, "cordon": "SI", "cord_estado": "REGULAR", "km_cordon": 0.086452892627467262, "fecha": "08-2026" }, "geometry": { "type": "LineString", "coordinates": [ [ -68.4547846, -33.1825903 ], [ -68.4541495, -33.1829128 ] ] } },
{ "type": "Feature", "properties": { "id_tramo": 313, "osm_id": "177322064", "zona": "URBANO", "km": 0.10645289262746727, "lado": null, "cordon": "SI", "cord_estado": "BUENO", "km_cordon": 0.086452892627467262, "fecha": "08-2026" }, "geometry": { "type": "LineString", "coordinates": [ [ -68.4546813, -33.18243 ], [ -68.4539287, -33.1828167 ], [ -68.4538428, -33.1828608 ], [ -68.4533949, -33.183091 ] ] } },
{ "type": "Feature", "properties": { "id_tramo": 314, "osm_id": "177322060", "zona": "URBANO", "km": 0.18346661998565736, "lado": null, "cordon": "SI", "cord_estado": "BUENO", "km_cordon": 0.16346661998565737, "fecha": "08-2026" }, "geometry": { "type": "LineString", "coordinates": [ [ -68.4539001, -33.1813257 ], [ -68.4525496, -33.1818147 ] ] } },
{ "type": "Feature", "properties": { "id_tramo": 316, "osm_id": "257781722", "zona": "URBANO", "km": 0.12151504987658739, "lado": null, "cordon": "SI", "cord_estado": "BUENO", "km_cordon": 0.10151504987658738, "fecha": "08-2026" }, "geometry": { "type": "LineString", "coordinates": [ [ -68.4631262, -33.1895264 ], [ -68.4639623, -33.1892083 ] ] } },
{ "type": "Feature", "properties": { "id_tramo": 317, "osm_id": "257781722", "zona": "URBANO", "km": 0.12151504987658739, "lado": null, "cordon": "SI", "cord_estado": "REGULAR", "km_cordon": 0.10151504987658738, "fecha": "08-2026" }, "geometry": { "type": "LineString", "coordinates": [ [ -68.4630247, -33.189354600000016 ], [ -68.4638457, -33.1890485 ] ] } },
{ "type": "Feature", "properties": { "id_tramo": 319, "osm_id": "257781722", "zona": "URBANO", "km": 0.10547095445468346, "lado": null, "cordon": "SI", "cord_estado": "REGULAR", "km_cordon": 0.085470954454683459, "fecha": "08-2026" }, "geometry": { "type": "LineString", "coordinates": [ [ -68.4649137, -33.1886474 ], [ -68.4642617, -33.1888994 ] ] } },
{ "type": "Feature", "properties": { "id_tramo": 320, "osm_id": "183315929", "zona": "URBANO", "km": 0.10205829067640185, "lado": null, "cordon": "SI", "cord_estado": "BUENO", "km_cordon": 0.082058290676401843, "fecha": "08-2026" }, "geometry": { "type": "LineString", "coordinates": [ [ -68.4644479, -33.1879311 ], [ -68.4638231, -33.1881459 ] ] } },
{ "type": "Feature", "properties": { "id_tramo": 321, "osm_id": "183315929", "zona": "URBANO", "km": 0.10205829067640185, "lado": null, "cordon": "SI", "cord_estado": "REGULAR", "km_cordon": 0.082058290676401843, "fecha": "08-2026" }, "geometry": { "type": "LineString", "coordinates": [ [ -68.4645505, -33.1880892 ], [ -68.4638904, -33.188320800000014 ] ] } },
{ "type": "Feature", "properties": { "id_tramo": 326, "osm_id": "177170619", "zona": "URBANO", "km": 0.11764066775930962, "lado": null, "cordon": "SI", "cord_estado": "REGULAR", "km_cordon": 0.097640667759309616, "fecha": "08-2026" }, "geometry": { "type": "LineString", "coordinates": [ [ -68.4613641, -33.186672 ], [ -68.4621443, -33.18644780000001 ] ] } },
{ "type": "Feature", "properties": { "id_tramo": 327, "osm_id": "177170619", "zona": "URBANO", "km": 0.11764066775930962, "lado": null, "cordon": "SI", "cord_estado": "REGULAR", "km_cordon": 0.097640667759309616, "fecha": "08-2026" }, "geometry": { "type": "LineString", "coordinates": [ [ -68.4612582, -33.1865191 ], [ -68.4620075, -33.186310400000011 ] ] } },
{ "type": "Feature", "properties": { "id_tramo": 328, "osm_id": "177170619", "zona": "URBANO", "km": 0.10392011093391763, "lado": null, "cordon": "SI", "cord_estado": "BUENO", "km_cordon": 0.08392011093391763, "fecha": "08-2026" }, "geometry": { "type": "LineString", "coordinates": [ [ -68.4632154, -33.1861433 ], [ -68.4625386, -33.18633950000001 ] ] } },
{ "type": "Feature", "properties": { "id_tramo": 330, "osm_id": "177170628", "zona": "URBANO", "km": 0.10268703014683979, "lado": null, "cordon": "SI", "cord_estado": "BUENO", "km_cordon": 0.082687030146839785, "fecha": "08-2026" }, "geometry": { "type": "LineString", "coordinates": [ [ -68.462393, -33.1849791 ], [ -68.4617469, -33.1852 ] ] } },
{ "type": "Feature", "properties": { "id_tramo": 331, "osm_id": "177170628", "zona": "URBANO", "km": 0.10268703014683979, "lado": null, "cordon": "SI", "cord_estado": "BUENO", "km_cordon": 0.082687030146839785, "fecha": "08-2026" }, "geometry": { "type": "LineString", "coordinates": [ [ -68.4622929, -33.18482010000001 ], [ -68.4616416, -33.185035800000023 ] ] } },
{ "type": "Feature", "properties": { "id_tramo": 334, "osm_id": "177170633", "zona": "URBANO", "km": 0.10650828673057861, "lado": null, "cordon": "SI", "cord_estado": "BUENO", "km_cordon": 0.086508286730578601, "fecha": "08-2026" }, "geometry": { "type": "LineString", "coordinates": [ [ -68.4617727, -33.1840364 ], [ -68.46111, -33.1842622 ] ] } },
{ "type": "Feature", "properties": { "id_tramo": 335, "osm_id": "177170633", "zona": "URBANO", "km": 0.10650828673057861, "lado": null, "cordon": "SI", "cord_estado": "REGULAR", "km_cordon": 0.086508286730578601, "fecha": "08-2026" }, "geometry": { "type": "LineString", "coordinates": [ [ -68.4616673, -33.1838701 ], [ -68.4610425, -33.184076900000022 ] ] } },
{ "type": "Feature", "properties": { "id_tramo": 336, "osm_id": "177170633", "zona": "URBANO", "km": 0.10545725592742032, "lado": null, "cordon": "SI", "cord_estado": "MALO", "km_cordon": 0.085457255927420317, "fecha": "08-2026" }, "geometry": { "type": "LineString", "coordinates": [ [ -68.4600649, -33.1846117 ], [ -68.4607423, -33.1843794 ] ] } },
{ "type": "Feature", "properties": { "id_tramo": 337, "osm_id": "177170633", "zona": "URBANO", "km": 0.10545725592742032, "lado": null, "cordon": "SI", "cord_estado": "REGULAR", "km_cordon": 0.085457255927420317, "fecha": "08-2026" }, "geometry": { "type": "LineString", "coordinates": [ [ -68.4599589, -33.1844537 ], [ -68.4606289, -33.1842209 ] ] } },
{ "type": "Feature", "properties": { "id_tramo": 338, "osm_id": "177322005", "zona": "URBANO", "km": 0.10590747184393973, "lado": null, "cordon": "SI", "cord_estado": "REGULAR", "km_cordon": 0.085907471843939723, "fecha": "08-2026" }, "geometry": { "type": "LineString", "coordinates": [ [ -68.4597012, -33.1840858 ], [ -68.4603401, -33.1838625 ] ] } },
{ "type": "Feature", "properties": { "id_tramo": 339, "osm_id": "177322005", "zona": "URBANO", "km": 0.10590747184393973, "lado": null, "cordon": "SI", "cord_estado": "REGULAR", "km_cordon": 0.085907471843939723, "fecha": "08-2026" }, "geometry": { "type": "LineString", "coordinates": [ [ -68.4596291, -33.183951 ], [ -68.4602559, -33.183734900000012 ] ] } },
{ "type": "Feature", "properties": { "id_tramo": 344, "osm_id": "612824076", "zona": "URBANO", "km": 0.045772721940813985, "lado": null, "cordon": "SI", "cord_estado": "REGULAR", "km_cordon": 0.025772721940813984, "fecha": "08-2026" }, "geometry": { "type": "LineString", "coordinates": [ [ -68.458553, -33.1824047 ], [ -68.459141, -33.1822129 ] ] } },
{ "type": "Feature", "properties": { "id_tramo": 346, "osm_id": "177321963", "zona": "URBANO", "km": 0.10865749518805978, "lado": null, "cordon": "SI", "cord_estado": "BUENO", "km_cordon": 0.088657495188059779, "fecha": "08-2026" }, "geometry": { "type": "LineString", "coordinates": [ [ -68.4610245, -33.18290360000001 ], [ -68.4603078, -33.1831449 ] ] } },
{ "type": "Feature", "properties": { "id_tramo": 347, "osm_id": "177321963", "zona": "URBANO", "km": 0.10865749518805978, "lado": null, "cordon": "SI", "cord_estado": "BUENO", "km_cordon": 0.088657495188059779, "fecha": "08-2026" }, "geometry": { "type": "LineString", "coordinates": [ [ -68.4609268, -33.1827501 ], [ -68.4602034, -33.1829879 ] ] } },
{ "type": "Feature", "properties": { "id_tramo": 348, "osm_id": "177321944", "zona": "URBANO", "km": 0.10837490585316667, "lado": null, "cordon": "SI", "cord_estado": "BUENO", "km_cordon": 0.088374905853166666, "fecha": "08-2026" }, "geometry": { "type": "LineString", "coordinates": [ [ -68.4607159, -33.1824267 ], [ -68.4599724, -33.1826736 ] ] } },
{ "type": "Feature", "properties": { "id_tramo": 352, "osm_id": "177322061", "zona": "URBANO", "km": 0.11923066504120082, "lado": null, "cordon": "SI", "cord_estado": "BUENO", "km_cordon": 0.099230665041200816, "fecha": "08-2026" }, "geometry": { "type": "LineString", "coordinates": [ [ -68.4619841, -33.190833300000016 ], [ -68.4615711, -33.1901862 ] ] } },
{ "type": "Feature", "properties": { "id_tramo": 353, "osm_id": "177322061", "zona": "URBANO", "km": 0.11923066504120082, "lado": null, "cordon": "SI", "cord_estado": "MALO", "km_cordon": 0.099230665041200816, "fecha": "08-2026" }, "geometry": { "type": "LineString", "coordinates": [ [ -68.4621497, -33.1907566 ], [ -68.4617415, -33.1901251 ] ] } },
{ "type": "Feature", "properties": { "id_tramo": 354, "osm_id": "177321947", "zona": "URBANO", "km": 0.12687084371936405, "lado": null, "cordon": "SI", "cord_estado": "BUENO", "km_cordon": 0.10687084371936405, "fecha": "08-2026" }, "geometry": { "type": "LineString", "coordinates": [ [ -68.4608588, -33.1913558 ], [ -68.4603962, -33.1906272 ] ] } },
{ "type": "Feature", "properties": { "id_tramo": 356, "osm_id": "177321929", "zona": "URBANO", "km": 0.12135300550371417, "lado": null, "cordon": "SI", "cord_estado": "BUENO", "km_cordon": 0.10135300550371416, "fecha": "08-2026" }, "geometry": { "type": "LineString", "coordinates": [ [ -68.463283, -33.1903293 ], [ -68.4628984, -33.189717900000012 ] ] } },
{ "type": "Feature", "properties": { "id_tramo": 358, "osm_id": "177321929", "zona": "URBANO", "km": 0.024432750485039824, "lado": null, "cordon": "SI", "cord_estado": "BUENO", "km_cordon": 0.0044327504850398235, "fecha": "08-2026" }, "geometry": { "type": "LineString", "coordinates": [ [ -68.4626826, -33.1893889 ], [ -68.4622472, -33.188689 ] ] } },
{ "type": "Feature", "properties": { "id_tramo": 359, "osm_id": "177321929", "zona": "URBANO", "km": 0.099888351716544532, "lado": null, "cordon": "SI", "cord_estado": "BUENO", "km_cordon": 0.079888351716544528, "fecha": "08-2026" }, "geometry": { "type": "LineString", "coordinates": [ [ -68.4628848, -33.18932070000001 ], [ -68.4625761, -33.188832 ] ] } },
{ "type": "Feature", "properties": { "id_tramo": 360, "osm_id": "177321955", "zona": "URBANO", "km": 0.11874362340605961, "lado": null, "cordon": "SI", "cord_estado": "REGULAR", "km_cordon": 0.098743623406059605, "fecha": "08-2026" }, "geometry": { "type": "LineString", "coordinates": [ [ -68.4646864, -33.1897993 ], [ -68.4643107, -33.1891899 ] ] } },
{ "type": "Feature", "properties": { "id_tramo": 367, "osm_id": "177321969", "zona": "URBANO", "km": 0.13643469710400694, "lado": null, "cordon": "SI", "cord_estado": "REGULAR", "km_cordon": 0.11643469710400693, "fecha": "08-2026" }, "geometry": { "type": "LineString", "coordinates": [ [ -68.4598337, -33.1918378 ], [ -68.4593352, -33.1910209 ] ] } },
{ "type": "Feature", "properties": { "id_tramo": 368, "osm_id": "257951210", "zona": "URBANO", "km": 0.092090911628723474, "lado": null, "cordon": "SI", "cord_estado": "REGULAR", "km_cordon": 0.07209091162872347, "fecha": "08-2026" }, "geometry": { "type": "LineString", "coordinates": [ [ -68.459177, -33.190986 ], [ -68.4585465, -33.191213 ] ] } },
{ "type": "Feature", "properties": { "id_tramo": 373, "osm_id": "183315904", "zona": "URBANO", "km": 0.096389270710260849, "lado": null, "cordon": "SI", "cord_estado": "REGULAR", "km_cordon": 0.076389270710260845, "fecha": "08-2026" }, "geometry": { "type": "LineString", "coordinates": [ [ -68.4638738, -33.1983689 ], [ -68.4632991, -33.19857630000002 ] ] } },
{ "type": "Feature", "properties": { "id_tramo": 374, "osm_id": "183315904", "zona": "URBANO", "km": 0.096389270710260849, "lado": null, "cordon": "SI", "cord_estado": "REGULAR", "km_cordon": 0.076389270710260845, "fecha": "08-2026" }, "geometry": { "type": "LineString", "coordinates": [ [ -68.4637707, -33.198209 ], [ -68.4632273, -33.1984063 ] ] } },
{ "type": "Feature", "properties": { "id_tramo": 375, "osm_id": "254577236", "zona": "URBANO", "km": 0.096490665318751126, "lado": null, "cordon": "SI", "cord_estado": "BUENO", "km_cordon": 0.076490665318751122, "fecha": "08-2026" }, "geometry": { "type": "LineString", "coordinates": [ [ -68.464518, -33.19933910000001 ], [ -68.4639917, -33.1995744 ] ] } },
{ "type": "Feature", "properties": { "id_tramo": 377, "osm_id": "257800487", "zona": "URBANO", "km": 0.096704957016682233, "lado": null, "cordon": "SI", "cord_estado": "BUENO", "km_cordon": 0.076704957016682229, "fecha": "08-2026" }, "geometry": { "type": "LineString", "coordinates": [ [ -68.4648388, -33.199839 ], [ -68.4643092, -33.2000732 ] ] } },
{ "type": "Feature", "properties": { "id_tramo": 379, "osm_id": "423678382", "zona": "URBANO", "km": 0.096956530366531443, "lado": null, "cordon": "SI", "cord_estado": "MALO", "km_cordon": 0.076956530366531439, "fecha": "08-2026" }, "geometry": { "type": "LineString", "coordinates": [ [ -68.4651352, -33.2002926 ], [ -68.464604400000013, -33.2005297 ] ] } },
{ "type": "Feature", "properties": { "id_tramo": 380, "osm_id": "423678382", "zona": "URBANO", "km": 0.096956530366531443, "lado": null, "cordon": "SI", "cord_estado": "BUENO", "km_cordon": 0.076956530366531439, "fecha": "08-2026" }, "geometry": { "type": "LineString", "coordinates": [ [ -68.4650532, -33.2001763 ], [ -68.464531, -33.2004096 ] ] } },
{ "type": "Feature", "properties": { "id_tramo": 381, "osm_id": "183315930", "zona": "URBANO", "km": 0.097224815505595114, "lado": null, "cordon": "SI", "cord_estado": "REGULAR", "km_cordon": 0.07722481550559511, "fecha": "08-2026" }, "geometry": { "type": "LineString", "coordinates": [ [ -68.4653669, -33.200619 ], [ -68.4648703, -33.2008491 ] ] } },
{ "type": "Feature", "properties": { "id_tramo": 382, "osm_id": "177170544", "zona": "URBANO", "km": 0.091110150237536269, "lado": null, "cordon": "SI", "cord_estado": "REGULAR", "km_cordon": 0.071110150237536265, "fecha": "08-2026" }, "geometry": { "type": "LineString", "coordinates": [ [ -68.4649305, -33.1885414 ], [ -68.4646763, -33.1881396 ] ] } },
{ "type": "Feature", "properties": { "id_tramo": 383, "osm_id": "177322061", "zona": "URBANO", "km": 0.19149019234769699, "lado": null, "cordon": "SI", "cord_estado": "REGULAR", "km_cordon": 0.171490192347697, "fecha": "08-2026" }, "geometry": { "type": "LineString", "coordinates": [ [ -68.4609352, -33.1888025 ], [ -68.4599128, -33.1871995 ] ] } },
{ "type": "Feature", "properties": { "id_tramo": 384, "osm_id": "177322061", "zona": "URBANO", "km": 0.19149019234769699, "lado": null, "cordon": "SI", "cord_estado": "BUENO", "km_cordon": 0.171490192347697, "fecha": "08-2026" }, "geometry": { "type": "LineString", "coordinates": [ [ -68.4605053, -33.1885298 ], [ -68.4597034, -33.1872496 ] ] } },
{ "type": "Feature", "properties": { "id_tramo": 385, "osm_id": "177322061", "zona": "URBANO", "km": 0.12778156619041653, "lado": null, "cordon": "SI", "cord_estado": "BUENO", "km_cordon": 0.10778156619041653, "fecha": "08-2026" }, "geometry": { "type": "LineString", "coordinates": [ [ -68.4615569, -33.1898051 ], [ -68.4611292, -33.1891084 ] ] } },
{ "type": "Feature", "properties": { "id_tramo": 386, "osm_id": "177322061", "zona": "URBANO", "km": 0.047368230260355415, "lado": null, "cordon": "SI", "cord_estado": "BUENO", "km_cordon": 0.027368230260355415, "fecha": "08-2026" }, "geometry": { "type": "LineString", "coordinates": [ [ -68.4613471, -33.1898685 ], [ -68.4606527, -33.1887711 ] ] } },
{ "type": "Feature", "properties": { "id_tramo": 387, "osm_id": "177321929", "zona": "URBANO", "km": 0.024432750485039824, "lado": null, "cordon": "SI", "cord_estado": "BUENO", "km_cordon": 0.0044327504850398235, "fecha": "08-2026" }, "geometry": { "type": "LineString", "coordinates": [ [ -68.4623889, -33.1885348 ], [ -68.4618132, -33.1875904 ] ] } },
{ "type": "Feature", "properties": { "id_tramo": 391, "osm_id": "177321929", "zona": "URBANO", "km": 0.14099397227739915, "lado": null, "cordon": "SI", "cord_estado": "BUENO", "km_cordon": 0.12099397227739915, "fecha": "08-2026" }, "geometry": { "type": "LineString", "coordinates": [ [ -68.460902, -33.1865282 ], [ -68.460422300000019, -33.1857638 ] ] } },
{ "type": "Feature", "properties": { "id_tramo": 392, "osm_id": "177322061", "zona": "URBANO", "km": 0.12964903548346235, "lado": null, "cordon": "SI", "cord_estado": "REGULAR", "km_cordon": 0.10964903548346235, "fecha": "08-2026" }, "geometry": { "type": "LineString", "coordinates": [ [ -68.4597141, -33.1868834 ], [ -68.459274600000015, -33.1862068 ] ] } },
{ "type": "Feature", "properties": { "id_tramo": 395, "osm_id": "177322061", "zona": "URBANO", "km": 0.11731559365966331, "lado": null, "cordon": "SI", "cord_estado": "BUENO", "km_cordon": 0.097315593659663302, "fecha": "08-2026" }, "geometry": { "type": "LineString", "coordinates": [ [ -68.4588099, -33.1858568 ], [ -68.4584355, -33.18525240000001 ] ] } },
{ "type": "Feature", "properties": { "id_tramo": 396, "osm_id": "177321929", "zona": "URBANO", "km": 0.11582117524059822, "lado": null, "cordon": "SI", "cord_estado": "BUENO", "km_cordon": 0.095821175240598216, "fecha": "08-2026" }, "geometry": { "type": "LineString", "coordinates": [ [ -68.4604059, -33.1853565 ], [ -68.4600202, -33.18474 ] ] } },
{ "type": "Feature", "properties": { "id_tramo": 397, "osm_id": "177321929", "zona": "URBANO", "km": 0.11582117524059822, "lado": null, "cordon": "SI", "cord_estado": "BUENO", "km_cordon": 0.095821175240598216, "fecha": "08-2026" }, "geometry": { "type": "LineString", "coordinates": [ [ -68.4602086, -33.1854345 ], [ -68.4598142, -33.1847979 ] ] } },
{ "type": "Feature", "properties": { "id_tramo": 398, "osm_id": "177321955", "zona": "URBANO", "km": 0.027700875937142502, "lado": null, "cordon": "SI", "cord_estado": "BUENO", "km_cordon": 0.0077008759371425019, "fecha": "08-2026" }, "geometry": { "type": "LineString", "coordinates": [ [ -68.4636542, -33.1881049 ], [ -68.4628319, -33.1869242 ] ] } },
{ "type": "Feature", "properties": { "id_tramo": 400, "osm_id": "177321955", "zona": "URBANO", "km": 0.070594349314835839, "lado": null, "cordon": "SI", "cord_estado": "BUENO", "km_cordon": 0.050594349314835835, "fecha": "08-2026" }, "geometry": { "type": "LineString", "coordinates": [ [ -68.4627046, -33.1867477 ], [ -68.4625012, -33.1864547 ] ] } },
{ "type": "Feature", "properties": { "id_tramo": 401, "osm_id": "177321955", "zona": "URBANO", "km": 0.070594349314835839, "lado": null, "cordon": "SI", "cord_estado": "BUENO", "km_cordon": 0.050594349314835835, "fecha": "08-2026" }, "geometry": { "type": "LineString", "coordinates": [ [ -68.4626054, -33.186966 ], [ -68.4622989, -33.1864973 ] ] } },
{ "type": "Feature", "properties": { "id_tramo": 402, "osm_id": "177321955", "zona": "URBANO", "km": 0.14583546133468167, "lado": null, "cordon": "SI", "cord_estado": "BUENO", "km_cordon": 0.12583546133468168, "fecha": "08-2026" }, "geometry": { "type": "LineString", "coordinates": [ [ -68.4622877, -33.1861297 ], [ -68.4617162, -33.18531740000001 ] ] } },
{ "type": "Feature", "properties": { "id_tramo": 404, "osm_id": "177321955", "zona": "URBANO", "km": 0.11632194387775543, "lado": null, "cordon": "SI", "cord_estado": "BUENO", "km_cordon": 0.096321943877755431, "fecha": "08-2026" }, "geometry": { "type": "LineString", "coordinates": [ [ -68.4614843, -33.1850033 ], [ -68.4610708, -33.184378800000012 ] ] } },
{ "type": "Feature", "properties": { "id_tramo": 405, "osm_id": "177321955", "zona": "URBANO", "km": 0.11632194387775543, "lado": null, "cordon": "SI", "cord_estado": "BUENO", "km_cordon": 0.096321943877755431, "fecha": "08-2026" }, "geometry": { "type": "LineString", "coordinates": [ [ -68.461294, -33.1850561 ], [ -68.4608803, -33.184432800000017 ] ] } },
{ "type": "Feature", "properties": { "id_tramo": 408, "osm_id": "257781725", "zona": "URBANO", "km": 0.082083468040654833, "lado": null, "cordon": "SI", "cord_estado": "BUENO", "km_cordon": 0.062083468040654829, "fecha": "08-2026" }, "geometry": { "type": "LineString", "coordinates": [ [ -68.4569786, -33.1879448 ], [ -68.4564975, -33.1880888 ] ] } },
{ "type": "Feature", "properties": { "id_tramo": 410, "osm_id": "257781706", "zona": "URBANO", "km": 0.078523228878752488, "lado": null, "cordon": "SI", "cord_estado": "REGULAR", "km_cordon": 0.058523228878752484, "fecha": "08-2026" }, "geometry": { "type": "LineString", "coordinates": [ [ -68.4563204, -33.1869565 ], [ -68.4558776, -33.187103900000011 ] ] } },
{ "type": "Feature", "properties": { "id_tramo": 411, "osm_id": "257781706", "zona": "URBANO", "km": 0.078523228878752488, "lado": null, "cordon": "SI", "cord_estado": "BUENO", "km_cordon": 0.058523228878752484, "fecha": "08-2026" }, "geometry": { "type": "LineString", "coordinates": [ [ -68.4562251, -33.186806300000015 ], [ -68.4558007, -33.186947900000014 ] ] } },
{ "type": "Feature", "properties": { "id_tramo": 413, "osm_id": "257781719", "zona": "URBANO", "km": 0.077818109809171296, "lado": null, "cordon": "SI", "cord_estado": "BUENO", "km_cordon": 0.057818109809171292, "fecha": "08-2026" }, "geometry": { "type": "LineString", "coordinates": [ [ -68.4556323, -33.1858621 ], [ -68.4552094, -33.1860016 ] ] } },
{ "type": "Feature", "properties": { "id_tramo": 414, "osm_id": "177322022", "zona": "URBANO", "km": 0.075985995625697425, "lado": null, "cordon": "SI", "cord_estado": "BUENO", "km_cordon": 0.055985995625697421, "fecha": "08-2026" }, "geometry": { "type": "LineString", "coordinates": [ [ -68.4552349, -33.1852967 ], [ -68.4548542, -33.1854998 ] ] } },
{ "type": "Feature", "properties": { "id_tramo": 415, "osm_id": "177322022", "zona": "URBANO", "km": 0.075985995625697425, "lado": null, "cordon": "SI", "cord_estado": "BUENO", "km_cordon": 0.055985995625697421, "fecha": "08-2026" }, "geometry": { "type": "LineString", "coordinates": [ [ -68.455135900000016, -33.185135 ], [ -68.4547774, -33.1853258 ] ] } },
{ "type": "Feature", "properties": { "id_tramo": 416, "osm_id": "177322011", "zona": "URBANO", "km": 0.075415878424288804, "lado": null, "cordon": "SI", "cord_estado": "BUENO", "km_cordon": 0.0554158784242888, "fecha": "08-2026" }, "geometry": { "type": "LineString", "coordinates": [ [ -68.454536, -33.1841882 ], [ -68.4541772, -33.1843823 ] ] } },
{ "type": "Feature", "properties": { "id_tramo": 418, "osm_id": "177322064", "zona": "URBANO", "km": 0.075045929328273642, "lado": null, "cordon": "SI", "cord_estado": "REGULAR", "km_cordon": 0.055045929328273638, "fecha": "08-2026" }, "geometry": { "type": "LineString", "coordinates": [ [ -68.4538189, -33.1830646 ], [ -68.4534641, -33.1832531 ] ] } },
{ "type": "Feature", "properties": { "id_tramo": 419, "osm_id": "257793190", "zona": "URBANO", "km": 0.18267761504156663, "lado": null, "cordon": "SI", "cord_estado": "BUENO", "km_cordon": 0.16267761504156664, "fecha": "08-2026" }, "geometry": { "type": "LineString", "coordinates": [ [ -68.4535357, -33.180836 ], [ -68.4521144, -33.181321200000014 ] ] } },
{ "type": "Feature", "properties": { "id_tramo": 420, "osm_id": "257793190", "zona": "URBANO", "km": 0.18267761504156663, "lado": null, "cordon": "SI", "cord_estado": "BUENO", "km_cordon": 0.16267761504156664, "fecha": "08-2026" }, "geometry": { "type": "LineString", "coordinates": [ [ -68.4534432, -33.1807107 ], [ -68.4520268, -33.1811964 ] ] } },
{ "type": "Feature", "properties": { "id_tramo": 421, "osm_id": "177322071", "zona": "URBANO", "km": 0.18043552477302313, "lado": null, "cordon": "SI", "cord_estado": "BUENO", "km_cordon": 0.16043552477302314, "fecha": "08-2026" }, "geometry": { "type": "LineString", "coordinates": [ [ -68.4531735, -33.180361200000014 ], [ -68.4517753, -33.1808373 ] ] } },
{ "type": "Feature", "properties": { "id_tramo": 422, "osm_id": "177321947", "zona": "URBANO", "km": 0.093195067294194342, "lado": null, "cordon": "SI", "cord_estado": "REGULAR", "km_cordon": 0.073195067294194338, "fecha": "08-2026" }, "geometry": { "type": "LineString", "coordinates": [ [ -68.4604032, -33.190253 ], [ -68.4595985, -33.1890839 ] ] } },
{ "type": "Feature", "properties": { "id_tramo": 426, "osm_id": "183312754", "zona": "URBANO", "km": 0.12143253007520002, "lado": null, "cordon": "SI", "cord_estado": "REGULAR", "km_cordon": 0.10143253007520002, "fecha": "08-2026" }, "geometry": { "type": "LineString", "coordinates": [ [ -68.460379, -33.1947865 ], [ -68.4596178, -33.1951249 ] ] } },
{ "type": "Feature", "properties": { "id_tramo": 427, "osm_id": "183315837", "zona": "URBANO", "km": 0.12068371358112871, "lado": null, "cordon": "SI", "cord_estado": "REGULAR", "km_cordon": 0.10068371358112871, "fecha": "08-2026" }, "geometry": { "type": "LineString", "coordinates": [ [ -68.4611521, -33.1959706 ], [ -68.4603933, -33.1962902 ] ] } },
{ "type": "Feature", "properties": { "id_tramo": 430, "osm_id": "183312786", "zona": "URBANO", "km": 0.12231329638999677, "lado": null, "cordon": "SI", "cord_estado": "REGULAR", "km_cordon": 0.10231329638999677, "fecha": "08-2026" }, "geometry": { "type": "LineString", "coordinates": [ [ -68.4598013, -33.1939169 ], [ -68.4590505, -33.194260100000015 ] ] } },
{ "type": "Feature", "properties": { "id_tramo": 431, "osm_id": "183312786", "zona": "URBANO", "km": 0.12231329638999677, "lado": null, "cordon": "SI", "cord_estado": "MALO", "km_cordon": 0.10231329638999677, "fecha": "08-2026" }, "geometry": { "type": "LineString", "coordinates": [ [ -68.4596961, -33.1937479 ], [ -68.4589436, -33.1940989 ] ] } },
{ "type": "Feature", "properties": { "id_tramo": 432, "osm_id": "183312785", "zona": "URBANO", "km": 0.12401716285376682, "lado": null, "cordon": "SI", "cord_estado": "REGULAR", "km_cordon": 0.10401716285376682, "fecha": "08-2026" }, "geometry": { "type": "LineString", "coordinates": [ [ -68.4589263, -33.192547400000016 ], [ -68.4581552, -33.1929008 ] ] } },
{ "type": "Feature", "properties": { "id_tramo": 433, "osm_id": "183312785", "zona": "URBANO", "km": 0.12401716285376682, "lado": null, "cordon": "SI", "cord_estado": "BUENO", "km_cordon": 0.10401716285376682, "fecha": "08-2026" }, "geometry": { "type": "LineString", "coordinates": [ [ -68.4588265, -33.1923862 ], [ -68.458057, -33.192738 ] ] } },
{ "type": "Feature", "properties": { "id_tramo": 434, "osm_id": "183315836", "zona": "URBANO", "km": 0.063316375184934978, "lado": null, "cordon": "SI", "cord_estado": "BUENO", "km_cordon": 0.043316375184934974, "fecha": "08-2026" }, "geometry": { "type": "LineString", "coordinates": [ [ -68.4580638, -33.191186 ], [ -68.4572525, -33.1914829 ] ] } },
{ "type": "Feature", "properties": { "id_tramo": 436, "osm_id": "183315836", "zona": "URBANO", "km": 0.061515171232653452, "lado": null, "cordon": "SI", "cord_estado": "BUENO", "km_cordon": 0.041515171232653456, "fecha": "08-2026" }, "geometry": { "type": "LineString", "coordinates": [ [ -68.4576165, -33.1915463 ], [ -68.4573219, -33.1916526 ] ] } },
{ "type": "Feature", "properties": { "id_tramo": 437, "osm_id": "183312743", "zona": "URBANO", "km": 0.12515848182760486, "lado": null, "cordon": "SI", "cord_estado": "BUENO", "km_cordon": 0.10515848182760486, "fecha": "08-2026" }, "geometry": { "type": "LineString", "coordinates": [ [ -68.4577101, -33.1906361 ], [ -68.4568805, -33.1909402 ] ] } },
{ "type": "Feature", "properties": { "id_tramo": 438, "osm_id": "183312743", "zona": "URBANO", "km": 0.12515848182760486, "lado": null, "cordon": "SI", "cord_estado": "BUENO", "km_cordon": 0.10515848182760486, "fecha": "08-2026" }, "geometry": { "type": "LineString", "coordinates": [ [ -68.4576014, -33.1904882 ], [ -68.4567685, -33.1908034 ] ] } },
{ "type": "Feature", "properties": { "id_tramo": 443, "osm_id": "257781719", "zona": "URBANO", "km": 0.1204128831746305, "lado": null, "cordon": "SI", "cord_estado": "REGULAR", "km_cordon": 0.1004128831746305, "fecha": "08-2026" }, "geometry": { "type": "LineString", "coordinates": [ [ -68.4549021, -33.1862869 ], [ -68.45411, -33.1865354 ] ] } },
{ "type": "Feature", "properties": { "id_tramo": 445, "osm_id": "257781719", "zona": "URBANO", "km": 0.13353697913827192, "lado": null, "cordon": "SI", "cord_estado": "MALO", "km_cordon": 0.11353697913827192, "fecha": "08-2026" }, "geometry": { "type": "LineString", "coordinates": [ [ -68.453704, -33.1866616 ], [ -68.452761, -33.1869677 ] ] } },
{ "type": "Feature", "properties": { "id_tramo": 446, "osm_id": "183312797", "zona": "URBANO", "km": 0.073298754036241018, "lado": null, "cordon": "SI", "cord_estado": "BUENO", "km_cordon": 0.053298754036241014, "fecha": "08-2026" }, "geometry": { "type": "LineString", "coordinates": [ [ -68.4541897, -33.187494 ], [ -68.4533066, -33.1877901 ] ] } },
{ "type": "Feature", "properties": { "id_tramo": 447, "osm_id": "183312797", "zona": "URBANO", "km": 0.056457598095132649, "lado": null, "cordon": "SI", "cord_estado": "BUENO", "km_cordon": 0.036457598095132646, "fecha": "08-2026" }, "geometry": { "type": "LineString", "coordinates": [ [ -68.4543253, -33.187639 ], [ -68.4540647, -33.187725400000012 ] ] } },
{ "type": "Feature", "properties": { "id_tramo": 449, "osm_id": "257781725", "zona": "URBANO", "km": 0.052412404913273591, "lado": null, "cordon": "SI", "cord_estado": "BUENO", "km_cordon": 0.032412404913273588, "fecha": "08-2026" }, "geometry": { "type": "LineString", "coordinates": [ [ -68.4549022, -33.188559 ], [ -68.4546805, -33.1886307 ] ] } },
{ "type": "Feature", "properties": { "id_tramo": 450, "osm_id": "257781725", "zona": "URBANO", "km": 0.070135147130473308, "lado": null, "cordon": "SI", "cord_estado": "BUENO", "km_cordon": 0.050135147130473304, "fecha": "08-2026" }, "geometry": { "type": "LineString", "coordinates": [ [ -68.4543453, -33.1887495 ], [ -68.4540139, -33.1888522 ] ] } },
{ "type": "Feature", "properties": { "id_tramo": 451, "osm_id": "183312781", "zona": "URBANO", "km": 0.11766359288796283, "lado": null, "cordon": "SI", "cord_estado": "REGULAR", "km_cordon": 0.097663592887962822, "fecha": "08-2026" }, "geometry": { "type": "LineString", "coordinates": [ [ -68.4559603, -33.1902803 ], [ -68.4551548, -33.1905787 ] ] } },
{ "type": "Feature", "properties": { "id_tramo": 452, "osm_id": "183312781", "zona": "URBANO", "km": 0.11766359288796283, "lado": null, "cordon": "SI", "cord_estado": "REGULAR", "km_cordon": 0.097663592887962822, "fecha": "08-2026" }, "geometry": { "type": "LineString", "coordinates": [ [ -68.4558378, -33.1901251 ], [ -68.4550438, -33.1904241 ] ] } },
{ "type": "Feature", "properties": { "id_tramo": 453, "osm_id": "183312743", "zona": "URBANO", "km": 0.11915872055373031, "lado": null, "cordon": "SI", "cord_estado": "BUENO", "km_cordon": 0.099158720553730303, "fecha": "08-2026" }, "geometry": { "type": "LineString", "coordinates": [ [ -68.4564935, -33.1910939 ], [ -68.4556903, -33.1913965 ] ] } },
{ "type": "Feature", "properties": { "id_tramo": 455, "osm_id": "183315836", "zona": "URBANO", "km": 0.11811992237762498, "lado": null, "cordon": "SI", "cord_estado": "BUENO", "km_cordon": 0.098119922377624971, "fecha": "08-2026" }, "geometry": { "type": "LineString", "coordinates": [ [ -68.456946, -33.1917981 ], [ -68.4561653, -33.1920862 ] ] } },
{ "type": "Feature", "properties": { "id_tramo": 456, "osm_id": "183315836", "zona": "URBANO", "km": 0.11811992237762498, "lado": null, "cordon": "SI", "cord_estado": "REGULAR", "km_cordon": 0.098119922377624971, "fecha": "08-2026" }, "geometry": { "type": "LineString", "coordinates": [ [ -68.4568494, -33.1916333 ], [ -68.4560687, -33.1919227 ] ] } },
{ "type": "Feature", "properties": { "id_tramo": 457, "osm_id": "183315921", "zona": "URBANO", "km": 0.12162950730335212, "lado": null, "cordon": "SI", "cord_estado": "REGULAR", "km_cordon": 0.10162950730335212, "fecha": "08-2026" }, "geometry": { "type": "LineString", "coordinates": [ [ -68.4627112, -33.1983943 ], [ -68.4619308, -33.1987023 ] ] } },
{ "type": "Feature", "properties": { "id_tramo": 460, "osm_id": "183315919", "zona": "URBANO", "km": 0.12287751174687804, "lado": null, "cordon": "SI", "cord_estado": "REGULAR", "km_cordon": 0.10287751174687804, "fecha": "08-2026" }, "geometry": { "type": "LineString", "coordinates": [ [ -68.4630171, -33.1988164 ], [ -68.4621741, -33.1991006 ] ] } },
{ "type": "Feature", "properties": { "id_tramo": 461, "osm_id": "257800487", "zona": "URBANO", "km": 0.061284353134948545, "lado": null, "cordon": "SI", "cord_estado": "REGULAR", "km_cordon": 0.041284353134948548, "fecha": "08-2026" }, "geometry": { "type": "LineString", "coordinates": [ [ -68.4639393, -33.2002561 ], [ -68.463691800000021, -33.2003726 ] ] } },
{ "type": "Feature", "properties": { "id_tramo": 462, "osm_id": "257800487", "zona": "URBANO", "km": 0.060155348113770497, "lado": null, "cordon": "SI", "cord_estado": "BUENO", "km_cordon": 0.0401553481137705, "fecha": "08-2026" }, "geometry": { "type": "LineString", "coordinates": [ [ -68.4633793, -33.2005097 ], [ -68.4631591, -33.2006161 ] ] } },
{ "type": "Feature", "properties": { "id_tramo": 463, "osm_id": "257800487", "zona": "URBANO", "km": 0.060155348113770497, "lado": null, "cordon": "SI", "cord_estado": "BUENO", "km_cordon": 0.0401553481137705, "fecha": "08-2026" }, "geometry": { "type": "LineString", "coordinates": [ [ -68.463284300000012, -33.2003439 ], [ -68.4630538, -33.2004532 ] ] } },
{ "type": "Feature", "properties": { "id_tramo": 464, "osm_id": "257800487", "zona": "URBANO", "km": 0.061284353134948545, "lado": null, "cordon": "SI", "cord_estado": "BUENO", "km_cordon": 0.041284353134948548, "fecha": "08-2026" }, "geometry": { "type": "LineString", "coordinates": [ [ -68.463827, -33.2000922 ], [ -68.4635854, -33.2002045 ] ] } },
{ "type": "Feature", "properties": { "id_tramo": 465, "osm_id": "183312795", "zona": "URBANO", "km": 0.072817621912601771, "lado": null, "cordon": "SI", "cord_estado": "BUENO", "km_cordon": 0.052817621912601767, "fecha": "08-2026" }, "geometry": { "type": "LineString", "coordinates": [ [ -68.4647131, -33.2014618 ], [ -68.464363, -33.2014414 ] ] } },
{ "type": "Feature", "properties": { "id_tramo": 466, "osm_id": "183312795", "zona": "URBANO", "km": 0.066080766148075593, "lado": null, "cordon": "SI", "cord_estado": "BUENO", "km_cordon": 0.046080766148075589, "fecha": "08-2026" }, "geometry": { "type": "LineString", "coordinates": [ [ -68.4639619, -33.2014336 ], [ -68.4636827, -33.2014255 ] ] } },
{ "type": "Feature", "properties": { "id_tramo": 468, "osm_id": "771230553", "zona": "URBANO", "km": 0.077089260263013715, "lado": null, "cordon": "SI", "cord_estado": "BUENO", "km_cordon": 0.057089260263013711, "fecha": "08-2026" }, "geometry": { "type": "LineString", "coordinates": [ [ -68.4581025, -33.1918933 ], [ -68.457866100000018, -33.1915294 ] ] } },
{ "type": "Feature", "properties": { "id_tramo": 469, "osm_id": "177321945", "zona": "URBANO", "km": 0.15388462922442828, "lado": null, "cordon": "SI", "cord_estado": "BUENO", "km_cordon": 0.13388462922442829, "fecha": "08-2026" }, "geometry": { "type": "LineString", "coordinates": [ [ -68.4575133, -33.1920873 ], [ -68.4572906, -33.1917542 ] ] } },
{ "type": "Feature", "properties": { "id_tramo": 472, "osm_id": "177321945", "zona": "URBANO", "km": 0.15388462922442828, "lado": null, "cordon": "SI", "cord_estado": "BUENO", "km_cordon": 0.13388462922442829, "fecha": "08-2026" }, "geometry": { "type": "LineString", "coordinates": [ [ -68.4579165, -33.19269850000002 ], [ -68.457647, -33.19229270000001 ] ] } },
{ "type": "Feature", "properties": { "id_tramo": 473, "osm_id": "177321945", "zona": "URBANO", "km": 0.15388462922442828, "lado": null, "cordon": "SI", "cord_estado": "REGULAR", "km_cordon": 0.13388462922442829, "fecha": "08-2026" }, "geometry": { "type": "LineString", "coordinates": [ [ -68.4577188, -33.192771300000011 ], [ -68.457103, -33.1918222 ] ] } },
{ "type": "Feature", "properties": { "id_tramo": 475, "osm_id": "177321945", "zona": "URBANO", "km": 0.17493824703318972, "lado": null, "cordon": "SI", "cord_estado": "BUENO", "km_cordon": 0.15493824703318973, "fecha": "08-2026" }, "geometry": { "type": "LineString", "coordinates": [ [ -68.4588188, -33.1940758 ], [ -68.4581267, -33.193015 ] ] } },
{ "type": "Feature", "properties": { "id_tramo": 476, "osm_id": "183312767", "zona": "URBANO", "km": 0.050858363937310608, "lado": null, "cordon": "SI", "cord_estado": "BUENO", "km_cordon": 0.030858363937310607, "fecha": "08-2026" }, "geometry": { "type": "LineString", "coordinates": [ [ -68.4555799, -33.1896866 ], [ -68.4552712, -33.189783 ] ] } },
{ "type": "Feature", "properties": { "id_tramo": 477, "osm_id": "183312767", "zona": "URBANO", "km": 0.068660585087864795, "lado": null, "cordon": "SI", "cord_estado": "BUENO", "km_cordon": 0.048660585087864791, "fecha": "08-2026" }, "geometry": { "type": "LineString", "coordinates": [ [ -68.4549744, -33.1897245 ], [ -68.4546531, -33.1898263 ] ] } },
{ "type": "Feature", "properties": { "id_tramo": 478, "osm_id": "183312767", "zona": "URBANO", "km": 0.050858363937310608, "lado": null, "cordon": "SI", "cord_estado": "BUENO", "km_cordon": 0.030858363937310607, "fecha": "08-2026" }, "geometry": { "type": "LineString", "coordinates": [ [ -68.4555201, -33.1895591 ], [ -68.4553018, -33.189624 ] ] } },
{ "type": "Feature", "properties": { "id_tramo": 480, "osm_id": "257781725", "zona": "URBANO", "km": 0.070135147130473308, "lado": null, "cordon": "SI", "cord_estado": "REGULAR", "km_cordon": 0.050135147130473304, "fecha": "08-2026" }, "geometry": { "type": "LineString", "coordinates": [ [ -68.4542042, -33.1885815 ], [ -68.4538794, -33.1886822 ] ] } },
{ "type": "Feature", "properties": { "id_tramo": 481, "osm_id": "177322026", "zona": "URBANO", "km": 0.2589828272797034, "lado": null, "cordon": "SI", "cord_estado": "BUENO", "km_cordon": 0.23898282727970341, "fecha": "08-2026" }, "geometry": { "type": "LineString", "coordinates": [ [ -68.4542171, -33.1851919 ], [ -68.4533061, -33.1856284 ], [ -68.4531985, -33.1856769 ], [ -68.4525335, -33.1859659 ], [ -68.4522017, -33.186067 ] ] } },
{ "type": "Feature", "properties": { "id_tramo": 483, "osm_id": "177322029", "zona": "URBANO", "km": 0.26188276586143122, "lado": null, "cordon": "SI", "cord_estado": "REGULAR", "km_cordon": 0.24188276586143123, "fecha": "08-2026" }, "geometry": { "type": "LineString", "coordinates": [ [ -68.4538365, -33.1845524 ], [ -68.4528484, -33.1850029 ], [ -68.4527378, -33.1850541 ], [ -68.4523804, -33.1852162 ], [ -68.4522135, -33.18529 ], [ -68.4521174, -33.1853342 ], [ -68.4520355, -33.1853625 ], [ -68.4517635, -33.1854512 ] ] } },
{ "type": "Feature", "properties": { "id_tramo": 485, "osm_id": "177322064", "zona": "URBANO", "km": 0.24972990182873764, "lado": null, "cordon": "SI", "cord_estado": "REGULAR", "km_cordon": 0.22972990182873765, "fecha": "08-2026" }, "geometry": { "type": "LineString", "coordinates": [ [ -68.4531356, -33.1834214 ], [ -68.4521958, -33.18386790000001 ], [ -68.4520833, -33.1839173 ], [ -68.4513545, -33.184245 ], [ -68.4512597, -33.1842694 ], [ -68.4511054, -33.1842754 ] ] } },
{ "type": "Feature", "properties": { "id_tramo": 491, "osm_id": "177322061", "zona": "URBANO", "km": 0.14013802213501961, "lado": null, "cordon": "SI", "cord_estado": "MALO", "km_cordon": 0.1201380221350196, "fecha": "08-2026" }, "geometry": { "type": "LineString", "coordinates": [ [ -68.4574729, -33.1838518 ], [ -68.4569565, -33.1830857 ] ] } },
{ "type": "Feature", "properties": { "id_tramo": 492, "osm_id": "177322061", "zona": "URBANO", "km": 0.13861267469544714, "lado": null, "cordon": "SI", "cord_estado": "BUENO", "km_cordon": 0.11861267469544713, "fecha": "08-2026" }, "geometry": { "type": "LineString", "coordinates": [ [ -68.4567321, -33.1827482 ], [ -68.4562102, -33.1819821 ] ] } },
{ "type": "Feature", "properties": { "id_tramo": 493, "osm_id": "177322061", "zona": "URBANO", "km": 0.14013802213501961, "lado": null, "cordon": "SI", "cord_estado": "BUENO", "km_cordon": 0.1201380221350196, "fecha": "08-2026" }, "geometry": { "type": "LineString", "coordinates": [ [ -68.4577693, -33.183909100000015 ], [ -68.457047, -33.1828733 ], [ -68.4569901, -33.182786400000012 ], [ -68.4563911, -33.1818797 ] ] } },
{ "type": "Feature", "properties": { "id_tramo": 496, "osm_id": "177322061", "zona": "URBANO", "km": 0.10769414270474009, "lado": null, "cordon": "SI", "cord_estado": "BUENO", "km_cordon": 0.087694142704740088, "fecha": "08-2026" }, "geometry": { "type": "LineString", "coordinates": [ [ -68.4554419, -33.1804965 ], [ -68.4550846, -33.1799689 ] ] } },
{ "type": "Feature", "properties": { "id_tramo": 497, "osm_id": "177322061", "zona": "URBANO", "km": 0.10769414270474009, "lado": null, "cordon": "SI", "cord_estado": "REGULAR", "km_cordon": 0.087694142704740088, "fecha": "08-2026" }, "geometry": { "type": "LineString", "coordinates": [ [ -68.4552447, -33.1805646 ], [ -68.4548815, -33.1800312 ] ] } },
{ "type": "Feature", "properties": { "id_tramo": 500, "osm_id": "177322061", "zona": "URBANO", "km": 0.035360567463777963, "lado": null, "cordon": "SI", "cord_estado": "BUENO", "km_cordon": 0.015360567463777963, "fecha": "08-2026" }, "geometry": { "type": "LineString", "coordinates": [ [ -68.4548841, -33.1796627 ], [ -68.4545284, -33.179139 ] ] } },
{ "type": "Feature", "properties": { "id_tramo": 501, "osm_id": "177322061", "zona": "URBANO", "km": 0.10285329983173347, "lado": null, "cordon": "SI", "cord_estado": "BUENO", "km_cordon": 0.082853299831733465, "fecha": "08-2026" }, "geometry": { "type": "LineString", "coordinates": [ [ -68.4540119, -33.1787123 ], [ -68.4537101, -33.1782635 ] ] } },
{ "type": "Feature", "properties": { "id_tramo": 503, "osm_id": "177321952", "zona": "URBANO", "km": 0.17428621719565268, "lado": null, "cordon": "SI", "cord_estado": "BUENO", "km_cordon": 0.15428621719565269, "fecha": "08-2026" }, "geometry": { "type": "LineString", "coordinates": [ [ -68.457975800000014, -33.1944588 ], [ -68.4572994, -33.193407600000015 ] ] } },
{ "type": "Feature", "properties": { "id_tramo": 504, "osm_id": "177321943", "zona": "URBANO", "km": 0.17316507387589022, "lado": null, "cordon": "SI", "cord_estado": "REGULAR", "km_cordon": 0.15316507387589023, "fecha": "08-2026" }, "geometry": { "type": "LineString", "coordinates": [ [ -68.4574862, -33.1946772 ], [ -68.4568121, -33.1936213 ] ] } },
{ "type": "Feature", "properties": { "id_tramo": 505, "osm_id": "177321952", "zona": "URBANO", "km": 0.13344868425141354, "lado": null, "cordon": "SI", "cord_estado": "BUENO", "km_cordon": 0.11344868425141354, "fecha": "08-2026" }, "geometry": { "type": "LineString", "coordinates": [ [ -68.4586617, -33.1954901 ], [ -68.4581709, -33.1947469 ] ] } },
{ "type": "Feature", "properties": { "id_tramo": 506, "osm_id": "177321943", "zona": "URBANO", "km": 0.13397813721539847, "lado": null, "cordon": "SI", "cord_estado": "BUENO", "km_cordon": 0.11397813721539847, "fecha": "08-2026" }, "geometry": { "type": "LineString", "coordinates": [ [ -68.4581514, -33.195718 ], [ -68.457696, -33.1949937 ] ] } },
{ "type": "Feature", "properties": { "id_tramo": 510, "osm_id": "177322006", "zona": "URBANO", "km": 0.068463004807947314, "lado": null, "cordon": "SI", "cord_estado": "REGULAR", "km_cordon": 0.04846300480794731, "fecha": "08-2026" }, "geometry": { "type": "LineString", "coordinates": [ [ -68.4618349, -33.1991138 ], [ -68.4616803, -33.1988784 ] ] } },
{ "type": "Feature", "properties": { "id_tramo": 513, "osm_id": "177321943", "zona": "URBANO", "km": 0.1151500733817625, "lado": null, "cordon": "SI", "cord_estado": "REGULAR", "km_cordon": 0.095150073381762498, "fecha": "08-2026" }, "geometry": { "type": "LineString", "coordinates": [ [ -68.4587655, -33.1966464 ], [ -68.4584091, -33.1960975 ] ] } },
{ "type": "Feature", "properties": { "id_tramo": 514, "osm_id": "177322006", "zona": "URBANO", "km": 0.15053793610638841, "lado": null, "cordon": "SI", "cord_estado": "MALO", "km_cordon": 0.13053793610638842, "fecha": "08-2026" }, "geometry": { "type": "LineString", "coordinates": [ [ -68.4616886, -33.1985217 ], [ -68.4611347, -33.1976565 ] ] } },
{ "type": "Feature", "properties": { "id_tramo": 515, "osm_id": "177322006", "zona": "URBANO", "km": 0.15053793610638841, "lado": null, "cordon": "SI", "cord_estado": "BUENO", "km_cordon": 0.13053793610638842, "fecha": "08-2026" }, "geometry": { "type": "LineString", "coordinates": [ [ -68.4614918, -33.1985793 ], [ -68.4609368, -33.1977234 ] ] } },
{ "type": "Feature", "properties": { "id_tramo": 519, "osm_id": "177321969", "zona": "URBANO", "km": 0.12613571457732631, "lado": null, "cordon": "SI", "cord_estado": "REGULAR", "km_cordon": 0.1061357145773263, "fecha": "08-2026" }, "geometry": { "type": "LineString", "coordinates": [ [ -68.4644779, -33.1991296 ], [ -68.464015700000019, -33.198417400000011 ] ] } },
{ "type": "Feature", "properties": { "id_tramo": 522, "osm_id": "177321922", "zona": "URBANO", "km": 0.063580907611580195, "lado": null, "cordon": "SI", "cord_estado": "REGULAR", "km_cordon": 0.043580907611580191, "fecha": "08-2026" }, "geometry": { "type": "LineString", "coordinates": [ [ -68.4640677, -33.1998858 ], [ -68.4639306, -33.199674 ] ] } },
{ "type": "Feature", "properties": { "id_tramo": 531, "osm_id": "1238956368", "zona": "URBANO", "km": 0.16231420794549983, "lado": null, "cordon": "SI", "cord_estado": "REGULAR", "km_cordon": 0.14231420794549984, "fecha": "08-2026" }, "geometry": { "type": "LineString", "coordinates": [ [ -68.4596079, -33.1979479 ], [ -68.4589625, -33.1969657 ] ] } },
{ "type": "Feature", "properties": { "id_tramo": 539, "osm_id": "183312786", "zona": "URBANO", "km": 0.08726345837353848, "lado": null, "cordon": "SI", "cord_estado": "REGULAR", "km_cordon": 0.067263458373538476, "fecha": "08-2026" }, "geometry": { "type": "LineString", "coordinates": [ [ -68.4586823, -33.1944275 ], [ -68.4582191, -33.1946422 ] ] } },
{ "type": "Feature", "properties": { "id_tramo": 541, "osm_id": "183312754", "zona": "URBANO", "km": 0.088349106318036524, "lado": null, "cordon": "SI", "cord_estado": "REGULAR", "km_cordon": 0.06834910631803652, "fecha": "08-2026" }, "geometry": { "type": "LineString", "coordinates": [ [ -68.4594011, -33.1955234 ], [ -68.4589285, -33.195747 ] ] } },
{ "type": "Feature", "properties": { "id_tramo": 543, "osm_id": "183315837", "zona": "URBANO", "km": 0.089276541845243085, "lado": null, "cordon": "SI", "cord_estado": "BUENO", "km_cordon": 0.069276541845243081, "fecha": "08-2026" }, "geometry": { "type": "LineString", "coordinates": [ [ -68.4599849, -33.196455600000014 ], [ -68.4595143, -33.1966582 ] ] } },
{ "type": "Feature", "properties": { "id_tramo": 544, "osm_id": "183315837", "zona": "URBANO", "km": 0.089276541845243085, "lado": null, "cordon": "SI", "cord_estado": "BUENO", "km_cordon": 0.069276541845243081, "fecha": "08-2026" }, "geometry": { "type": "LineString", "coordinates": [ [ -68.4598837, -33.19628440000001 ], [ -68.4594142, -33.1964836 ] ] } },
{ "type": "Feature", "properties": { "id_tramo": 547, "osm_id": "183315921", "zona": "URBANO", "km": 0.088992634770502566, "lado": null, "cordon": "SI", "cord_estado": "BUENO", "km_cordon": 0.068992634770502562, "fecha": "08-2026" }, "geometry": { "type": "LineString", "coordinates": [ [ -68.4614573, -33.1987018 ], [ -68.460957, -33.1988997 ] ] } },
{ "type": "Feature", "properties": { "id_tramo": 548, "osm_id": "183315919", "zona": "URBANO", "km": 0.088605589740216983, "lado": null, "cordon": "SI", "cord_estado": "MALO", "km_cordon": 0.06860558974021698, "fecha": "08-2026" }, "geometry": { "type": "LineString", "coordinates": [ [ -68.4619026, -33.1993904 ], [ -68.461389, -33.1995751 ] ] } },
{ "type": "Feature", "properties": { "id_tramo": 550, "osm_id": "183312795", "zona": "URBANO", "km": 0.066433849434078471, "lado": null, "cordon": "SI", "cord_estado": "REGULAR", "km_cordon": 0.046433849434078467, "fecha": "08-2026" }, "geometry": { "type": "LineString", "coordinates": [ [ -68.4631945, -33.201403700000014 ], [ -68.4625416, -33.2013844 ] ] } },
{ "type": "Feature", "properties": { "id_tramo": 552, "osm_id": "177321969", "zona": "URBANO", "km": 0.09045135665344016, "lado": null, "cordon": "SI", "cord_estado": "REGULAR", "km_cordon": 0.070451356653440156, "fecha": "08-2026" }, "geometry": { "type": "LineString", "coordinates": [ [ -68.459104, -33.1907035 ], [ -68.4588384, -33.19031360000001 ] ] } },
{ "type": "Feature", "properties": { "id_tramo": 553, "osm_id": "177321969", "zona": "URBANO", "km": 0.09045135665344016, "lado": null, "cordon": "SI", "cord_estado": "BUENO", "km_cordon": 0.070451356653440156, "fecha": "08-2026" }, "geometry": { "type": "LineString", "coordinates": [ [ -68.459302, -33.1906315 ], [ -68.459035, -33.1902494 ] ] } },
{ "type": "Feature", "properties": { "id_tramo": 554, "osm_id": "177321969", "zona": "URBANO", "km": 0.095997752386793006, "lado": null, "cordon": "SI", "cord_estado": "REGULAR", "km_cordon": 0.075997752386793002, "fecha": "08-2026" }, "geometry": { "type": "LineString", "coordinates": [ [ -68.4586167, -33.190023500000017 ], [ -68.4582555, -33.1895373 ] ] } },
{ "type": "Feature", "properties": { "id_tramo": 555, "osm_id": "177321969", "zona": "URBANO", "km": 0.095997752386793006, "lado": null, "cordon": "SI", "cord_estado": "REGULAR", "km_cordon": 0.075997752386793002, "fecha": "08-2026" }, "geometry": { "type": "LineString", "coordinates": [ [ -68.4588235, -33.1899604 ], [ -68.4584592, -33.1894747 ] ] } },
{ "type": "Feature", "properties": { "id_tramo": 556, "osm_id": "177321922", "zona": "URBANO", "km": 0.099405209721718166, "lado": null, "cordon": "SI", "cord_estado": "BUENO", "km_cordon": 0.079405209721718162, "fecha": "08-2026" }, "geometry": { "type": "LineString", "coordinates": [ [ -68.4578366, -33.190312 ], [ -68.4574957, -33.1897898 ] ] } },
{ "type": "Feature", "properties": { "id_tramo": 559, "osm_id": "177321945", "zona": "URBANO", "km": 0.1019590520762929, "lado": null, "cordon": "SI", "cord_estado": "BUENO", "km_cordon": 0.081959052076292893, "fecha": "08-2026" }, "geometry": { "type": "LineString", "coordinates": [ [ -68.4566412, -33.190773 ], [ -68.456309300000015, -33.1902566 ] ] } },
{ "type": "Feature", "properties": { "id_tramo": 562, "osm_id": "177321945", "zona": "URBANO", "km": 0.091978473966515609, "lado": null, "cordon": "SI", "cord_estado": "BUENO", "km_cordon": 0.071978473966515605, "fecha": "08-2026" }, "geometry": { "type": "LineString", "coordinates": [ [ -68.4571062, -33.191451400000012 ], [ -68.4568321, -33.1910531 ] ] } },
{ "type": "Feature", "properties": { "id_tramo": 564, "osm_id": "177321945", "zona": "URBANO", "km": 0.1019590520762929, "lado": null, "cordon": "SI", "cord_estado": "BUENO", "km_cordon": 0.081959052076292893, "fecha": "08-2026" }, "geometry": { "type": "LineString", "coordinates": [ [ -68.4564453, -33.1908319 ], [ -68.4561088, -33.1903176 ] ] } },
{ "type": "Feature", "properties": { "id_tramo": 565, "osm_id": "177321943", "zona": "URBANO", "km": 0.075067648464685194, "lado": null, "cordon": "SI", "cord_estado": "BUENO", "km_cordon": 0.05506764846468519, "fecha": "08-2026" }, "geometry": { "type": "LineString", "coordinates": [ [ -68.4565841, -33.1932855 ], [ -68.4559026, -33.1922585 ] ] } },
{ "type": "Feature", "properties": { "id_tramo": 566, "osm_id": "177322059", "zona": "URBANO", "km": 0.091779174669816846, "lado": null, "cordon": "SI", "cord_estado": "BUENO", "km_cordon": 0.071779174669816842, "fecha": "08-2026" }, "geometry": { "type": "LineString", "coordinates": [ [ -68.4557091, -33.1919606 ], [ -68.4554576, -33.1915707 ] ] } },
{ "type": "Feature", "properties": { "id_tramo": 567, "osm_id": "177322059", "zona": "URBANO", "km": 0.091779174669816846, "lado": null, "cordon": "SI", "cord_estado": "REGULAR", "km_cordon": 0.071779174669816842, "fecha": "08-2026" }, "geometry": { "type": "LineString", "coordinates": [ [ -68.4559088, -33.1918916 ], [ -68.45565430000002, -33.19150960000001 ] ] } },
{ "type": "Feature", "properties": { "id_tramo": 570, "osm_id": "177322037", "zona": "URBANO", "km": 0.16807348938374178, "lado": null, "cordon": "SI", "cord_estado": "BUENO", "km_cordon": 0.14807348938374179, "fecha": "08-2026" }, "geometry": { "type": "LineString", "coordinates": [ [ -68.4561539, -33.1952974 ], [ -68.455463400000014, -33.1942458 ] ] } },
{ "type": "Feature", "properties": { "id_tramo": 571, "osm_id": "177322037", "zona": "URBANO", "km": 0.16807348938374178, "lado": null, "cordon": "SI", "cord_estado": "BUENO", "km_cordon": 0.14807348938374179, "fecha": "08-2026" }, "geometry": { "type": "LineString", "coordinates": [ [ -68.4559626, -33.1953725 ], [ -68.4552754, -33.1943185 ] ] } },
{ "type": "Feature", "properties": { "id_tramo": 572, "osm_id": "177321972", "zona": "URBANO", "km": 0.17261976822118322, "lado": null, "cordon": "SI", "cord_estado": "REGULAR", "km_cordon": 0.15261976822118323, "fecha": "08-2026" }, "geometry": { "type": "LineString", "coordinates": [ [ -68.455825, -33.1936489 ], [ -68.4551274, -33.1925703 ] ] } },
{ "type": "Feature", "properties": { "id_tramo": 573, "osm_id": "177321972", "zona": "URBANO", "km": 0.17261976822118322, "lado": null, "cordon": "SI", "cord_estado": "BUENO", "km_cordon": 0.15261976822118323, "fecha": "08-2026" }, "geometry": { "type": "LineString", "coordinates": [ [ -68.4560274, -33.193561 ], [ -68.455316, -33.1925088 ] ] } },
{ "type": "Feature", "properties": { "id_tramo": 574, "osm_id": "177321972", "zona": "URBANO", "km": 0.09208011869971304, "lado": null, "cordon": "SI", "cord_estado": "BUENO", "km_cordon": 0.072080118699713036, "fecha": "08-2026" }, "geometry": { "type": "LineString", "coordinates": [ [ -68.4551039, -33.1921913 ], [ -68.4548482, -33.1918056 ] ] } },
{ "type": "Feature", "properties": { "id_tramo": 577, "osm_id": "177321947", "zona": "URBANO", "km": 0.05995946902598577, "lado": null, "cordon": "SI", "cord_estado": "BUENO", "km_cordon": 0.039959469025985767, "fecha": "08-2026" }, "geometry": { "type": "LineString", "coordinates": [ [ -68.4665354, -33.1999914 ], [ -68.4663993, -33.199782600000013 ] ] } },
{ "type": "Feature", "properties": { "id_tramo": 580, "osm_id": "177321969", "zona": "URBANO", "km": 0.059998778140488387, "lado": null, "cordon": "SI", "cord_estado": "REGULAR", "km_cordon": 0.039998778140488384, "fecha": "08-2026" }, "geometry": { "type": "LineString", "coordinates": [ [ -68.4656017, -33.2004277 ], [ -68.4654669, -33.2002356 ] ] } },
{ "type": "Feature", "properties": { "id_tramo": 583, "osm_id": "177321947", "zona": "URBANO", "km": 0.1879444834031147, "lado": null, "cordon": "SI", "cord_estado": "BUENO", "km_cordon": 0.16794448340311471, "fecha": "08-2026" }, "geometry": { "type": "LineString", "coordinates": [ [ -68.4674297, -33.2013509 ], [ -68.4670841, -33.20083480000001 ], [ -68.4670135, -33.2007294 ], [ -68.4667202, -33.2002914 ] ] } },
{ "type": "Feature", "properties": { "id_tramo": 584, "osm_id": "183312795", "zona": "URBANO", "km": 0.060049517343797015, "lado": null, "cordon": "SI", "cord_estado": "BUENO", "km_cordon": 0.040049517343797011, "fecha": "08-2026" }, "geometry": { "type": "LineString", "coordinates": [ [ -68.4666636, -33.2014448 ], [ -68.4663293, -33.2014528 ] ] } },
{ "type": "Feature", "properties": { "id_tramo": 589, "osm_id": "183315919", "zona": "URBANO", "km": 0.078796260587969402, "lado": null, "cordon": "SI", "cord_estado": "BUENO", "km_cordon": 0.058796260587969398, "fecha": "08-2026" }, "geometry": { "type": "LineString", "coordinates": [ [ -68.4598931, -33.200090600000017 ], [ -68.4595198, -33.2002191 ] ] } },
{ "type": "Feature", "properties": { "id_tramo": 591, "osm_id": "177321969", "zona": "URBANO", "km": 0.12405004943971627, "lado": null, "cordon": "SI", "cord_estado": "REGULAR", "km_cordon": 0.10405004943971627, "fecha": "08-2026" }, "geometry": { "type": "LineString", "coordinates": [ [ -68.4662154, -33.2013921 ], [ -68.4660178, -33.2010892 ], [ -68.465968300000014, -33.2010132 ], [ -68.465777800000012, -33.200721100000017 ] ] } },
{ "type": "Feature", "properties": { "id_tramo": 592, "osm_id": "177321922", "zona": "URBANO", "km": 0.059512436336344614, "lado": null, "cordon": "SI", "cord_estado": "MALO", "km_cordon": 0.039512436336344617, "fecha": "08-2026" }, "geometry": { "type": "LineString", "coordinates": [ [ -68.4647298, -33.2008338 ], [ -68.4645874, -33.2006303 ] ] } },
{ "type": "Feature", "properties": { "id_tramo": 595, "osm_id": "183315872", "zona": "URBANO", "km": 0.14913143055713621, "lado": null, "cordon": "SI", "cord_estado": "BUENO", "km_cordon": 0.12913143055713622, "fecha": "08-2026" }, "geometry": { "type": "LineString", "coordinates": [ [ -68.4642464, -33.2013672 ], [ -68.4636697, -33.2004798 ] ] } },
{ "type": "Feature", "properties": { "id_tramo": 597, "osm_id": "177321969", "zona": "URBANO", "km": 0.12405004943971627, "lado": null, "cordon": "SI", "cord_estado": "BUENO", "km_cordon": 0.10405004943971627, "fecha": "08-2026" }, "geometry": { "type": "LineString", "coordinates": [ [ -68.4659764, -33.2014054 ], [ -68.4658112, -33.2011476 ], [ -68.4657479, -33.2010488 ], [ -68.4655875, -33.2007987 ] ] } },
{ "type": "Feature", "properties": { "id_tramo": 598, "osm_id": "177322006", "zona": "URBANO", "km": 0.1751743620557171, "lado": null, "cordon": "SI", "cord_estado": "BUENO", "km_cordon": 0.15517436205571711, "fecha": "08-2026" }, "geometry": { "type": "LineString", "coordinates": [ [ -68.4632727, -33.2013202 ], [ -68.4628821, -33.2007171 ], [ -68.4628192, -33.20062 ], [ -68.4620466, -33.199427 ] ] } },
{ "type": "Feature", "properties": { "id_tramo": 608, "osm_id": "183315919", "zona": "URBANO", "km": 0.080228665574877317, "lado": null, "cordon": "SI", "cord_estado": "REGULAR", "km_cordon": 0.060228665574877313, "fecha": "08-2026" }, "geometry": { "type": "LineString", "coordinates": [ [ -68.4606108, -33.199651100000011 ], [ -68.4601725, -33.19980420000001 ] ] } },
{ "type": "Feature", "properties": { "id_tramo": 611, "osm_id": "183315921", "zona": "URBANO", "km": 0.080020290178950654, "lado": null, "cordon": "SI", "cord_estado": "BUENO", "km_cordon": 0.06002029017895065, "fecha": "08-2026" }, "geometry": { "type": "LineString", "coordinates": [ [ -68.4602968, -33.1991603 ], [ -68.4598637, -33.19932630000001 ] ] } },
{ "type": "Feature", "properties": { "id_tramo": 618, "osm_id": "183315837", "zona": "URBANO", "km": 0.080842832317823354, "lado": null, "cordon": "SI", "cord_estado": "BUENO", "km_cordon": 0.06084283231782335, "fecha": "08-2026" }, "geometry": { "type": "LineString", "coordinates": [ [ -68.4587087, -33.1967667 ], [ -68.45832, -33.1969298 ] ] } },
{ "type": "Feature", "properties": { "id_tramo": 621, "osm_id": "183312786", "zona": "URBANO", "km": 0.080747951255568232, "lado": null, "cordon": "SI", "cord_estado": "BUENO", "km_cordon": 0.060747951255568228, "fecha": "08-2026" }, "geometry": { "type": "LineString", "coordinates": [ [ -68.4575448, -33.1949576 ], [ -68.4571701, -33.1951288 ] ] } },
{ "type": "Feature", "properties": { "id_tramo": 624, "osm_id": "183312785", "zona": "URBANO", "km": 0.080752220438064778, "lado": null, "cordon": "SI", "cord_estado": "REGULAR", "km_cordon": 0.060752220438064775, "fecha": "08-2026" }, "geometry": { "type": "LineString", "coordinates": [ [ -68.4565579, -33.1934212 ], [ -68.4561564, -33.193604 ] ] } },
{ "type": "Feature", "properties": { "id_tramo": 627, "osm_id": "183312743", "zona": "URBANO", "km": 0.080855477081427499, "lado": null, "cordon": "SI", "cord_estado": "BUENO", "km_cordon": 0.060855477081427495, "fecha": "08-2026" }, "geometry": { "type": "LineString", "coordinates": [ [ -68.4553141, -33.191537 ], [ -68.4549082, -33.1916891 ] ] } },
{ "type": "Feature", "properties": { "id_tramo": 632, "osm_id": "177321972", "zona": "URBANO", "km": 0.10351630342634012, "lado": null, "cordon": "SI", "cord_estado": "BUENO", "km_cordon": 0.083516303426340116, "fecha": "08-2026" }, "geometry": { "type": "LineString", "coordinates": [ [ -68.4544601, -33.1915614 ], [ -68.4541254, -33.1910397 ] ] } },
{ "type": "Feature", "properties": { "id_tramo": 633, "osm_id": "177322037", "zona": "URBANO", "km": 0.10367536204975034, "lado": null, "cordon": "SI", "cord_estado": "REGULAR", "km_cordon": 0.083675362049750332, "fecha": "08-2026" }, "geometry": { "type": "LineString", "coordinates": [ [ -68.4536581, -33.1918507 ], [ -68.4533357, -33.191343 ] ] } },
{ "type": "Feature", "properties": { "id_tramo": 635, "osm_id": "258516833", "zona": "URBANO", "km": 0.13408636071510474, "lado": null, "cordon": "SI", "cord_estado": "BUENO", "km_cordon": 0.11408636071510474, "fecha": "08-2026" }, "geometry": { "type": "LineString", "coordinates": [ [ -68.4679147, -33.194152900000013 ], [ -68.4673751, -33.1933347 ] ] } },
{ "type": "Feature", "properties": { "id_tramo": 636, "osm_id": "258516833", "zona": "URBANO", "km": 0.13408636071510474, "lado": null, "cordon": "SI", "cord_estado": "BUENO", "km_cordon": 0.11408636071510474, "fecha": "08-2026" }, "geometry": { "type": "LineString", "coordinates": [ [ -68.4678588, -33.1941741 ], [ -68.4673183, -33.1933539 ] ] } },
{ "type": "Feature", "properties": { "id_tramo": 640, "osm_id": "257781709", "zona": "URBANO", "km": 0.082087076424543048, "lado": null, "cordon": "SI", "cord_estado": "BUENO", "km_cordon": 0.062087076424543045, "fecha": "08-2026" }, "geometry": { "type": "LineString", "coordinates": [ [ -68.4589086, -33.1985734 ], [ -68.4585058, -33.1987596 ] ] } },
{ "type": "Feature", "properties": { "id_tramo": 641, "osm_id": "257781709", "zona": "URBANO", "km": 0.082087076424543048, "lado": null, "cordon": "SI", "cord_estado": "REGULAR", "km_cordon": 0.062087076424543045, "fecha": "08-2026" }, "geometry": { "type": "LineString", "coordinates": [ [ -68.4588069, -33.1984086 ], [ -68.4584403, -33.1985712 ] ] } },
{ "type": "Feature", "properties": { "id_tramo": 644, "osm_id": "183312754", "zona": "URBANO", "km": 0.083937810239562649, "lado": null, "cordon": "SI", "cord_estado": "REGULAR", "km_cordon": 0.063937810239562645, "fecha": "08-2026" }, "geometry": { "type": "LineString", "coordinates": [ [ -68.4575214, -33.196417 ], [ -68.4571321, -33.1966002 ] ] } },
{ "type": "Feature", "properties": { "id_tramo": 645, "osm_id": "183312754", "zona": "URBANO", "km": 0.083937810239562649, "lado": null, "cordon": "SI", "cord_estado": "REGULAR", "km_cordon": 0.063937810239562645, "fecha": "08-2026" }, "geometry": { "type": "LineString", "coordinates": [ [ -68.45737, -33.1961842 ], [ -68.4569804, -33.19636160000001 ] ] } },
{ "type": "Feature", "properties": { "id_tramo": 649, "osm_id": "183312785", "zona": "URBANO", "km": 0.087559144599575575, "lado": null, "cordon": "SI", "cord_estado": "BUENO", "km_cordon": 0.067559144599575571, "fecha": "08-2026" }, "geometry": { "type": "LineString", "coordinates": [ [ -68.4557861, -33.193771900000016 ], [ -68.4554125, -33.193947400000013 ] ] } },
{ "type": "Feature", "properties": { "id_tramo": 651, "osm_id": "183315836", "zona": "URBANO", "km": 0.089150578425346724, "lado": null, "cordon": "SI", "cord_estado": "BUENO", "km_cordon": 0.06915057842534672, "fecha": "08-2026" }, "geometry": { "type": "LineString", "coordinates": [ [ -68.4548762, -33.192371 ], [ -68.4544677, -33.1925208 ] ] } },
{ "type": "Feature", "properties": { "id_tramo": 656, "osm_id": "257781725", "zona": "URBANO", "km": 0.083493451840368799, "lado": null, "cordon": "SI", "cord_estado": "BUENO", "km_cordon": 0.063493451840368795, "fecha": "08-2026" }, "geometry": { "type": "LineString", "coordinates": [ [ -68.4536116, -33.1889714 ], [ -68.4532153, -33.1891069 ] ] } },
{ "type": "Feature", "properties": { "id_tramo": 658, "osm_id": "183312797", "zona": "URBANO", "km": 0.077317789965998224, "lado": null, "cordon": "SI", "cord_estado": "BUENO", "km_cordon": 0.05731778996599822, "fecha": "08-2026" }, "geometry": { "type": "LineString", "coordinates": [ [ -68.453034, -33.1880716 ], [ -68.4526342, -33.1882172 ] ] } },
{ "type": "Feature", "properties": { "id_tramo": 661, "osm_id": "257781719", "zona": "URBANO", "km": 0.081559627213188352, "lado": null, "cordon": "SI", "cord_estado": "BUENO", "km_cordon": 0.061559627213188348, "fecha": "08-2026" }, "geometry": { "type": "LineString", "coordinates": [ [ -68.4522838, -33.186938100000013 ], [ -68.451868, -33.1870737 ] ] } },
{ "type": "Feature", "properties": { "id_tramo": 663, "osm_id": "177322026", "zona": "URBANO", "km": 0.079613654625963912, "lado": null, "cordon": "SI", "cord_estado": "BUENO", "km_cordon": 0.059613654625963908, "fecha": "08-2026" }, "geometry": { "type": "LineString", "coordinates": [ [ -68.4517921, -33.1861767 ], [ -68.4513884, -33.186309 ] ] } },
{ "type": "Feature", "properties": { "id_tramo": 664, "osm_id": "177322029", "zona": "URBANO", "km": 0.076905537337610519, "lado": null, "cordon": "SI", "cord_estado": "BUENO", "km_cordon": 0.056905537337610515, "fecha": "08-2026" }, "geometry": { "type": "LineString", "coordinates": [ [ -68.4513762, -33.18557220000001 ], [ -68.4509887, -33.1856881 ] ] } },
{ "type": "Feature", "properties": { "id_tramo": 666, "osm_id": "177322064", "zona": "URBANO", "km": 0.090423576993915067, "lado": null, "cordon": "SI", "cord_estado": "BUENO", "km_cordon": 0.070423576993915063, "fecha": "08-2026" }, "geometry": { "type": "LineString", "coordinates": [ [ -68.4507134, -33.184391700000013 ], [ -68.4502447, -33.1845399 ] ] } },
{ "type": "Feature", "properties": { "id_tramo": 668, "osm_id": "257781725", "zona": "URBANO", "km": 0.085724127308337977, "lado": null, "cordon": "SI", "cord_estado": "REGULAR", "km_cordon": 0.065724127308337973, "fecha": "08-2026" }, "geometry": { "type": "LineString", "coordinates": [ [ -68.4528066, -33.1892408 ], [ -68.4524009, -33.189374500000014 ] ] } },
{ "type": "Feature", "properties": { "id_tramo": 673, "osm_id": "177322026", "zona": "URBANO", "km": 0.075104439906180209, "lado": null, "cordon": "SI", "cord_estado": "REGULAR", "km_cordon": 0.055104439906180205, "fecha": "08-2026" }, "geometry": { "type": "LineString", "coordinates": [ [ -68.4510017, -33.1864419 ], [ -68.4506268, -33.1865637 ] ] } },
{ "type": "Feature", "properties": { "id_tramo": 674, "osm_id": "177322026", "zona": "URBANO", "km": 0.075104439906180209, "lado": null, "cordon": "SI", "cord_estado": "BUENO", "km_cordon": 0.055104439906180205, "fecha": "08-2026" }, "geometry": { "type": "LineString", "coordinates": [ [ -68.4510965, -33.1865938 ], [ -68.4507271, -33.1867155 ] ] } },
{ "type": "Feature", "properties": { "id_tramo": 675, "osm_id": "177322029", "zona": "URBANO", "km": 0.073603701778793204, "lado": null, "cordon": "SI", "cord_estado": "MALO", "km_cordon": 0.0536037017787932, "fecha": "08-2026" }, "geometry": { "type": "LineString", "coordinates": [ [ -68.450481, -33.185622 ], [ -68.4501234, -33.1857752 ] ] } },
{ "type": "Feature", "properties": { "id_tramo": 676, "osm_id": "177322029", "zona": "URBANO", "km": 0.073603701778793204, "lado": null, "cordon": "SI", "cord_estado": "BUENO", "km_cordon": 0.0536037017787932, "fecha": "08-2026" }, "geometry": { "type": "LineString", "coordinates": [ [ -68.4505905, -33.1858266 ], [ -68.4502372, -33.1859315 ] ] } },
{ "type": "Feature", "properties": { "id_tramo": 677, "osm_id": "177322064", "zona": "URBANO", "km": 0.071486882608181215, "lado": null, "cordon": "SI", "cord_estado": "BUENO", "km_cordon": 0.051486882608181211, "fecha": "08-2026" }, "geometry": { "type": "LineString", "coordinates": [ [ -68.449853, -33.184666900000011 ], [ -68.449476, -33.1847833 ] ] } },
{ "type": "Feature", "properties": { "id_tramo": 678, "osm_id": "183312763", "zona": "URBANO", "km": 0.14212200155069257, "lado": null, "cordon": "SI", "cord_estado": "BUENO", "km_cordon": 0.12212200155069257, "fecha": "08-2026" }, "geometry": { "type": "LineString", "coordinates": [ [ -68.4531727, -33.1963693 ], [ -68.4526425, -33.195504700000015 ] ] } },
{ "type": "Feature", "properties": { "id_tramo": 680, "osm_id": "183312765", "zona": "URBANO", "km": 0.1371942358733485, "lado": null, "cordon": "SI", "cord_estado": "BUENO", "km_cordon": 0.1171942358733485, "fecha": "08-2026" }, "geometry": { "type": "LineString", "coordinates": [ [ -68.4526122, -33.1965628 ], [ -68.4520903, -33.1957526 ] ] } },
{ "type": "Feature", "properties": { "id_tramo": 682, "osm_id": "183312742", "zona": "URBANO", "km": 0.059047982277869587, "lado": null, "cordon": "SI", "cord_estado": "BUENO", "km_cordon": 0.039047982277869583, "fecha": "08-2026" }, "geometry": { "type": "LineString", "coordinates": [ [ -68.4520749, -33.196733 ], [ -68.4515984, -33.1959831 ] ] } },
{ "type": "Feature", "properties": { "id_tramo": 683, "osm_id": "183312759", "zona": "URBANO", "km": 0.085974768845802532, "lado": null, "cordon": "SI", "cord_estado": "BUENO", "km_cordon": 0.065974768845802528, "fecha": "08-2026" }, "geometry": { "type": "LineString", "coordinates": [ [ -68.4571117, -33.1988661 ], [ -68.456875, -33.1985021 ] ] } },
{ "type": "Feature", "properties": { "id_tramo": 687, "osm_id": "257781709", "zona": "URBANO", "km": 0.12753301113039114, "lado": null, "cordon": "SI", "cord_estado": "BUENO", "km_cordon": 0.10753301113039114, "fecha": "08-2026" }, "geometry": { "type": "LineString", "coordinates": [ [ -68.4568311, -33.1990285 ], [ -68.455938, -33.199271 ] ] } },
{ "type": "Feature", "properties": { "id_tramo": 690, "osm_id": "183312783", "zona": "URBANO", "km": 0.12646888271245488, "lado": null, "cordon": "SI", "cord_estado": "BUENO", "km_cordon": 0.10646888271245487, "fecha": "08-2026" }, "geometry": { "type": "LineString", "coordinates": [ [ -68.4565142, -33.1984979 ], [ -68.4556091, -33.198738400000011 ] ] } },
{ "type": "Feature", "properties": { "id_tramo": 691, "osm_id": "183312768", "zona": "URBANO", "km": 0.08814176406803384, "lado": null, "cordon": "SI", "cord_estado": "BUENO", "km_cordon": 0.068141764068033836, "fecha": "08-2026" }, "geometry": { "type": "LineString", "coordinates": [ [ -68.455792, -33.19923630000001 ], [ -68.4555637, -33.1988508 ] ] } },
{ "type": "Feature", "properties": { "id_tramo": 692, "osm_id": "177322037", "zona": "URBANO", "km": 0.084391204352501373, "lado": null, "cordon": "SI", "cord_estado": "REGULAR", "km_cordon": 0.064391204352501369, "fecha": "08-2026" }, "geometry": { "type": "LineString", "coordinates": [ [ -68.4580695, -33.1986015 ], [ -68.4578276, -33.1982321 ] ] } },
{ "type": "Feature", "properties": { "id_tramo": 693, "osm_id": "177322037", "zona": "URBANO", "km": 0.13252986938081393, "lado": null, "cordon": "SI", "cord_estado": "MALO", "km_cordon": 0.11252986938081393, "fecha": "08-2026" }, "geometry": { "type": "LineString", "coordinates": [ [ -68.4589749, -33.1996068 ], [ -68.4584778, -33.1988804 ] ] } },
{ "type": "Feature", "properties": { "id_tramo": 695, "osm_id": "177322037", "zona": "URBANO", "km": 0.089073758802749842, "lado": null, "cordon": "SI", "cord_estado": "BUENO", "km_cordon": 0.069073758802749838, "fecha": "08-2026" }, "geometry": { "type": "LineString", "coordinates": [ [ -68.4576385, -33.197955800000017 ], [ -68.4574039, -33.1975881 ] ] } },
{ "type": "Feature", "properties": { "id_tramo": 699, "osm_id": "183312762", "zona": "URBANO", "km": 0.048779416145871342, "lado": null, "cordon": "SI", "cord_estado": "REGULAR", "km_cordon": 0.028779416145871341, "fecha": "08-2026" }, "geometry": { "type": "LineString", "coordinates": [ [ -68.4571552, -33.1974166 ], [ -68.45628360000002, -33.1976479 ], [ -68.4561728, -33.1976773 ], [ -68.4551861, -33.197939100000013 ] ] } },
{ "type": "Feature", "properties": { "id_tramo": 700, "osm_id": "183312761", "zona": "URBANO", "km": 0.079059082302050374, "lado": null, "cordon": "SI", "cord_estado": "BUENO", "km_cordon": 0.05905908230205037, "fecha": "08-2026" }, "geometry": { "type": "LineString", "coordinates": [ [ -68.4554241, -33.1985521 ], [ -68.4551917, -33.19817110000001 ] ] } },
{ "type": "Feature", "properties": { "id_tramo": 703, "osm_id": "183312785", "zona": "URBANO", "km": 0.082120247840966526, "lado": null, "cordon": "SI", "cord_estado": "BUENO", "km_cordon": 0.062120247840966522, "fecha": "08-2026" }, "geometry": { "type": "LineString", "coordinates": [ [ -68.4551391, -33.1942903 ], [ -68.4546471, -33.1945165 ] ] } },
{ "type": "Feature", "properties": { "id_tramo": 704, "osm_id": "183312750", "zona": "URBANO", "km": 0.091491021556806384, "lado": null, "cordon": "SI", "cord_estado": "BUENO", "km_cordon": 0.071491021556806381, "fecha": "08-2026" }, "geometry": { "type": "LineString", "coordinates": [ [ -68.4532005, -33.1913009 ], [ -68.4524926, -33.1915587 ] ] } },
{ "type": "Feature", "properties": { "id_tramo": 705, "osm_id": "183312750", "zona": "URBANO", "km": 0.091491021556806384, "lado": null, "cordon": "SI", "cord_estado": "MALO", "km_cordon": 0.071491021556806381, "fecha": "08-2026" }, "geometry": { "type": "LineString", "coordinates": [ [ -68.4531258, -33.191159700000014 ], [ -68.4523826, -33.1914248 ] ] } },
{ "type": "Feature", "properties": { "id_tramo": 706, "osm_id": "183312791", "zona": "URBANO", "km": 0.1057380406147035, "lado": null, "cordon": "SI", "cord_estado": "BUENO", "km_cordon": 0.085738040614703498, "fecha": "08-2026" }, "geometry": { "type": "LineString", "coordinates": [ [ -68.4525196, -33.19025460000001 ], [ -68.4517387, -33.1902571 ] ] } },
{ "type": "Feature", "properties": { "id_tramo": 707, "osm_id": "183312791", "zona": "URBANO", "km": 0.1057380406147035, "lado": null, "cordon": "SI", "cord_estado": "BUENO", "km_cordon": 0.085738040614703498, "fecha": "08-2026" }, "geometry": { "type": "LineString", "coordinates": [ [ -68.4523796, -33.1900634 ], [ -68.4516019, -33.19006 ] ] } },
{ "type": "Feature", "properties": { "id_tramo": 711, "osm_id": "183312776", "zona": "URBANO", "km": 0.14727968198044064, "lado": null, "cordon": "SI", "cord_estado": "BUENO", "km_cordon": 0.12727968198044065, "fecha": "08-2026" }, "geometry": { "type": "LineString", "coordinates": [ [ -68.4536376, -33.1962144 ], [ -68.4530353, -33.1953078 ] ] } },
{ "type": "Feature", "properties": { "id_tramo": 713, "osm_id": "177321972", "zona": "URBANO", "km": 0.059635755538023638, "lado": null, "cordon": "SI", "cord_estado": "BUENO", "km_cordon": 0.039635755538023634, "fecha": "08-2026" }, "geometry": { "type": "LineString", "coordinates": [ [ -68.459842, -33.1998415 ], [ -68.459736, -33.1996632 ] ] } },
{ "type": "Feature", "properties": { "id_tramo": 715, "osm_id": "177322037", "zona": "URBANO", "km": 0.15748560795735519, "lado": null, "cordon": "SI", "cord_estado": "REGULAR", "km_cordon": 0.1374856079573552, "fecha": "08-2026" }, "geometry": { "type": "LineString", "coordinates": [ [ -68.4600852, -33.2012465 ], [ -68.4594837, -33.2003408 ] ] } },
{ "type": "Feature", "properties": { "id_tramo": 716, "osm_id": "183312795", "zona": "URBANO", "km": 0.085869655417799326, "lado": null, "cordon": "SI", "cord_estado": "BUENO", "km_cordon": 0.065869655417799322, "fecha": "08-2026" }, "geometry": { "type": "LineString", "coordinates": [ [ -68.460686700000011, -33.2013472 ], [ -68.46021, -33.2013303 ] ] } },
{ "type": "Feature", "properties": { "id_tramo": 717, "osm_id": "642762563", "zona": "URBANO", "km": 0.11828604065373767, "lado": null, "cordon": "SI", "cord_estado": "REGULAR", "km_cordon": 0.098286040653737666, "fecha": "08-2026" }, "geometry": { "type": "LineString", "coordinates": [ [ -68.4531669, -33.198507500000012 ], [ -68.4527696, -33.197873 ] ] } },
{ "type": "Feature", "properties": { "id_tramo": 719, "osm_id": "642762563", "zona": "URBANO", "km": 0.07205118844760483, "lado": null, "cordon": "SI", "cord_estado": "BUENO", "km_cordon": 0.052051188447604826, "fecha": "08-2026" }, "geometry": { "type": "LineString", "coordinates": [ [ -68.45390780000001, -33.1996647 ], [ -68.4537271, -33.1993495 ] ] } },
{ "type": "Feature", "properties": { "id_tramo": 720, "osm_id": "183312758", "zona": "URBANO", "km": 0.069308467058247003, "lado": null, "cordon": "SI", "cord_estado": "BUENO", "km_cordon": 0.049308467058246999, "fecha": "08-2026" }, "geometry": { "type": "LineString", "coordinates": [ [ -68.4546962, -33.1986691 ], [ -68.4545306, -33.1984006 ] ] } },
{ "type": "Feature", "properties": { "id_tramo": 721, "osm_id": "612824066", "zona": "URBANO", "km": 0.16065533557623626, "lado": null, "cordon": "SI", "cord_estado": "BUENO", "km_cordon": 0.14065533557623627, "fecha": "08-2026" }, "geometry": { "type": "LineString", "coordinates": [ [ -68.4552954, -33.1956203 ], [ -68.4546366, -33.1946342 ] ] } },
{ "type": "Feature", "properties": { "id_tramo": 724, "osm_id": "612824066", "zona": "URBANO", "km": 0.059093098190134891, "lado": null, "cordon": "SI", "cord_estado": "REGULAR", "km_cordon": 0.039093098190134887, "fecha": "08-2026" }, "geometry": { "type": "LineString", "coordinates": [ [ -68.4555156, -33.1962979 ], [ -68.4553081, -33.195958 ] ] } },
{ "type": "Feature", "properties": { "id_tramo": 726, "osm_id": "183312768", "zona": "URBANO", "km": 0.075056204276414851, "lado": null, "cordon": "SI", "cord_estado": "BUENO", "km_cordon": 0.055056204276414847, "fecha": "08-2026" }, "geometry": { "type": "LineString", "coordinates": [ [ -68.4562427, -33.1999739 ], [ -68.4559879, -33.19956040000001 ] ] } },
{ "type": "Feature", "properties": { "id_tramo": 728, "osm_id": "183312783", "zona": "URBANO", "km": 0.050358686399056128, "lado": null, "cordon": "SI", "cord_estado": "MALO", "km_cordon": 0.030358686399056128, "fecha": "08-2026" }, "geometry": { "type": "LineString", "coordinates": [ [ -68.4552089, -33.1988053 ], [ -68.4548682, -33.1988669 ], [ -68.4544846, -33.19899430000001 ], [ -68.4543814, -33.1990285 ], [ -68.4537814, -33.19922780000001 ] ] } },
{ "type": "Feature", "properties": { "id_tramo": 729, "osm_id": "183312783", "zona": "URBANO", "km": 0.13592016012725922, "lado": null, "cordon": "SI", "cord_estado": "BUENO", "km_cordon": 0.11592016012725921, "fecha": "08-2026" }, "geometry": { "type": "LineString", "coordinates": [ [ -68.4546361, -33.1987767 ], [ -68.4544065, -33.1988535 ], [ -68.454312900000019, -33.1988849 ], [ -68.4537041, -33.1990888 ] ] } },
{ "type": "Feature", "properties": { "id_tramo": 730, "osm_id": "183312762", "zona": "URBANO", "km": 0.13764029552340137, "lado": null, "cordon": "SI", "cord_estado": "BUENO", "km_cordon": 0.11764029552340137, "fecha": "08-2026" }, "geometry": { "type": "LineString", "coordinates": [ [ -68.4547598, -33.1980554 ], [ -68.4540545, -33.1982853 ], [ -68.4539605, -33.1983159 ], [ -68.4533013, -33.1985308 ] ] } },
{ "type": "Feature", "properties": { "id_tramo": 731, "osm_id": "183312762", "zona": "URBANO", "km": 0.13764029552340137, "lado": null, "cordon": "SI", "cord_estado": "REGULAR", "km_cordon": 0.11764029552340137, "fecha": "08-2026" }, "geometry": { "type": "LineString", "coordinates": [ [ -68.4543921, -33.1983634 ], [ -68.4541635, -33.198438900000014 ], [ -68.4540693, -33.19847 ], [ -68.4534023, -33.1986903 ] ] } },
{ "type": "Feature", "properties": { "id_tramo": 733, "osm_id": "183312754", "zona": "RURAL", "km": 0.41882186423636519, "lado": null, "cordon": "SI", "cord_estado": "REGULAR", "km_cordon": 0.39882186423636518, "fecha": "08-2026" }, "geometry": { "type": "LineString", "coordinates": [ [ -68.4565981, -33.1965459 ], [ -68.4556638, -33.1967953 ], [ -68.4555531, -33.1968248 ], [ -68.4545579, -33.1970904 ], [ -68.4544398, -33.1971219 ], [ -68.453642200000019, -33.197334800000014 ], [ -68.4535215, -33.197367 ], [ -68.4527372, -33.1975763 ] ] } },
{ "type": "Feature", "properties": { "id_tramo": 734, "osm_id": "183312754", "zona": "RURAL", "km": 0.41882186423636519, "lado": null, "cordon": "SI", "cord_estado": "MALO", "km_cordon": 0.39882186423636518, "fecha": "08-2026" }, "geometry": { "type": "LineString", "coordinates": [ [ -68.4567017, -33.19671910000001 ], [ -68.455765200000016, -33.196968 ], [ -68.4556491, -33.1969989 ], [ -68.4546266, -33.19727060000001 ], [ -68.45451460000001, -33.1973003 ], [ -68.4537141, -33.1975131 ], [ -68.4536009, -33.1975432 ], [ -68.4528251, -33.1977493 ] ] } },
{ "type": "Feature", "properties": { "id_tramo": 737, "osm_id": "183312742", "zona": "URBANO", "km": 0.1254875068425724, "lado": null, "cordon": "SI", "cord_estado": "BUENO", "km_cordon": 0.1054875068425724, "fecha": "08-2026" }, "geometry": { "type": "LineString", "coordinates": [ [ -68.4502925, -33.1943506 ], [ -68.4498474, -33.1936388 ] ] } },
{ "type": "Feature", "properties": { "id_tramo": 743, "osm_id": "183312786", "zona": "URBANO", "km": 0.15351965656688232, "lado": null, "cordon": "SI", "cord_estado": "BUENO", "km_cordon": 0.13351965656688233, "fecha": "08-2026" }, "geometry": { "type": "LineString", "coordinates": [ [ -68.4550926, -33.1957689 ], [ -68.4541787, -33.1960923 ], [ -68.4540926, -33.1961228 ], [ -68.4538977, -33.1961918 ] ] } },
{ "type": "Feature", "properties": { "id_tramo": 744, "osm_id": "183312785", "zona": "URBANO", "km": 0.15109136547625548, "lado": null, "cordon": "SI", "cord_estado": "REGULAR", "km_cordon": 0.13109136547625549, "fecha": "08-2026" }, "geometry": { "type": "LineString", "coordinates": [ [ -68.4550342, -33.1941299 ], [ -68.4544701, -33.194384700000015 ], [ -68.4543521, -33.194438 ], [ -68.4534873, -33.1948287 ], [ -68.4533888, -33.194873200000011 ], [ -68.4531319, -33.1949892 ] ] } },
{ "type": "Feature", "properties": { "id_tramo": 746, "osm_id": "183312785", "zona": "URBANO", "km": 0.05874294751081411, "lado": null, "cordon": "SI", "cord_estado": "BUENO", "km_cordon": 0.038742947510814113, "fecha": "08-2026" }, "geometry": { "type": "LineString", "coordinates": [ [ -68.4528321, -33.1951247 ], [ -68.4525774, -33.195242 ] ] } },
{ "type": "Feature", "properties": { "id_tramo": 749, "osm_id": "183312785", "zona": "URBANO", "km": 0.05874294751081411, "lado": null, "cordon": "SI", "cord_estado": "BUENO", "km_cordon": 0.038742947510814113, "fecha": "08-2026" }, "geometry": { "type": "LineString", "coordinates": [ [ -68.4529222, -33.1952802 ], [ -68.452667, -33.1953975 ] ] } },
{ "type": "Feature", "properties": { "id_tramo": 750, "osm_id": "183312785", "zona": "URBANO", "km": 0.15109136547625548, "lado": null, "cordon": "SI", "cord_estado": "REGULAR", "km_cordon": 0.13109136547625549, "fecha": "08-2026" }, "geometry": { "type": "LineString", "coordinates": [ [ -68.4543431, -33.1946553 ], [ -68.4535902, -33.194991 ], [ -68.4535002, -33.1950313 ], [ -68.4532229, -33.1951555 ] ] } },
{ "type": "Feature", "properties": { "id_tramo": 751, "osm_id": "612824066", "zona": "URBANO", "km": 0.16065533557623626, "lado": null, "cordon": "SI", "cord_estado": "BUENO", "km_cordon": 0.14065533557623627, "fecha": "08-2026" }, "geometry": { "type": "LineString", "coordinates": [ [ -68.4551303, -33.1956811 ], [ -68.4544785, -33.1946952 ] ] } },
{ "type": "Feature", "properties": { "id_tramo": 752, "osm_id": "183312742", "zona": "URBANO", "km": 0.17506450586359765, "lado": null, "cordon": "SI", "cord_estado": "REGULAR", "km_cordon": 0.15506450586359766, "fecha": "08-2026" }, "geometry": { "type": "LineString", "coordinates": [ [ -68.451503, -33.1962421 ], [ -68.451326, -33.195957900000018 ], [ -68.451268, -33.19586480000001 ], [ -68.4505058, -33.1946414 ] ] } },
{ "type": "Feature", "properties": { "id_tramo": 756, "osm_id": "257781709", "zona": "URBANO", "km": 0.11955595780062658, "lado": null, "cordon": "SI", "cord_estado": "BUENO", "km_cordon": 0.099555957800626579, "fecha": "08-2026" }, "geometry": { "type": "LineString", "coordinates": [ [ -68.4618368, -33.1970181 ], [ -68.4609182, -33.1974418 ], [ -68.4608362, -33.197479700000017 ], [ -68.4602231, -33.1977625 ] ] } },
{ "type": "Feature", "properties": { "id_tramo": 757, "osm_id": "1238394594", "zona": "URBANO", "km": 0.15825689855674654, "lado": null, "cordon": "SI", "cord_estado": "REGULAR", "km_cordon": 0.13825689855674655, "fecha": "08-2026" }, "geometry": { "type": "LineString", "coordinates": [ [ -68.4600816, -33.197725900000016 ], [ -68.4594854, -33.1967927 ] ] } },
{ "type": "Feature", "properties": { "id_tramo": 758, "osm_id": "183312795", "zona": "URBANO", "km": 0.068246769233606008, "lado": null, "cordon": "SI", "cord_estado": "MALO", "km_cordon": 0.048246769233606004, "fecha": "08-2026" }, "geometry": { "type": "LineString", "coordinates": [ [ -68.4675455, -33.2017075 ], [ -68.4672983, -33.2017057 ] ] } },
{ "type": "Feature", "properties": { "id_tramo": 766, "osm_id": "183315922", "zona": "URBANO", "km": 0.067220317646233332, "lado": null, "cordon": "SI", "cord_estado": "BUENO", "km_cordon": 0.047220317646233329, "fecha": "08-2026" }, "geometry": { "type": "LineString", "coordinates": [ [ -68.4675102, -33.2030892 ], [ -68.4672238, -33.2030904 ] ] } },
{ "type": "Feature", "properties": { "id_tramo": 767, "osm_id": "183315922", "zona": "URBANO", "km": 0.071577919452601557, "lado": null, "cordon": "SI", "cord_estado": "REGULAR", "km_cordon": 0.051577919452601553, "fecha": "08-2026" }, "geometry": { "type": "LineString", "coordinates": [ [ -68.465653, -33.203077 ], [ -68.4653629, -33.2030787 ] ] } },
{ "type": "Feature", "properties": { "id_tramo": 768, "osm_id": "183315922", "zona": "URBANO", "km": 0.071577919452601557, "lado": null, "cordon": "SI", "cord_estado": "BUENO", "km_cordon": 0.051577919452601553, "fecha": "08-2026" }, "geometry": { "type": "LineString", "coordinates": [ [ -68.4657851, -33.2032588 ], [ -68.4654717, -33.2032556 ] ] } },
{ "type": "Feature", "properties": { "id_tramo": 769, "osm_id": "183315918", "zona": "URBANO", "km": 0.066237367786744952, "lado": null, "cordon": "SI", "cord_estado": "BUENO", "km_cordon": 0.046237367786744948, "fecha": "08-2026" }, "geometry": { "type": "LineString", "coordinates": [ [ -68.4664091, -33.2043734 ], [ -68.4661763, -33.204483400000015 ] ] } },
{ "type": "Feature", "properties": { "id_tramo": 770, "osm_id": "183315918", "zona": "URBANO", "km": 0.060348944193707454, "lado": null, "cordon": "SI", "cord_estado": "REGULAR", "km_cordon": 0.040348944193707451, "fecha": "08-2026" }, "geometry": { "type": "LineString", "coordinates": [ [ -68.46695, -33.2039856 ], [ -68.46671, -33.2041586 ] ] } },
{ "type": "Feature", "properties": { "id_tramo": 771, "osm_id": "183315922", "zona": "URBANO", "km": 0.06688953114481612, "lado": null, "cordon": "SI", "cord_estado": "REGULAR", "km_cordon": 0.046889531144816116, "fecha": "08-2026" }, "geometry": { "type": "LineString", "coordinates": [ [ -68.4664918, -33.2032503 ], [ -68.4662037, -33.2032489 ] ] } },
{ "type": "Feature", "properties": { "id_tramo": 772, "osm_id": "183315885", "zona": "URBANO", "km": 0.19841163603859605, "lado": null, "cordon": "SI", "cord_estado": "BUENO", "km_cordon": 0.17841163603859606, "fecha": "08-2026" }, "geometry": { "type": "LineString", "coordinates": [ [ -68.4672311, -33.2018029 ], [ -68.4677757, -33.2029341 ] ] } },
{ "type": "Feature", "properties": { "id_tramo": 775, "osm_id": "183315880", "zona": "URBANO", "km": 0.093294818525034517, "lado": null, "cordon": "SI", "cord_estado": "REGULAR", "km_cordon": 0.073294818525034514, "fecha": "08-2026" }, "geometry": { "type": "LineString", "coordinates": [ [ -68.4665284, -33.2017872 ], [ -68.4671103, -33.2030102 ] ] } },
{ "type": "Feature", "properties": { "id_tramo": 776, "osm_id": "183315880", "zona": "URBANO", "km": 0.093294818525034517, "lado": null, "cordon": "SI", "cord_estado": "BUENO", "km_cordon": 0.073294818525034514, "fecha": "08-2026" }, "geometry": { "type": "LineString", "coordinates": [ [ -68.4662966, -33.201777 ], [ -68.4665173, -33.2022411 ] ] } },
{ "type": "Feature", "properties": { "id_tramo": 780, "osm_id": "183315916", "zona": "URBANO", "km": 0.041134080714412845, "lado": null, "cordon": "SI", "cord_estado": "REGULAR", "km_cordon": 0.021134080714412844, "fecha": "08-2026" }, "geometry": { "type": "LineString", "coordinates": [ [ -68.4645033, -33.2017718 ], [ -68.4652417, -33.2030144 ] ] } },
{ "type": "Feature", "properties": { "id_tramo": 783, "osm_id": "183315916", "zona": "URBANO", "km": 0.17986154274793029, "lado": null, "cordon": "SI", "cord_estado": "REGULAR", "km_cordon": 0.1598615427479303, "fecha": "08-2026" }, "geometry": { "type": "LineString", "coordinates": [ [ -68.4653962, -33.203340200000014 ], [ -68.4660703, -33.20445260000001 ] ] } },
{ "type": "Feature", "properties": { "id_tramo": 784, "osm_id": "183315848", "zona": "URBANO", "km": 0.094076295496289139, "lado": null, "cordon": "SI", "cord_estado": "MALO", "km_cordon": 0.074076295496289135, "fecha": "08-2026" }, "geometry": { "type": "LineString", "coordinates": [ [ -68.4665939, -33.2033127 ], [ -68.4669412, -33.2038815 ] ] } },
{ "type": "Feature", "properties": { "id_tramo": 786, "osm_id": "183315885", "zona": "URBANO", "km": 0.0063141009903044734, "lado": null, "cordon": "SI", "cord_estado": "REGULAR", "km_cordon": -0.013685899009695527, "fecha": "08-2026" }, "geometry": { "type": "LineString", "coordinates": [ [ -68.468065, -33.2027346 ], [ -68.4679766, -33.2028062 ], [ -68.4679218, -33.2028768 ], [ -68.4678705, -33.2029518 ] ] } },
{ "type": "Feature", "properties": { "id_tramo": 790, "osm_id": "183315881", "zona": "URBANO", "km": 0.076866546534581706, "lado": null, "cordon": "SI", "cord_estado": "MALO", "km_cordon": 0.056866546534581702, "fecha": "08-2026" }, "geometry": { "type": "LineString", "coordinates": [ [ -68.464552, -33.2024265 ], [ -68.4640976, -33.2024362 ] ] } },
{ "type": "Feature", "properties": { "id_tramo": 793, "osm_id": "183315916", "zona": "URBANO", "km": 0.073616580562694586, "lado": null, "cordon": "SI", "cord_estado": "BUENO", "km_cordon": 0.053616580562694582, "fecha": "08-2026" }, "geometry": { "type": "LineString", "coordinates": [ [ -68.464427, -33.2020463 ], [ -68.4645939, -33.2023307 ] ] } },
{ "type": "Feature", "properties": { "id_tramo": 794, "osm_id": "183315850", "zona": "URBANO", "km": 0.071981535758323348, "lado": null, "cordon": "SI", "cord_estado": "REGULAR", "km_cordon": 0.051981535758323344, "fecha": "08-2026" }, "geometry": { "type": "LineString", "coordinates": [ [ -68.4636784, -33.2019901 ], [ -68.4638018, -33.202360400000011 ] ] } },
{ "type": "Feature", "properties": { "id_tramo": 796, "osm_id": "183315907", "zona": "URBANO", "km": 0.072904911018814925, "lado": null, "cordon": "SI", "cord_estado": "REGULAR", "km_cordon": 0.052904911018814921, "fecha": "08-2026" }, "geometry": { "type": "LineString", "coordinates": [ [ -68.4631921, -33.2020739 ], [ -68.4631919, -33.202377700000014 ] ] } },
{ "type": "Feature", "properties": { "id_tramo": 798, "osm_id": "183315907", "zona": "URBANO", "km": 0.065510166463780134, "lado": null, "cordon": "SI", "cord_estado": "BUENO", "km_cordon": 0.04551016646378013, "fecha": "08-2026" }, "geometry": { "type": "LineString", "coordinates": [ [ -68.4631842, -33.202681 ], [ -68.4631846, -33.2029321 ] ] } },
{ "type": "Feature", "properties": { "id_tramo": 806, "osm_id": "257781719", "zona": "URBANO", "km": 0.10119012004910741, "lado": null, "cordon": "SI", "cord_estado": "BUENO", "km_cordon": 0.081190120049107403, "fecha": "08-2026" }, "geometry": { "type": "LineString", "coordinates": [ [ -68.4476616, -33.1885849 ], [ -68.4471299, -33.188751 ] ] } },
{ "type": "Feature", "properties": { "id_tramo": 812, "osm_id": "177170650", "zona": "URBANO", "km": 0.11084570306618734, "lado": null, "cordon": "SI", "cord_estado": "MALO", "km_cordon": 0.090845703066187333, "fecha": "08-2026" }, "geometry": { "type": "LineString", "coordinates": [ [ -68.4666855, -33.189313 ], [ -68.465995, -33.1895938 ] ] } },
{ "type": "Feature", "properties": { "id_tramo": 813, "osm_id": "177170650", "zona": "URBANO", "km": 0.11084570306618734, "lado": null, "cordon": "SI", "cord_estado": "BUENO", "km_cordon": 0.090845703066187333, "fecha": "08-2026" }, "geometry": { "type": "LineString", "coordinates": [ [ -68.4665844, -33.1891484 ], [ -68.4659064, -33.1894247 ] ] } },
{ "type": "Feature", "properties": { "id_tramo": 814, "osm_id": "177170657", "zona": "URBANO", "km": 0.11389796820297753, "lado": null, "cordon": "SI", "cord_estado": "BUENO", "km_cordon": 0.093897968202977522, "fecha": "08-2026" }, "geometry": { "type": "LineString", "coordinates": [ [ -68.467752, -33.1908139 ], [ -68.4670456, -33.1911555 ] ] } },
{ "type": "Feature", "properties": { "id_tramo": 816, "osm_id": "360738024", "zona": "URBANO", "km": 0.11402914554933526, "lado": null, "cordon": "SI", "cord_estado": "BUENO", "km_cordon": 0.094029145549335252, "fecha": "08-2026" }, "geometry": { "type": "LineString", "coordinates": [ [ -68.4681752, -33.1914235 ], [ -68.4674446, -33.1917623 ] ] } },
{ "type": "Feature", "properties": { "id_tramo": 823, "osm_id": "257956897", "zona": "URBANO", "km": 0.095501870477349649, "lado": null, "cordon": "SI", "cord_estado": "BUENO", "km_cordon": 0.075501870477349645, "fecha": "08-2026" }, "geometry": { "type": "LineString", "coordinates": [ [ -68.4715847, -33.1967608 ], [ -68.4710532, -33.1969643 ] ] } },
{ "type": "Feature", "properties": { "id_tramo": 825, "osm_id": "177170501", "zona": "URBANO", "km": 0.055551799951387454, "lado": null, "cordon": "SI", "cord_estado": "REGULAR", "km_cordon": 0.03555179995138745, "fecha": "08-2026" }, "geometry": { "type": "LineString", "coordinates": [ [ -68.4724728, -33.198602200000018 ], [ -68.4722243, -33.198672900000012 ] ] } },
{ "type": "Feature", "properties": { "id_tramo": 827, "osm_id": "257800486", "zona": "URBANO", "km": 0.078200957202182814, "lado": null, "cordon": "SI", "cord_estado": "BUENO", "km_cordon": 0.05820095720218281, "fecha": "08-2026" }, "geometry": { "type": "LineString", "coordinates": [ [ -68.471995, -33.1975655 ], [ -68.4716002, -33.1977306 ] ] } },
{ "type": "Feature", "properties": { "id_tramo": 828, "osm_id": "257800486", "zona": "URBANO", "km": 0.078200957202182814, "lado": null, "cordon": "SI", "cord_estado": "BUENO", "km_cordon": 0.05820095720218281, "fecha": "08-2026" }, "geometry": { "type": "LineString", "coordinates": [ [ -68.4720577, -33.1977418 ], [ -68.4717089, -33.1978937 ] ] } },
{ "type": "Feature", "properties": { "id_tramo": 831, "osm_id": "177170527", "zona": "URBANO", "km": 0.075447016552996127, "lado": null, "cordon": "SI", "cord_estado": "REGULAR", "km_cordon": 0.055447016552996123, "fecha": "08-2026" }, "geometry": { "type": "LineString", "coordinates": [ [ -68.4727209, -33.1984272 ], [ -68.4725667, -33.1981073 ] ] } },
{ "type": "Feature", "properties": { "id_tramo": 832, "osm_id": "177170500", "zona": "URBANO", "km": 0.088563342097380884, "lado": null, "cordon": "SI", "cord_estado": "BUENO", "km_cordon": 0.06856334209738088, "fecha": "08-2026" }, "geometry": { "type": "LineString", "coordinates": [ [ -68.4666227, -33.1890296 ], [ -68.4661658, -33.1883791 ], [ -68.4661071, -33.18829490000001 ], [ -68.4657432, -33.1877626 ] ] } },
{ "type": "Feature", "properties": { "id_tramo": 834, "osm_id": "177170500", "zona": "URBANO", "km": 0.11376334779519248, "lado": null, "cordon": "SI", "cord_estado": "BUENO", "km_cordon": 0.093763347795192478, "fecha": "08-2026" }, "geometry": { "type": "LineString", "coordinates": [ [ -68.4668151, -33.1889629 ], [ -68.4664233, -33.1884105 ] ] } },
{ "type": "Feature", "properties": { "id_tramo": 835, "osm_id": "257793192", "zona": "URBANO", "km": 0.063723130360308314, "lado": null, "cordon": "SI", "cord_estado": "REGULAR", "km_cordon": 0.04372313036030831, "fecha": "08-2026" }, "geometry": { "type": "LineString", "coordinates": [ [ -68.4656093, -33.187740800000014 ], [ -68.4649276, -33.18797270000001 ] ] } },
{ "type": "Feature", "properties": { "id_tramo": 836, "osm_id": "658283842", "zona": "URBANO", "km": 0.1061515189212611, "lado": null, "cordon": "SI", "cord_estado": "REGULAR", "km_cordon": 0.086151518921261092, "fecha": "08-2026" }, "geometry": { "type": "LineString", "coordinates": [ [ -68.4677394, -33.188636700000011 ], [ -68.4673802, -33.1881312 ] ] } },
{ "type": "Feature", "properties": { "id_tramo": 838, "osm_id": "320867674", "zona": "URBANO", "km": 0.10464978155026999, "lado": null, "cordon": "SI", "cord_estado": "BUENO", "km_cordon": 0.08464978155026999, "fecha": "08-2026" }, "geometry": { "type": "LineString", "coordinates": [ [ -68.4683516, -33.188447100000012 ], [ -68.4680061, -33.1879588 ] ] } },
{ "type": "Feature", "properties": { "id_tramo": 839, "osm_id": "320867674", "zona": "URBANO", "km": 0.10464978155026999, "lado": null, "cordon": "SI", "cord_estado": "BUENO", "km_cordon": 0.08464978155026999, "fecha": "08-2026" }, "geometry": { "type": "LineString", "coordinates": [ [ -68.4681991, -33.1884999 ], [ -68.4678426, -33.1879837 ] ] } },
{ "type": "Feature", "properties": { "id_tramo": 843, "osm_id": "177170530", "zona": "URBANO", "km": 0.10942853253513546, "lado": null, "cordon": "SI", "cord_estado": "BUENO", "km_cordon": 0.089428532535135455, "fecha": "08-2026" }, "geometry": { "type": "LineString", "coordinates": [ [ -68.4695552, -33.1880312 ], [ -68.4691016, -33.1875255 ] ] } },
{ "type": "Feature", "properties": { "id_tramo": 844, "osm_id": "177170500", "zona": "URBANO", "km": 0.070660721883745517, "lado": null, "cordon": "SI", "cord_estado": "BUENO", "km_cordon": 0.050660721883745513, "fecha": "08-2026" }, "geometry": { "type": "LineString", "coordinates": [ [ -68.4676729, -33.1905301 ], [ -68.4674251, -33.1901886 ], [ -68.4673737, -33.1901147 ], [ -68.4670831, -33.189697 ], [ -68.4670326, -33.1896244 ], [ -68.4668418, -33.1893503 ] ] } },
{ "type": "Feature", "properties": { "id_tramo": 848, "osm_id": "177170500", "zona": "URBANO", "km": 0.067067248400619631, "lado": null, "cordon": "SI", "cord_estado": "BUENO", "km_cordon": 0.047067248400619627, "fecha": "08-2026" }, "geometry": { "type": "LineString", "coordinates": [ [ -68.4675091, -33.1899489 ], [ -68.4673477, -33.1897189 ] ] } },
{ "type": "Feature", "properties": { "id_tramo": 850, "osm_id": "177170595", "zona": "URBANO", "km": 0.052250133709967797, "lado": null, "cordon": "SI", "cord_estado": "REGULAR", "km_cordon": 0.032250133709967793, "fecha": "08-2026" }, "geometry": { "type": "LineString", "coordinates": [ [ -68.4711412, -33.1913372 ], [ -68.4706513, -33.1906273 ] ] } },
{ "type": "Feature", "properties": { "id_tramo": 852, "osm_id": "177170502", "zona": "URBANO", "km": 0.050514314844638593, "lado": null, "cordon": "SI", "cord_estado": "REGULAR", "km_cordon": 0.030514314844638592, "fecha": "08-2026" }, "geometry": { "type": "LineString", "coordinates": [ [ -68.469886, -33.1917679 ], [ -68.4697999, -33.191644600000011 ] ] } },
{ "type": "Feature", "properties": { "id_tramo": 853, "osm_id": "319005278", "zona": "URBANO", "km": 0.1089486640435471, "lado": null, "cordon": "SI", "cord_estado": "BUENO", "km_cordon": 0.088948664043547093, "fecha": "08-2026" }, "geometry": { "type": "LineString", "coordinates": [ [ -68.4698379, -33.1913675 ], [ -68.469583400000019, -33.1910065 ] ] } },
{ "type": "Feature", "properties": { "id_tramo": 854, "osm_id": "177170502", "zona": "URBANO", "km": 0.050514314844638593, "lado": null, "cordon": "SI", "cord_estado": "BUENO", "km_cordon": 0.030514314844638592, "fecha": "08-2026" }, "geometry": { "type": "LineString", "coordinates": [ [ -68.4700788, -33.191713900000011 ], [ -68.4699929, -33.1915904 ] ] } },
{ "type": "Feature", "properties": { "id_tramo": 856, "osm_id": "177170595", "zona": "URBANO", "km": 0.071859624138383871, "lado": null, "cordon": "SI", "cord_estado": "BUENO", "km_cordon": 0.051859624138383867, "fecha": "08-2026" }, "geometry": { "type": "LineString", "coordinates": [ [ -68.470723, -33.191049600000014 ], [ -68.4704702, -33.1906834 ] ] } },
{ "type": "Feature", "properties": { "id_tramo": 858, "osm_id": "658283842", "zona": "URBANO", "km": 0.068759887559323482, "lado": null, "cordon": "SI", "cord_estado": "BUENO", "km_cordon": 0.048759887559323478, "fecha": "08-2026" }, "geometry": { "type": "LineString", "coordinates": [ [ -68.4682447, -33.189655 ], [ -68.4680646, -33.1894077 ] ] } },
{ "type": "Feature", "properties": { "id_tramo": 863, "osm_id": "319003737", "zona": "URBANO", "km": 0.092402560011000168, "lado": null, "cordon": "SI", "cord_estado": "BUENO", "km_cordon": 0.072402560011000164, "fecha": "08-2026" }, "geometry": { "type": "LineString", "coordinates": [ [ -68.4678347, -33.189232 ], [ -68.4672946, -33.1894584 ] ] } },
{ "type": "Feature", "properties": { "id_tramo": 864, "osm_id": "177170649", "zona": "URBANO", "km": 0.092458308295500696, "lado": null, "cordon": "SI", "cord_estado": "BUENO", "km_cordon": 0.072458308295500692, "fecha": "08-2026" }, "geometry": { "type": "LineString", "coordinates": [ [ -68.4684407, -33.1898611 ], [ -68.467734, -33.1901045 ] ] } },
{ "type": "Feature", "properties": { "id_tramo": 869, "osm_id": "319005278", "zona": "URBANO", "km": 0.10531868160885191, "lado": null, "cordon": "SI", "cord_estado": "BUENO", "km_cordon": 0.085318681608851907, "fecha": "08-2026" }, "geometry": { "type": "LineString", "coordinates": [ [ -68.4696211, -33.1915217 ], [ -68.4688796, -33.1917632 ] ] } },
{ "type": "Feature", "properties": { "id_tramo": 870, "osm_id": "177170647", "zona": "URBANO", "km": 0.10585196445230943, "lado": null, "cordon": "SI", "cord_estado": "BUENO", "km_cordon": 0.085851964452309429, "fecha": "08-2026" }, "geometry": { "type": "LineString", "coordinates": [ [ -68.4699755, -33.1920151 ], [ -68.4692458, -33.1922682 ] ] } },
{ "type": "Feature", "properties": { "id_tramo": 871, "osm_id": "177170647", "zona": "URBANO", "km": 0.10585196445230943, "lado": null, "cordon": "SI", "cord_estado": "REGULAR", "km_cordon": 0.085851964452309429, "fecha": "08-2026" }, "geometry": { "type": "LineString", "coordinates": [ [ -68.4698667, -33.191864400000014 ], [ -68.4691398, -33.1921181 ] ] } },
{ "type": "Feature", "properties": { "id_tramo": 872, "osm_id": "177170655", "zona": "URBANO", "km": 0.10629481966340737, "lado": null, "cordon": "SI", "cord_estado": "BUENO", "km_cordon": 0.086294819663407366, "fecha": "08-2026" }, "geometry": { "type": "LineString", "coordinates": [ [ -68.4706545, -33.1930574 ], [ -68.4699428, -33.193302700000018 ] ] } },
{ "type": "Feature", "properties": { "id_tramo": 873, "osm_id": "177170655", "zona": "URBANO", "km": 0.10629481966340737, "lado": null, "cordon": "SI", "cord_estado": "BUENO", "km_cordon": 0.086294819663407366, "fecha": "08-2026" }, "geometry": { "type": "LineString", "coordinates": [ [ -68.4705414, -33.1929133 ], [ -68.4698763, -33.1931457 ] ] } },
{ "type": "Feature", "properties": { "id_tramo": 876, "osm_id": "177170660", "zona": "URBANO", "km": 0.11882589936829598, "lado": null, "cordon": "SI", "cord_estado": "BUENO", "km_cordon": 0.098825899368295972, "fecha": "08-2026" }, "geometry": { "type": "LineString", "coordinates": [ [ -68.4715111, -33.194138100000011 ], [ -68.4707418, -33.194389600000015 ] ] } },
{ "type": "Feature", "properties": { "id_tramo": 878, "osm_id": "177170661", "zona": "URBANO", "km": 0.10240871158030498, "lado": null, "cordon": "SI", "cord_estado": "BUENO", "km_cordon": 0.08240871158030498, "fecha": "08-2026" }, "geometry": { "type": "LineString", "coordinates": [ [ -68.4720139, -33.1950722 ], [ -68.4713797, -33.19529390000001 ] ] } },
{ "type": "Feature", "properties": { "id_tramo": 879, "osm_id": "257956897", "zona": "URBANO", "km": 0.1056926377684477, "lado": null, "cordon": "SI", "cord_estado": "BUENO", "km_cordon": 0.085692637768447696, "fecha": "08-2026" }, "geometry": { "type": "LineString", "coordinates": [ [ -68.4726451, -33.1964071 ], [ -68.4719598, -33.1966356 ] ] } },
{ "type": "Feature", "properties": { "id_tramo": 880, "osm_id": "183315866", "zona": "URBANO", "km": 0.10564037046979653, "lado": null, "cordon": "SI", "cord_estado": "BUENO", "km_cordon": 0.085640370469796528, "fecha": "08-2026" }, "geometry": { "type": "LineString", "coordinates": [ [ -68.4732916, -33.1977952 ], [ -68.4726176, -33.1980111 ] ] } },
{ "type": "Feature", "properties": { "id_tramo": 883, "osm_id": "177170500", "zona": "URBANO", "km": 0.029349365739109276, "lado": null, "cordon": "SI", "cord_estado": "REGULAR", "km_cordon": 0.0093493657391092756, "fecha": "08-2026" }, "geometry": { "type": "LineString", "coordinates": [ [ -68.4697181, -33.1934799 ], [ -68.4704829, -33.1945666 ] ] } },
{ "type": "Feature", "properties": { "id_tramo": 884, "osm_id": "177170500", "zona": "URBANO", "km": 0.10323426664568293, "lado": null, "cordon": "SI", "cord_estado": "BUENO", "km_cordon": 0.083234266645682925, "fecha": "08-2026" }, "geometry": { "type": "LineString", "coordinates": [ [ -68.4710273, -33.1953173 ], [ -68.4706951, -33.1948406 ] ] } },
{ "type": "Feature", "properties": { "id_tramo": 888, "osm_id": "391480877", "zona": "URBANO", "km": 0.060542342055896134, "lado": null, "cordon": "SI", "cord_estado": "REGULAR", "km_cordon": 0.04054234205589613, "fecha": "08-2026" }, "geometry": { "type": "LineString", "coordinates": [ [ -68.4697395, -33.1956927 ], [ -68.4693738, -33.1958558 ] ] } },
{ "type": "Feature", "properties": { "id_tramo": 889, "osm_id": "391480877", "zona": "URBANO", "km": 0.060542342055896134, "lado": null, "cordon": "SI", "cord_estado": "REGULAR", "km_cordon": 0.04054234205589613, "fecha": "08-2026" }, "geometry": { "type": "LineString", "coordinates": [ [ -68.4696772, -33.1956124 ], [ -68.4693044, -33.195780400000011 ] ] } },
{ "type": "Feature", "properties": { "id_tramo": 891, "osm_id": "177170500", "zona": "URBANO", "km": 0.069562356382080248, "lado": null, "cordon": "SI", "cord_estado": "REGULAR", "km_cordon": 0.049562356382080244, "fecha": "08-2026" }, "geometry": { "type": "LineString", "coordinates": [ [ -68.4703318, -33.1940169 ], [ -68.4704778, -33.1942236 ] ] } },
{ "type": "Feature", "properties": { "id_tramo": 892, "osm_id": "177170500", "zona": "URBANO", "km": 0.13677791049198723, "lado": null, "cordon": "SI", "cord_estado": "REGULAR", "km_cordon": 0.11677791049198723, "fecha": "08-2026" }, "geometry": { "type": "LineString", "coordinates": [ [ -68.4695032, -33.1931618 ], [ -68.4690072, -33.1924377 ] ] } },
{ "type": "Feature", "properties": { "id_tramo": 893, "osm_id": "177170500", "zona": "URBANO", "km": 0.13677791049198723, "lado": null, "cordon": "SI", "cord_estado": "BUENO", "km_cordon": 0.11677791049198723, "fecha": "08-2026" }, "geometry": { "type": "LineString", "coordinates": [ [ -68.4697103, -33.1931031 ], [ -68.469221, -33.1923788 ] ] } },
{ "type": "Feature", "properties": { "id_tramo": 895, "osm_id": "257781723", "zona": "URBANO", "km": 0.11991571311927915, "lado": null, "cordon": "SI", "cord_estado": "BUENO", "km_cordon": 0.099915713119279145, "fecha": "08-2026" }, "geometry": { "type": "LineString", "coordinates": [ [ -68.468765, -33.1922402 ], [ -68.4686413, -33.1922838 ], [ -68.4682775, -33.192656600000014 ], [ -68.4681448, -33.1927051 ] ] } },
{ "type": "Feature", "properties": { "id_tramo": 898, "osm_id": "177170558", "zona": "URBANO", "km": 0.095356417072608765, "lado": null, "cordon": "SI", "cord_estado": "BUENO", "km_cordon": 0.075356417072608761, "fecha": "08-2026" }, "geometry": { "type": "LineString", "coordinates": [ [ -68.4670925, -33.1881364 ], [ -68.4664695, -33.1883128 ] ] } },
{ "type": "Feature", "properties": { "id_tramo": 901, "osm_id": "658283842", "zona": "URBANO", "km": 0.09405504315686472, "lado": null, "cordon": "SI", "cord_estado": "BUENO", "km_cordon": 0.074055043156864717, "fecha": "08-2026" }, "geometry": { "type": "LineString", "coordinates": [ [ -68.4670233, -33.1878781 ], [ -68.4667118, -33.1874225 ] ] } },
{ "type": "Feature", "properties": { "id_tramo": 904, "osm_id": "183312765", "zona": "URBANO", "km": 0.10264252257473246, "lado": null, "cordon": "SI", "cord_estado": "BUENO", "km_cordon": 0.082642522574732452, "fecha": "08-2026" }, "geometry": { "type": "LineString", "coordinates": [ [ -68.4517482, -33.1955109 ], [ -68.4510191, -33.1943486 ], [ -68.4509522, -33.1942418 ], [ -68.4507031, -33.1938446 ], [ -68.4504712, -33.1933945 ] ] } },
{ "type": "Feature", "properties": { "id_tramo": 905, "osm_id": "183312776", "zona": "URBANO", "km": 0.10268099660262071, "lado": null, "cordon": "SI", "cord_estado": "BUENO", "km_cordon": 0.08268099660262071, "fecha": "08-2026" }, "geometry": { "type": "LineString", "coordinates": [ [ -68.4530106, -33.1949584 ], [ -68.4523323, -33.1938872 ], [ -68.452265, -33.1937809 ], [ -68.4519885, -33.1933443 ], [ -68.4517726, -33.192937 ] ] } },
{ "type": "Feature", "properties": { "id_tramo": 907, "osm_id": "183312743", "zona": "URBANO", "km": 0.020186516581322856, "lado": null, "cordon": "SI", "cord_estado": "REGULAR", "km_cordon": 0.00018651658132285559, "fecha": "08-2026" }, "geometry": { "type": "LineString", "coordinates": [ [ -68.4514888, -33.1929365 ], [ -68.4512233, -33.1930347 ] ] } },
{ "type": "Feature", "properties": { "id_tramo": 908, "osm_id": "183312743", "zona": "URBANO", "km": 0.057076570447172591, "lado": null, "cordon": "SI", "cord_estado": "BUENO", "km_cordon": 0.037076570447172594, "fecha": "08-2026" }, "geometry": { "type": "LineString", "coordinates": [ [ -68.4509241, -33.1931447 ], [ -68.450656400000014, -33.1932445 ] ] } },
{ "type": "Feature", "properties": { "id_tramo": 910, "osm_id": "183312743", "zona": "URBANO", "km": 0.064639500083724086, "lado": null, "cordon": "SI", "cord_estado": "REGULAR", "km_cordon": 0.044639500083724082, "fecha": "08-2026" }, "geometry": { "type": "LineString", "coordinates": [ [ -68.4503492, -33.1933574 ], [ -68.450069, -33.1934646 ] ] } },
{ "type": "Feature", "properties": { "id_tramo": 911, "osm_id": "183312750", "zona": "URBANO", "km": 0.093426267792895507, "lado": null, "cordon": "SI", "cord_estado": "REGULAR", "km_cordon": 0.073426267792895503, "fecha": "08-2026" }, "geometry": { "type": "LineString", "coordinates": [ [ -68.4520726, -33.1915366 ], [ -68.4513622, -33.1917789 ], [ -68.4512443, -33.1918191 ], [ -68.450959, -33.1919164 ] ] } },
{ "type": "Feature", "properties": { "id_tramo": 912, "osm_id": "183312772", "zona": "URBANO", "km": 0.15107389170539268, "lado": null, "cordon": "SI", "cord_estado": "BUENO", "km_cordon": 0.13107389170539269, "fecha": "08-2026" }, "geometry": { "type": "LineString", "coordinates": [ [ -68.4505795, -33.1920642 ], [ -68.4500411, -33.1922735 ], [ -68.4499406, -33.1923125 ], [ -68.4494575, -33.1925003 ] ] } },
{ "type": "Feature", "properties": { "id_tramo": 915, "osm_id": "183312793", "zona": "URBANO", "km": 0.10569535710416476, "lado": null, "cordon": "SI", "cord_estado": "MALO", "km_cordon": 0.08569535710416476, "fecha": "08-2026" }, "geometry": { "type": "LineString", "coordinates": [ [ -68.4510334, -33.1928342 ], [ -68.4507793, -33.192244400000021 ] ] } },
{ "type": "Feature", "properties": { "id_tramo": 917, "osm_id": "183312772", "zona": "URBANO", "km": 0.15107389170539268, "lado": null, "cordon": "SI", "cord_estado": "BUENO", "km_cordon": 0.13107389170539269, "fecha": "08-2026" }, "geometry": { "type": "LineString", "coordinates": [ [ -68.4506445, -33.1922096 ], [ -68.4500977, -33.1924239 ], [ -68.4500087, -33.1924587 ], [ -68.4495417, -33.1926418 ] ] } },
{ "type": "Feature", "properties": { "id_tramo": 918, "osm_id": "183312742", "zona": "URBANO", "km": 0.10765407655990085, "lado": null, "cordon": "SI", "cord_estado": "BUENO", "km_cordon": 0.087654076559900845, "fecha": "08-2026" }, "geometry": { "type": "LineString", "coordinates": [ [ -68.449851100000018, -33.193277 ], [ -68.4495136, -33.1927403 ] ] } },
{ "type": "Feature", "properties": { "id_tramo": 921, "osm_id": "183312789", "zona": "URBANO", "km": 0.14668794094550569, "lado": null, "cordon": "SI", "cord_estado": "BUENO", "km_cordon": 0.1266879409455057, "fecha": "08-2026" }, "geometry": { "type": "LineString", "coordinates": [ [ -68.4503327, -33.1946023 ], [ -68.4499202, -33.1947347 ], [ -68.449838, -33.1947611 ], [ -68.4495077, -33.1948672 ], [ -68.4494032, -33.1949007 ], [ -68.4485445, -33.1951765 ] ] } },
{ "type": "Feature", "properties": { "id_tramo": 926, "osm_id": "183312778", "zona": "URBANO", "km": 0.1481748313759681, "lado": null, "cordon": "SI", "cord_estado": "BUENO", "km_cordon": 0.12817483137596811, "fecha": "08-2026" }, "geometry": { "type": "LineString", "coordinates": [ [ -68.4489543, -33.1942704 ], [ -68.4481492, -33.1945401 ] ] } },
{ "type": "Feature", "properties": { "id_tramo": 927, "osm_id": "183312787", "zona": "URBANO", "km": 0.060971643637599972, "lado": null, "cordon": "SI", "cord_estado": "BUENO", "km_cordon": 0.040971643637599975, "fecha": "08-2026" }, "geometry": { "type": "LineString", "coordinates": [ [ -68.4480413, -33.1945168 ], [ -68.4478887, -33.1942887 ] ] } },
{ "type": "Feature", "properties": { "id_tramo": 930, "osm_id": "183312743", "zona": "URBANO", "km": 0.14914662527177616, "lado": null, "cordon": "SI", "cord_estado": "BUENO", "km_cordon": 0.12914662527177617, "fecha": "08-2026" }, "geometry": { "type": "LineString", "coordinates": [ [ -68.448777, -33.1939248 ], [ -68.4479192, -33.1941913 ] ] } },
{ "type": "Feature", "properties": { "id_tramo": 931, "osm_id": "183312743", "zona": "URBANO", "km": 0.063989514901300767, "lado": null, "cordon": "SI", "cord_estado": "BUENO", "km_cordon": 0.043989514901300764, "fecha": "08-2026" }, "geometry": { "type": "LineString", "coordinates": [ [ -68.4495986, -33.1934474 ], [ -68.4493234, -33.19354220000001 ] ] } },
{ "type": "Feature", "properties": { "id_tramo": 935, "osm_id": "183312780", "zona": "URBANO", "km": 0.054922303251334549, "lado": null, "cordon": "SI", "cord_estado": "BUENO", "km_cordon": 0.034922303251334552, "fecha": "08-2026" }, "geometry": { "type": "LineString", "coordinates": [ [ -68.4490669, -33.1935924 ], [ -68.4489427, -33.1933933 ] ] } },
{ "type": "Feature", "properties": { "id_tramo": 937, "osm_id": "183312742", "zona": "URBANO", "km": 0.10765407655990085, "lado": null, "cordon": "SI", "cord_estado": "BUENO", "km_cordon": 0.087654076559900845, "fecha": "08-2026" }, "geometry": { "type": "LineString", "coordinates": [ [ -68.4496507, -33.1933488 ], [ -68.4495, -33.1931072 ] ] } },
{ "type": "Feature", "properties": { "id_tramo": 939, "osm_id": "183312763", "zona": "URBANO", "km": 0.098342154042594901, "lado": null, "cordon": "SI", "cord_estado": "BUENO", "km_cordon": 0.078342154042594897, "fecha": "08-2026" }, "geometry": { "type": "LineString", "coordinates": [ [ -68.4524583, -33.1952057 ], [ -68.4517565, -33.1941001 ], [ -68.4516891, -33.1939939 ], [ -68.4514189, -33.19356830000001 ], [ -68.4511943, -33.193119800000012 ] ] } },
{ "type": "Feature", "properties": { "id_tramo": 942, "osm_id": "183312797", "zona": "URBANO", "km": 0.10593956423127708, "lado": null, "cordon": "SI", "cord_estado": "BUENO", "km_cordon": 0.085939564231277077, "fecha": "08-2026" }, "geometry": { "type": "LineString", "coordinates": [ [ -68.4513195, -33.188487800000011 ], [ -68.4507558, -33.1886435 ], [ -68.4506151, -33.18868350000001 ], [ -68.450473, -33.1887239 ], [ -68.4496532, -33.188957 ], [ -68.4495305, -33.18899720000001 ], [ -68.4494134, -33.1890356 ], [ -68.4486417, -33.189288500000011 ] ] } },
{ "type": "Feature", "properties": { "id_tramo": 946, "osm_id": "177170505", "zona": "URBANO", "km": 0.12917266198553079, "lado": null, "cordon": "SI", "cord_estado": "REGULAR", "km_cordon": 0.10917266198553079, "fecha": "08-2026" }, "geometry": { "type": "LineString", "coordinates": [ [ -68.4726422, -33.1947369 ], [ -68.4722859, -33.1939954 ] ] } },
{ "type": "Feature", "properties": { "id_tramo": 947, "osm_id": "177170585", "zona": "URBANO", "km": 0.1267446216179331, "lado": null, "cordon": "SI", "cord_estado": "REGULAR", "km_cordon": 0.10674462161793309, "fecha": "08-2026" }, "geometry": { "type": "LineString", "coordinates": [ [ -68.4734186, -33.194467500000016 ], [ -68.4730562, -33.1937551 ] ] } },
{ "type": "Feature", "properties": { "id_tramo": 948, "osm_id": "177170585", "zona": "URBANO", "km": 0.1267446216179331, "lado": null, "cordon": "SI", "cord_estado": "BUENO", "km_cordon": 0.10674462161793309, "fecha": "08-2026" }, "geometry": { "type": "LineString", "coordinates": [ [ -68.4732164, -33.1945344 ], [ -68.472854, -33.1938039 ] ] } },
{ "type": "Feature", "properties": { "id_tramo": 950, "osm_id": "177170514", "zona": "URBANO", "km": 0.1283395033506613, "lado": null, "cordon": "SI", "cord_estado": "BUENO", "km_cordon": 0.1083395033506613, "fecha": "08-2026" }, "geometry": { "type": "LineString", "coordinates": [ [ -68.4738492, -33.1943214 ], [ -68.4734891, -33.1935889 ] ] } },
{ "type": "Feature", "properties": { "id_tramo": 951, "osm_id": "612824061", "zona": "URBANO", "km": 0.13270858078579567, "lado": null, "cordon": "SI", "cord_estado": "BUENO", "km_cordon": 0.11270858078579567, "fecha": "08-2026" }, "geometry": { "type": "LineString", "coordinates": [ [ -68.4747729, -33.193981 ], [ -68.4744059, -33.19323150000001 ] ] } },
{ "type": "Feature", "properties": { "id_tramo": 953, "osm_id": "177170576", "zona": "URBANO", "km": 0.13469472720791972, "lado": null, "cordon": "SI", "cord_estado": "BUENO", "km_cordon": 0.11469472720791972, "fecha": "08-2026" }, "geometry": { "type": "LineString", "coordinates": [ [ -68.4759916, -33.19354160000001 ], [ -68.4756037, -33.1927742 ] ] } },
{ "type": "Feature", "properties": { "id_tramo": 957, "osm_id": "177170502", "zona": "URBANO", "km": 0.077638763484697129, "lado": null, "cordon": "SI", "cord_estado": "BUENO", "km_cordon": 0.057638763484697125, "fecha": "08-2026" }, "geometry": { "type": "LineString", "coordinates": [ [ -68.4709941, -33.193038 ], [ -68.4712782, -33.19338590000001 ] ] } },
{ "type": "Feature", "properties": { "id_tramo": 958, "osm_id": "177170585", "zona": "URBANO", "km": 0.061970703380731941, "lado": null, "cordon": "SI", "cord_estado": "BUENO", "km_cordon": 0.041970703380731944, "fecha": "08-2026" }, "geometry": { "type": "LineString", "coordinates": [ [ -68.472685, -33.1932504 ], [ -68.4728635, -33.193470700000013 ] ] } },
{ "type": "Feature", "properties": { "id_tramo": 959, "osm_id": "177170585", "zona": "URBANO", "km": 0.08418809647578164, "lado": null, "cordon": "SI", "cord_estado": "MALO", "km_cordon": 0.064188096475781636, "fecha": "08-2026" }, "geometry": { "type": "LineString", "coordinates": [ [ -68.4720383, -33.1926567 ], [ -68.4723184, -33.193058500000014 ] ] } },
{ "type": "Feature", "properties": { "id_tramo": 962, "osm_id": "177170514", "zona": "URBANO", "km": 0.049974929751798375, "lado": null, "cordon": "SI", "cord_estado": "BUENO", "km_cordon": 0.029974929751798374, "fecha": "08-2026" }, "geometry": { "type": "LineString", "coordinates": [ [ -68.4732977, -33.1929148 ], [ -68.4734559, -33.193228600000012 ] ] } },
{ "type": "Feature", "properties": { "id_tramo": 963, "osm_id": "177170514", "zona": "URBANO", "km": 0.049974929751798375, "lado": null, "cordon": "SI", "cord_estado": "REGULAR", "km_cordon": 0.029974929751798374, "fecha": "08-2026" }, "geometry": { "type": "LineString", "coordinates": [ [ -68.4732152, -33.1930742 ], [ -68.4733173, -33.19327980000002 ] ] } },
{ "type": "Feature", "properties": { "id_tramo": 967, "osm_id": "177170576", "zona": "URBANO", "km": 0.13694321107676352, "lado": null, "cordon": "SI", "cord_estado": "BUENO", "km_cordon": 0.11694321107676352, "fecha": "08-2026" }, "geometry": { "type": "LineString", "coordinates": [ [ -68.4748214, -33.191703100000012 ], [ -68.4752402, -33.1925205 ] ] } },
{ "type": "Feature", "properties": { "id_tramo": 971, "osm_id": "177170666", "zona": "URBANO", "km": 0.13385435252846858, "lado": null, "cordon": "SI", "cord_estado": "REGULAR", "km_cordon": 0.11385435252846858, "fecha": "08-2026" }, "geometry": { "type": "LineString", "coordinates": [ [ -68.4724692, -33.1921465 ], [ -68.4719259, -33.191446700000014 ] ] } },
{ "type": "Feature", "properties": { "id_tramo": 972, "osm_id": "177170666", "zona": "URBANO", "km": 0.13385435252846858, "lado": null, "cordon": "SI", "cord_estado": "BUENO", "km_cordon": 0.11385435252846858, "fecha": "08-2026" }, "geometry": { "type": "LineString", "coordinates": [ [ -68.4722641, -33.1922102 ], [ -68.4717261, -33.191507600000016 ] ] } },
{ "type": "Feature", "properties": { "id_tramo": 973, "osm_id": "183315891", "zona": "URBANO", "km": 0.060145357778895424, "lado": null, "cordon": "SI", "cord_estado": "REGULAR", "km_cordon": 0.040145357778895427, "fecha": "08-2026" }, "geometry": { "type": "LineString", "coordinates": [ [ -68.4720014, -33.1910164 ], [ -68.4715194, -33.1903237 ] ] } },
{ "type": "Feature", "properties": { "id_tramo": 975, "osm_id": "183315891", "zona": "URBANO", "km": 0.022178854327287306, "lado": null, "cordon": "SI", "cord_estado": "BUENO", "km_cordon": 0.0021788543272873058, "fecha": "08-2026" }, "geometry": { "type": "LineString", "coordinates": [ [ -68.4732684, -33.190583 ], [ -68.4727989, -33.189893500000011 ] ] } },
{ "type": "Feature", "properties": { "id_tramo": 977, "osm_id": "177170660", "zona": "URBANO", "km": 0.05706525740125952, "lado": null, "cordon": "SI", "cord_estado": "BUENO", "km_cordon": 0.037065257401259516, "fecha": "08-2026" }, "geometry": { "type": "LineString", "coordinates": [ [ -68.4727462, -33.1937584 ], [ -68.4724565, -33.1938522 ] ] } },
{ "type": "Feature", "properties": { "id_tramo": 981, "osm_id": "177170661", "zona": "URBANO", "km": 0.05780229513650724, "lado": null, "cordon": "SI", "cord_estado": "BUENO", "km_cordon": 0.037802295136507236, "fecha": "08-2026" }, "geometry": { "type": "LineString", "coordinates": [ [ -68.4725929, -33.1948471 ], [ -68.4723464, -33.1949322 ] ] } },
{ "type": "Feature", "properties": { "id_tramo": 985, "osm_id": "319005278", "zona": "URBANO", "km": 0.1089486640435471, "lado": null, "cordon": "SI", "cord_estado": "REGULAR", "km_cordon": 0.088948664043547093, "fecha": "08-2026" }, "geometry": { "type": "LineString", "coordinates": [ [ -68.470748, -33.1912399 ], [ -68.4700292, -33.1914961 ] ] } },
{ "type": "Feature", "properties": { "id_tramo": 986, "osm_id": "360738024", "zona": "URBANO", "km": 0.11022230405742134, "lado": null, "cordon": "SI", "cord_estado": "BUENO", "km_cordon": 0.090222304057421335, "fecha": "08-2026" }, "geometry": { "type": "LineString", "coordinates": [ [ -68.4703399, -33.1906533 ], [ -68.469609, -33.1909095 ] ] } },
{ "type": "Feature", "properties": { "id_tramo": 990, "osm_id": "177170649", "zona": "URBANO", "km": 0.051132652715390296, "lado": null, "cordon": "SI", "cord_estado": "MALO", "km_cordon": 0.031132652715390296, "fecha": "08-2026" }, "geometry": { "type": "LineString", "coordinates": [ [ -68.4688394, -33.18955050000001 ], [ -68.4685605, -33.1896476 ] ] } },
{ "type": "Feature", "properties": { "id_tramo": 992, "osm_id": "177170502", "zona": "URBANO", "km": 0.081560165557352016, "lado": null, "cordon": "SI", "cord_estado": "REGULAR", "km_cordon": 0.061560165557352012, "fecha": "08-2026" }, "geometry": { "type": "LineString", "coordinates": [ [ -68.469374, -33.1906983 ], [ -68.4691537, -33.1903872 ] ] } },
{ "type": "Feature", "properties": { "id_tramo": 993, "osm_id": "177170502", "zona": "URBANO", "km": 0.081560165557352016, "lado": null, "cordon": "SI", "cord_estado": "REGULAR", "km_cordon": 0.061560165557352012, "fecha": "08-2026" }, "geometry": { "type": "LineString", "coordinates": [ [ -68.469163, -33.1907732 ], [ -68.4689455, -33.1904485 ] ] } },
{ "type": "Feature", "properties": { "id_tramo": 994, "osm_id": "177170502", "zona": "URBANO", "km": 0.069273785231760004, "lado": null, "cordon": "SI", "cord_estado": "BUENO", "km_cordon": 0.049273785231760001, "fecha": "08-2026" }, "geometry": { "type": "LineString", "coordinates": [ [ -68.4687421, -33.190157200000016 ], [ -68.4685597, -33.1898892 ] ] } },
{ "type": "Feature", "properties": { "id_tramo": 995, "osm_id": "177170595", "zona": "URBANO", "km": 0.080589192557896427, "lado": null, "cordon": "SI", "cord_estado": "REGULAR", "km_cordon": 0.060589192557896424, "fecha": "08-2026" }, "geometry": { "type": "LineString", "coordinates": [ [ -68.470473900000016, -33.190331600000015 ], [ -68.470243, -33.1900121 ] ] } },
{ "type": "Feature", "properties": { "id_tramo": 996, "osm_id": "177170595", "zona": "URBANO", "km": 0.080589192557896427, "lado": null, "cordon": "SI", "cord_estado": "REGULAR", "km_cordon": 0.060589192557896424, "fecha": "08-2026" }, "geometry": { "type": "LineString", "coordinates": [ [ -68.470243, -33.1903961 ], [ -68.4700278, -33.1900734 ] ] } },
{ "type": "Feature", "properties": { "id_tramo": 998, "osm_id": "177170621", "zona": "URBANO", "km": 0.0787916610436626, "lado": null, "cordon": "SI", "cord_estado": "REGULAR", "km_cordon": 0.058791661043662596, "fecha": "08-2026" }, "geometry": { "type": "LineString", "coordinates": [ [ -68.4715166, -33.1899633 ], [ -68.4712999, -33.1896506 ] ] } },
{ "type": "Feature", "properties": { "id_tramo": 999, "osm_id": "177170621", "zona": "URBANO", "km": 0.0787916610436626, "lado": null, "cordon": "SI", "cord_estado": "BUENO", "km_cordon": 0.058791661043662596, "fecha": "08-2026" }, "geometry": { "type": "LineString", "coordinates": [ [ -68.471308, -33.1900295 ], [ -68.4710929, -33.1897102 ] ] } },
{ "type": "Feature", "properties": { "id_tramo": 1002, "osm_id": "183315894", "zona": "URBANO", "km": 0.077791553781878062, "lado": null, "cordon": "SI", "cord_estado": "REGULAR", "km_cordon": 0.057791553781878058, "fecha": "08-2026" }, "geometry": { "type": "LineString", "coordinates": [ [ -68.4725769, -33.1895923 ], [ -68.4723744, -33.1893017 ] ] } },
{ "type": "Feature", "properties": { "id_tramo": 1004, "osm_id": "183315894", "zona": "URBANO", "km": 0.072016053244700562, "lado": null, "cordon": "SI", "cord_estado": "BUENO", "km_cordon": 0.052016053244700558, "fecha": "08-2026" }, "geometry": { "type": "LineString", "coordinates": [ [ -68.4721527, -33.1889937 ], [ -68.4719699, -33.1887336 ] ] } },
{ "type": "Feature", "properties": { "id_tramo": 1012, "osm_id": "177170660", "zona": "URBANO", "km": 0.062828848530189371, "lado": null, "cordon": "SI", "cord_estado": "BUENO", "km_cordon": 0.042828848530189367, "fecha": "08-2026" }, "geometry": { "type": "LineString", "coordinates": [ [ -68.4733677, -33.1935541 ], [ -68.4730927, -33.193654 ] ] } },
{ "type": "Feature", "properties": { "id_tramo": 1013, "osm_id": "183315906", "zona": "URBANO", "km": 0.070795914170243265, "lado": null, "cordon": "SI", "cord_estado": "BUENO", "km_cordon": 0.050795914170243261, "fecha": "08-2026" }, "geometry": { "type": "LineString", "coordinates": [ [ -68.4730986, -33.1930416 ], [ -68.4727016, -33.1931602 ] ] } },
{ "type": "Feature", "properties": { "id_tramo": 1015, "osm_id": "177170655", "zona": "URBANO", "km": 0.040321803117960422, "lado": null, "cordon": "SI", "cord_estado": "BUENO", "km_cordon": 0.020321803117960422, "fecha": "08-2026" }, "geometry": { "type": "LineString", "coordinates": [ [ -68.4734741, -33.1920734 ], [ -68.4729346, -33.192265800000015 ], [ -68.4728346, -33.1923015 ], [ -68.4722854, -33.1924974 ] ] } },
{ "type": "Feature", "properties": { "id_tramo": 1016, "osm_id": "360738024", "zona": "URBANO", "km": 0.10652571480563393, "lado": null, "cordon": "SI", "cord_estado": "BUENO", "km_cordon": 0.086525714805633924, "fecha": "08-2026" }, "geometry": { "type": "LineString", "coordinates": [ [ -68.4713778, -33.1902847 ], [ -68.4706942, -33.1905207 ] ] } },
{ "type": "Feature", "properties": { "id_tramo": 1018, "osm_id": "177170657", "zona": "URBANO", "km": 0.10777488384609682, "lado": null, "cordon": "SI", "cord_estado": "BUENO", "km_cordon": 0.087774883846096816, "fecha": "08-2026" }, "geometry": { "type": "LineString", "coordinates": [ [ -68.4709704, -33.1896783 ], [ -68.4702786, -33.1899211 ] ] } },
{ "type": "Feature", "properties": { "id_tramo": 1021, "osm_id": "177170649", "zona": "URBANO", "km": 0.093841326611643266, "lado": null, "cordon": "SI", "cord_estado": "BUENO", "km_cordon": 0.073841326611643263, "fecha": "08-2026" }, "geometry": { "type": "LineString", "coordinates": [ [ -68.4703567, -33.1890306 ], [ -68.4697816, -33.1892221 ] ] } },
{ "type": "Feature", "properties": { "id_tramo": 1023, "osm_id": "360738024", "zona": "URBANO", "km": 0.10919683754849653, "lado": null, "cordon": "SI", "cord_estado": "BUENO", "km_cordon": 0.089196837548496527, "fecha": "08-2026" }, "geometry": { "type": "LineString", "coordinates": [ [ -68.4723323, -33.1897551 ], [ -68.4716578, -33.1899963 ] ] } },
{ "type": "Feature", "properties": { "id_tramo": 1024, "osm_id": "177170657", "zona": "URBANO", "km": 0.10653230200321723, "lado": null, "cordon": "SI", "cord_estado": "REGULAR", "km_cordon": 0.086532302003217224, "fecha": "08-2026" }, "geometry": { "type": "LineString", "coordinates": [ [ -68.4720345, -33.189318900000011 ], [ -68.4713488, -33.1895571 ] ] } },
{ "type": "Feature", "properties": { "id_tramo": 1027, "osm_id": "177170649", "zona": "URBANO", "km": 0.076135203754385719, "lado": null, "cordon": "SI", "cord_estado": "BUENO", "km_cordon": 0.056135203754385715, "fecha": "08-2026" }, "geometry": { "type": "LineString", "coordinates": [ [ -68.4712662, -33.1887091 ], [ -68.47073, -33.1888924 ] ] } },
{ "type": "Feature", "properties": { "id_tramo": 1029, "osm_id": "183315840", "zona": "URBANO", "km": 0.091442212897938094, "lado": null, "cordon": "SI", "cord_estado": "BUENO", "km_cordon": 0.07144221289793809, "fecha": "08-2026" }, "geometry": { "type": "LineString", "coordinates": [ [ -68.4707978, -33.1881941 ], [ -68.4702616, -33.188357 ] ] } },
{ "type": "Feature", "properties": { "id_tramo": 1033, "osm_id": "177170653", "zona": "URBANO", "km": 0.065858044885143116, "lado": null, "cordon": "SI", "cord_estado": "REGULAR", "km_cordon": 0.045858044885143112, "fecha": "08-2026" }, "geometry": { "type": "LineString", "coordinates": [ [ -68.4696873, -33.1869637 ], [ -68.4695707, -33.1870052 ], [ -68.4694623, -33.1870535 ], [ -68.4690343, -33.1872596 ], [ -68.4689452, -33.1873025 ], [ -68.4684746, -33.1875292 ], [ -68.4683602, -33.1875843 ], [ -68.468309, -33.1876058 ], [ -68.4682544, -33.1876241 ], [ -68.4673207, -33.18786750000001 ] ] } },
{ "type": "Feature", "properties": { "id_tramo": 1036, "osm_id": "177170653", "zona": "URBANO", "km": 0.064807917072039464, "lado": null, "cordon": "SI", "cord_estado": "REGULAR", "km_cordon": 0.04480791707203946, "fecha": "08-2026" }, "geometry": { "type": "LineString", "coordinates": [ [ -68.4689632, -33.187510200000013 ], [ -68.4686801, -33.1876434 ] ] } },
{ "type": "Feature", "properties": { "id_tramo": 1038, "osm_id": "177170650", "zona": "URBANO", "km": 0.060739983104762842, "lado": null, "cordon": "SI", "cord_estado": "REGULAR", "km_cordon": 0.040739983104762845, "fecha": "08-2026" }, "geometry": { "type": "LineString", "coordinates": [ [ -68.4681651, -33.18860020000001 ], [ -68.4678557, -33.1886803 ] ] } },
{ "type": "Feature", "properties": { "id_tramo": 1040, "osm_id": "177170650", "zona": "URBANO", "km": 0.060739983104762842, "lado": null, "cordon": "SI", "cord_estado": "BUENO", "km_cordon": 0.040739983104762845, "fecha": "08-2026" }, "geometry": { "type": "LineString", "coordinates": [ [ -68.4682619, -33.1887352 ], [ -68.4679708, -33.1888375 ] ] } },
{ "type": "Feature", "properties": { "id_tramo": 1042, "osm_id": "320867674", "zona": "URBANO", "km": 0.12311160731021914, "lado": null, "cordon": "SI", "cord_estado": "BUENO", "km_cordon": 0.10311160731021914, "fecha": "08-2026" }, "geometry": { "type": "LineString", "coordinates": [ [ -68.4688787, -33.1894611 ], [ -68.4683885, -33.1887623 ] ] } },
{ "type": "Feature", "properties": { "id_tramo": 1043, "osm_id": "183315853", "zona": "URBANO", "km": 0.1242931482118379, "lado": null, "cordon": "SI", "cord_estado": "BUENO", "km_cordon": 0.1042931482118379, "fecha": "08-2026" }, "geometry": { "type": "LineString", "coordinates": [ [ -68.4694586, -33.1892512 ], [ -68.4689848, -33.188568 ] ] } },
{ "type": "Feature", "properties": { "id_tramo": 1044, "osm_id": "183315853", "zona": "URBANO", "km": 0.1242931482118379, "lado": null, "cordon": "SI", "cord_estado": "REGULAR", "km_cordon": 0.1042931482118379, "fecha": "08-2026" }, "geometry": { "type": "LineString", "coordinates": [ [ -68.4696581, -33.1891913 ], [ -68.4691871, -33.1885103 ] ] } },
{ "type": "Feature", "properties": { "id_tramo": 1046, "osm_id": "177170653", "zona": "URBANO", "km": 0.060774470921905958, "lado": null, "cordon": "SI", "cord_estado": "BUENO", "km_cordon": 0.040774470921905961, "fecha": "08-2026" }, "geometry": { "type": "LineString", "coordinates": [ [ -68.4677182, -33.1879401 ], [ -68.4674131, -33.1880247 ] ] } },
{ "type": "Feature", "properties": { "id_tramo": 1049, "osm_id": "177170647", "zona": "URBANO", "km": 0.055662134003922732, "lado": null, "cordon": "SI", "cord_estado": "BUENO", "km_cordon": 0.035662134003922735, "fecha": "08-2026" }, "geometry": { "type": "LineString", "coordinates": [ [ -68.4715229, -33.191288600000014 ], [ -68.4712703, -33.1913763 ] ] } },
{ "type": "Feature", "properties": { "id_tramo": 1050, "osm_id": "320867672", "zona": "URBANO", "km": 0.065746032680773059, "lado": null, "cordon": "SI", "cord_estado": "BUENO", "km_cordon": 0.045746032680773055, "fecha": "08-2026" }, "geometry": { "type": "LineString", "coordinates": [ [ -68.473013200000011, -33.190759 ], [ -68.4723502, -33.1909948 ] ] } },
{ "type": "Feature", "properties": { "id_tramo": 1051, "osm_id": "177170661", "zona": "URBANO", "km": 0.12322557386119688, "lado": null, "cordon": "SI", "cord_estado": "BUENO", "km_cordon": 0.10322557386119688, "fecha": "08-2026" }, "geometry": { "type": "LineString", "coordinates": [ [ -68.4757598, -33.1937195 ], [ -68.4748923, -33.1940235 ] ] } },
{ "type": "Feature", "properties": { "id_tramo": 1052, "osm_id": "177170660", "zona": "URBANO", "km": 0.12561072898353956, "lado": null, "cordon": "SI", "cord_estado": "REGULAR", "km_cordon": 0.10561072898353956, "fecha": "08-2026" }, "geometry": { "type": "LineString", "coordinates": [ [ -68.4752798, -33.1927832 ], [ -68.4744389, -33.1931133 ] ] } },
{ "type": "Feature", "properties": { "id_tramo": 1054, "osm_id": "177170655", "zona": "URBANO", "km": 0.12351514502354007, "lado": null, "cordon": "SI", "cord_estado": "BUENO", "km_cordon": 0.10351514502354006, "fecha": "08-2026" }, "geometry": { "type": "LineString", "coordinates": [ [ -68.4746699, -33.1916592 ], [ -68.4738735, -33.19193940000001 ] ] } },
{ "type": "Feature", "properties": { "id_tramo": 1055, "osm_id": "177170655", "zona": "URBANO", "km": 0.14672657961189381, "lado": null, "cordon": "SI", "cord_estado": "BUENO", "km_cordon": 0.12672657961189382, "fecha": "08-2026" }, "geometry": { "type": "LineString", "coordinates": [ [ -68.4760419, -33.1909792 ], [ -68.474847, -33.1913993 ], [ -68.4747275, -33.1914413 ], [ -68.4737855, -33.1917725 ] ] } },
{ "type": "Feature", "properties": { "id_tramo": 1060, "osm_id": "183315842", "zona": "URBANO", "km": 0.1166114335882808, "lado": null, "cordon": "SI", "cord_estado": "BUENO", "km_cordon": 0.096611433588280796, "fecha": "08-2026" }, "geometry": { "type": "LineString", "coordinates": [ [ -68.4717977, -33.187223 ], [ -68.4712574, -33.1866742 ] ] } },
{ "type": "Feature", "properties": { "id_tramo": 1063, "osm_id": "177170613", "zona": "URBANO", "km": 0.088313032355718829, "lado": null, "cordon": "SI", "cord_estado": "BUENO", "km_cordon": 0.068313032355718825, "fecha": "08-2026" }, "geometry": { "type": "LineString", "coordinates": [ [ -68.4696898, -33.1868587 ], [ -68.4693799, -33.186524300000016 ] ] } },
{ "type": "Feature", "properties": { "id_tramo": 1065, "osm_id": "177170618", "zona": "URBANO", "km": 0.086766252660487334, "lado": null, "cordon": "SI", "cord_estado": "BUENO", "km_cordon": 0.06676625266048733, "fecha": "08-2026" }, "geometry": { "type": "LineString", "coordinates": [ [ -68.4702916, -33.1866514 ], [ -68.4700408, -33.1863677 ] ] } },
{ "type": "Feature", "properties": { "id_tramo": 1066, "osm_id": "257793192", "zona": "URBANO", "km": 0.041494066972945158, "lado": null, "cordon": "SI", "cord_estado": "BUENO", "km_cordon": 0.021494066972945158, "fecha": "08-2026" }, "geometry": { "type": "LineString", "coordinates": [ [ -68.4665963, -33.1873919 ], [ -68.4659468, -33.1876108 ] ] } },
{ "type": "Feature", "properties": { "id_tramo": 1067, "osm_id": "257793192", "zona": "URBANO", "km": 0.11980010561564962, "lado": null, "cordon": "SI", "cord_estado": "REGULAR", "km_cordon": 0.099800105615649615, "fecha": "08-2026" }, "geometry": { "type": "LineString", "coordinates": [ [ -68.4692301, -33.1864892 ], [ -68.4681496, -33.1868575 ], [ -68.4680128, -33.1869041 ], [ -68.4668823, -33.1872899 ] ] } },
{ "type": "Feature", "properties": { "id_tramo": 1069, "osm_id": "257793192", "zona": "URBANO", "km": 0.11980010561564962, "lado": null, "cordon": "SI", "cord_estado": "BUENO", "km_cordon": 0.099800105615649615, "fecha": "08-2026" }, "geometry": { "type": "LineString", "coordinates": [ [ -68.46780680000002, -33.1867764 ], [ -68.4668623, -33.1871164 ] ] } },
{ "type": "Feature", "properties": { "id_tramo": 1070, "osm_id": "257793192", "zona": "URBANO", "km": 0.041512836870587377, "lado": null, "cordon": "SI", "cord_estado": "REGULAR", "km_cordon": 0.021512836870587377, "fecha": "08-2026" }, "geometry": { "type": "LineString", "coordinates": [ [ -68.4708091, -33.1857112 ], [ -68.4699487, -33.1860114 ], [ -68.4698365, -33.1860505 ], [ -68.4690883, -33.1863116 ] ] } },
{ "type": "Feature", "properties": { "id_tramo": 1075, "osm_id": "177170650", "zona": "URBANO", "km": 0.054954575901386957, "lado": null, "cordon": "SI", "cord_estado": "BUENO", "km_cordon": 0.034954575901386953, "fecha": "08-2026" }, "geometry": { "type": "LineString", "coordinates": [ [ -68.4716301, -33.1873727 ], [ -68.471377, -33.1874631 ] ] } },
{ "type": "Feature", "properties": { "id_tramo": 1077, "osm_id": "177170650", "zona": "URBANO", "km": 0.054107936288903848, "lado": null, "cordon": "SI", "cord_estado": "BUENO", "km_cordon": 0.034107936288903851, "fecha": "08-2026" }, "geometry": { "type": "LineString", "coordinates": [ [ -68.4721403, -33.187185100000015 ], [ -68.4719246, -33.1872618 ] ] } },
{ "type": "Feature", "properties": { "id_tramo": 1078, "osm_id": "177170557", "zona": "URBANO", "km": 0.14852404808454495, "lado": null, "cordon": "SI", "cord_estado": "MALO", "km_cordon": 0.12852404808454496, "fecha": "08-2026" }, "geometry": { "type": "LineString", "coordinates": [ [ -68.4731507, -33.1882406 ], [ -68.4727093, -33.18839040000001 ], [ -68.4726269, -33.18841840000001 ], [ -68.4720015, -33.188630700000012 ] ] } },
{ "type": "Feature", "properties": { "id_tramo": 1081, "osm_id": "183315867", "zona": "URBANO", "km": 0.11170883879059448, "lado": null, "cordon": "SI", "cord_estado": "BUENO", "km_cordon": 0.09170883879059448, "fecha": "08-2026" }, "geometry": { "type": "LineString", "coordinates": [ [ -68.4727825, -33.1878227 ], [ -68.4724041, -33.1879556 ], [ -68.4723222, -33.1879843 ], [ -68.4718394, -33.1881538 ], [ -68.471753800000016, -33.1881839 ], [ -68.4713853, -33.1883133 ] ] } },
{ "type": "Feature", "properties": { "id_tramo": 132, "osm_id": "183315904", "zona": "URBANO", "km": 0.11717277940300194, "lado": null, "cordon": "SI", "cord_estado": "MALO", "km_cordon": 0.097172779403001938, "fecha": "08-2026" }, "geometry": { "type": "LineString", "coordinates": [ [ -68.4650805, -33.1979414 ], [ -68.4642712, -33.1982309 ] ] } },
{ "type": "Feature", "properties": { "id_tramo": 1083, "osm_id": "177170613", "zona": "URBANO", "km": 0.057615331112594509, "lado": null, "cordon": "SI", "cord_estado": "BUENO", "km_cordon": 0.037615331112594505, "fecha": "08-2026" }, "geometry": { "type": "LineString", "coordinates": [ [ -68.4712889, -33.188614700000016 ], [ -68.4710519, -33.18835030000001 ] ] } },
{ "type": "Feature", "properties": { "id_tramo": 1087, "osm_id": "177170660", "zona": "URBANO", "km": 0.16144079701615174, "lado": null, "cordon": "SI", "cord_estado": "BUENO", "km_cordon": 0.14144079701615175, "fecha": "08-2026" }, "geometry": { "type": "LineString", "coordinates": [ [ -68.4768407, -33.1921749 ], [ -68.4756485, -33.1926487 ] ] } },
{ "type": "Feature", "properties": { "id_tramo": 1088, "osm_id": "177170655", "zona": "URBANO", "km": 0.14672657961189381, "lado": null, "cordon": "SI", "cord_estado": "BUENO", "km_cordon": 0.12672657961189382, "fecha": "08-2026" }, "geometry": { "type": "LineString", "coordinates": [ [ -68.4761654, -33.191145 ], [ -68.475083, -33.1915231 ] ] } },
{ "type": "Feature", "properties": { "id_tramo": 1092, "osm_id": "612824061", "zona": "URBANO", "km": 0.13047179676169229, "lado": null, "cordon": "SI", "cord_estado": "BUENO", "km_cordon": 0.11047179676169229, "fecha": "08-2026" }, "geometry": { "type": "LineString", "coordinates": [ [ -68.4736442, -33.1917294 ], [ -68.473224200000018, -33.1909893 ] ] } },
{ "type": "Feature", "properties": { "id_tramo": 1100, "osm_id": "177170618", "zona": "URBANO", "km": 0.070325493939701653, "lado": null, "cordon": "SI", "cord_estado": "BUENO", "km_cordon": 0.050325493939701649, "fecha": "08-2026" }, "geometry": { "type": "LineString", "coordinates": [ [ -68.4717446, -33.187944 ], [ -68.4715186, -33.1876998 ] ] } },
{ "type": "Feature", "properties": { "id_tramo": 1103, "osm_id": "177170653", "zona": "URBANO", "km": 0.061035813649885341, "lado": null, "cordon": "SI", "cord_estado": "BUENO", "km_cordon": 0.041035813649885344, "fecha": "08-2026" }, "geometry": { "type": "LineString", "coordinates": [ [ -68.4702896, -33.1867549 ], [ -68.4700356, -33.1868425 ] ] } },
{ "type": "Feature", "properties": { "id_tramo": 1104, "osm_id": "177170653", "zona": "URBANO", "km": 0.053077690675584481, "lado": null, "cordon": "SI", "cord_estado": "REGULAR", "km_cordon": 0.033077690675584484, "fecha": "08-2026" }, "geometry": { "type": "LineString", "coordinates": [ [ -68.4715004, -33.186510600000013 ], [ -68.4712816, -33.1865886 ] ] } },
{ "type": "Feature", "properties": { "id_tramo": 1105, "osm_id": "177170653", "zona": "URBANO", "km": 0.052704075619337751, "lado": null, "cordon": "SI", "cord_estado": "BUENO", "km_cordon": 0.032704075619337747, "fecha": "08-2026" }, "geometry": { "type": "LineString", "coordinates": [ [ -68.4709942, -33.1866909 ], [ -68.4707687, -33.1867713 ] ] } },
{ "type": "Feature", "properties": { "id_tramo": 1106, "osm_id": "177170653", "zona": "URBANO", "km": 0.053077690675584481, "lado": null, "cordon": "SI", "cord_estado": "BUENO", "km_cordon": 0.033077690675584484, "fecha": "08-2026" }, "geometry": { "type": "LineString", "coordinates": [ [ -68.4715397, -33.186313900000016 ], [ -68.4710553, -33.1864816 ], [ -68.4709626, -33.1865137 ], [ -68.4706395, -33.1866255 ] ] } },
{ "type": "Feature", "properties": { "id_tramo": 1107, "osm_id": "183315903", "zona": "URBANO", "km": 0.11705292466881624, "lado": null, "cordon": "SI", "cord_estado": "REGULAR", "km_cordon": 0.097052924668816237, "fecha": "08-2026" }, "geometry": { "type": "LineString", "coordinates": [ [ -68.4721577, -33.1870901 ], [ -68.4716174, -33.186534200000011 ] ] } },
{ "type": "Feature", "properties": { "id_tramo": 1108, "osm_id": "183315903", "zona": "URBANO", "km": 0.11705292466881624, "lado": null, "cordon": "SI", "cord_estado": "MALO", "km_cordon": 0.097052924668816237, "fecha": "08-2026" }, "geometry": { "type": "LineString", "coordinates": [ [ -68.4723281, -33.187025 ], [ -68.4716758, -33.1863375 ] ] } },
{ "type": "Feature", "properties": { "id_tramo": 1110, "osm_id": "177321969", "zona": "URBANO", "km": 0.12755197609452087, "lado": null, "cordon": "SI", "cord_estado": "BUENO", "km_cordon": 0.10755197609452087, "fecha": "08-2026" }, "geometry": { "type": "LineString", "coordinates": [ [ -68.4580715, -33.1893008 ], [ -68.4571396, -33.1879797 ] ] } },
{ "type": "Feature", "properties": { "id_tramo": 1114, "osm_id": "177321969", "zona": "URBANO", "km": 0.11943313789498594, "lado": null, "cordon": "SI", "cord_estado": "REGULAR", "km_cordon": 0.099433137894985937, "fecha": "08-2026" }, "geometry": { "type": "LineString", "coordinates": [ [ -68.4562598, -33.1866831 ], [ -68.4558671, -33.1860712 ] ] } },
{ "type": "Feature", "properties": { "id_tramo": 1117, "osm_id": "177321947", "zona": "URBANO", "km": 0.11917427163506264, "lado": null, "cordon": "SI", "cord_estado": "REGULAR", "km_cordon": 0.099174271635062636, "fecha": "08-2026" }, "geometry": { "type": "LineString", "coordinates": [ [ -68.4574753, -33.1862865 ], [ -68.4571036, -33.1856888 ] ] } }
]
}
