{
"type": "FeatureCollection",
"name": "cordon_banquina_ej",
"crs": { "type": "name", "properties": { "name": "urn:ogc:def:crs:OGC:1.3:CRS84" } },
"features": [
{ "type": "Feature", "properties": { "id": "way/258321788", "@id": "way/258321788", "CORDON": "SI", "cord_estado ": "REGULAR", "BANQUINA": "SI", "BANQ_ESTADO": "REGULAR", "BANQ_MAT": "TIERRA", "CUNETA": "SI", "CUN_MAT": "HORMIGON", "FECHA": "08-2026", "OBS": null }, "geometry": { "type": "LineString", "coordinates": [ [ -68.4665772, -33.197471 ], [ -68.4660607, -33.1966756 ] ] } },
{ "type": "Feature", "properties": { "id": "way/258321790", "@id": "way/258321790", "CORDON": "SI", "cord_estado ": "REGULAR", "BANQUINA": "SI", "BANQ_ESTADO": "REGULAR", "BANQ_MAT": "TIERRA", "CUNETA": "SI", "CUN_MAT": "HORMIGON", "FECHA": "08-2026", "OBS": null }, "geometry": { "type": "LineString", "coordinates": [ [ -68.4684353, -33.2003369 ], [ -68.4680236, -33.1997061 ] ] } },
{ "type": "Feature", "properties": { "id": "way/258321792", "@id": "way/258321792", "CORDON": "SI", "cord_estado ": "REGULAR", "BANQUINA": "SI", "BANQ_ESTADO": "REGULAR", "BANQ_MAT": "TIERRA", "CUNETA": "SI", "CUN_MAT": "HORMIGON", "FECHA": "08-2026", "OBS": null }, "geometry": { "type": "LineString", "coordinates": [ [ -68.4656506, -33.1964318 ], [ -68.4651953, -33.1957533 ] ] } },
{ "type": "Feature", "properties": { "id": "way/258321793", "@id": "way/258321793", "CORDON": "SI", "cord_estado ": "REGULAR", "BANQUINA": "SI", "BANQ_ESTADO": "REGULAR", "BANQ_MAT": "TIERRA", "CUNETA": "SI", "CUN_MAT": "HORMIGON", "FECHA": "08-2026", "OBS": null }, "geometry": { "type": "LineString", "coordinates": [ [ -68.4676222, -33.1994807 ], [ -68.4672132, -33.1988465 ] ] } },
{ "type": "Feature", "properties": { "id": "way/258321794", "@id": "way/258321794", "CORDON": "SI", "cord_estado ": "REGULAR", "BANQUINA": "SI", "BANQ_ESTADO": "REGULAR", "BANQ_MAT": "TIERRA", "CUNETA": "SI", "CUN_MAT": "HORMIGON", "FECHA": "08-2026", "OBS": null }, "geometry": { "type": "LineString", "coordinates": [ [ -68.4672099, -33.1984536 ], [ -68.4667908, -33.1978044 ] ] } },
{ "type": "Feature", "properties": { "id": "way/258321795", "@id": "way/258321795", "CORDON": "SI", "cord_estado ": "REGULAR", "BANQUINA": "SI", "BANQ_ESTADO": "REGULAR", "BANQ_MAT": "TIERRA", "CUNETA": "SI", "CUN_MAT": "HORMIGON", "FECHA": "08-2026", "OBS": null }, "geometry": { "type": "LineString", "coordinates": [ [ -68.4675583, -33.1946502 ], [ -68.4679942, -33.195332 ] ] } },
{ "type": "Feature", "properties": { "id": "way/258321796", "@id": "way/258321796", "CORDON": "SI", "cord_estado ": "REGULAR", "BANQUINA": "SI", "BANQ_ESTADO": "REGULAR", "BANQ_MAT": "TIERRA", "CUNETA": "SI", "CUN_MAT": "HORMIGON", "FECHA": "08-2026", "OBS": null }, "geometry": { "type": "LineString", "coordinates": [ [ -68.4650016, -33.1954476 ], [ -68.4644752, -33.1946274 ] ] } },
{ "type": "Feature", "properties": { "id": "way/258321798", "@id": "way/258321798", "CORDON": "SI", "cord_estado ": "REGULAR", "BANQUINA": "SI", "BANQ_ESTADO": "REGULAR", "BANQ_MAT": "TIERRA", "CUNETA": "SI", "CUN_MAT": "HORMIGON", "FECHA": "08-2026", "OBS": null }, "geometry": { "type": "LineString", "coordinates": [ [ -68.4642807, -33.1943261 ], [ -68.4637641, -33.1935291 ] ] } },
{ "type": "Feature", "properties": { "id": "way/258321799", "@id": "way/258321799", "CORDON": "SI", "cord_estado ": "REGULAR", "BANQUINA": "SI", "BANQ_ESTADO": "REGULAR", "BANQ_MAT": "TIERRA", "CUNETA": "SI", "CUN_MAT": "HORMIGON", "FECHA": "08-2026", "OBS": null }, "geometry": { "type": "LineString", "coordinates": [ [ -68.4651943, -33.1953716 ], [ -68.4646755, -33.1945395 ] ] } },
{ "type": "Feature", "properties": { "id": "way/258321800", "@id": "way/258321800", "CORDON": "SI", "cord_estado ": "REGULAR", "BANQUINA": "SI", "BANQ_ESTADO": "REGULAR", "BANQ_MAT": "TIERRA", "CUNETA": "SI", "CUN_MAT": "HORMIGON", "FECHA": "08-2026", "OBS": null }, "geometry": { "type": "LineString", "coordinates": [ [ -68.4677631, -33.1946062 ], [ -68.4681948, -33.1952601 ] ] } },
{ "type": "Feature", "properties": { "id": "way/258321803", "@id": "way/258321803", "CORDON": "SI", "cord_estado ": "REGULAR", "BANQUINA": "SI", "BANQ_ESTADO": "REGULAR", "BANQ_MAT": "TIERRA", "CUNETA": "SI", "CUN_MAT": "HORMIGON", "FECHA": "08-2026", "OBS": null }, "geometry": { "type": "LineString", "coordinates": [ [ -68.4661689, -33.1972456 ], [ -68.4658482, -33.1967552 ] ] } },
{ "type": "Feature", "properties": { "id": "way/258321806", "@id": "way/258321806", "CORDON": "SI", "cord_estado ": "REGULAR", "BANQUINA": "SI", "BANQ_ESTADO": "REGULAR", "BANQ_MAT": "TIERRA", "CUNETA": "SI", "CUN_MAT": "HORMIGON", "FECHA": "08-2026", "OBS": null }, "geometry": { "type": "LineString", "coordinates": [ [ -68.4688724, -33.2009995 ], [ -68.4686427, -33.2006457 ] ] } },
{ "type": "Feature", "properties": { "id": "way/258321808", "@id": "way/258321808", "CORDON": "SI", "cord_estado ": "REGULAR", "BANQUINA": "SI", "BANQ_ESTADO": "REGULAR", "BANQ_MAT": "TIERRA", "CUNETA": "SI", "CUN_MAT": "HORMIGON", "FECHA": "08-2026", "OBS": null }, "geometry": { "type": "LineString", "coordinates": [ [ -68.4644673, -33.1942514 ], [ -68.4639374, -33.1934673 ] ] } },
{ "type": "Feature", "properties": { "id": "way/258321810", "@id": "way/258321810", "CORDON": "SI", "cord_estado ": "REGULAR", "BANQUINA": "SI", "BANQ_ESTADO": "REGULAR", "BANQ_MAT": "TIERRA", "CUNETA": "SI", "CUN_MAT": "HORMIGON", "FECHA": "08-2026", "OBS": null }, "geometry": { "type": "LineString", "coordinates": [ [ -68.4678202, -33.1994007 ], [ -68.4673995, -33.1987672 ] ] } },
{ "type": "Feature", "properties": { "id": "way/258321816", "@id": "way/258321816", "CORDON": "SI", "cord_estado ": "REGULAR", "BANQUINA": "SI", "BANQ_ESTADO": "REGULAR", "BANQ_MAT": "TIERRA", "CUNETA": "SI", "CUN_MAT": "HORMIGON", "FECHA": "08-2026", "OBS": null }, "geometry": { "type": "LineString", "coordinates": [ [ -68.467801, -33.1968962 ], [ -68.4672888, -33.1961115 ] ] } },
{ "type": "Feature", "properties": { "id": "way/258321817", "@id": "way/258321817", "CORDON": "SI", "cord_estado ": "REGULAR", "BANQUINA": "SI", "BANQ_ESTADO": "REGULAR", "BANQ_MAT": "TIERRA", "CUNETA": "SI", "CUN_MAT": "HORMIGON", "FECHA": "08-2026", "OBS": null }, "geometry": { "type": "LineString", "coordinates": [ [ -68.4675979, -33.1969893 ], [ -68.4670794, -33.1961936 ] ] } },
{ "type": "Feature", "properties": { "id": "way/258321819", "@id": "way/258321819", "CORDON": "SI", "cord_estado ": "REGULAR", "BANQUINA": "SI", "BANQ_ESTADO": "REGULAR", "BANQ_MAT": "TIERRA", "CUNETA": "SI", "CUN_MAT": "HORMIGON", "FECHA": "08-2026", "OBS": null }, "geometry": { "type": "LineString", "coordinates": [ [ -68.4670125, -33.1985401 ], [ -68.4663667, -33.1975411 ] ] } },
{ "type": "Feature", "properties": { "id": "way/258321820", "@id": "way/258321820", "CORDON": "SI", "cord_estado ": "REGULAR", "BANQUINA": "SI", "BANQ_ESTADO": "REGULAR", "BANQ_MAT": "TIERRA", "CUNETA": "SI", "CUN_MAT": "HORMIGON", "FECHA": "08-2026", "OBS": null }, "geometry": { "type": "LineString", "coordinates": [ [ -68.4690303, -33.2016427 ], [ -68.468368, -33.2006294 ], [ -68.4683039, -33.2005312 ], [ -68.4678112, -33.1997774 ] ] } },
{ "type": "Feature", "properties": { "id": "way/258321821", "@id": "way/258321821", "CORDON": "SI", "cord_estado ": "REGULAR", "BANQUINA": "SI", "BANQ_ESTADO": "REGULAR", "BANQ_MAT": "TIERRA", "CUNETA": "SI", "CUN_MAT": "HORMIGON", "FECHA": "08-2026", "OBS": null }, "geometry": { "type": "LineString", "coordinates": [ [ -68.4669298, -33.1961438 ], [ -68.4660727, -33.1965426 ] ] } },
{ "type": "Feature", "properties": { "id": "way/258321823", "@id": "way/258321823", "CORDON": "SI", "cord_estado ": "REGULAR", "BANQUINA": "SI", "BANQ_ESTADO": "REGULAR", "BANQ_MAT": "TIERRA", "CUNETA": "SI", "CUN_MAT": "HORMIGON", "FECHA": "08-2026", "OBS": null }, "geometry": { "type": "LineString", "coordinates": [ [ -68.4692711, -33.2015983 ], [ -68.4690276, -33.2012207 ] ] } },
{ "type": "Feature", "properties": { "id": "way/258582938", "@id": "way/258582938", "CORDON": "SI", "cord_estado ": "REGULAR", "BANQUINA": "SI", "BANQ_ESTADO": "REGULAR", "BANQ_MAT": "TIERRA", "CUNETA": "SI", "CUN_MAT": "HORMIGON", "FECHA": "08-2026", "OBS": null }, "geometry": { "type": "LineString", "coordinates": [ [ -68.4635688, -33.1932399 ], [ -68.4630708, -33.192501 ] ] } },
{ "type": "Feature", "properties": { "id": "way/258582939", "@id": "way/258582939", "CORDON": "SI", "cord_estado ": "REGULAR", "BANQUINA": "SI", "BANQ_ESTADO": "REGULAR", "BANQ_MAT": "TIERRA", "CUNETA": "SI", "CUN_MAT": "HORMIGON", "FECHA": "08-2026", "OBS": null }, "geometry": { "type": "LineString", "coordinates": [ [ -68.4637497, -33.193155 ], [ -68.463273, -33.1924361 ] ] } },
{ "type": "Feature", "properties": { "id": "way/406994668", "@id": "way/406994668", "CORDON": "SI", "cord_estado ": "REGULAR", "BANQUINA": "SI", "BANQ_ESTADO": "REGULAR", "BANQ_MAT": "TIERRA", "CUNETA": "SI", "CUN_MAT": "HORMIGON", "FECHA": "08-2026", "OBS": null }, "geometry": { "type": "LineString", "coordinates": [ [ -68.468073, -33.1956022 ], [ -68.4672952, -33.1959663 ] ] } },
{ "type": "Feature", "properties": { "id": "way/406994669", "@id": "way/406994669", "CORDON": "SI", "cord_estado ": "REGULAR", "BANQUINA": "SI", "BANQ_ESTADO": "REGULAR", "BANQ_MAT": "TIERRA", "CUNETA": "SI", "CUN_MAT": "HORMIGON", "FECHA": "08-2026", "OBS": null }, "geometry": { "type": "LineString", "coordinates": [ [ -68.46483, -33.1929651 ], [ -68.4639879, -33.1933467 ] ] } },
{ "type": "Feature", "properties": { "id": "way/406994670", "@id": "way/406994670", "CORDON": "SI", "cord_estado ": "REGULAR", "BANQUINA": "SI", "BANQ_ESTADO": "REGULAR", "BANQ_MAT": "TIERRA", "CUNETA": "SI", "CUN_MAT": "HORMIGON", "FECHA": "08-2026", "OBS": null }, "geometry": { "type": "LineString", "coordinates": [ [ -68.4652064, -33.1927889 ], [ -68.4659653, -33.1924464 ] ] } },
{ "type": "Feature", "properties": { "id": "way/406994671", "@id": "way/406994671", "CORDON": "SI", "cord_estado ": "REGULAR", "BANQUINA": "SI", "BANQ_ESTADO": "REGULAR", "BANQ_MAT": "TIERRA", "CUNETA": "SI", "CUN_MAT": "HORMIGON", "FECHA": "08-2026", "OBS": null }, "geometry": { "type": "LineString", "coordinates": [ [ -68.4674387, -33.1946002 ], [ -68.4666162, -33.1949804 ] ] } },
{ "type": "Feature", "properties": { "id": "way/924950739", "@id": "way/924950739", "CORDON": "SI", "cord_estado ": "REGULAR", "BANQUINA": "SI", "BANQ_ESTADO": "REGULAR", "BANQ_MAT": "TIERRA", "CUNETA": "SI", "CUN_MAT": "HORMIGON", "FECHA": "08-2026", "OBS": null }, "geometry": { "type": "LineString", "coordinates": [ [ -68.4735232, -33.2010583 ], [ -68.4732288, -33.2012162 ], [ -68.473017, -33.2013207 ], [ -68.4729461, -33.2013495 ], [ -68.4728705, -33.2013666 ], [ -68.4695817, -33.2018316 ] ] } },
{ "type": "Feature", "properties": { "id": "way/924950740", "@id": "way/924950740", "CORDON": "SI", "cord_estado ": "REGULAR", "BANQUINA": "SI", "BANQ_ESTADO": "REGULAR", "BANQ_MAT": "TIERRA", "CUNETA": "SI", "CUN_MAT": "HORMIGON", "FECHA": "08-2026", "OBS": null }, "geometry": { "type": "LineString", "coordinates": [ [ -68.469783, -33.2015833 ], [ -68.4694121, -33.2016323 ] ] } },
{ "type": "Feature", "properties": { "id": "way/924950741", "@id": "way/924950741", "CORDON": "SI", "cord_estado ": "REGULAR", "BANQUINA": "SI", "BANQ_ESTADO": "REGULAR", "BANQ_MAT": "TIERRA", "CUNETA": "SI", "CUN_MAT": "HORMIGON", "FECHA": "08-2026", "OBS": null }, "geometry": { "type": "LineString", "coordinates": [ [ -68.4703438, -33.2014927 ], [ -68.4700467, -33.2015426 ] ] } },
{ "type": "Feature", "properties": { "id": "way/924950742", "@id": "way/924950742", "CORDON": "SI", "cord_estado ": "REGULAR", "BANQUINA": "SI", "BANQ_ESTADO": "REGULAR", "BANQ_MAT": "TIERRA", "CUNETA": "SI", "CUN_MAT": "HORMIGON", "FECHA": "08-2026", "OBS": null }, "geometry": { "type": "LineString", "coordinates": [ [ -68.4718058, -33.2012907 ], [ -68.4707301, -33.2014442 ] ] } },
{ "type": "Feature", "properties": { "id": "way/924950743", "@id": "way/924950743", "CORDON": "SI", "cord_estado ": "REGULAR", "BANQUINA": "SI", "BANQ_ESTADO": "REGULAR", "BANQ_MAT": "TIERRA", "CUNETA": "SI", "CUN_MAT": "HORMIGON", "FECHA": "08-2026", "OBS": null }, "geometry": { "type": "LineString", "coordinates": [ [ -68.4727526, -33.2011558 ], [ -68.4725989, -33.2011785 ], [ -68.472192, -33.2012337 ] ] } },
{ "type": "Feature", "properties": { "id": "way/924950744", "@id": "way/924950744", "CORDON": "SI", "cord_estado ": "REGULAR", "BANQUINA": "SI", "BANQ_ESTADO": "REGULAR", "BANQ_MAT": "TIERRA", "CUNETA": "SI", "CUN_MAT": "HORMIGON", "FECHA": "08-2026", "OBS": null }, "geometry": { "type": "LineString", "coordinates": [ [ -68.4734083, -33.2008447 ], [ -68.4730733, -33.2010301 ] ] } },
{ "type": "Feature", "properties": { "id": "way/924950747", "@id": "way/924950747", "CORDON": "SI", "cord_estado ": "REGULAR", "BANQUINA": "SI", "BANQ_ESTADO": "REGULAR", "BANQ_MAT": "TIERRA", "CUNETA": "SI", "CUN_MAT": "HORMIGON", "FECHA": "08-2026", "OBS": null }, "geometry": { "type": "LineString", "coordinates": [ [ -68.4676468, -33.1972961 ], [ -68.4668216, -33.1976803 ] ] } },
{ "type": "Feature", "properties": { "id": "way/924950748", "@id": "way/924950748", "CORDON": "SI", "cord_estado ": "REGULAR", "BANQUINA": "SI", "BANQ_ESTADO": "REGULAR", "BANQ_MAT": "TIERRA", "CUNETA": "SI", "CUN_MAT": "HORMIGON", "FECHA": "08-2026", "OBS": null }, "geometry": { "type": "LineString", "coordinates": [ [ -68.4675534, -33.1971387 ], [ -68.4667341, -33.19752 ] ] } },
{ "type": "Feature", "properties": { "id": "way/924950749", "@id": "way/924950749", "CORDON": "SI", "cord_estado ": "REGULAR", "BANQUINA": "SI", "BANQ_ESTADO": "REGULAR", "BANQ_MAT": "TIERRA", "CUNETA": "SI", "CUN_MAT": "HORMIGON", "FECHA": "08-2026", "OBS": null }, "geometry": { "type": "LineString", "coordinates": [ [ -68.4689351, -33.1991894 ], [ -68.4680685, -33.1995809 ] ] } },
{ "type": "Feature", "properties": { "id": "way/924950750", "@id": "way/924950750", "CORDON": "SI", "cord_estado ": "REGULAR", "BANQUINA": "SI", "BANQ_ESTADO": "REGULAR", "BANQ_MAT": "TIERRA", "CUNETA": "SI", "CUN_MAT": "HORMIGON", "FECHA": "08-2026", "OBS": null }, "geometry": { "type": "LineString", "coordinates": [ [ -68.4688094, -33.1990319 ], [ -68.4679563, -33.1994303 ] ] } },
{ "type": "Feature", "properties": { "id": "way/924950751", "@id": "way/924950751", "CORDON": "SI", "cord_estado ": "REGULAR", "BANQUINA": "SI", "BANQ_ESTADO": "REGULAR", "BANQ_MAT": "TIERRA", "CUNETA": "SI", "CUN_MAT": "HORMIGON", "FECHA": "08-2026", "OBS": null }, "geometry": { "type": "LineString", "coordinates": [ [ -68.4695498, -33.2001208 ], [ -68.4686651, -33.2005408 ] ] } },
{ "type": "Feature", "properties": { "id": "way/924950752", "@id": "way/924950752", "CORDON": "SI", "cord_estado ": "REGULAR", "BANQUINA": "SI", "BANQ_ESTADO": "REGULAR", "BANQ_MAT": "TIERRA", "CUNETA": "SI", "CUN_MAT": "HORMIGON", "FECHA": "08-2026", "OBS": null }, "geometry": { "type": "LineString", "coordinates": [ [ -68.4694241, -33.199977 ], [ -68.468571, -33.2003675 ] ] } },
{ "type": "Feature", "properties": { "id": "way/924950753", "@id": "way/924950753", "CORDON": "SI", "cord_estado ": "REGULAR", "BANQUINA": "SI", "BANQ_ESTADO": "REGULAR", "BANQ_MAT": "TIERRA", "CUNETA": "SI", "CUN_MAT": "HORMIGON", "FECHA": "08-2026", "OBS": null }, "geometry": { "type": "LineString", "coordinates": [ [ -68.4694211, -33.2009655 ], [ -68.4690611, -33.2011215 ] ] } },
{ "type": "Feature", "properties": { "id": "way/924950754", "@id": "way/924950754", "CORDON": "SI", "cord_estado ": "REGULAR", "BANQUINA": "SI", "BANQ_ESTADO": "REGULAR", "BANQ_MAT": "TIERRA", "CUNETA": "SI", "CUN_MAT": "HORMIGON", "FECHA": "08-2026", "OBS": null }, "geometry": { "type": "LineString", "coordinates": [ [ -68.4698769, -33.2006622 ], [ -68.4690305, -33.2010363 ] ] } },
{ "type": "Feature", "properties": { "id": "way/924950755", "@id": "way/924950755", "CORDON": "SI", "cord_estado ": "REGULAR", "BANQUINA": "SI", "BANQ_ESTADO": "REGULAR", "BANQ_MAT": "TIERRA", "CUNETA": "SI", "CUN_MAT": "HORMIGON", "FECHA": "08-2026", "OBS": null }, "geometry": { "type": "LineString", "coordinates": [ [ -68.4670582, -33.1957782 ], [ -68.4666098, -33.1950961 ] ] } },
{ "type": "Feature", "properties": { "id": "way/924950757", "@id": "way/924950757", "CORDON": "SI", "cord_estado ": "REGULAR", "BANQUINA": "SI", "BANQ_ESTADO": "REGULAR", "BANQ_MAT": "TIERRA", "CUNETA": "SI", "CUN_MAT": "HORMIGON", "FECHA": "08-2026", "OBS": null }, "geometry": { "type": "LineString", "coordinates": [ [ -68.4689375, -33.19639 ], [ -68.468381, -33.1955645 ] ] } },
{ "type": "Feature", "properties": { "id": "way/924950758", "@id": "way/924950758", "CORDON": "SI", "cord_estado ": "REGULAR", "BANQUINA": "SI", "BANQ_ESTADO": "REGULAR", "BANQ_MAT": "TIERRA", "CUNETA": "SI", "CUN_MAT": "HORMIGON", "FECHA": "08-2026", "OBS": null }, "geometry": { "type": "LineString", "coordinates": [ [ -68.4687416, -33.1964766 ], [ -68.4681999, -33.1956428 ] ] } },
{ "type": "Feature", "properties": { "id": "way/924950759", "@id": "way/924950759", "CORDON": "SI", "cord_estado ": "REGULAR", "BANQUINA": "SI", "BANQ_ESTADO": "REGULAR", "BANQ_MAT": "TIERRA", "CUNETA": "SI", "CUN_MAT": "HORMIGON", "FECHA": "08-2026", "OBS": null }, "geometry": { "type": "LineString", "coordinates": [ [ -68.4699327, -33.2007587 ], [ -68.469647, -33.200875 ] ] } },
{ "type": "Feature", "properties": { "id": "way/924950760", "@id": "way/924950760", "CORDON": "SI", "cord_estado ": "REGULAR", "BANQUINA": "SI", "BANQ_ESTADO": "REGULAR", "BANQ_MAT": "TIERRA", "CUNETA": "SI", "CUN_MAT": "HORMIGON", "FECHA": "08-2026", "OBS": null }, "geometry": { "type": "LineString", "coordinates": [ [ -68.4682834, -33.1982471 ], [ -68.4674405, -33.1986423 ] ] } },
{ "type": "Feature", "properties": { "id": "way/924950761", "@id": "way/924950761", "CORDON": "SI", "cord_estado ": "REGULAR", "BANQUINA": "SI", "BANQ_ESTADO": "REGULAR", "BANQ_MAT": "TIERRA", "CUNETA": "SI", "CUN_MAT": "HORMIGON", "FECHA": "08-2026", "OBS": null }, "geometry": { "type": "LineString", "coordinates": [ [ -68.4681861, -33.1980764 ], [ -68.4673513, -33.1984709 ] ] } },
{ "type": "Feature", "properties": { "id": "way/924950762", "@id": "way/924950762", "CORDON": "SI", "cord_estado ": "REGULAR", "BANQUINA": "SI", "BANQ_ESTADO": "REGULAR", "BANQ_MAT": "TIERRA", "CUNETA": "SI", "CUN_MAT": "HORMIGON", "FECHA": "08-2026", "OBS": null }, "geometry": { "type": "LineString", "coordinates": [ [ -68.4673358, -33.1944638 ], [ -68.4665495, -33.1948304 ] ] } },
{ "type": "Feature", "properties": { "id": "way/924950763", "@id": "way/924950763", "CORDON": "SI", "cord_estado ": "REGULAR", "BANQUINA": "SI", "BANQ_ESTADO": "REGULAR", "BANQ_MAT": "TIERRA", "CUNETA": "SI", "CUN_MAT": "HORMIGON", "FECHA": "08-2026", "OBS": null }, "geometry": { "type": "LineString", "coordinates": [ [ -68.4679884, -33.1954428 ], [ -68.4672254, -33.1958004 ] ] } },
{ "type": "Feature", "properties": { "id": "way/924950764", "@id": "way/924950764", "CORDON": "SI", "cord_estado ": "REGULAR", "BANQUINA": "SI", "BANQ_ESTADO": "REGULAR", "BANQ_MAT": "TIERRA", "CUNETA": "SI", "CUN_MAT": "HORMIGON", "FECHA": "08-2026", "OBS": null }, "geometry": { "type": "LineString", "coordinates": [ [ -68.4688087, -33.1967618 ], [ -68.4680402, -33.1971134 ] ] } },
{ "type": "Feature", "properties": { "id": "way/924950765", "@id": "way/924950765", "CORDON": "SI", "cord_estado ": "REGULAR", "BANQUINA": "SI", "BANQ_ESTADO": "REGULAR", "BANQ_MAT": "TIERRA", "CUNETA": "SI", "CUN_MAT": "HORMIGON", "FECHA": "08-2026", "OBS": null }, "geometry": { "type": "LineString", "coordinates": [ [ -68.4687027, -33.1965994 ], [ -68.4679662, -33.1969415 ] ] } },
{ "type": "Feature", "properties": { "id": "way/924950766", "@id": "way/924950766", "CORDON": "SI", "cord_estado ": "REGULAR", "BANQUINA": "SI", "BANQ_ESTADO": "REGULAR", "BANQ_MAT": "TIERRA", "CUNETA": "SI", "CUN_MAT": "HORMIGON", "FECHA": "08-2026", "OBS": null }, "geometry": { "type": "LineString", "coordinates": [ [ -68.4694364, -33.1977163 ], [ -68.4686809, -33.1980618 ] ] } },
{ "type": "Feature", "properties": { "id": "way/924950767", "@id": "way/924950767", "CORDON": "SI", "cord_estado ": "REGULAR", "BANQUINA": "SI", "BANQ_ESTADO": "REGULAR", "BANQ_MAT": "TIERRA", "CUNETA": "SI", "CUN_MAT": "HORMIGON", "FECHA": "08-2026", "OBS": null }, "geometry": { "type": "LineString", "coordinates": [ [ -68.4693296, -33.1975476 ], [ -68.468569, -33.197908 ] ] } },
{ "type": "Feature", "properties": { "id": "way/924950768", "@id": "way/924950768", "CORDON": "SI", "cord_estado ": "REGULAR", "BANQUINA": "SI", "BANQ_ESTADO": "REGULAR", "BANQ_MAT": "TIERRA", "CUNETA": "SI", "CUN_MAT": "HORMIGON", "FECHA": "08-2026", "OBS": null }, "geometry": { "type": "LineString", "coordinates": [ [ -68.4700535, -33.1986647 ], [ -68.4692925, -33.199018 ] ] } },
{ "type": "Feature", "properties": { "id": "way/924950769", "@id": "way/924950769", "CORDON": "SI", "cord_estado ": "REGULAR", "BANQUINA": "SI", "BANQ_ESTADO": "REGULAR", "BANQ_MAT": "TIERRA", "CUNETA": "SI", "CUN_MAT": "HORMIGON", "FECHA": "08-2026", "OBS": null }, "geometry": { "type": "LineString", "coordinates": [ [ -68.4699322, -33.1985083 ], [ -68.4691996, -33.1988441 ] ] } },
{ "type": "Feature", "properties": { "id": "way/924950770", "@id": "way/924950770", "CORDON": "SI", "cord_estado ": "REGULAR", "BANQUINA": "SI", "BANQ_ESTADO": "REGULAR", "BANQ_MAT": "TIERRA", "CUNETA": "SI", "CUN_MAT": "HORMIGON", "FECHA": "08-2026", "OBS": null }, "geometry": { "type": "LineString", "coordinates": [ [ -68.4706564, -33.1996268 ], [ -68.4699039, -33.199965 ] ] } },
{ "type": "Feature", "properties": { "id": "way/924950771", "@id": "way/924950771", "CORDON": "SI", "cord_estado ": "REGULAR", "BANQUINA": "SI", "BANQ_ESTADO": "REGULAR", "BANQ_MAT": "TIERRA", "CUNETA": "SI", "CUN_MAT": "HORMIGON", "FECHA": "08-2026", "OBS": null }, "geometry": { "type": "LineString", "coordinates": [ [ -68.4705504, -33.1994548 ], [ -68.4698049, -33.1998018 ] ] } },
{ "type": "Feature", "properties": { "id": "way/924950772", "@id": "way/924950772", "CORDON": "SI", "cord_estado ": "REGULAR", "BANQUINA": "SI", "BANQ_ESTADO": "REGULAR", "BANQ_MAT": "TIERRA", "CUNETA": "SI", "CUN_MAT": "HORMIGON", "FECHA": "08-2026", "OBS": null }, "geometry": { "type": "LineString", "coordinates": [ [ -68.4711522, -33.2002882 ], [ -68.4703056, -33.2006969 ] ] } },
{ "type": "Feature", "properties": { "id": "way/924950773", "@id": "way/924950773", "CORDON": "SI", "cord_estado ": "REGULAR", "BANQUINA": "SI", "BANQ_ESTADO": "REGULAR", "BANQ_MAT": "TIERRA", "CUNETA": "SI", "CUN_MAT": "HORMIGON", "FECHA": "08-2026", "OBS": null }, "geometry": { "type": "LineString", "coordinates": [ [ -68.4710662, -33.2001214 ], [ -68.4702156, -33.2005115 ] ] } },
{ "type": "Feature", "properties": { "id": "way/924950774", "@id": "way/924950774", "CORDON": "SI", "cord_estado ": "REGULAR", "BANQUINA": "SI", "BANQ_ESTADO": "REGULAR", "BANQ_MAT": "TIERRA", "CUNETA": "SI", "CUN_MAT": "HORMIGON", "FECHA": "08-2026", "OBS": null }, "geometry": { "type": "LineString", "coordinates": [ [ -68.4633397, -33.1947458 ], [ -68.4628589, -33.1940114 ] ] } },
{ "type": "Feature", "properties": { "id": "way/924950775", "@id": "way/924950775", "CORDON": "SI", "cord_estado ": "REGULAR", "BANQUINA": "SI", "BANQ_ESTADO": "REGULAR", "BANQ_MAT": "TIERRA", "CUNETA": "SI", "CUN_MAT": "HORMIGON", "FECHA": "08-2026", "OBS": null }, "geometry": { "type": "LineString", "coordinates": [ [ -68.4631373, -33.1948176 ], [ -68.4626529, -33.1940811 ] ] } },
{ "type": "Feature", "properties": { "id": "way/924950776", "@id": "way/924950776", "CORDON": "SI", "cord_estado ": "REGULAR", "BANQUINA": "SI", "BANQ_ESTADO": "REGULAR", "BANQ_MAT": "TIERRA", "CUNETA": "SI", "CUN_MAT": "HORMIGON", "FECHA": "08-2026", "OBS": null }, "geometry": { "type": "LineString", "coordinates": [ [ -68.465701, -33.1937053 ], [ -68.4651617, -33.192906 ] ] } },
{ "type": "Feature", "properties": { "id": "way/924950777", "@id": "way/924950777", "CORDON": "SI", "cord_estado ": "REGULAR", "BANQUINA": "SI", "BANQ_ESTADO": "REGULAR", "BANQ_MAT": "TIERRA", "CUNETA": "SI", "CUN_MAT": "HORMIGON", "FECHA": "08-2026", "OBS": null }, "geometry": { "type": "LineString", "coordinates": [ [ -68.4655074, -33.1937783 ], [ -68.4649839, -33.1929776 ] ] } },
{ "type": "Feature", "properties": { "id": "way/924950779", "@id": "way/924950779", "CORDON": "SI", "cord_estado ": "REGULAR", "BANQUINA": "SI", "BANQ_ESTADO": "REGULAR", "BANQ_MAT": "TIERRA", "CUNETA": "SI", "CUN_MAT": "HORMIGON", "FECHA": "08-2026", "OBS": null }, "geometry": { "type": "LineString", "coordinates": [ [ -68.4661843, -33.1950078 ], [ -68.4653303, -33.1954104 ] ] } },
{ "type": "Feature", "properties": { "id": "way/924950780", "@id": "way/924950780", "CORDON": "SI", "cord_estado ": "REGULAR", "BANQUINA": "SI", "BANQ_ESTADO": "REGULAR", "BANQ_MAT": "TIERRA", "CUNETA": "SI", "CUN_MAT": "HORMIGON", "FECHA": "08-2026", "OBS": null }, "geometry": { "type": "LineString", "coordinates": [ [ -68.4655553, -33.1940732 ], [ -68.4647174, -33.1944428 ] ] } },
{ "type": "Feature", "properties": { "id": "way/924950781", "@id": "way/924950781", "CORDON": "SI", "cord_estado ": "REGULAR", "BANQUINA": "SI", "BANQ_ESTADO": "REGULAR", "BANQ_MAT": "TIERRA", "CUNETA": "SI", "CUN_MAT": "HORMIGON", "FECHA": "08-2026", "OBS": null }, "geometry": { "type": "LineString", "coordinates": [ [ -68.4654676, -33.1939009 ], [ -68.464602, -33.194296 ] ] } },
{ "type": "Feature", "properties": { "id": "way/924950782", "@id": "way/924950782", "CORDON": "SI", "cord_estado ": "REGULAR", "BANQUINA": "SI", "BANQ_ESTADO": "REGULAR", "BANQ_MAT": "TIERRA", "CUNETA": "SI", "CUN_MAT": "HORMIGON", "FECHA": "08-2026", "OBS": null }, "geometry": { "type": "LineString", "coordinates": [ [ -68.4647114, -33.192811 ], [ -68.4639124, -33.193183 ] ] } },
{ "type": "Feature", "properties": { "id": "way/924950784", "@id": "way/924950784", "CORDON": "SI", "cord_estado ": "REGULAR", "BANQUINA": "SI", "BANQ_ESTADO": "REGULAR", "BANQ_MAT": "TIERRA", "CUNETA": "SI", "CUN_MAT": "HORMIGON", "FECHA": "08-2026", "OBS": null }, "geometry": { "type": "LineString", "coordinates": [ [ -68.4635256, -33.1933615 ], [ -68.4627692, -33.1937099 ] ] } },
{ "type": "Feature", "properties": { "id": "way/924950785", "@id": "way/924950785", "CORDON": "SI", "cord_estado ": "BUENO", "BANQUINA": "SI", "BANQ_ESTADO": "REGULAR", "BANQ_MAT": "TIERRA", "CUNETA": "SI", "CUN_MAT": "HORMIGON", "FECHA": "08-2026", "OBS": null }, "geometry": { "type": "LineString", "coordinates": [ [ -68.46364, -33.1935103 ], [ -68.4628503, -33.1938731 ] ] } },
{ "type": "Feature", "properties": { "id": "way/924950786", "@id": "way/924950786", "CORDON": "SI", "cord_estado ": "BUENO", "BANQUINA": "SI", "BANQ_ESTADO": "REGULAR", "BANQ_MAT": "TIERRA", "CUNETA": "SI", "CUN_MAT": "HORMIGON", "FECHA": "08-2026", "OBS": null }, "geometry": { "type": "LineString", "coordinates": [ [ -68.4643359, -33.1946042 ], [ -68.4635601, -33.1949401 ] ] } },
{ "type": "Feature", "properties": { "id": "way/924950787", "@id": "way/924950787", "CORDON": "SI", "cord_estado ": "BUENO", "BANQUINA": "SI", "BANQ_ESTADO": "REGULAR", "BANQ_MAT": "TIERRA", "CUNETA": "SI", "CUN_MAT": "HORMIGON", "FECHA": "08-2026", "OBS": null }, "geometry": { "type": "LineString", "coordinates": [ [ -68.4642458, -33.1944571 ], [ -68.4634706, -33.1947921 ] ] } },
{ "type": "Feature", "properties": { "id": "way/924950788", "@id": "way/924950788", "CORDON": "SI", "cord_estado ": "BUENO", "BANQUINA": "SI", "BANQ_ESTADO": "REGULAR", "BANQ_MAT": "TIERRA", "CUNETA": "SI", "CUN_MAT": "HORMIGON", "FECHA": "08-2026", "OBS": null }, "geometry": { "type": "LineString", "coordinates": [ [ -68.4650371, -33.1957269 ], [ -68.4642912, -33.1960746 ] ] } },
{ "type": "Feature", "properties": { "id": "way/924950789", "@id": "way/924950789", "CORDON": "SI", "cord_estado ": "BUENO", "BANQUINA": "SI", "BANQ_ESTADO": "REGULAR", "BANQ_MAT": "TIERRA", "CUNETA": "SI", "CUN_MAT": "HORMIGON", "FECHA": "08-2026", "OBS": null }, "geometry": { "type": "LineString", "coordinates": [ [ -68.4649669, -33.1955669 ], [ -68.4642142, -33.1959171 ] ] } },
{ "type": "Feature", "properties": { "id": "way/924950790", "@id": "way/924950790", "CORDON": "SI", "cord_estado ": "BUENO", "BANQUINA": "SI", "BANQ_ESTADO": "REGULAR", "BANQ_MAT": "TIERRA", "CUNETA": "SI", "CUN_MAT": "HORMIGON", "FECHA": "08-2026", "OBS": null }, "geometry": { "type": "LineString", "coordinates": [ [ -68.4657033, -33.1967004 ], [ -68.4649717, -33.1970238 ] ] } },
{ "type": "Feature", "properties": { "id": "way/924950791", "@id": "way/924950791", "CORDON": "SI", "cord_estado ": "BUENO", "BANQUINA": "SI", "BANQ_ESTADO": "REGULAR", "BANQ_MAT": "TIERRA", "CUNETA": "SI", "CUN_MAT": "HORMIGON", "FECHA": "08-2026", "OBS": null }, "geometry": { "type": "LineString", "coordinates": [ [ -68.4655985, -33.19656 ], [ -68.4648764, -33.1968759 ] ] } },
{ "type": "Feature", "properties": { "id": "way/924950792", "@id": "way/924950792", "CORDON": "SI", "cord_estado ": "BUENO", "BANQUINA": "SI", "BANQ_ESTADO": "REGULAR", "BANQ_MAT": "TIERRA", "CUNETA": "SI", "CUN_MAT": "HORMIGON", "FECHA": "08-2026", "OBS": null }, "geometry": { "type": "LineString", "coordinates": [ [ -68.4662448, -33.1974982 ], [ -68.4654274, -33.1977855 ] ] } },
{ "type": "Feature", "properties": { "id": "way/924950793", "@id": "way/924950793", "CORDON": "SI", "cord_estado ": "BUENO", "BANQUINA": "SI", "BANQ_ESTADO": "REGULAR", "BANQ_MAT": "TIERRA", "CUNETA": "SI", "CUN_MAT": "HORMIGON", "FECHA": "08-2026", "OBS": null }, "geometry": { "type": "LineString", "coordinates": [ [ -68.4661148, -33.1973518 ], [ -68.4653589, -33.1976163 ] ] } },
{ "type": "Feature", "properties": { "id": "way/924950794", "@id": "way/924950794", "CORDON": "SI", "cord_estado ": "BUENO", "BANQUINA": "SI", "BANQ_ESTADO": "REGULAR", "BANQ_MAT": "TIERRA", "CUNETA": "SI", "CUN_MAT": "HORMIGON", "FECHA": "08-2026", "OBS": null }, "geometry": { "type": "LineString", "coordinates": [ [ -68.4670792, -33.1987897 ], [ -68.46631, -33.1991465 ] ] } },
{ "type": "Feature", "properties": { "id": "way/924950795", "@id": "way/924950795", "CORDON": "SI", "cord_estado ": "BUENO", "BANQUINA": "SI", "BANQ_ESTADO": "REGULAR", "BANQ_MAT": "TIERRA", "CUNETA": "SI", "CUN_MAT": "HORMIGON", "FECHA": "08-2026", "OBS": null }, "geometry": { "type": "LineString", "coordinates": [ [ -68.4669695, -33.1986483 ], [ -68.4662465, -33.198977 ] ] } },
{ "type": "Feature", "properties": { "id": "way/924950796", "@id": "way/924950796", "CORDON": "SI", "cord_estado ": "BUENO", "BANQUINA": "SI", "BANQ_ESTADO": "REGULAR", "BANQ_MAT": "TIERRA", "CUNETA": "SI", "CUN_MAT": "HORMIGON", "FECHA": "08-2026", "OBS": null }, "geometry": { "type": "LineString", "coordinates": [ [ -68.4676701, -33.1997592 ], [ -68.4669315, -33.200104 ] ] } },
{ "type": "Feature", "properties": { "id": "way/924950797", "@id": "way/924950797", "CORDON": "SI", "cord_estado ": "BUENO", "BANQUINA": "SI", "BANQ_ESTADO": "REGULAR", "BANQ_MAT": "TIERRA", "CUNETA": "SI", "CUN_MAT": "HORMIGON", "FECHA": "08-2026", "OBS": null }, "geometry": { "type": "LineString", "coordinates": [ [ -68.4675711, -33.1995956 ], [ -68.4668587, -33.1999299 ] ] } },
{ "type": "Feature", "properties": { "id": "way/924950798", "@id": "way/924950798", "CORDON": "SI", "cord_estado ": "BUENO", "BANQUINA": "NO", "BANQ_ESTADO": "REGULAR", "BANQ_MAT": "TIERRA", "CUNETA": "SI", "CUN_MAT": "HORMIGON", "FECHA": "08-2026", "OBS": null }, "geometry": { "type": "LineString", "coordinates": [ [ -68.4691402, -33.201969 ], [ -68.4690019, -33.2019679 ], [ -68.4688342, -33.2019493 ], [ -68.4680529, -33.2018043 ] ] } },
{ "type": "Feature", "properties": { "id": "way/924950799", "@id": "way/924950799", "CORDON": "SI", "cord_estado ": "BUENO", "BANQUINA": "NO", "BANQ_ESTADO": "REGULAR", "BANQ_MAT": "TIERRA", "CUNETA": "SI", "CUN_MAT": "HORMIGON", "FECHA": "08-2026", "OBS": null }, "geometry": { "type": "LineString", "coordinates": [ [ -68.4689941, -33.2017048 ], [ -68.4689379, -33.2017256 ], [ -68.4688048, -33.2017058 ], [ -68.467847, -33.2015038 ] ] } },
{ "type": "Feature", "properties": { "id": "way/1029269220", "@id": "way/1029269220", "CORDON": "SI", "cord_estado ": "BUENO", "BANQUINA": "SI", "BANQ_ESTADO": "REGULAR", "BANQ_MAT": "TIERRA", "CUNETA": "SI", "CUN_MAT": "HORMIGON", "FECHA": "08-2026", "OBS": null }, "geometry": { "type": "LineString", "coordinates": [ [ -68.480452, -33.1944357 ], [ -68.4813479, -33.1940721 ] ] } },
{ "type": "Feature", "properties": { "id": "way/1029269221", "@id": "way/1029269221", "CORDON": "SI", "cord_estado ": "BUENO", "BANQUINA": "SI", "BANQ_ESTADO": "REGULAR", "BANQ_MAT": "TIERRA", "CUNETA": "SI", "CUN_MAT": "HORMIGON", "FECHA": "08-2026", "OBS": null }, "geometry": { "type": "LineString", "coordinates": [ [ -68.4805217, -33.1945681 ], [ -68.4814176, -33.1942045 ] ] } },
{ "type": "Feature", "properties": { "id": "way/1029269222", "@id": "way/1029269222", "CORDON": "SI", "cord_estado ": "BUENO", "BANQUINA": "SI", "BANQ_ESTADO": "REGULAR", "BANQ_MAT": "TIERRA", "CUNETA": "SI", "CUN_MAT": "HORMIGON", "FECHA": "08-2026", "OBS": null }, "geometry": { "type": "LineString", "coordinates": [ [ -68.4804064, -33.1945984 ], [ -68.4792075, -33.1950787 ] ] } },
{ "type": "Feature", "properties": { "id": "way/1029269223", "@id": "way/1029269223", "CORDON": "SI", "cord_estado ": "BUENO", "BANQUINA": "SI", "BANQ_ESTADO": "REGULAR", "BANQ_MAT": "TIERRA", "CUNETA": "SI", "CUN_MAT": "HORMIGON", "FECHA": "08-2026", "OBS": null }, "geometry": { "type": "LineString", "coordinates": [ [ -68.4803394, -33.1944794 ], [ -68.4791377, -33.1949463 ] ] } },
{ "type": "Feature", "properties": { "id": "way/1201173177", "@id": "way/1201173177", "CORDON": "SI", "cord_estado ": "BUENO", "BANQUINA": "SI", "BANQ_ESTADO": "REGULAR", "BANQ_MAT": "TIERRA", "CUNETA": "SI", "CUN_MAT": "HORMIGON", "FECHA": "08-2026", "OBS": null }, "geometry": { "type": "LineString", "coordinates": [ [ -68.4650984, -33.1926322 ], [ -68.465866, -33.1922781 ] ] } },
{ "type": "Feature", "properties": { "id": "way/1210600800", "@id": "way/1210600800", "CORDON": "SI", "cord_estado ": "BUENO", "BANQUINA": "SI", "BANQ_ESTADO": "REGULAR", "BANQ_MAT": "TIERRA", "CUNETA": "SI", "CUN_MAT": "HORMIGON", "FECHA": "08-2026", "OBS": null }, "geometry": { "type": "LineString", "coordinates": [ [ -68.4630468, -33.1921044 ], [ -68.4623731, -33.1910686 ] ] } },
{ "type": "Feature", "properties": { "id": "way/1210600801", "@id": "way/1210600801", "CORDON": "SI", "cord_estado ": "BUENO", "BANQUINA": "SI", "BANQ_ESTADO": "REGULAR", "BANQ_MAT": "TIERRA", "CUNETA": "SI", "CUN_MAT": "HORMIGON", "FECHA": "08-2026", "OBS": null }, "geometry": { "type": "LineString", "coordinates": [ [ -68.4628653, -33.1921826 ], [ -68.4621904, -33.1911356 ] ] } },
{ "type": "Feature", "properties": { "id": "way/1210600802", "@id": "way/1210600802", "CORDON": "SI", "cord_estado ": "BUENO", "BANQUINA": "SI", "BANQ_ESTADO": "REGULAR", "BANQ_MAT": "TIERRA", "CUNETA": "SI", "CUN_MAT": "HORMIGON", "FECHA": "08-2026", "OBS": null }, "geometry": { "type": "LineString", "coordinates": [ [ -68.4621574, -33.1952361 ], [ -68.4617049, -33.1945429 ] ] } },
{ "type": "Feature", "properties": { "id": "way/1210600803", "@id": "way/1210600803", "CORDON": "SI", "cord_estado ": "BUENO", "BANQUINA": "SI", "BANQ_ESTADO": "REGULAR", "BANQ_MAT": "TIERRA", "CUNETA": "SI", "CUN_MAT": "HORMIGON", "FECHA": "08-2026", "OBS": null }, "geometry": { "type": "LineString", "coordinates": [ [ -68.4619864, -33.1952961 ], [ -68.4615404, -33.1946096 ] ] } },
{ "type": "Feature", "properties": { "id": "way/1515047482", "@id": "way/1515047482", "CORDON": "SI", "cord_estado ": "BUENO", "BANQUINA": "SI", "BANQ_ESTADO": "REGULAR", "BANQ_MAT": "TIERRA", "CUNETA": "SI", "CUN_MAT": "HORMIGON", "FECHA": "08-2026", "OBS": null }, "geometry": { "type": "LineString", "coordinates": [ [ -68.4684294, -33.1978677 ], [ -68.4680183, -33.1972387 ] ] } },
{ "type": "Feature", "properties": { "id": "way/1515047483", "@id": "way/1515047483", "CORDON": "SI", "cord_estado ": "BUENO", "BANQUINA": "SI", "BANQ_ESTADO": "REGULAR", "BANQ_MAT": "TIERRA", "CUNETA": "SI", "CUN_MAT": "HORMIGON", "FECHA": "08-2026", "OBS": null }, "geometry": { "type": "LineString", "coordinates": [ [ -68.468245, -33.1979528 ], [ -68.4678245, -33.1973107 ] ] } },
{ "type": "Feature", "properties": { "id": "way/1515047484", "@id": "way/1515047484", "CORDON": "SI", "cord_estado ": "BUENO", "BANQUINA": "SI", "BANQ_ESTADO": "REGULAR", "BANQ_MAT": "TIERRA", "CUNETA": "SI", "CUN_MAT": "HORMIGON", "FECHA": "08-2026", "OBS": null }, "geometry": { "type": "LineString", "coordinates": [ [ -68.469552, -33.1973551 ], [ -68.4691408, -33.1967231 ] ] } },
{ "type": "Feature", "properties": { "id": "way/1515047485", "@id": "way/1515047485", "CORDON": "SI", "cord_estado ": "BUENO", "BANQUINA": "SI", "BANQ_ESTADO": "REGULAR", "BANQ_MAT": "TIERRA", "CUNETA": "SI", "CUN_MAT": "HORMIGON", "FECHA": "08-2026", "OBS": null }, "geometry": { "type": "LineString", "coordinates": [ [ -68.469373, -33.1974402 ], [ -68.4689525, -33.1967981 ] ] } },
{ "type": "Feature", "properties": { "id": "way/1515047486", "@id": "way/1515047486", "CORDON": "SI", "cord_estado ": "BUENO", "BANQUINA": "SI", "BANQ_ESTADO": "REGULAR", "BANQ_MAT": "TIERRA", "CUNETA": "SI", "CUN_MAT": "HORMIGON", "FECHA": "08-2026", "OBS": null }, "geometry": { "type": "LineString", "coordinates": [ [ -68.4688547, -33.198906 ], [ -68.4684517, -33.198281 ] ] } },
{ "type": "Feature", "properties": { "id": "way/1515047487", "@id": "way/1515047487", "CORDON": "SI", "cord_estado ": "BUENO", "BANQUINA": "SI", "BANQ_ESTADO": "REGULAR", "BANQ_MAT": "TIERRA", "CUNETA": "SI", "CUN_MAT": "HORMIGON", "FECHA": "08-2026", "OBS": null }, "geometry": { "type": "LineString", "coordinates": [ [ -68.4690541, -33.1988118 ], [ -68.4686474, -33.1981919 ] ] } },
{ "type": "Feature", "properties": { "id": "way/1515047488", "@id": "way/1515047488", "CORDON": "SI", "cord_estado ": "BUENO", "BANQUINA": "SI", "BANQ_ESTADO": "REGULAR", "BANQ_MAT": "TIERRA", "CUNETA": "SI", "CUN_MAT": "HORMIGON", "FECHA": "08-2026", "OBS": null }, "geometry": { "type": "LineString", "coordinates": [ [ -68.4699866, -33.1983725 ], [ -68.4695883, -33.1977592 ] ] } },
{ "type": "Feature", "properties": { "id": "way/1515047489", "@id": "way/1515047489", "CORDON": "SI", "cord_estado ": "BUENO", "BANQUINA": "SI", "BANQ_ESTADO": "REGULAR", "BANQ_MAT": "TIERRA", "CUNETA": "SI", "CUN_MAT": "HORMIGON", "FECHA": "08-2026", "OBS": null }, "geometry": { "type": "LineString", "coordinates": [ [ -68.4701696, -33.198292 ], [ -68.4697723, -33.1976838 ] ] } },
{ "type": "Feature", "properties": { "id": "way/1515047490", "@id": "way/1515047490", "CORDON": "SI", "cord_estado ": "BUENO", "BANQUINA": "SI", "BANQ_ESTADO": "REGULAR", "BANQ_MAT": "TIERRA", "CUNETA": "SI", "CUN_MAT": "HORMIGON", "FECHA": "08-2026", "OBS": null }, "geometry": { "type": "LineString", "coordinates": [ [ -68.4712802, -33.1977861 ], [ -68.4708578, -33.1971681 ] ] } },
{ "type": "Feature", "properties": { "id": "way/1515047491", "@id": "way/1515047491", "CORDON": "SI", "cord_estado ": "BUENO", "BANQUINA": "SI", "BANQ_ESTADO": "REGULAR", "BANQ_MAT": "TIERRA", "CUNETA": "SI", "CUN_MAT": "HORMIGON", "FECHA": "08-2026", "OBS": null }, "geometry": { "type": "LineString", "coordinates": [ [ -68.4714622, -33.1977112 ], [ -68.4710351, -33.1970813 ] ] } },
{ "type": "Feature", "properties": { "id": "way/1515047492", "@id": "way/1515047492", "CORDON": "SI", "cord_estado ": "BUENO", "BANQUINA": "SI", "BANQ_ESTADO": "REGULAR", "BANQ_MAT": "TIERRA", "CUNETA": "SI", "CUN_MAT": "HORMIGON", "FECHA": "08-2026", "OBS": null }, "geometry": { "type": "LineString", "coordinates": [ [ -68.4713463, -33.1980718 ], [ -68.4704206, -33.1984932 ] ] } },
{ "type": "Feature", "properties": { "id": "way/1515047493", "@id": "way/1515047493", "CORDON": "SI", "cord_estado ": "BUENO", "BANQUINA": "SI", "BANQ_ESTADO": "REGULAR", "BANQ_MAT": "TIERRA", "CUNETA": "SI", "CUN_MAT": "HORMIGON", "FECHA": "08-2026", "OBS": null }, "geometry": { "type": "LineString", "coordinates": [ [ -68.4712433, -33.1979086 ], [ -68.470342, -33.1983244 ] ] } },
{ "type": "Feature", "properties": { "id": "way/1515047494", "@id": "way/1515047494", "CORDON": "SI", "cord_estado ": "BUENO", "BANQUINA": "SI", "BANQ_ESTADO": "REGULAR", "BANQ_MAT": "TIERRA", "CUNETA": "SI", "CUN_MAT": "HORMIGON", "FECHA": "08-2026", "OBS": null }, "geometry": { "type": "LineString", "coordinates": [ [ -68.4707019, -33.197121 ], [ -68.4697824, -33.1975458 ] ] } },
{ "type": "Feature", "properties": { "id": "way/1515047495", "@id": "way/1515047495", "CORDON": "SI", "cord_estado ": "BUENO", "BANQUINA": "SI", "BANQ_ESTADO": "REGULAR", "BANQ_MAT": "TIERRA", "CUNETA": "SI", "CUN_MAT": "HORMIGON", "FECHA": "08-2026", "OBS": null }, "geometry": { "type": "LineString", "coordinates": [ [ -68.4705946, -33.196967 ], [ -68.4697017, -33.1973787 ] ] } },
{ "type": "Feature", "properties": { "id": "way/1515047496", "@id": "way/1515047496", "CORDON": "SI", "cord_estado ": "BUENO", "BANQUINA": "SI", "BANQ_ESTADO": "REGULAR", "BANQ_MAT": "TIERRA", "CUNETA": "SI", "CUN_MAT": "HORMIGON", "FECHA": "08-2026", "OBS": null }, "geometry": { "type": "LineString", "coordinates": [ [ -68.4700186, -33.1961751 ], [ -68.4691746, -33.1965808 ] ] } },
{ "type": "Feature", "properties": { "id": "way/1515047497", "@id": "way/1515047497", "CORDON": "SI", "cord_estado ": "BUENO", "BANQUINA": "SI", "BANQ_ESTADO": "REGULAR", "BANQ_MAT": "TIERRA", "CUNETA": "SI", "CUN_MAT": "HORMIGON", "FECHA": "08-2026", "OBS": null }, "geometry": { "type": "LineString", "coordinates": [ [ -68.4699341, -33.1960166 ], [ -68.4690703, -33.1964179 ] ] } },
{ "type": "Feature", "properties": { "id": "way/1515047498", "@id": "way/1515047498", "CORDON": "SI", "cord_estado ": "BUENO", "BANQUINA": "SI", "BANQ_ESTADO": "REGULAR", "BANQ_MAT": "TIERRA", "CUNETA": "SI", "CUN_MAT": "HORMIGON", "FECHA": "08-2026", "OBS": null }, "geometry": { "type": "LineString", "coordinates": [ [ -68.4692416, -33.1950674 ], [ -68.4684379, -33.1954496 ] ] } },
{ "type": "Feature", "properties": { "id": "way/1515047499", "@id": "way/1515047499", "CORDON": "SI", "cord_estado ": "BUENO", "BANQUINA": "SI", "BANQ_ESTADO": "REGULAR", "BANQ_MAT": "TIERRA", "CUNETA": "SI", "CUN_MAT": "HORMIGON", "FECHA": "08-2026", "OBS": null }, "geometry": { "type": "LineString", "coordinates": [ [ -68.4691325, -33.1949093 ], [ -68.4683288, -33.1952894 ] ] } },
{ "type": "Feature", "properties": { "id": "way/1515047500", "@id": "way/1515047500", "CORDON": "SI", "cord_estado ": "BUENO", "BANQUINA": "SI", "BANQ_ESTADO": "REGULAR", "BANQ_MAT": "TIERRA", "CUNETA": "SI", "CUN_MAT": "HORMIGON", "FECHA": "08-2026", "OBS": null }, "geometry": { "type": "LineString", "coordinates": [ [ -68.4670624, -33.1919386 ], [ -68.4663342, -33.1922748 ] ] } },
{ "type": "Feature", "properties": { "id": "way/1515047501", "@id": "way/1515047501", "CORDON": "SI", "cord_estado ": "BUENO", "BANQUINA": "SI", "BANQ_ESTADO": "REGULAR", "BANQ_MAT": "TIERRA", "CUNETA": "SI", "CUN_MAT": "HORMIGON", "FECHA": "08-2026", "OBS": null }, "geometry": { "type": "LineString", "coordinates": [ [ -68.4669665, -33.1917738 ], [ -68.4662316, -33.1921141 ] ] } },
{ "type": "Feature", "properties": { "id": "way/1515047502", "@id": "way/1515047502", "CORDON": "SI", "cord_estado ": "BUENO", "BANQUINA": "SI", "BANQ_ESTADO": "REGULAR", "BANQ_MAT": "TIERRA", "CUNETA": "SI", "CUN_MAT": "HORMIGON", "FECHA": "08-2026", "OBS": null }, "geometry": { "type": "LineString", "coordinates": [ [ -68.4664119, -33.1948008 ], [ -68.4658931, -33.1940248 ] ] } },
{ "type": "Feature", "properties": { "id": "way/1515047503", "@id": "way/1515047503", "CORDON": "SI", "cord_estado ": "BUENO", "BANQUINA": "SI", "BANQ_ESTADO": "REGULAR", "BANQ_MAT": "TIERRA", "CUNETA": "SI", "CUN_MAT": "HORMIGON", "FECHA": "08-2026", "OBS": null }, "geometry": { "type": "LineString", "coordinates": [ [ -68.4662192, -33.1948785 ], [ -68.4657151, -33.1940991 ] ] } },
{ "type": "Feature", "properties": { "id": "way/1515047504", "@id": "way/1515047504", "CORDON": "SI", "cord_estado ": "BUENO", "BANQUINA": "SI", "BANQ_ESTADO": "REGULAR", "BANQ_MAT": "TIERRA", "CUNETA": "SI", "CUN_MAT": "HORMIGON", "FECHA": "08-2026", "OBS": null }, "geometry": { "type": "LineString", "coordinates": [ [ -68.4675432, -33.1942751 ], [ -68.4670492, -33.1935243 ] ] } },
{ "type": "Feature", "properties": { "id": "way/1515047505", "@id": "way/1515047505", "CORDON": "SI", "cord_estado ": "BUENO", "BANQUINA": "SI", "BANQ_ESTADO": "REGULAR", "BANQ_MAT": "TIERRA", "CUNETA": "SI", "CUN_MAT": "HORMIGON", "FECHA": "08-2026", "OBS": null }, "geometry": { "type": "LineString", "coordinates": [ [ -68.4673621, -33.1943515 ], [ -68.4668672, -33.1935986 ] ] } },
{ "type": "Feature", "properties": { "id": "way/1515047506", "@id": "way/1515047506", "CORDON": "SI", "cord_estado ": "BUENO", "BANQUINA": "SI", "BANQ_ESTADO": "REGULAR", "BANQ_MAT": "TIERRA", "CUNETA": "SI", "CUN_MAT": "HORMIGON", "FECHA": "08-2026", "OBS": null }, "geometry": { "type": "LineString", "coordinates": [ [ -68.4640885, -33.1958788 ], [ -68.463544, -33.195052 ] ] } },
{ "type": "Feature", "properties": { "id": "way/1515047507", "@id": "way/1515047507", "CORDON": "SI", "cord_estado ": "BUENO", "BANQUINA": "SI", "BANQ_ESTADO": "REGULAR", "BANQ_MAT": "TIERRA", "CUNETA": "SI", "CUN_MAT": "HORMIGON", "FECHA": "08-2026", "OBS": null }, "geometry": { "type": "LineString", "coordinates": [ [ -68.4638904, -33.1959606 ], [ -68.4633544, -33.1951342 ] ] } },
{ "type": "Feature", "properties": { "id": "way/1515047508", "@id": "way/1515047508", "CORDON": "SI", "cord_estado ": "BUENO", "BANQUINA": "SI", "BANQ_ESTADO": "REGULAR", "BANQ_MAT": "TIERRA", "CUNETA": "SI", "CUN_MAT": "HORMIGON", "FECHA": "08-2026", "OBS": null }, "geometry": { "type": "LineString", "coordinates": [ [ -68.4660865, -33.1989444 ], [ -68.4654199, -33.1979005 ] ] } },
{ "type": "Feature", "properties": { "id": "way/1515047509", "@id": "way/1515047509", "CORDON": "SI", "cord_estado ": "BUENO", "BANQUINA": "SI", "BANQ_ESTADO": "REGULAR", "BANQ_MAT": "TIERRA", "CUNETA": "SI", "CUN_MAT": "HORMIGON", "FECHA": "08-2026", "OBS": null }, "geometry": { "type": "LineString", "coordinates": [ [ -68.4658991, -33.1990249 ], [ -68.4652346, -33.197981 ] ] } },
{ "type": "Feature", "properties": { "id": "way/1515047510", "@id": "way/1515047510", "CORDON": "SI", "cord_estado ": "BUENO", "BANQUINA": "SI", "BANQ_ESTADO": "REGULAR", "BANQ_MAT": "TIERRA", "CUNETA": "SI", "CUN_MAT": "HORMIGON", "FECHA": "08-2026", "OBS": null }, "geometry": { "type": "LineString", "coordinates": [ [ -68.4652098, -33.1975875 ], [ -68.4649266, -33.1971624 ] ] } },
{ "type": "Feature", "properties": { "id": "way/1515047511", "@id": "way/1515047511", "CORDON": "SI", "cord_estado ": "BUENO", "BANQUINA": "SI", "BANQ_ESTADO": "REGULAR", "BANQ_MAT": "TIERRA", "CUNETA": "SI", "CUN_MAT": "HORMIGON", "FECHA": "08-2026", "OBS": null }, "geometry": { "type": "LineString", "coordinates": [ [ -68.46501, -33.197655 ], [ -68.4647349, -33.1972454 ] ] } },
{ "type": "Feature", "properties": { "id": "way/1515047512", "@id": "way/1515047512", "CORDON": "SI", "cord_estado ": "BUENO", "BANQUINA": "SI", "BANQ_ESTADO": "REGULAR", "BANQ_MAT": "TIERRA", "CUNETA": "SI", "CUN_MAT": "HORMIGON", "FECHA": "08-2026", "OBS": null }, "geometry": { "type": "LineString", "coordinates": [ [ -68.4650805, -33.1979414 ], [ -68.4642712, -33.1982309 ] ] } },
{ "type": "Feature", "properties": { "id": "way/1515047513", "@id": "way/1515047513", "CORDON": "SI", "cord_estado ": "BUENO", "BANQUINA": "SI", "BANQ_ESTADO": "REGULAR", "BANQ_MAT": "TIERRA", "CUNETA": "SI", "CUN_MAT": "HORMIGON", "FECHA": "08-2026", "OBS": null }, "geometry": { "type": "LineString", "coordinates": [ [ -68.464972, -33.1977725 ], [ -68.4641651, -33.1980685 ] ] } },
{ "type": "Feature", "properties": { "id": "way/1515047514", "@id": "way/1515047514", "CORDON": "SI", "cord_estado ": "BUENO", "BANQUINA": "SI", "BANQ_ESTADO": "REGULAR", "BANQ_MAT": "TIERRA", "CUNETA": "SI", "CUN_MAT": "HORMIGON", "FECHA": "08-2026", "OBS": null }, "geometry": { "type": "LineString", "coordinates": [ [ -68.464585, -33.197225 ], [ -68.463827, -33.1975692 ] ] } },
{ "type": "Feature", "properties": { "id": "way/1515047515", "@id": "way/1515047515", "CORDON": "SI", "cord_estado ": "BUENO", "BANQUINA": "SI", "BANQ_ESTADO": "REGULAR", "BANQ_MAT": "TIERRA", "CUNETA": "SI", "CUN_MAT": "HORMIGON", "FECHA": "08-2026", "OBS": null }, "geometry": { "type": "LineString", "coordinates": [ [ -68.4644787, -33.197062 ], [ -68.4637349, -33.1974028 ] ] } },
{ "type": "Feature", "properties": { "id": "way/1515047516", "@id": "way/1515047516", "CORDON": "SI", "cord_estado ": "BUENO", "BANQUINA": "SI", "BANQ_ESTADO": "REGULAR", "BANQ_MAT": "TIERRA", "CUNETA": "SI", "CUN_MAT": "HORMIGON", "FECHA": "08-2026", "OBS": null }, "geometry": { "type": "LineString", "coordinates": [ [ -68.4645257, -33.1969306 ], [ -68.4640999, -33.1962813 ] ] } },
{ "type": "Feature", "properties": { "id": "way/1515047517", "@id": "way/1515047517", "CORDON": "SI", "cord_estado ": "BUENO", "BANQUINA": "SI", "BANQ_ESTADO": "REGULAR", "BANQ_MAT": "TIERRA", "CUNETA": "SI", "CUN_MAT": "HORMIGON", "FECHA": "08-2026", "OBS": null }, "geometry": { "type": "LineString", "coordinates": [ [ -68.4647317, -33.1968483 ], [ -68.4642868, -33.1961914 ] ] } },
{ "type": "Feature", "properties": { "id": "way/1515047518", "@id": "way/1515047518", "CORDON": "SI", "cord_estado ": "BUENO", "BANQUINA": "SI", "BANQ_ESTADO": "REGULAR", "BANQ_MAT": "TIERRA", "CUNETA": "SI", "CUN_MAT": "HORMIGON", "FECHA": "08-2026", "OBS": null }, "geometry": { "type": "LineString", "coordinates": [ [ -68.4659728, -33.1993098 ], [ -68.4652183, -33.1996704 ] ] } },
{ "type": "Feature", "properties": { "id": "way/1515047519", "@id": "way/1515047519", "CORDON": "SI", "cord_estado ": "BUENO", "BANQUINA": "SI", "BANQ_ESTADO": "REGULAR", "BANQ_MAT": "TIERRA", "CUNETA": "SI", "CUN_MAT": "HORMIGON", "FECHA": "08-2026", "OBS": null }, "geometry": { "type": "LineString", "coordinates": [ [ -68.4658642, -33.1991484 ], [ -68.465114, -33.1994976 ] ] } },
{ "type": "Feature", "properties": { "id": "way/1515047520", "@id": "way/1515047520", "CORDON": "SI", "cord_estado ": "BUENO", "BANQUINA": "SI", "BANQ_ESTADO": "REGULAR", "BANQ_MAT": "TIERRA", "CUNETA": "SI", "CUN_MAT": "HORMIGON", "FECHA": "08-2026", "OBS": null }, "geometry": { "type": "LineString", "coordinates": [ [ -68.4662732, -33.1997774 ], [ -68.4655115, -33.2001305 ] ] } },
{ "type": "Feature", "properties": { "id": "way/1515047521", "@id": "way/1515047521", "CORDON": "SI", "cord_estado ": "BUENO", "BANQUINA": "SI", "BANQ_ESTADO": "REGULAR", "BANQ_MAT": "TIERRA", "CUNETA": "SI", "CUN_MAT": "HORMIGON", "FECHA": "08-2026", "OBS": null }, "geometry": { "type": "LineString", "coordinates": [ [ -68.4661742, -33.1996491 ], [ -68.4654374, -33.1999978 ] ] } },
{ "type": "Feature", "properties": { "id": "way/1515047522", "@id": "way/1515047522", "CORDON": "SI", "cord_estado ": "BUENO", "BANQUINA": "SI", "BANQ_ESTADO": "REGULAR", "BANQ_MAT": "TIERRA", "CUNETA": "SI", "CUN_MAT": "HORMIGON", "FECHA": "08-2026", "OBS": null }, "geometry": { "type": "LineString", "coordinates": [ [ -68.4664808, -33.2000966 ], [ -68.4657334, -33.2004526 ] ] } },
{ "type": "Feature", "properties": { "id": "way/1515047523", "@id": "way/1515047523", "CORDON": "SI", "cord_estado ": "BUENO", "BANQUINA": "SI", "BANQ_ESTADO": "REGULAR", "BANQ_MAT": "TIERRA", "CUNETA": "SI", "CUN_MAT": "HORMIGON", "FECHA": "08-2026", "OBS": null }, "geometry": { "type": "LineString", "coordinates": [ [ -68.4667145, -33.1999193 ], [ -68.4662856, -33.1992654 ] ] } },
{ "type": "Feature", "properties": { "id": "way/1515047524", "@id": "way/1515047524", "CORDON": "SI", "cord_estado ": "MALO", "BANQUINA": "SI", "BANQ_ESTADO": "REGULAR", "BANQ_MAT": "TIERRA", "CUNETA": "SI", "CUN_MAT": "HORMIGON", "FECHA": "08-2026", "OBS": null }, "geometry": { "type": "LineString", "coordinates": [ [ -68.4696865, -33.1997687 ], [ -68.469269, -33.1991408 ] ] } },
{ "type": "Feature", "properties": { "id": "way/1515047525", "@id": "way/1515047525", "CORDON": "SI", "cord_estado ": "MALO", "BANQUINA": "SI", "BANQ_ESTADO": "REGULAR", "BANQ_MAT": "TIERRA", "CUNETA": "SI", "CUN_MAT": "HORMIGON", "FECHA": "08-2026", "OBS": null }, "geometry": { "type": "LineString", "coordinates": [ [ -68.4694955, -33.1998545 ], [ -68.4690766, -33.1992273 ] ] } },
{ "type": "Feature", "properties": { "id": "way/1519035658", "@id": "way/1519035658", "CORDON": "SI", "cord_estado ": "MALO", "BANQUINA": "SI", "BANQ_ESTADO": "REGULAR", "BANQ_MAT": "TIERRA", "CUNETA": "SI", "CUN_MAT": "HORMIGON", "FECHA": "08-2026", "OBS": null }, "geometry": { "type": "LineString", "coordinates": [ [ -68.4707987, -33.1992276 ], [ -68.4703975, -33.1986321 ] ] } },
{ "type": "Feature", "properties": { "id": "way/1519035659", "@id": "way/1519035659", "CORDON": "SI", "cord_estado ": "MALO", "BANQUINA": "SI", "BANQ_ESTADO": "REGULAR", "BANQ_MAT": "TIERRA", "CUNETA": "SI", "CUN_MAT": "HORMIGON", "FECHA": "08-2026", "OBS": null }, "geometry": { "type": "LineString", "coordinates": [ [ -68.4706037, -33.1993202 ], [ -68.470203, -33.1987066 ] ] } },
{ "type": "Feature", "properties": { "id": "way/1519035660", "@id": "way/1519035660", "CORDON": "SI", "cord_estado ": "MALO", "BANQUINA": "SI", "BANQ_ESTADO": "REGULAR", "BANQ_MAT": "TIERRA", "CUNETA": "SI", "CUN_MAT": "HORMIGON", "FECHA": "08-2026", "OBS": null }, "geometry": { "type": "LineString", "coordinates": [ [ -68.4720907, -33.1986229 ], [ -68.4716854, -33.1980223 ] ] } },
{ "type": "Feature", "properties": { "id": "way/1519035661", "@id": "way/1519035661", "CORDON": "SI", "cord_estado ": "MALO", "BANQUINA": "SI", "BANQ_ESTADO": "REGULAR", "BANQ_MAT": "TIERRA", "CUNETA": "SI", "CUN_MAT": "HORMIGON", "FECHA": "08-2026", "OBS": null }, "geometry": { "type": "LineString", "coordinates": [ [ -68.4719037, -33.1987053 ], [ -68.471493, -33.198102 ] ] } },
{ "type": "Feature", "properties": { "id": "way/1519035662", "@id": "way/1519035662", "CORDON": "SI", "cord_estado ": "MALO", "BANQUINA": "SI", "BANQ_ESTADO": "REGULAR", "BANQ_MAT": "TIERRA", "CUNETA": "SI", "CUN_MAT": "HORMIGON", "FECHA": "08-2026", "OBS": null }, "geometry": { "type": "LineString", "coordinates": [ [ -68.4687408, -33.1941393 ], [ -68.4691767, -33.194784 ] ] } },
{ "type": "Feature", "properties": { "id": "way/1519035663", "@id": "way/1519035663", "CORDON": "SI", "cord_estado ": "MALO", "BANQUINA": "SI", "BANQ_ESTADO": "REGULAR", "BANQ_MAT": "TIERRA", "CUNETA": "SI", "CUN_MAT": "HORMIGON", "FECHA": "08-2026", "OBS": null }, "geometry": { "type": "LineString", "coordinates": [ [ -68.4685818, -33.1941095 ], [ -68.4677944, -33.1944832 ] ] } },
{ "type": "Feature", "properties": { "id": "way/1519035664", "@id": "way/1519035664", "CORDON": "SI", "cord_estado ": "MALO", "BANQUINA": "SI", "BANQ_ESTADO": "REGULAR", "BANQ_MAT": "TIERRA", "CUNETA": "SI", "CUN_MAT": "HORMIGON", "FECHA": "08-2026", "OBS": null }, "geometry": { "type": "LineString", "coordinates": [ [ -68.4677323, -33.1928835 ], [ -68.4669872, -33.1932243 ] ] } },
{ "type": "Feature", "properties": { "id": "way/1519035665", "@id": "way/1519035665", "CORDON": "SI", "cord_estado ": "MALO", "BANQUINA": "SI", "BANQ_ESTADO": "REGULAR", "BANQ_MAT": "TIERRA", "CUNETA": "SI", "CUN_MAT": "HORMIGON", "FECHA": "08-2026", "OBS": null }, "geometry": { "type": "LineString", "coordinates": [ [ -68.4666811, -33.1935698 ], [ -68.4659499, -33.193903 ] ] } },
{ "type": "Feature", "properties": { "id": "way/1519035666", "@id": "way/1519035666", "CORDON": "SI", "cord_estado ": "MALO", "BANQUINA": "SI", "BANQ_ESTADO": "REGULAR", "BANQ_MAT": "TIERRA", "CUNETA": "SI", "CUN_MAT": "HORMIGON", "FECHA": "08-2026", "OBS": null }, "geometry": { "type": "LineString", "coordinates": [ [ -68.4665802, -33.1933973 ], [ -68.465834, -33.1937366 ] ] } },
{ "type": "Feature", "properties": { "id": "way/1519035667", "@id": "way/1519035667", "CORDON": "SI", "cord_estado ": "MALO", "BANQUINA": "SI", "BANQ_ESTADO": "REGULAR", "BANQ_MAT": "TIERRA", "CUNETA": "SI", "CUN_MAT": "HORMIGON", "FECHA": "08-2026", "OBS": null }, "geometry": { "type": "LineString", "coordinates": [ [ -68.4668295, -33.1931767 ], [ -68.4663267, -33.1924097 ] ] } },
{ "type": "Feature", "properties": { "id": "way/1519035668", "@id": "way/1519035668", "CORDON": "SI", "cord_estado ": "MALO", "BANQUINA": "SI", "BANQ_ESTADO": "REGULAR", "BANQ_MAT": "TIERRA", "CUNETA": "SI", "CUN_MAT": "HORMIGON", "FECHA": "08-2026", "OBS": null }, "geometry": { "type": "LineString", "coordinates": [ [ -68.4666236, -33.1932618 ], [ -68.4661266, -33.1924961 ] ] } },
{ "type": "Feature", "properties": { "id": "way/1519035669", "@id": "way/1519035669", "CORDON": "SI", "cord_estado ": "MALO", "BANQUINA": "SI", "BANQ_ESTADO": "REGULAR", "BANQ_MAT": "TIERRA", "CUNETA": "SI", "CUN_MAT": "HORMIGON", "FECHA": "08-2026", "OBS": null }, "geometry": { "type": "LineString", "coordinates": [ [ -68.4679707, -33.1926535 ], [ -68.4674292, -33.1918895 ] ] } },
{ "type": "Feature", "properties": { "id": "way/1519035670", "@id": "way/1519035670", "CORDON": "SI", "cord_estado ": "MALO", "BANQUINA": "SI", "BANQ_ESTADO": "REGULAR", "BANQ_MAT": "TIERRA", "CUNETA": "SI", "CUN_MAT": "HORMIGON", "FECHA": "08-2026", "OBS": null }, "geometry": { "type": "LineString", "coordinates": [ [ -68.4677764, -33.1927465 ], [ -68.467228, -33.1919723 ] ] } },
{ "type": "Feature", "properties": { "id": "way/1519035671", "@id": "way/1519035671", "CORDON": "SI", "cord_estado ": "MALO", "BANQUINA": "SI", "BANQ_ESTADO": "REGULAR", "BANQ_MAT": "TIERRA", "CUNETA": "SI", "CUN_MAT": "HORMIGON", "FECHA": "08-2026", "OBS": null }, "geometry": { "type": "LineString", "coordinates": [ [ -68.4639423, -33.1962437 ], [ -68.4631951, -33.1966036 ] ] } },
{ "type": "Feature", "properties": { "id": "way/1519035672", "@id": "way/1519035672", "CORDON": "SI", "cord_estado ": "MALO", "BANQUINA": "SI", "BANQ_ESTADO": "REGULAR", "BANQ_MAT": "TIERRA", "CUNETA": "SI", "CUN_MAT": "HORMIGON", "FECHA": "08-2026", "OBS": null }, "geometry": { "type": "LineString", "coordinates": [ [ -68.4638334, -33.1960874 ], [ -68.4631003, -33.1964394 ] ] } },
{ "type": "Feature", "properties": { "id": "way/1519035673", "@id": "way/1519035673", "CORDON": "SI", "cord_estado ": "MALO", "BANQUINA": "SI", "BANQ_ESTADO": "REGULAR", "BANQ_MAT": "TIERRA", "CUNETA": "SI", "CUN_MAT": "HORMIGON", "FECHA": "08-2026", "OBS": null }, "geometry": { "type": "LineString", "coordinates": [ [ -68.4631932, -33.1951043 ], [ -68.4624109, -33.195431 ] ] } },
{ "type": "Feature", "properties": { "id": "way/1519035674", "@id": "way/1519035674", "CORDON": "SI", "cord_estado ": "MALO", "BANQUINA": "SI", "BANQ_ESTADO": "REGULAR", "BANQ_MAT": "TIERRA", "CUNETA": "SI", "CUN_MAT": "HORMIGON", "FECHA": "08-2026", "OBS": null }, "geometry": { "type": "LineString", "coordinates": [ [ -68.4630935, -33.1949343 ], [ -68.4623021, -33.1952668 ] ] } },
{ "type": "Feature", "properties": { "id": "way/1519035675", "@id": "way/1519035675", "CORDON": "SI", "cord_estado ": "MALO", "BANQUINA": "SI", "BANQ_ESTADO": "REGULAR", "BANQ_MAT": "TIERRA", "CUNETA": "SI", "CUN_MAT": "HORMIGON", "FECHA": "08-2026", "OBS": null }, "geometry": { "type": "LineString", "coordinates": [ [ -68.4624968, -33.1940569 ], [ -68.4617556, -33.1944066 ] ] } },
{ "type": "Feature", "properties": { "id": "way/1519035676", "@id": "way/1519035676", "CORDON": "SI", "cord_estado ": "MALO", "BANQUINA": "SI", "BANQ_ESTADO": "REGULAR", "BANQ_MAT": "TIERRA", "CUNETA": "SI", "CUN_MAT": "HORMIGON", "FECHA": "08-2026", "OBS": null }, "geometry": { "type": "LineString", "coordinates": [ [ -68.4623918, -33.1938887 ], [ -68.4616567, -33.1942339 ] ] } },
{ "type": "Feature", "properties": { "id": "way/1519035677", "@id": "way/1519035677", "CORDON": "SI", "cord_estado ": "MALO", "BANQUINA": "SI", "BANQ_ESTADO": "REGULAR", "BANQ_MAT": "TIERRA", "CUNETA": "SI", "CUN_MAT": "HORMIGON", "FECHA": "08-2026", "OBS": null }, "geometry": { "type": "LineString", "coordinates": [ [ -68.4626348, -33.1936919 ], [ -68.462143, -33.1929461 ] ] } },
{ "type": "Feature", "properties": { "id": "way/1519035678", "@id": "way/1519035678", "CORDON": "SI", "cord_estado ": "MALO", "BANQUINA": "SI", "BANQ_ESTADO": "REGULAR", "BANQ_MAT": "TIERRA", "CUNETA": "SI", "CUN_MAT": "HORMIGON", "FECHA": "08-2026", "OBS": null }, "geometry": { "type": "LineString", "coordinates": [ [ -68.4624571, -33.1937737 ], [ -68.4620445, -33.1931437 ] ] } },
{ "type": "Feature", "properties": { "id": "way/1519035679", "@id": "way/1519035679", "CORDON": "SI", "cord_estado ": "MALO", "BANQUINA": "SI", "BANQ_ESTADO": "REGULAR", "BANQ_MAT": "TIERRA", "CUNETA": "SI", "CUN_MAT": "HORMIGON", "FECHA": "08-2026", "OBS": null }, "geometry": { "type": "LineString", "coordinates": [ [ -68.4619125, -33.1931201 ], [ -68.4611417, -33.1934407 ] ] } },
{ "type": "Feature", "properties": { "id": "way/1519035680", "@id": "way/1519035680", "CORDON": "SI", "cord_estado ": "MALO", "BANQUINA": "SI", "BANQ_ESTADO": "REGULAR", "BANQ_MAT": "TIERRA", "CUNETA": "SI", "CUN_MAT": "HORMIGON", "FECHA": "08-2026", "OBS": null }, "geometry": { "type": "LineString", "coordinates": [ [ -68.4617226, -33.1928202 ], [ -68.4609893, -33.1931624 ] ] } },
{ "type": "Feature", "properties": { "id": "way/1519035681", "@id": "way/1519035681", "CORDON": "SI", "cord_estado ": "MALO", "BANQUINA": "SI", "BANQ_ESTADO": "REGULAR", "BANQ_MAT": "TIERRA", "CUNETA": "SI", "CUN_MAT": "HORMIGON", "FECHA": "08-2026", "OBS": null }, "geometry": { "type": "LineString", "coordinates": [ [ -68.4615093, -33.1942149 ], [ -68.46108, -33.1935436 ] ] } },
{ "type": "Feature", "properties": { "id": "way/1519035682", "@id": "way/1519035682", "CORDON": "SI", "cord_estado ": "MALO", "BANQUINA": "SI", "BANQ_ESTADO": "REGULAR", "BANQ_MAT": "TIERRA", "CUNETA": "SI", "CUN_MAT": "HORMIGON", "FECHA": "08-2026", "OBS": null }, "geometry": { "type": "LineString", "coordinates": [ [ -68.4613345, -33.1942898 ], [ -68.460864, -33.1935225 ] ] } },
{ "type": "Feature", "properties": { "id": "way/1519035683", "@id": "way/1519035683", "CORDON": "SI", "cord_estado ": "MALO", "BANQUINA": "SI", "BANQ_ESTADO": "REGULAR", "BANQ_MAT": "TIERRA", "CUNETA": "SI", "CUN_MAT": "HORMIGON", "FECHA": "08-2026", "OBS": null }, "geometry": { "type": "LineString", "coordinates": [ [ -68.4604277, -33.1946756 ], [ -68.4599565, -33.1939444 ] ] } },
{ "type": "Feature", "properties": { "id": "way/1519035684", "@id": "way/1519035684", "CORDON": "SI", "cord_estado ": "MALO", "BANQUINA": "SI", "BANQ_ESTADO": "REGULAR", "BANQ_MAT": "TIERRA", "CUNETA": "SI", "CUN_MAT": "HORMIGON", "FECHA": "08-2026", "OBS": null }, "geometry": { "type": "LineString", "coordinates": [ [ -68.4606172, -33.1946131 ], [ -68.4601383, -33.1938694 ] ] } },
{ "type": "Feature", "properties": { "id": "way/1519035685", "@id": "way/1519035685", "CORDON": "SI", "cord_estado ": "MALO", "BANQUINA": "SI", "BANQ_ESTADO": "REGULAR", "BANQ_MAT": "TIERRA", "CUNETA": "SI", "CUN_MAT": "HORMIGON", "FECHA": "08-2026", "OBS": null }, "geometry": { "type": "LineString", "coordinates": [ [ -68.4612735, -33.1955907 ], [ -68.4608487, -33.1949502 ] ] } },
{ "type": "Feature", "properties": { "id": "way/1519035686", "@id": "way/1519035686", "CORDON": "SI", "cord_estado ": "MALO", "BANQUINA": "SI", "BANQ_ESTADO": "REGULAR", "BANQ_MAT": "TIERRA", "CUNETA": "SI", "CUN_MAT": "HORMIGON", "FECHA": "08-2026", "OBS": null }, "geometry": { "type": "LineString", "coordinates": [ [ -68.4610722, -33.1956733 ], [ -68.4606585, -33.1950305 ] ] } },
{ "type": "Feature", "properties": { "id": "way/1519035687", "@id": "way/1519035687", "CORDON": "SI", "cord_estado ": "BUENO", "BANQUINA": "SI", "BANQ_ESTADO": "REGULAR", "BANQ_MAT": "TIERRA", "CUNETA": "SI", "CUN_MAT": "HORMIGON", "FECHA": "08-2026", "OBS": null }, "geometry": { "type": "LineString", "coordinates": [ [ -68.4629306, -33.1964256 ], [ -68.4623836, -33.1955683 ] ] } },
{ "type": "Feature", "properties": { "id": "way/1519035688", "@id": "way/1519035688", "CORDON": "SI", "cord_estado ": "BUENO", "BANQUINA": "SI", "BANQ_ESTADO": "REGULAR", "BANQ_MAT": "TIERRA", "CUNETA": "SI", "CUN_MAT": "HORMIGON", "FECHA": "08-2026", "OBS": null }, "geometry": { "type": "LineString", "coordinates": [ [ -68.4627489, -33.1965036 ], [ -68.462191, -33.1956347 ] ] } },
{ "type": "Feature", "properties": { "id": "way/1519035689", "@id": "way/1519035689", "CORDON": "SI", "cord_estado ": "BUENO", "BANQUINA": "SI", "BANQ_ESTADO": "REGULAR", "BANQ_MAT": "TIERRA", "CUNETA": "SI", "CUN_MAT": "HORMIGON", "FECHA": "08-2026", "OBS": null }, "geometry": { "type": "LineString", "coordinates": [ [ -68.4620591, -33.1967953 ], [ -68.4615097, -33.1959319 ] ] } },
{ "type": "Feature", "properties": { "id": "way/1519035690", "@id": "way/1519035690", "CORDON": "SI", "cord_estado ": "BUENO", "BANQUINA": "SI", "BANQ_ESTADO": "REGULAR", "BANQ_MAT": "TIERRA", "CUNETA": "SI", "CUN_MAT": "HORMIGON", "FECHA": "08-2026", "OBS": null }, "geometry": { "type": "LineString", "coordinates": [ [ -68.4618558, -33.1968813 ], [ -68.4613123, -33.1960144 ] ] } },
{ "type": "Feature", "properties": { "id": "way/1519035691", "@id": "way/1519035691", "CORDON": "SI", "cord_estado ": "BUENO", "BANQUINA": "SI", "BANQ_ESTADO": "REGULAR", "BANQ_MAT": "TIERRA", "CUNETA": "SI", "CUN_MAT": "HORMIGON", "FECHA": "08-2026", "OBS": null }, "geometry": { "type": "LineString", "coordinates": [ [ -68.4635681, -33.1973665 ], [ -68.463148, -33.1967376 ] ] } },
{ "type": "Feature", "properties": { "id": "way/1519035692", "@id": "way/1519035692", "CORDON": "SI", "cord_estado ": "BUENO", "BANQUINA": "SI", "BANQ_ESTADO": "REGULAR", "BANQ_MAT": "TIERRA", "CUNETA": "SI", "CUN_MAT": "HORMIGON", "FECHA": "08-2026", "OBS": null }, "geometry": { "type": "LineString", "coordinates": [ [ -68.46337, -33.1974526 ], [ -68.4629587, -33.1968214 ] ] } },
{ "type": "Feature", "properties": { "id": "way/1519035693", "@id": "way/1519035693", "CORDON": "SI", "cord_estado ": "BUENO", "BANQUINA": "SI", "BANQ_ESTADO": "REGULAR", "BANQ_MAT": "TIERRA", "CUNETA": "SI", "CUN_MAT": "HORMIGON", "FECHA": "08-2026", "OBS": null }, "geometry": { "type": "LineString", "coordinates": [ [ -68.4640022, -33.1980365 ], [ -68.4637814, -33.1977003 ] ] } },
{ "type": "Feature", "properties": { "id": "way/1519035694", "@id": "way/1519035694", "CORDON": "SI", "cord_estado ": "BUENO", "BANQUINA": "SI", "BANQ_ESTADO": "REGULAR", "BANQ_MAT": "TIERRA", "CUNETA": "SI", "CUN_MAT": "HORMIGON", "FECHA": "08-2026", "OBS": null }, "geometry": { "type": "LineString", "coordinates": [ [ -68.4638034, -33.1981001 ], [ -68.4636016, -33.1977886 ] ] } },
{ "type": "Feature", "properties": { "id": "way/1519035695", "@id": "way/1519035695", "CORDON": "SI", "cord_estado ": "BUENO", "BANQUINA": "SI", "BANQ_ESTADO": "REGULAR", "BANQ_MAT": "TIERRA", "CUNETA": "SI", "CUN_MAT": "HORMIGON", "FECHA": "08-2026", "OBS": null }, "geometry": { "type": "LineString", "coordinates": [ [ -68.462914, -33.1924627 ], [ -68.4621723, -33.1928174 ] ] } },
{ "type": "Feature", "properties": { "id": "way/1519035696", "@id": "way/1519035696", "CORDON": "SI", "cord_estado ": "BUENO", "BANQUINA": "SI", "BANQ_ESTADO": "REGULAR", "BANQ_MAT": "TIERRA", "CUNETA": "SI", "CUN_MAT": "HORMIGON", "FECHA": "08-2026", "OBS": null }, "geometry": { "type": "LineString", "coordinates": [ [ -68.4628284, -33.1922998 ], [ -68.4620792, -33.1926542 ] ] } },
{ "type": "Feature", "properties": { "id": "way/1519035697", "@id": "way/1519035697", "CORDON": "SI", "cord_estado ": "BUENO", "BANQUINA": "SI", "BANQ_ESTADO": "REGULAR", "BANQ_MAT": "TIERRA", "CUNETA": "SI", "CUN_MAT": "HORMIGON", "FECHA": "08-2026", "OBS": null }, "geometry": { "type": "LineString", "coordinates": [ [ -68.4642363, -33.1920419 ], [ -68.4633288, -33.1923139 ] ] } },
{ "type": "Feature", "properties": { "id": "way/1519035698", "@id": "way/1519035698", "CORDON": "SI", "cord_estado ": "BUENO", "BANQUINA": "SI", "BANQ_ESTADO": "REGULAR", "BANQ_MAT": "TIERRA", "CUNETA": "SI", "CUN_MAT": "HORMIGON", "FECHA": "08-2026", "OBS": null }, "geometry": { "type": "LineString", "coordinates": [ [ -68.4641219, -33.1918773 ], [ -68.463196, -33.1921546 ] ] } },
{ "type": "Feature", "properties": { "id": "way/1519035699", "@id": "way/1519035699", "CORDON": "SI", "cord_estado ": "BUENO", "BANQUINA": "SI", "BANQ_ESTADO": "REGULAR", "BANQ_MAT": "TIERRA", "CUNETA": "SI", "CUN_MAT": "HORMIGON", "FECHA": "08-2026", "OBS": null }, "geometry": { "type": "LineString", "coordinates": [ [ -68.4649624, -33.1926076 ], [ -68.4645932, -33.1920336 ] ] } },
{ "type": "Feature", "properties": { "id": "way/1519035700", "@id": "way/1519035700", "CORDON": "SI", "cord_estado ": "BUENO", "BANQUINA": "SI", "BANQ_ESTADO": "REGULAR", "BANQ_MAT": "TIERRA", "CUNETA": "SI", "CUN_MAT": "HORMIGON", "FECHA": "08-2026", "OBS": null }, "geometry": { "type": "LineString", "coordinates": [ [ -68.4647669, -33.1926864 ], [ -68.4643874, -33.1920817 ] ] } },
{ "type": "Feature", "properties": { "id": "way/1519035701", "@id": "way/1519035701", "CORDON": "SI", "cord_estado ": "BUENO", "BANQUINA": "SI", "BANQ_ESTADO": "REGULAR", "BANQ_MAT": "TIERRA", "CUNETA": "SI", "CUN_MAT": "HORMIGON", "FECHA": "08-2026", "OBS": null }, "geometry": { "type": "LineString", "coordinates": [ [ -68.4646454, -33.1919171 ], [ -68.4654646, -33.1916715 ] ] } },
{ "type": "Feature", "properties": { "id": "way/1519035702", "@id": "way/1519035702", "CORDON": "SI", "cord_estado ": "BUENO", "BANQUINA": "SI", "BANQ_ESTADO": "REGULAR", "BANQ_MAT": "TIERRA", "CUNETA": "SI", "CUN_MAT": "HORMIGON", "FECHA": "08-2026", "OBS": null }, "geometry": { "type": "LineString", "coordinates": [ [ -68.4645351, -33.1917547 ], [ -68.4653558, -33.1915099 ] ] } },
{ "type": "Feature", "properties": { "id": "way/1519035703", "@id": "way/1519035703", "CORDON": "SI", "cord_estado ": "BUENO", "BANQUINA": "SI", "BANQ_ESTADO": "REGULAR", "BANQ_MAT": "TIERRA", "CUNETA": "SI", "CUN_MAT": "HORMIGON", "FECHA": "08-2026", "OBS": null }, "geometry": { "type": "LineString", "coordinates": [ [ -68.4666306, -33.1912929 ], [ -68.4658462, -33.1915419 ] ] } },
{ "type": "Feature", "properties": { "id": "way/1519035704", "@id": "way/1519035704", "CORDON": "SI", "cord_estado ": "BUENO", "BANQUINA": "SI", "BANQ_ESTADO": "REGULAR", "BANQ_MAT": "TIERRA", "CUNETA": "SI", "CUN_MAT": "HORMIGON", "FECHA": "08-2026", "OBS": null }, "geometry": { "type": "LineString", "coordinates": [ [ -68.46654, -33.1911205 ], [ -68.4663612, -33.1912086 ], [ -68.465954, -33.191301 ], [ -68.4657376, -33.191392 ] ] } },
{ "type": "Feature", "properties": { "id": "way/1519035705", "@id": "way/1519035705", "CORDON": "SI", "cord_estado ": "BUENO", "BANQUINA": "SI", "BANQ_ESTADO": "REGULAR", "BANQ_MAT": "TIERRA", "CUNETA": "SI", "CUN_MAT": "HORMIGON", "FECHA": "08-2026", "OBS": null }, "geometry": { "type": "LineString", "coordinates": [ [ -68.4619276, -33.1926259 ], [ -68.4612517, -33.1915936 ] ] } },
{ "type": "Feature", "properties": { "id": "way/1519035706", "@id": "way/1519035706", "CORDON": "SI", "cord_estado ": "BUENO", "BANQUINA": "SI", "BANQ_ESTADO": "REGULAR", "BANQ_MAT": "TIERRA", "CUNETA": "SI", "CUN_MAT": "HORMIGON", "FECHA": "08-2026", "OBS": null }, "geometry": { "type": "LineString", "coordinates": [ [ -68.461746, -33.192712 ], [ -68.4610753, -33.1916675 ] ] } },
{ "type": "Feature", "properties": { "id": "way/1519035707", "@id": "way/1519035707", "CORDON": "SI", "cord_estado ": "BUENO", "BANQUINA": "SI", "BANQ_ESTADO": "REGULAR", "BANQ_MAT": "TIERRA", "CUNETA": "SI", "CUN_MAT": "HORMIGON", "FECHA": "08-2026", "OBS": null }, "geometry": { "type": "LineString", "coordinates": [ [ -68.4620435, -33.1911004 ], [ -68.4612873, -33.1914502 ] ] } },
{ "type": "Feature", "properties": { "id": "way/1519035708", "@id": "way/1519035708", "CORDON": "SI", "cord_estado ": "BUENO", "BANQUINA": "SI", "BANQ_ESTADO": "REGULAR", "BANQ_MAT": "TIERRA", "CUNETA": "SI", "CUN_MAT": "HORMIGON", "FECHA": "08-2026", "OBS": null }, "geometry": { "type": "LineString", "coordinates": [ [ -68.4619478, -33.1909543 ], [ -68.4611874, -33.1913066 ] ] } },
{ "type": "Feature", "properties": { "id": "way/1519035709", "@id": "way/1519035709", "CORDON": "SI", "cord_estado ": "BUENO", "BANQUINA": "SI", "BANQ_ESTADO": "REGULAR", "BANQ_MAT": "TIERRA", "CUNETA": "SI", "CUN_MAT": "HORMIGON", "FECHA": "08-2026", "OBS": null }, "geometry": { "type": "LineString", "coordinates": [ [ -68.4609097, -33.1916316 ], [ -68.4602384, -33.1919468 ] ] } },
{ "type": "Feature", "properties": { "id": "way/1519035710", "@id": "way/1519035710", "CORDON": "SI", "cord_estado ": "BUENO", "BANQUINA": "SI", "BANQ_ESTADO": "REGULAR", "BANQ_MAT": "TIERRA", "CUNETA": "SI", "CUN_MAT": "HORMIGON", "FECHA": "08-2026", "OBS": null }, "geometry": { "type": "LineString", "coordinates": [ [ -68.4608064, -33.1914753 ], [ -68.460157, -33.1917821 ] ] } },
{ "type": "Feature", "properties": { "id": "way/1519035711", "@id": "way/1519035711", "CORDON": "SI", "cord_estado ": "BUENO", "BANQUINA": "SI", "BANQ_ESTADO": "REGULAR", "BANQ_MAT": "TIERRA", "CUNETA": "SI", "CUN_MAT": "HORMIGON", "FECHA": "08-2026", "OBS": null }, "geometry": { "type": "LineString", "coordinates": [ [ -68.4633372, -33.1906194 ], [ -68.4624206, -33.1909448 ] ] } },
{ "type": "Feature", "properties": { "id": "way/1519035712", "@id": "way/1519035712", "CORDON": "SI", "cord_estado ": "BUENO", "BANQUINA": "SI", "BANQ_ESTADO": "REGULAR", "BANQ_MAT": "TIERRA", "CUNETA": "SI", "CUN_MAT": "HORMIGON", "FECHA": "08-2026", "OBS": null }, "geometry": { "type": "LineString", "coordinates": [ [ -68.4632373, -33.1904624 ], [ -68.4622915, -33.1907885 ] ] } },
{ "type": "Feature", "properties": { "id": "way/1519035713", "@id": "way/1519035713", "CORDON": "SI", "cord_estado ": "BUENO", "BANQUINA": "SI", "BANQ_ESTADO": "REGULAR", "BANQ_MAT": "TIERRA", "CUNETA": "SI", "CUN_MAT": "HORMIGON", "FECHA": "08-2026", "OBS": null }, "geometry": { "type": "LineString", "coordinates": [ [ -68.4643836, -33.1917115 ], [ -68.4636716, -33.1905835 ] ] } },
{ "type": "Feature", "properties": { "id": "way/1519035714", "@id": "way/1519035714", "CORDON": "SI", "cord_estado ": "BUENO", "BANQUINA": "SI", "BANQ_ESTADO": "REGULAR", "BANQ_MAT": "TIERRA", "CUNETA": "SI", "CUN_MAT": "HORMIGON", "FECHA": "08-2026", "OBS": null }, "geometry": { "type": "LineString", "coordinates": [ [ -68.4641838, -33.1917707 ], [ -68.4634929, -33.190651 ] ] } },
{ "type": "Feature", "properties": { "id": "way/1519035715", "@id": "way/1519035715", "CORDON": "SI", "cord_estado ": "BUENO", "BANQUINA": "SI", "BANQ_ESTADO": "REGULAR", "BANQ_MAT": "TIERRA", "CUNETA": "SI", "CUN_MAT": "HORMIGON", "FECHA": "08-2026", "OBS": null }, "geometry": { "type": "LineString", "coordinates": [ [ -68.4661045, -33.1920875 ], [ -68.4658155, -33.1916477 ] ] } },
{ "type": "Feature", "properties": { "id": "way/1519035716", "@id": "way/1519035716", "CORDON": "SI", "cord_estado ": "BUENO", "BANQUINA": "SI", "BANQ_ESTADO": "REGULAR", "BANQ_MAT": "TIERRA", "CUNETA": "SI", "CUN_MAT": "HORMIGON", "FECHA": "08-2026", "OBS": null }, "geometry": { "type": "LineString", "coordinates": [ [ -68.4659108, -33.1921632 ], [ -68.4656042, -33.191708 ] ] } },
{ "type": "Feature", "properties": { "id": "way/1519035717", "@id": "way/1519035717", "CORDON": "SI", "cord_estado ": "BUENO", "BANQUINA": "SI", "BANQ_ESTADO": "REGULAR", "BANQ_MAT": "TIERRA", "CUNETA": "SI", "CUN_MAT": "HORMIGON", "FECHA": "08-2026", "OBS": null }, "geometry": { "type": "LineString", "coordinates": [ [ -68.4637375, -33.1904641 ], [ -68.464533, -33.1901545 ] ] } },
{ "type": "Feature", "properties": { "id": "way/1519035718", "@id": "way/1519035718", "CORDON": "SI", "cord_estado ": "BUENO", "BANQUINA": "SI", "BANQ_ESTADO": "REGULAR", "BANQ_MAT": "TIERRA", "CUNETA": "SI", "CUN_MAT": "HORMIGON", "FECHA": "08-2026", "OBS": null }, "geometry": { "type": "LineString", "coordinates": [ [ -68.4636299, -33.1903042 ], [ -68.4644612, -33.1899862 ] ] } },
{ "type": "Feature", "properties": { "id": "way/1519035719", "@id": "way/1519035719", "CORDON": "SI", "cord_estado ": "BUENO", "BANQUINA": "SI", "BANQ_ESTADO": "REGULAR", "BANQ_MAT": "TIERRA", "CUNETA": "SI", "CUN_MAT": "HORMIGON", "FECHA": "08-2026", "OBS": null }, "geometry": { "type": "LineString", "coordinates": [ [ -68.4628222, -33.1967857 ], [ -68.462304, -33.1970163 ] ] } },
{ "type": "Feature", "properties": { "id": "way/1519035720", "@id": "way/1519035720", "CORDON": "SI", "cord_estado ": "BUENO", "BANQUINA": "SI", "BANQ_ESTADO": "REGULAR", "BANQ_MAT": "TIERRA", "CUNETA": "SI", "CUN_MAT": "HORMIGON", "FECHA": "08-2026", "OBS": null }, "geometry": { "type": "LineString", "coordinates": [ [ -68.4627171, -33.1966141 ], [ -68.4622137, -33.1968442 ] ] } },
{ "type": "Feature", "properties": { "id": "way/1519035721", "@id": "way/1519035721", "CORDON": "SI", "cord_estado ": "BUENO", "BANQUINA": "SI", "BANQ_ESTADO": "REGULAR", "BANQ_MAT": "TIERRA", "CUNETA": "SI", "CUN_MAT": "HORMIGON", "FECHA": "08-2026", "OBS": null }, "geometry": { "type": "LineString", "coordinates": [ [ -68.4634611, -33.1977644 ], [ -68.4629335, -33.1980053 ] ] } },
{ "type": "Feature", "properties": { "id": "way/1519035722", "@id": "way/1519035722", "CORDON": "SI", "cord_estado ": "BUENO", "BANQUINA": "SI", "BANQ_ESTADO": "REGULAR", "BANQ_MAT": "TIERRA", "CUNETA": "SI", "CUN_MAT": "HORMIGON", "FECHA": "08-2026", "OBS": null }, "geometry": { "type": "LineString", "coordinates": [ [ -68.4633435, -33.1975929 ], [ -68.4628463, -33.1978211 ] ] } },
{ "type": "Feature", "properties": { "id": "way/1519035723", "@id": "way/1519035723", "CORDON": "SI", "cord_estado ": "BUENO", "BANQUINA": "SI", "BANQ_ESTADO": "REGULAR", "BANQ_MAT": "TIERRA", "CUNETA": "SI", "CUN_MAT": "HORMIGON", "FECHA": "08-2026", "OBS": null }, "geometry": { "type": "LineString", "coordinates": [ [ -68.4627045, -33.197803 ], [ -68.4622786, -33.1971401 ] ] } },
{ "type": "Feature", "properties": { "id": "way/1519035724", "@id": "way/1519035724", "CORDON": "SI", "cord_estado ": "BUENO", "BANQUINA": "SI", "BANQ_ESTADO": "REGULAR", "BANQ_MAT": "TIERRA", "CUNETA": "SI", "CUN_MAT": "HORMIGON", "FECHA": "08-2026", "OBS": null }, "geometry": { "type": "LineString", "coordinates": [ [ -68.4620409, -33.1955937 ], [ -68.4615488, -33.1958087 ] ] } },
{ "type": "Feature", "properties": { "id": "way/1519035725", "@id": "way/1519035725", "CORDON": "SI", "cord_estado ": "BUENO", "BANQUINA": "SI", "BANQ_ESTADO": "REGULAR", "BANQ_MAT": "TIERRA", "CUNETA": "SI", "CUN_MAT": "HORMIGON", "FECHA": "08-2026", "OBS": null }, "geometry": { "type": "LineString", "coordinates": [ [ -68.4619613, -33.1954085 ], [ -68.4614342, -33.195637 ] ] } },
{ "type": "Feature", "properties": { "id": "way/1519035726", "@id": "way/1519035726", "CORDON": "SI", "cord_estado ": "BUENO", "BANQUINA": "SI", "BANQ_ESTADO": "REGULAR", "BANQ_MAT": "TIERRA", "CUNETA": "SI", "CUN_MAT": "HORMIGON", "FECHA": "08-2026", "OBS": null }, "geometry": { "type": "LineString", "coordinates": [ [ -68.4614163, -33.1945702 ], [ -68.4608932, -33.1948112 ] ] } },
{ "type": "Feature", "properties": { "id": "way/1519035727", "@id": "way/1519035727", "CORDON": "SI", "cord_estado ": "BUENO", "BANQUINA": "SI", "BANQ_ESTADO": "REGULAR", "BANQ_MAT": "TIERRA", "CUNETA": "SI", "CUN_MAT": "HORMIGON", "FECHA": "08-2026", "OBS": null }, "geometry": { "type": "LineString", "coordinates": [ [ -68.4612985, -33.1943957 ], [ -68.4607788, -33.1946393 ] ] } },
{ "type": "Feature", "properties": { "id": "way/1519035728", "@id": "way/1519035728", "CORDON": "SI", "cord_estado ": "BUENO", "BANQUINA": "SI", "BANQ_ESTADO": "REGULAR", "BANQ_MAT": "TIERRA", "CUNETA": "SI", "CUN_MAT": "HORMIGON", "FECHA": "08-2026", "OBS": null }, "geometry": { "type": "LineString", "coordinates": [ [ -68.460729, -33.1934808 ], [ -68.4601728, -33.1937351 ] ] } },
{ "type": "Feature", "properties": { "id": "way/1519035729", "@id": "way/1519035729", "CORDON": "SI", "cord_estado ": "BUENO", "BANQUINA": "SI", "BANQ_ESTADO": "REGULAR", "BANQ_MAT": "TIERRA", "CUNETA": "SI", "CUN_MAT": "HORMIGON", "FECHA": "08-2026", "OBS": null }, "geometry": { "type": "LineString", "coordinates": [ [ -68.4606271, -33.1933345 ], [ -68.4600766, -33.1935846 ] ] } },
{ "type": "Feature", "properties": { "id": "way/1519035730", "@id": "way/1519035730", "CORDON": "SI", "cord_estado ": "BUENO", "BANQUINA": "SI", "BANQ_ESTADO": "REGULAR", "BANQ_MAT": "TIERRA", "CUNETA": "SI", "CUN_MAT": "HORMIGON", "FECHA": "08-2026", "OBS": null }, "geometry": { "type": "LineString", "coordinates": [ [ -68.4594726, -33.1950972 ], [ -68.4589982, -33.1943803 ] ] } },
{ "type": "Feature", "properties": { "id": "way/1519035731", "@id": "way/1519035731", "CORDON": "SI", "cord_estado ": "BUENO", "BANQUINA": "SI", "BANQ_ESTADO": "REGULAR", "BANQ_MAT": "TIERRA", "CUNETA": "SI", "CUN_MAT": "HORMIGON", "FECHA": "08-2026", "OBS": null }, "geometry": { "type": "LineString", "coordinates": [ [ -68.459286, -33.1951734 ], [ -68.4588227, -33.1944517 ] ] } },
{ "type": "Feature", "properties": { "id": "way/1519035732", "@id": "way/1519035732", "CORDON": "SI", "cord_estado ": "BUENO", "BANQUINA": "SI", "BANQ_ESTADO": "REGULAR", "BANQ_MAT": "TIERRA", "CUNETA": "SI", "CUN_MAT": "HORMIGON", "FECHA": "08-2026", "OBS": null }, "geometry": { "type": "LineString", "coordinates": [ [ -68.4606615, -33.1932141 ], [ -68.4600138, -33.1921503 ] ] } },
{ "type": "Feature", "properties": { "id": "way/1519035733", "@id": "way/1519035733", "CORDON": "SI", "cord_estado ": "BUENO", "BANQUINA": "SI", "BANQ_ESTADO": "REGULAR", "BANQ_MAT": "TIERRA", "CUNETA": "SI", "CUN_MAT": "HORMIGON", "FECHA": "08-2026", "OBS": null }, "geometry": { "type": "LineString", "coordinates": [ [ -68.4608423, -33.1931356 ], [ -68.460207, -33.1920782 ] ] } },
{ "type": "Feature", "properties": { "id": "way/1519035734", "@id": "way/1519035734", "CORDON": "SI", "cord_estado ": "BUENO", "BANQUINA": "SI", "BANQ_ESTADO": "REGULAR", "BANQ_MAT": "TIERRA", "CUNETA": "SI", "CUN_MAT": "HORMIGON", "FECHA": "08-2026", "OBS": null }, "geometry": { "type": "LineString", "coordinates": [ [ -68.4598659, -33.192116 ], [ -68.4593077, -33.1923785 ] ] } },
{ "type": "Feature", "properties": { "id": "way/1519035735", "@id": "way/1519035735", "CORDON": "SI", "cord_estado ": "BUENO", "BANQUINA": "SI", "BANQ_ESTADO": "REGULAR", "BANQ_MAT": "TIERRA", "CUNETA": "SI", "CUN_MAT": "HORMIGON", "FECHA": "08-2026", "OBS": null }, "geometry": { "type": "LineString", "coordinates": [ [ -68.4597815, -33.1919582 ], [ -68.459207, -33.1922215 ] ] } },
{ "type": "Feature", "properties": { "id": "way/1519035736", "@id": "way/1519035736", "CORDON": "SI", "cord_estado ": "BUENO", "BANQUINA": "SI", "BANQ_ESTADO": "REGULAR", "BANQ_MAT": "TIERRA", "CUNETA": "SI", "CUN_MAT": "HORMIGON", "FECHA": "08-2026", "OBS": null }, "geometry": { "type": "LineString", "coordinates": [ [ -68.4655995, -33.191354 ], [ -68.4648791, -33.1901262 ] ] } },
{ "type": "Feature", "properties": { "id": "way/1519035737", "@id": "way/1519035737", "CORDON": "SI", "cord_estado ": "BUENO", "BANQUINA": "SI", "BANQ_ESTADO": "REGULAR", "BANQ_MAT": "TIERRA", "CUNETA": "SI", "CUN_MAT": "HORMIGON", "FECHA": "08-2026", "OBS": null }, "geometry": { "type": "LineString", "coordinates": [ [ -68.4653997, -33.1914062 ], [ -68.4646865, -33.1901969 ] ] } },
{ "type": "Feature", "properties": { "id": "way/1519035738", "@id": "way/1519035738", "CORDON": "SI", "cord_estado ": "BUENO", "BANQUINA": "SI", "BANQ_ESTADO": "REGULAR", "BANQ_MAT": "TIERRA", "CUNETA": "SI", "CUN_MAT": "HORMIGON", "FECHA": "08-2026", "OBS": null }, "geometry": { "type": "LineString", "coordinates": [ [ -68.4655854, -33.1897496 ], [ -68.4649303, -33.1900067 ] ] } },
{ "type": "Feature", "properties": { "id": "way/1519035739", "@id": "way/1519035739", "CORDON": "SI", "cord_estado ": "BUENO", "BANQUINA": "SI", "BANQ_ESTADO": "REGULAR", "BANQ_MAT": "TIERRA", "CUNETA": "SI", "CUN_MAT": "HORMIGON", "FECHA": "08-2026", "OBS": null }, "geometry": { "type": "LineString", "coordinates": [ [ -68.4654955, -33.1895921 ], [ -68.4648435, -33.189842 ] ] } },
{ "type": "Feature", "properties": { "id": "way/1519035740", "@id": "way/1519035740", "CORDON": "SI", "cord_estado ": "BUENO", "BANQUINA": "SI", "BANQ_ESTADO": "REGULAR", "BANQ_MAT": "TIERRA", "CUNETA": "SI", "CUN_MAT": "HORMIGON", "FECHA": "08-2026", "OBS": null }, "geometry": { "type": "LineString", "coordinates": [ [ -68.4599308, -33.1935484 ], [ -68.4592671, -33.1925029 ] ] } },
{ "type": "Feature", "properties": { "id": "way/1519035741", "@id": "way/1519035741", "CORDON": "SI", "cord_estado ": "BUENO", "BANQUINA": "SI", "BANQ_ESTADO": "REGULAR", "BANQ_MAT": "TIERRA", "CUNETA": "SI", "CUN_MAT": "HORMIGON", "FECHA": "08-2026", "OBS": null }, "geometry": { "type": "LineString", "coordinates": [ [ -68.4597215, -33.1936269 ], [ -68.459063, -33.192583 ] ] } },
{ "type": "Feature", "properties": { "id": "way/1519035742", "@id": "way/1519035742", "CORDON": "SI", "cord_estado ": "BUENO", "BANQUINA": "SI", "BANQ_ESTADO": "REGULAR", "BANQ_MAT": "TIERRA", "CUNETA": "SI", "CUN_MAT": "HORMIGON", "FECHA": "08-2026", "OBS": null }, "geometry": { "type": "LineString", "coordinates": [ [ -68.4601186, -33.1960976 ], [ -68.4597228, -33.1954697 ] ] } },
{ "type": "Feature", "properties": { "id": "way/1519035743", "@id": "way/1519035743", "CORDON": "SI", "cord_estado ": "BUENO", "BANQUINA": "SI", "BANQ_ESTADO": "REGULAR", "BANQ_MAT": "TIERRA", "CUNETA": "SI", "CUN_MAT": "HORMIGON", "FECHA": "08-2026", "OBS": null }, "geometry": { "type": "LineString", "coordinates": [ [ -68.4599219, -33.1961762 ], [ -68.4595364, -33.1955593 ] ] } },
{ "type": "Feature", "properties": { "id": "way/1519035744", "@id": "way/1519035744", "CORDON": "SI", "cord_estado ": "BUENO", "BANQUINA": "SI", "BANQ_ESTADO": "REGULAR", "BANQ_MAT": "TIERRA", "CUNETA": "SI", "CUN_MAT": "HORMIGON", "FECHA": "08-2026", "OBS": null }, "geometry": { "type": "LineString", "coordinates": [ [ -68.4667515, -33.1909529 ], [ -68.4659399, -33.1897295 ] ] } },
{ "type": "Feature", "properties": { "id": "way/1519035745", "@id": "way/1519035745", "CORDON": "SI", "cord_estado ": "BUENO", "BANQUINA": "SI", "BANQ_ESTADO": "REGULAR", "BANQ_MAT": "TIERRA", "CUNETA": "SI", "CUN_MAT": "HORMIGON", "FECHA": "08-2026", "OBS": null }, "geometry": { "type": "LineString", "coordinates": [ [ -68.466541, -33.1910096 ], [ -68.4657339, -33.1897958 ] ] } },
{ "type": "Feature", "properties": { "id": "way/1519035746", "@id": "way/1519035746", "CORDON": "SI", "cord_estado ": "BUENO", "BANQUINA": "SI", "BANQ_ESTADO": "REGULAR", "BANQ_MAT": "TIERRA", "CUNETA": "SI", "CUN_MAT": "HORMIGON", "FECHA": "08-2026", "OBS": null }, "geometry": { "type": "LineString", "coordinates": [ [ -68.4671975, -33.1915766 ], [ -68.4669813, -33.1912724 ] ] } },
{ "type": "Feature", "properties": { "id": "way/1519035747", "@id": "way/1519035747", "CORDON": "SI", "cord_estado ": "BUENO", "BANQUINA": "SI", "BANQ_ESTADO": "REGULAR", "BANQ_MAT": "TIERRA", "CUNETA": "SI", "CUN_MAT": "HORMIGON", "FECHA": "08-2026", "OBS": null }, "geometry": { "type": "LineString", "coordinates": [ [ -68.4670094, -33.1916576 ], [ -68.4667841, -33.1913327 ] ] } },
{ "type": "Feature", "properties": { "id": "way/1519035748", "@id": "way/1519035748", "CORDON": "SI", "cord_estado ": "BUENO", "BANQUINA": "SI", "BANQ_ESTADO": "REGULAR", "BANQ_MAT": "TIERRA", "CUNETA": "SI", "CUN_MAT": "HORMIGON", "FECHA": "08-2026", "OBS": null }, "geometry": { "type": "LineString", "coordinates": [ [ -68.4685199, -33.193831 ], [ -68.4680077, -33.1930536 ] ] } },
{ "type": "Feature", "properties": { "id": "way/1519035749", "@id": "way/1519035749", "CORDON": "SI", "cord_estado ": "BUENO", "BANQUINA": "SI", "BANQ_ESTADO": "REGULAR", "BANQ_MAT": "TIERRA", "CUNETA": "SI", "CUN_MAT": "HORMIGON", "FECHA": "08-2026", "OBS": null }, "geometry": { "type": "LineString", "coordinates": [ [ -68.4685396, -33.1934938 ], [ -68.4682157, -33.1930223 ] ] } },
{ "type": "Feature", "properties": { "id": "way/1519035750", "@id": "way/1519035750", "CORDON": "SI", "cord_estado ": "BUENO", "BANQUINA": "SI", "BANQ_ESTADO": "REGULAR", "BANQ_MAT": "TIERRA", "CUNETA": "SI", "CUN_MAT": "HORMIGON", "FECHA": "08-2026", "OBS": null }, "geometry": { "type": "LineString", "coordinates": [ [ -68.4688081, -33.1921513 ], [ -68.4683203, -33.1914455 ] ] } },
{ "type": "Feature", "properties": { "id": "way/1519035751", "@id": "way/1519035751", "CORDON": "SI", "cord_estado ": "BUENO", "BANQUINA": "SI", "BANQ_ESTADO": "REGULAR", "BANQ_MAT": "TIERRA", "CUNETA": "SI", "CUN_MAT": "HORMIGON", "FECHA": "08-2026", "OBS": null }, "geometry": { "type": "LineString", "coordinates": [ [ -68.468752, -33.1938058 ], [ -68.4695212, -33.1949071 ] ] } },
{ "type": "Feature", "properties": { "id": "way/1519035752", "@id": "way/1519035752", "CORDON": "SI", "cord_estado ": "BUENO", "BANQUINA": "SI", "BANQ_ESTADO": "REGULAR", "BANQ_MAT": "TIERRA", "CUNETA": "SI", "CUN_MAT": "HORMIGON", "FECHA": "08-2026", "OBS": null }, "geometry": { "type": "LineString", "coordinates": [ [ -68.4700581, -33.1956987 ], [ -68.4697117, -33.1951956 ] ] } },
{ "type": "Feature", "properties": { "id": "way/1519035753", "@id": "way/1519035753", "CORDON": "SI", "cord_estado ": "BUENO", "BANQUINA": "SI", "BANQ_ESTADO": "REGULAR", "BANQ_MAT": "TIERRA", "CUNETA": "SI", "CUN_MAT": "HORMIGON", "FECHA": "08-2026", "OBS": null }, "geometry": { "type": "LineString", "coordinates": [ [ -68.4718643, -33.198832 ], [ -68.4709591, -33.1992731 ] ] } },
{ "type": "Feature", "properties": { "id": "way/1519035754", "@id": "way/1519035754", "CORDON": "SI", "cord_estado ": "BUENO", "BANQUINA": "SI", "BANQ_ESTADO": "REGULAR", "BANQ_MAT": "TIERRA", "CUNETA": "SI", "CUN_MAT": "HORMIGON", "FECHA": "08-2026", "OBS": null }, "geometry": { "type": "LineString", "coordinates": [ [ -68.4728882, -33.2002199 ], [ -68.4725532, -33.2003698 ] ] } },
{ "type": "Feature", "properties": { "id": "way/1519035755", "@id": "way/1519035755", "CORDON": "SI", "cord_estado ": "BUENO", "BANQUINA": "SI", "BANQ_ESTADO": "REGULAR", "BANQ_MAT": "TIERRA", "CUNETA": "SI", "CUN_MAT": "HORMIGON", "FECHA": "08-2026", "OBS": null }, "geometry": { "type": "LineString", "coordinates": [ [ -68.4722782, -33.2004913 ], [ -68.4718761, -33.2006661 ] ] } },
{ "type": "Feature", "properties": { "id": "way/1519035756", "@id": "way/1519035756", "CORDON": "SI", "cord_estado ": "BUENO", "BANQUINA": "SI", "BANQ_ESTADO": "REGULAR", "BANQ_MAT": "TIERRA", "CUNETA": "SI", "CUN_MAT": "HORMIGON", "FECHA": "08-2026", "OBS": null }, "geometry": { "type": "LineString", "coordinates": [ [ -68.470631, -33.1968286 ], [ -68.4701851, -33.1962058 ] ] } },
{ "type": "Feature", "properties": { "id": "way/1519035757", "@id": "way/1519035757", "CORDON": "SI", "cord_estado ": "BUENO", "BANQUINA": "SI", "BANQ_ESTADO": "REGULAR", "BANQ_MAT": "TIERRA", "CUNETA": "SI", "CUN_MAT": "HORMIGON", "FECHA": "08-2026", "OBS": null }, "geometry": { "type": "LineString", "coordinates": [ [ -68.4684737, -33.1939543 ], [ -68.4677087, -33.1943038 ] ] } },
{ "type": "Feature", "properties": { "id": "way/1519035758", "@id": "way/1519035758", "CORDON": "SI", "cord_estado ": "BUENO", "BANQUINA": "SI", "BANQ_ESTADO": "REGULAR", "BANQ_MAT": "TIERRA", "CUNETA": "SI", "CUN_MAT": "HORMIGON", "FECHA": "08-2026", "OBS": null }, "geometry": { "type": "LineString", "coordinates": [ [ -68.4678467, -33.1930361 ], [ -68.4670735, -33.1933928 ] ] } },
{ "type": "Feature", "properties": { "id": "way/1519035759", "@id": "way/1519035759", "CORDON": "SI", "cord_estado ": "BUENO", "BANQUINA": "SI", "BANQ_ESTADO": "REGULAR", "BANQ_MAT": "TIERRA", "CUNETA": "SI", "CUN_MAT": "HORMIGON", "FECHA": "08-2026", "OBS": null }, "geometry": { "type": "LineString", "coordinates": [ [ -68.4730066, -33.2003755 ], [ -68.4726716, -33.2005254 ] ] } },
{ "type": "Feature", "properties": { "id": "way/1519035760", "@id": "way/1519035760", "CORDON": "SI", "cord_estado ": "BUENO", "BANQUINA": "SI", "BANQ_ESTADO": "REGULAR", "BANQ_MAT": "TIERRA", "CUNETA": "SI", "CUN_MAT": "HORMIGON", "FECHA": "08-2026", "OBS": null }, "geometry": { "type": "LineString", "coordinates": [ [ -68.4723718, -33.2006558 ], [ -68.4719698, -33.2008306 ] ] } },
{ "type": "Feature", "properties": { "id": "way/1519035761", "@id": "way/1519035761", "CORDON": "SI", "cord_estado ": "BUENO", "BANQUINA": "SI", "BANQ_ESTADO": "REGULAR", "BANQ_MAT": "TIERRA", "CUNETA": "SI", "CUN_MAT": "HORMIGON", "FECHA": "08-2026", "OBS": null }, "geometry": { "type": "LineString", "coordinates": [ [ -68.4725162, -33.1996561 ], [ -68.4721865, -33.1998119 ] ] } },
{ "type": "Feature", "properties": { "id": "way/1519035762", "@id": "way/1519035762", "CORDON": "SI", "cord_estado ": "BUENO", "BANQUINA": "SI", "BANQ_ESTADO": "REGULAR", "BANQ_MAT": "TIERRA", "CUNETA": "SI", "CUN_MAT": "HORMIGON", "FECHA": "08-2026", "OBS": null }, "geometry": { "type": "LineString", "coordinates": [ [ -68.4724013, -33.1995035 ], [ -68.4720716, -33.1996637 ] ] } },
{ "type": "Feature", "properties": { "id": "way/1519035763", "@id": "way/1519035763", "CORDON": "SI", "cord_estado ": "BUENO", "BANQUINA": "SI", "BANQ_ESTADO": "REGULAR", "BANQ_MAT": "TIERRA", "CUNETA": "SI", "CUN_MAT": "HORMIGON", "FECHA": "08-2026", "OBS": null }, "geometry": { "type": "LineString", "coordinates": [ [ -68.4718955, -33.1999394 ], [ -68.4715076, -33.2001231 ] ] } },
{ "type": "Feature", "properties": { "id": "way/1519035764", "@id": "way/1519035764", "CORDON": "SI", "cord_estado ": "BUENO", "BANQUINA": "SI", "BANQ_ESTADO": "REGULAR", "BANQ_MAT": "TIERRA", "CUNETA": "SI", "CUN_MAT": "HORMIGON", "FECHA": "08-2026", "OBS": null }, "geometry": { "type": "LineString", "coordinates": [ [ -68.4717895, -33.1997882 ], [ -68.4714069, -33.1999645 ] ] } },
{ "type": "Feature", "properties": { "id": "way/1519035765", "@id": "way/1519035765", "CORDON": "SI", "cord_estado ": "BUENO", "BANQUINA": "SI", "BANQ_ESTADO": "REGULAR", "BANQ_MAT": "TIERRA", "CUNETA": "SI", "CUN_MAT": "HORMIGON", "FECHA": "08-2026", "OBS": null }, "geometry": { "type": "LineString", "coordinates": [ [ -68.4719916, -33.1989781 ], [ -68.4716881, -33.1991185 ] ] } },
{ "type": "Feature", "properties": { "id": "way/1519035766", "@id": "way/1519035766", "CORDON": "SI", "cord_estado ": "BUENO", "BANQUINA": "SI", "BANQ_ESTADO": "REGULAR", "BANQ_MAT": "TIERRA", "CUNETA": "SI", "CUN_MAT": "HORMIGON", "FECHA": "08-2026", "OBS": null }, "geometry": { "type": "LineString", "coordinates": [ [ -68.4714152, -33.1992522 ], [ -68.4710488, -33.1994256 ] ] } },
{ "type": "Feature", "properties": { "id": "way/1524501828", "@id": "way/1524501828", "CORDON": "SI", "cord_estado ": "BUENO", "BANQUINA": "SI", "BANQ_ESTADO": "REGULAR", "BANQ_MAT": "TIERRA", "CUNETA": "SI", "CUN_MAT": "HORMIGON", "FECHA": "08-2026", "OBS": null }, "geometry": { "type": "LineString", "coordinates": [ [ -68.461425, -33.1901466 ], [ -68.4606457, -33.1904371 ] ] } },
{ "type": "Feature", "properties": { "id": "way/1524501829", "@id": "way/1524501829", "CORDON": "SI", "cord_estado ": "BUENO", "BANQUINA": "SI", "BANQ_ESTADO": "REGULAR", "BANQ_MAT": "TIERRA", "CUNETA": "SI", "CUN_MAT": "HORMIGON", "FECHA": "08-2026", "OBS": null }, "geometry": { "type": "LineString", "coordinates": [ [ -68.4613246, -33.1899875 ], [ -68.4605506, -33.1902762 ] ] } },
{ "type": "Feature", "properties": { "id": "way/1524501830", "@id": "way/1524501830", "CORDON": "SI", "cord_estado ": "BUENO", "BANQUINA": "SI", "BANQ_ESTADO": "REGULAR", "BANQ_MAT": "TIERRA", "CUNETA": "SI", "CUN_MAT": "HORMIGON", "FECHA": "08-2026", "OBS": null }, "geometry": { "type": "LineString", "coordinates": [ [ -68.4605243, -33.1887207 ], [ -68.4596342, -33.1889997 ] ] } },
{ "type": "Feature", "properties": { "id": "way/1524501831", "@id": "way/1524501831", "CORDON": "SI", "cord_estado ": "BUENO", "BANQUINA": "SI", "BANQ_ESTADO": "REGULAR", "BANQ_MAT": "TIERRA", "CUNETA": "SI", "CUN_MAT": "HORMIGON", "FECHA": "08-2026", "OBS": null }, "geometry": { "type": "LineString", "coordinates": [ [ -68.4604748, -33.1886417 ], [ -68.459586, -33.1889166 ] ] } },
{ "type": "Feature", "properties": { "id": "way/1524501832", "@id": "way/1524501832", "CORDON": "SI", "cord_estado ": "BUENO", "BANQUINA": "SI", "BANQ_ESTADO": "REGULAR", "BANQ_MAT": "TIERRA", "CUNETA": "SI", "CUN_MAT": "HORMIGON", "FECHA": "08-2026", "OBS": null }, "geometry": { "type": "LineString", "coordinates": [ [ -68.4595628, -33.187206 ], [ -68.4586137, -33.1874774 ] ] } },
{ "type": "Feature", "properties": { "id": "way/1524501833", "@id": "way/1524501833", "CORDON": "SI", "cord_estado ": "BUENO", "BANQUINA": "SI", "BANQ_ESTADO": "REGULAR", "BANQ_MAT": "TIERRA", "CUNETA": "SI", "CUN_MAT": "HORMIGON", "FECHA": "08-2026", "OBS": null }, "geometry": { "type": "LineString", "coordinates": [ [ -68.4594636, -33.1870481 ], [ -68.458495, -33.1873249 ] ] } },
{ "type": "Feature", "properties": { "id": "way/1524501834", "@id": "way/1524501834", "CORDON": "SI", "cord_estado ": "BUENO", "BANQUINA": "SI", "BANQ_ESTADO": "REGULAR", "BANQ_MAT": "TIERRA", "CUNETA": "SI", "CUN_MAT": "HORMIGON", "FECHA": "08-2026", "OBS": null }, "geometry": { "type": "LineString", "coordinates": [ [ -68.4588634, -33.1861338 ], [ -68.4579385, -33.1864307 ] ] } },
{ "type": "Feature", "properties": { "id": "way/1524501835", "@id": "way/1524501835", "CORDON": "SI", "cord_estado ": "BUENO", "BANQUINA": "SI", "BANQ_ESTADO": "REGULAR", "BANQ_MAT": "TIERRA", "CUNETA": "SI", "CUN_MAT": "HORMIGON", "FECHA": "08-2026", "OBS": null }, "geometry": { "type": "LineString", "coordinates": [ [ -68.458763, -33.1859677 ], [ -68.4578287, -33.1862707 ] ] } },
{ "type": "Feature", "properties": { "id": "way/1524501836", "@id": "way/1524501836", "CORDON": "SI", "cord_estado ": "BUENO", "BANQUINA": "SI", "BANQ_ESTADO": "REGULAR", "BANQ_MAT": "TIERRA", "CUNETA": "SI", "CUN_MAT": "HORMIGON", "FECHA": "08-2026", "OBS": null }, "geometry": { "type": "LineString", "coordinates": [ [ -68.4582932, -33.1852067 ], [ -68.4573728, -33.1855058 ] ] } },
{ "type": "Feature", "properties": { "id": "way/1524501837", "@id": "way/1524501837", "CORDON": "SI", "cord_estado ": "BUENO", "BANQUINA": "SI", "BANQ_ESTADO": "REGULAR", "BANQ_MAT": "TIERRA", "CUNETA": "SI", "CUN_MAT": "HORMIGON", "FECHA": "08-2026", "OBS": null }, "geometry": { "type": "LineString", "coordinates": [ [ -68.458208, -33.1850457 ], [ -68.4572375, -33.1853572 ] ] } },
{ "type": "Feature", "properties": { "id": "way/1524501838", "@id": "way/1524501838", "CORDON": "SI", "cord_estado ": "BUENO", "BANQUINA": "SI", "BANQ_ESTADO": "REGULAR", "BANQ_MAT": "TIERRA", "CUNETA": "SI", "CUN_MAT": "HORMIGON", "FECHA": "08-2026", "OBS": null }, "geometry": { "type": "LineString", "coordinates": [ [ -68.4575475, -33.1841332 ], [ -68.4566218, -33.1846011 ] ] } },
{ "type": "Feature", "properties": { "id": "way/1524501839", "@id": "way/1524501839", "CORDON": "SI", "cord_estado ": "BUENO", "BANQUINA": "SI", "BANQ_ESTADO": "REGULAR", "BANQ_MAT": "TIERRA", "CUNETA": "SI", "CUN_MAT": "HORMIGON", "FECHA": "08-2026", "OBS": null }, "geometry": { "type": "LineString", "coordinates": [ [ -68.4574356, -33.1839678 ], [ -68.4565173, -33.1844364 ] ] } },
{ "type": "Feature", "properties": { "id": "way/1524501840", "@id": "way/1524501840", "CORDON": "SI", "cord_estado ": "BUENO", "BANQUINA": "SI", "BANQ_ESTADO": "REGULAR", "BANQ_MAT": "TIERRA", "CUNETA": "SI", "CUN_MAT": "HORMIGON", "FECHA": "08-2026", "OBS": null }, "geometry": { "type": "LineString", "coordinates": [ [ -68.4568106, -33.1830511 ], [ -68.4559067, -33.1835008 ] ] } },
{ "type": "Feature", "properties": { "id": "way/1524501841", "@id": "way/1524501841", "CORDON": "SI", "cord_estado ": "BUENO", "BANQUINA": "SI", "BANQ_ESTADO": "REGULAR", "BANQ_MAT": "TIERRA", "CUNETA": "SI", "CUN_MAT": "HORMIGON", "FECHA": "08-2026", "OBS": null }, "geometry": { "type": "LineString", "coordinates": [ [ -68.4567087, -33.1828857 ], [ -68.4557839, -33.1833512 ] ] } },
{ "type": "Feature", "properties": { "id": "way/1524501842", "@id": "way/1524501842", "CORDON": "SI", "cord_estado ": "BUENO", "BANQUINA": "SI", "BANQ_ESTADO": "REGULAR", "BANQ_MAT": "TIERRA", "CUNETA": "SI", "CUN_MAT": "HORMIGON", "FECHA": "08-2026", "OBS": null }, "geometry": { "type": "LineString", "coordinates": [ [ -68.4560765, -33.181951 ], [ -68.4551234, -33.1824303 ] ] } },
{ "type": "Feature", "properties": { "id": "way/1524501843", "@id": "way/1524501843", "CORDON": "SI", "cord_estado ": "BUENO", "BANQUINA": "SI", "BANQ_ESTADO": "REGULAR", "BANQ_MAT": "TIERRA", "CUNETA": "SI", "CUN_MAT": "HORMIGON", "FECHA": "08-2026", "OBS": null }, "geometry": { "type": "LineString", "coordinates": [ [ -68.4559648, -33.1817842 ], [ -68.4550398, -33.1822505 ] ] } },
{ "type": "Feature", "properties": { "id": "way/1524501844", "@id": "way/1524501844", "CORDON": "SI", "cord_estado ": "BUENO", "BANQUINA": "SI", "BANQ_ESTADO": "REGULAR", "BANQ_MAT": "TIERRA", "CUNETA": "SI", "CUN_MAT": "HORMIGON", "FECHA": "08-2026", "OBS": null }, "geometry": { "type": "LineString", "coordinates": [ [ -68.4553067, -33.180836 ], [ -68.4543504, -33.1811642 ] ] } },
{ "type": "Feature", "properties": { "id": "way/1524501845", "@id": "way/1524501845", "CORDON": "SI", "cord_estado ": "BUENO", "BANQUINA": "SI", "BANQ_ESTADO": "REGULAR", "BANQ_MAT": "TIERRA", "CUNETA": "SI", "CUN_MAT": "HORMIGON", "FECHA": "08-2026", "OBS": null }, "geometry": { "type": "LineString", "coordinates": [ [ -68.4552089, -33.180677 ], [ -68.4542289, -33.1810057 ] ] } },
{ "type": "Feature", "properties": { "id": "way/1524501846", "@id": "way/1524501846", "CORDON": "SI", "cord_estado ": "BUENO", "BANQUINA": "SI", "BANQ_ESTADO": "REGULAR", "BANQ_MAT": "TIERRA", "CUNETA": "SI", "CUN_MAT": "HORMIGON", "FECHA": "08-2026", "OBS": null }, "geometry": { "type": "LineString", "coordinates": [ [ -68.4547342, -33.180002 ], [ -68.4535895, -33.1802529 ] ] } },
{ "type": "Feature", "properties": { "id": "way/1524501847", "@id": "way/1524501847", "CORDON": "SI", "cord_estado ": "BUENO", "BANQUINA": "SI", "BANQ_ESTADO": "REGULAR", "BANQ_MAT": "TIERRA", "CUNETA": "SI", "CUN_MAT": "HORMIGON", "FECHA": "08-2026", "OBS": null }, "geometry": { "type": "LineString", "coordinates": [ [ -68.4546349, -33.1798349 ], [ -68.4534427, -33.1801058 ] ] } },
{ "type": "Feature", "properties": { "id": "way/1524501848", "@id": "way/1524501848", "CORDON": "SI", "cord_estado ": "BUENO", "BANQUINA": "SI", "BANQ_ESTADO": "REGULAR", "BANQ_MAT": "TIERRA", "CUNETA": "SI", "CUN_MAT": "HORMIGON", "FECHA": "08-2026", "OBS": null }, "geometry": { "type": "LineString", "coordinates": [ [ -68.4543996, -33.1794697 ], [ -68.4532098, -33.1797411 ] ] } },
{ "type": "Feature", "properties": { "id": "way/1524501849", "@id": "way/1524501849", "CORDON": "SI", "cord_estado ": "BUENO", "BANQUINA": "SI", "BANQ_ESTADO": "REGULAR", "BANQ_MAT": "TIERRA", "CUNETA": "SI", "CUN_MAT": "HORMIGON", "FECHA": "08-2026", "OBS": null }, "geometry": { "type": "LineString", "coordinates": [ [ -68.4542826, -33.1793103 ], [ -68.4530302, -33.1795915 ] ] } },
{ "type": "Feature", "properties": { "id": "way/1524501850", "@id": "way/1524501850", "CORDON": "SI", "cord_estado ": "BUENO", "BANQUINA": "SI", "BANQ_ESTADO": "REGULAR", "BANQ_MAT": "TIERRA", "CUNETA": "SI", "CUN_MAT": "HORMIGON", "FECHA": "08-2026", "OBS": null }, "geometry": { "type": "LineString", "coordinates": [ [ -68.4540541, -33.1789434 ], [ -68.452747, -33.1791572 ] ] } },
{ "type": "Feature", "properties": { "id": "way/1524501851", "@id": "way/1524501851", "CORDON": "SI", "cord_estado ": "BUENO", "BANQUINA": "SI", "BANQ_ESTADO": "REGULAR", "BANQ_MAT": "TIERRA", "CUNETA": "SI", "CUN_MAT": "HORMIGON", "FECHA": "08-2026", "OBS": null }, "geometry": { "type": "LineString", "coordinates": [ [ -68.4539564, -33.1788126 ], [ -68.4526488, -33.17903 ] ] } },
{ "type": "Feature", "properties": { "id": "way/1524501852", "@id": "way/1524501852", "CORDON": "SI", "cord_estado ": "BUENO", "BANQUINA": "SI", "BANQ_ESTADO": "REGULAR", "BANQ_MAT": "TIERRA", "CUNETA": "SI", "CUN_MAT": "HORMIGON", "FECHA": "08-2026", "OBS": null }, "geometry": { "type": "LineString", "coordinates": [ [ -68.4627313, -33.1896675 ], [ -68.4617992, -33.1900084 ] ] } },
{ "type": "Feature", "properties": { "id": "way/1524501853", "@id": "way/1524501853", "CORDON": "SI", "cord_estado ": "BUENO", "BANQUINA": "SI", "BANQ_ESTADO": "REGULAR", "BANQ_MAT": "TIERRA", "CUNETA": "SI", "CUN_MAT": "HORMIGON", "FECHA": "08-2026", "OBS": null }, "geometry": { "type": "LineString", "coordinates": [ [ -68.4626361, -33.1895013 ], [ -68.4616919, -33.1898465 ] ] } },
{ "type": "Feature", "properties": { "id": "way/1524501854", "@id": "way/1524501854", "CORDON": "SI", "cord_estado ": "BUENO", "BANQUINA": "SI", "BANQ_ESTADO": "REGULAR", "BANQ_MAT": "TIERRA", "CUNETA": "SI", "CUN_MAT": "HORMIGON", "FECHA": "08-2026", "OBS": null }, "geometry": { "type": "LineString", "coordinates": [ [ -68.4621, -33.1886529 ], [ -68.4611695, -33.1889941 ] ] } },
{ "type": "Feature", "properties": { "id": "way/1524501855", "@id": "way/1524501855", "CORDON": "SI", "cord_estado ": "BUENO", "BANQUINA": "SI", "BANQ_ESTADO": "REGULAR", "BANQ_MAT": "TIERRA", "CUNETA": "SI", "CUN_MAT": "HORMIGON", "FECHA": "08-2026", "OBS": null }, "geometry": { "type": "LineString", "coordinates": [ [ -68.4620184, -33.1885146 ], [ -68.4610787, -33.1888458 ] ] } },
{ "type": "Feature", "properties": { "id": "way/1524501856", "@id": "way/1524501856", "CORDON": "SI", "cord_estado ": "BUENO", "BANQUINA": "SI", "BANQ_ESTADO": "REGULAR", "BANQ_MAT": "TIERRA", "CUNETA": "SI", "CUN_MAT": "HORMIGON", "FECHA": "08-2026", "OBS": null }, "geometry": { "type": "LineString", "coordinates": [ [ -68.4609447, -33.1868031 ], [ -68.4599592, -33.1870938 ] ] } },
{ "type": "Feature", "properties": { "id": "way/1524501857", "@id": "way/1524501857", "CORDON": "SI", "cord_estado ": "BUENO", "BANQUINA": "SI", "BANQ_ESTADO": "REGULAR", "BANQ_MAT": "TIERRA", "CUNETA": "SI", "CUN_MAT": "HORMIGON", "FECHA": "08-2026", "OBS": null }, "geometry": { "type": "LineString", "coordinates": [ [ -68.4608432, -33.1866422 ], [ -68.4598872, -33.1869256 ] ] } },
{ "type": "Feature", "properties": { "id": "way/1524501858", "@id": "way/1524501858", "CORDON": "SI", "cord_estado ": "BUENO", "BANQUINA": "SI", "BANQ_ESTADO": "REGULAR", "BANQ_MAT": "TIERRA", "CUNETA": "SI", "CUN_MAT": "HORMIGON", "FECHA": "08-2026", "OBS": null }, "geometry": { "type": "LineString", "coordinates": [ [ -68.4602517, -33.18571 ], [ -68.4593205, -33.186083 ] ] } },
{ "type": "Feature", "properties": { "id": "way/1524501859", "@id": "way/1524501859", "CORDON": "SI", "cord_estado ": "BUENO", "BANQUINA": "SI", "BANQ_ESTADO": "REGULAR", "BANQ_MAT": "TIERRA", "CUNETA": "SI", "CUN_MAT": "HORMIGON", "FECHA": "08-2026", "OBS": null }, "geometry": { "type": "LineString", "coordinates": [ [ -68.4601599, -33.1855462 ], [ -68.4592202, -33.1859182 ] ] } },
{ "type": "Feature", "properties": { "id": "way/1524501860", "@id": "way/1524501860", "CORDON": "SI", "cord_estado ": "BUENO", "BANQUINA": "SI", "BANQ_ESTADO": "REGULAR", "BANQ_MAT": "TIERRA", "CUNETA": "SI", "CUN_MAT": "HORMIGON", "FECHA": "08-2026", "OBS": null }, "geometry": { "type": "LineString", "coordinates": [ [ -68.4596533, -33.1847692 ], [ -68.4586971, -33.185089 ] ] } },
{ "type": "Feature", "properties": { "id": "way/1524501861", "@id": "way/1524501861", "CORDON": "SI", "cord_estado ": "BUENO", "BANQUINA": "SI", "BANQ_ESTADO": "REGULAR", "BANQ_MAT": "TIERRA", "CUNETA": "SI", "CUN_MAT": "HORMIGON", "FECHA": "08-2026", "OBS": null }, "geometry": { "type": "LineString", "coordinates": [ [ -68.4595392, -33.1846004 ], [ -68.4585864, -33.1849087 ] ] } },
{ "type": "Feature", "properties": { "id": "way/1524501862", "@id": "way/1524501862", "CORDON": "SI", "cord_estado ": "BUENO", "BANQUINA": "SI", "BANQ_ESTADO": "REGULAR", "BANQ_MAT": "TIERRA", "CUNETA": "NO", "CUN_MAT": "HORMIGON", "FECHA": "08-2026", "OBS": null }, "geometry": { "type": "LineString", "coordinates": [ [ -68.4593146, -33.1842008 ], [ -68.4583368, -33.1845403 ] ] } },
{ "type": "Feature", "properties": { "id": "way/1524501863", "@id": "way/1524501863", "CORDON": "SI", "cord_estado ": "BUENO", "BANQUINA": "SI", "BANQ_ESTADO": "REGULAR", "BANQ_MAT": "TIERRA", "CUNETA": "NO", "CUN_MAT": "HORMIGON", "FECHA": "08-2026", "OBS": null }, "geometry": { "type": "LineString", "coordinates": [ [ -68.4592589, -33.1841001 ], [ -68.4582546, -33.1844432 ] ] } },
{ "type": "Feature", "properties": { "id": "way/1524501865", "@id": "way/1524501865", "CORDON": "SI", "cord_estado ": "BUENO", "BANQUINA": "SI", "BANQ_ESTADO": "REGULAR", "BANQ_MAT": "TIERRA", "CUNETA": "SI", "CUN_MAT": "HORMIGON", "FECHA": "08-2026", "OBS": null }, "geometry": { "type": "LineString", "coordinates": [ [ -68.4565877, -33.1803434 ], [ -68.4556994, -33.1806941 ] ] } },
{ "type": "Feature", "properties": { "id": "way/1524501866", "@id": "way/1524501866", "CORDON": "SI", "cord_estado ": "BUENO", "BANQUINA": "SI", "BANQ_ESTADO": "REGULAR", "BANQ_MAT": "TIERRA", "CUNETA": "SI", "CUN_MAT": "HORMIGON", "FECHA": "08-2026", "OBS": null }, "geometry": { "type": "LineString", "coordinates": [ [ -68.4564716, -33.1801915 ], [ -68.455617, -33.1805325 ] ] } },
{ "type": "Feature", "properties": { "id": "way/1524501867", "@id": "way/1524501867", "CORDON": "SI", "cord_estado ": "BUENO", "BANQUINA": "SI", "BANQ_ESTADO": "REGULAR", "BANQ_MAT": "TIERRA", "CUNETA": "SI", "CUN_MAT": "HORMIGON", "FECHA": "08-2026", "OBS": null }, "geometry": { "type": "LineString", "coordinates": [ [ -68.4558757, -33.1794735 ], [ -68.4551024, -33.1798378 ] ] } },
{ "type": "Feature", "properties": { "id": "way/1524501868", "@id": "way/1524501868", "CORDON": "SI", "cord_estado ": "BUENO", "BANQUINA": "SI", "BANQ_ESTADO": "REGULAR", "BANQ_MAT": "TIERRA", "CUNETA": "SI", "CUN_MAT": "HORMIGON", "FECHA": "08-2026", "OBS": null }, "geometry": { "type": "LineString", "coordinates": [ [ -68.4557758, -33.1793165 ], [ -68.4550334, -33.179671 ] ] } },
{ "type": "Feature", "properties": { "id": "way/1524501869", "@id": "way/1524501869", "CORDON": "SI", "cord_estado ": "BUENO", "BANQUINA": "SI", "BANQ_ESTADO": "REGULAR", "BANQ_MAT": "TIERRA", "CUNETA": "SI", "CUN_MAT": "HORMIGON", "FECHA": "08-2026", "OBS": null }, "geometry": { "type": "LineString", "coordinates": [ [ -68.460249, -33.1905856 ], [ -68.4595432, -33.1908338 ] ] } },
{ "type": "Feature", "properties": { "id": "way/1524501870", "@id": "way/1524501870", "CORDON": "SI", "cord_estado ": "BUENO", "BANQUINA": "SI", "BANQ_ESTADO": "REGULAR", "BANQ_MAT": "TIERRA", "CUNETA": "SI", "CUN_MAT": "HORMIGON", "FECHA": "08-2026", "OBS": null }, "geometry": { "type": "LineString", "coordinates": [ [ -68.4601657, -33.1904229 ], [ -68.4594732, -33.1906742 ] ] } },
{ "type": "Feature", "properties": { "id": "way/1524501871", "@id": "way/1524501871", "CORDON": "SI", "cord_estado ": "BUENO", "BANQUINA": "SI", "BANQ_ESTADO": "REGULAR", "BANQ_MAT": "TIERRA", "CUNETA": "SI", "CUN_MAT": "HORMIGON", "FECHA": "08-2026", "OBS": null }, "geometry": { "type": "LineString", "coordinates": [ [ -68.459797, -33.1898865 ], [ -68.4590826, -33.1901373 ] ] } },
{ "type": "Feature", "properties": { "id": "way/1524501872", "@id": "way/1524501872", "CORDON": "SI", "cord_estado ": "BUENO", "BANQUINA": "SI", "BANQ_ESTADO": "REGULAR", "BANQ_MAT": "TIERRA", "CUNETA": "SI", "CUN_MAT": "HORMIGON", "FECHA": "08-2026", "OBS": null }, "geometry": { "type": "LineString", "coordinates": [ [ -68.4596937, -33.1897173 ], [ -68.4589669, -33.1899756 ] ] } },
{ "type": "Feature", "properties": { "id": "way/1524501873", "@id": "way/1524501873", "CORDON": "SI", "cord_estado ": "BUENO", "BANQUINA": "SI", "BANQ_ESTADO": "REGULAR", "BANQ_MAT": "TIERRA", "CUNETA": "SI", "CUN_MAT": "HORMIGON", "FECHA": "08-2026", "OBS": null }, "geometry": { "type": "LineString", "coordinates": [ [ -68.4592813, -33.1891092 ], [ -68.4585067, -33.1893641 ] ] } },
{ "type": "Feature", "properties": { "id": "way/1524501874", "@id": "way/1524501874", "CORDON": "SI", "cord_estado ": "BUENO", "BANQUINA": "SI", "BANQ_ESTADO": "REGULAR", "BANQ_MAT": "TIERRA", "CUNETA": "SI", "CUN_MAT": "HORMIGON", "FECHA": "08-2026", "OBS": null }, "geometry": { "type": "LineString", "coordinates": [ [ -68.4592038, -33.1890347 ], [ -68.4584548, -33.1892785 ] ] } },
{ "type": "Feature", "properties": { "id": "way/1524501875", "@id": "way/1524501875", "CORDON": "SI", "cord_estado ": "BUENO", "BANQUINA": "SI", "BANQ_ESTADO": "REGULAR", "BANQ_MAT": "TIERRA", "CUNETA": "SI", "CUN_MAT": "HORMIGON", "FECHA": "08-2026", "OBS": null }, "geometry": { "type": "LineString", "coordinates": [ [ -68.458833, -33.1885059 ], [ -68.458037, -33.1887628 ] ] } },
{ "type": "Feature", "properties": { "id": "way/1524501876", "@id": "way/1524501876", "CORDON": "SI", "cord_estado ": "BUENO", "BANQUINA": "SI", "BANQ_ESTADO": "REGULAR", "BANQ_MAT": "TIERRA", "CUNETA": "SI", "CUN_MAT": "HORMIGON", "FECHA": "08-2026", "OBS": null }, "geometry": { "type": "LineString", "coordinates": [ [ -68.4582145, -33.1876013 ], [ -68.4574175, -33.1878365 ] ] } },
{ "type": "Feature", "properties": { "id": "way/1524501877", "@id": "way/1524501877", "CORDON": "SI", "cord_estado ": "BUENO", "BANQUINA": "SI", "BANQ_ESTADO": "REGULAR", "BANQ_MAT": "TIERRA", "CUNETA": "SI", "CUN_MAT": "HORMIGON", "FECHA": "08-2026", "OBS": null }, "geometry": { "type": "LineString", "coordinates": [ [ -68.4580965, -33.1874408 ], [ -68.457288, -33.1876655 ] ] } },
{ "type": "Feature", "properties": { "id": "way/1524501878", "@id": "way/1524501878", "CORDON": "SI", "cord_estado ": "BUENO", "BANQUINA": "SI", "BANQ_ESTADO": "REGULAR", "BANQ_MAT": "TIERRA", "CUNETA": "SI", "CUN_MAT": "HORMIGON", "FECHA": "08-2026", "OBS": null }, "geometry": { "type": "LineString", "coordinates": [ [ -68.4575409, -33.1865619 ], [ -68.4567417, -33.1868165 ] ] } },
{ "type": "Feature", "properties": { "id": "way/1524501879", "@id": "way/1524501879", "CORDON": "SI", "cord_estado ": "BUENO", "BANQUINA": "SI", "BANQ_ESTADO": "REGULAR", "BANQ_MAT": "TIERRA", "CUNETA": "SI", "CUN_MAT": "HORMIGON", "FECHA": "08-2026", "OBS": null }, "geometry": { "type": "LineString", "coordinates": [ [ -68.4574499, -33.1863978 ], [ -68.4566325, -33.1866647 ] ] } },
{ "type": "Feature", "properties": { "id": "way/1524501880", "@id": "way/1524501880", "CORDON": "SI", "cord_estado ": "BUENO", "BANQUINA": "SI", "BANQ_ESTADO": "REGULAR", "BANQ_MAT": "TIERRA", "CUNETA": "SI", "CUN_MAT": "HORMIGON", "FECHA": "08-2026", "OBS": null }, "geometry": { "type": "LineString", "coordinates": [ [ -68.4569538, -33.1856454 ], [ -68.4561454, -33.1858967 ] ] } },
{ "type": "Feature", "properties": { "id": "way/1524501881", "@id": "way/1524501881", "CORDON": "SI", "cord_estado ": "BUENO", "BANQUINA": "SI", "BANQ_ESTADO": "REGULAR", "BANQ_MAT": "TIERRA", "CUNETA": "SI", "CUN_MAT": "HORMIGON", "FECHA": "08-2026", "OBS": null }, "geometry": { "type": "LineString", "coordinates": [ [ -68.4568397, -33.1854658 ], [ -68.4560116, -33.1857314 ] ] } },
{ "type": "Feature", "properties": { "id": "way/1524501882", "@id": "way/1524501882", "CORDON": "SI", "cord_estado ": "BUENO", "BANQUINA": "SI", "BANQ_ESTADO": "REGULAR", "BANQ_MAT": "TIERRA", "CUNETA": "SI", "CUN_MAT": "HORMIGON", "FECHA": "08-2026", "OBS": null }, "geometry": { "type": "LineString", "coordinates": [ [ -68.4562486, -33.1847853 ], [ -68.4555984, -33.18511 ] ] } },
{ "type": "Feature", "properties": { "id": "way/1524501883", "@id": "way/1524501883", "CORDON": "SI", "cord_estado ": "BUENO", "BANQUINA": "SI", "BANQ_ESTADO": "REGULAR", "BANQ_MAT": "TIERRA", "CUNETA": "SI", "CUN_MAT": "HORMIGON", "FECHA": "08-2026", "OBS": null }, "geometry": { "type": "LineString", "coordinates": [ [ -68.4561479, -33.184615 ], [ -68.4555082, -33.1849491 ] ] } },
{ "type": "Feature", "properties": { "id": "way/1524501884", "@id": "way/1524501884", "CORDON": "SI", "cord_estado ": "BUENO", "BANQUINA": "SI", "BANQ_ESTADO": "REGULAR", "BANQ_MAT": "TIERRA", "CUNETA": "SI", "CUN_MAT": "HORMIGON", "FECHA": "08-2026", "OBS": null }, "geometry": { "type": "LineString", "coordinates": [ [ -68.4555138, -33.183695 ], [ -68.4548764, -33.1840179 ] ] } },
{ "type": "Feature", "properties": { "id": "way/1524501885", "@id": "way/1524501885", "CORDON": "SI", "cord_estado ": "BUENO", "BANQUINA": "SI", "BANQ_ESTADO": "REGULAR", "BANQ_MAT": "TIERRA", "CUNETA": "SI", "CUN_MAT": "HORMIGON", "FECHA": "08-2026", "OBS": null }, "geometry": { "type": "LineString", "coordinates": [ [ -68.4554378, -33.1835287 ], [ -68.4547842, -33.1838597 ] ] } },
{ "type": "Feature", "properties": { "id": "way/1524501886", "@id": "way/1524501886", "CORDON": "SI", "cord_estado ": "BUENO", "BANQUINA": "NO", "BANQ_ESTADO": "REGULAR", "BANQ_MAT": "TIERRA", "CUNETA": "SI", "CUN_MAT": "HORMIGON", "FECHA": "08-2026", "OBS": null }, "geometry": { "type": "LineString", "coordinates": [ [ -68.4547846, -33.1825903 ], [ -68.4541495, -33.1829128 ] ] } },
{ "type": "Feature", "properties": { "id": "way/1524501887", "@id": "way/1524501887", "CORDON": "SI", "cord_estado ": "BUENO", "BANQUINA": "NO", "BANQ_ESTADO": "REGULAR", "BANQ_MAT": "TIERRA", "CUNETA": "SI", "CUN_MAT": "HORMIGON", "FECHA": "08-2026", "OBS": null }, "geometry": { "type": "LineString", "coordinates": [ [ -68.4546813, -33.18243 ], [ -68.4539287, -33.1828167 ], [ -68.4538428, -33.1828608 ], [ -68.4533949, -33.183091 ] ] } },
{ "type": "Feature", "properties": { "id": "way/1524501888", "@id": "way/1524501888", "CORDON": "SI", "cord_estado ": "BUENO", "BANQUINA": "NO", "BANQ_ESTADO": "REGULAR", "BANQ_MAT": "TIERRA", "CUNETA": "SI", "CUN_MAT": "HORMIGON", "FECHA": "08-2026", "OBS": null }, "geometry": { "type": "LineString", "coordinates": [ [ -68.4539001, -33.1813257 ], [ -68.4525496, -33.1818147 ] ] } },
{ "type": "Feature", "properties": { "id": "way/1524501889", "@id": "way/1524501889", "CORDON": "SI", "cord_estado ": "BUENO", "BANQUINA": "NO", "BANQ_ESTADO": "REGULAR", "BANQ_MAT": "TIERRA", "CUNETA": "SI", "CUN_MAT": "HORMIGON", "FECHA": "08-2026", "OBS": null }, "geometry": { "type": "LineString", "coordinates": [ [ -68.4537968, -33.1811643 ], [ -68.4524374, -33.1816526 ] ] } },
{ "type": "Feature", "properties": { "id": "way/1524501890", "@id": "way/1524501890", "CORDON": "SI", "cord_estado ": "BUENO", "BANQUINA": "SI", "BANQ_ESTADO": "REGULAR", "BANQ_MAT": "TIERRA", "CUNETA": "SI", "CUN_MAT": "HORMIGON", "FECHA": "08-2026", "OBS": null }, "geometry": { "type": "LineString", "coordinates": [ [ -68.4631262, -33.1895264 ], [ -68.4639623, -33.1892083 ] ] } },
{ "type": "Feature", "properties": { "id": "way/1524501891", "@id": "way/1524501891", "CORDON": "SI", "cord_estado ": "BUENO", "BANQUINA": "SI", "BANQ_ESTADO": "REGULAR", "BANQ_MAT": "TIERRA", "CUNETA": "SI", "CUN_MAT": "HORMIGON", "FECHA": "08-2026", "OBS": null }, "geometry": { "type": "LineString", "coordinates": [ [ -68.4630247, -33.1893546 ], [ -68.4638457, -33.1890485 ] ] } },
{ "type": "Feature", "properties": { "id": "way/1524501892", "@id": "way/1524501892", "CORDON": "SI", "cord_estado ": "BUENO", "BANQUINA": "SI", "BANQ_ESTADO": "REGULAR", "BANQ_MAT": "TIERRA", "CUNETA": "SI", "CUN_MAT": "HORMIGON", "FECHA": "08-2026", "OBS": null }, "geometry": { "type": "LineString", "coordinates": [ [ -68.4650023, -33.1888093 ], [ -68.4643543, -33.1890561 ] ] } },
{ "type": "Feature", "properties": { "id": "way/1524501893", "@id": "way/1524501893", "CORDON": "SI", "cord_estado ": "BUENO", "BANQUINA": "SI", "BANQ_ESTADO": "REGULAR", "BANQ_MAT": "TIERRA", "CUNETA": "SI", "CUN_MAT": "HORMIGON", "FECHA": "08-2026", "OBS": null }, "geometry": { "type": "LineString", "coordinates": [ [ -68.4649137, -33.1886474 ], [ -68.4642617, -33.1888994 ] ] } },
{ "type": "Feature", "properties": { "id": "way/1524501894", "@id": "way/1524501894", "CORDON": "SI", "cord_estado ": "BUENO", "BANQUINA": "SI", "BANQ_ESTADO": "REGULAR", "BANQ_MAT": "TIERRA", "CUNETA": "SI", "CUN_MAT": "HORMIGON", "FECHA": "08-2026", "OBS": null }, "geometry": { "type": "LineString", "coordinates": [ [ -68.4644479, -33.1879311 ], [ -68.4638231, -33.1881459 ] ] } },
{ "type": "Feature", "properties": { "id": "way/1524501895", "@id": "way/1524501895", "CORDON": "SI", "cord_estado ": "BUENO", "BANQUINA": "SI", "BANQ_ESTADO": "REGULAR", "BANQ_MAT": "TIERRA", "CUNETA": "SI", "CUN_MAT": "HORMIGON", "FECHA": "08-2026", "OBS": null }, "geometry": { "type": "LineString", "coordinates": [ [ -68.4645505, -33.1880892 ], [ -68.4638904, -33.1883208 ] ] } },
{ "type": "Feature", "properties": { "id": "way/1524501896", "@id": "way/1524501896", "CORDON": "SI", "cord_estado ": "BUENO", "BANQUINA": "SI", "BANQ_ESTADO": "REGULAR", "BANQ_MAT": "TIERRA", "CUNETA": "SI", "CUN_MAT": "HORMIGON", "FECHA": "08-2026", "OBS": null }, "geometry": { "type": "LineString", "coordinates": [ [ -68.4626388, -33.1887186 ], [ -68.4634966, -33.1884421 ] ] } },
{ "type": "Feature", "properties": { "id": "way/1524501897", "@id": "way/1524501897", "CORDON": "SI", "cord_estado ": "BUENO", "BANQUINA": "SI", "BANQ_ESTADO": "REGULAR", "BANQ_MAT": "TIERRA", "CUNETA": "SI", "CUN_MAT": "HORMIGON", "FECHA": "08-2026", "OBS": null }, "geometry": { "type": "LineString", "coordinates": [ [ -68.4625475, -33.1885662 ], [ -68.4634024, -33.1882829 ] ] } },
{ "type": "Feature", "properties": { "id": "way/1524501898", "@id": "way/1524501898", "CORDON": "SI", "cord_estado ": "BUENO", "BANQUINA": "SI", "BANQ_ESTADO": "REGULAR", "BANQ_MAT": "TIERRA", "CUNETA": "SI", "CUN_MAT": "HORMIGON", "FECHA": "08-2026", "OBS": null }, "geometry": { "type": "LineString", "coordinates": [ [ -68.4618665, -33.187476 ], [ -68.4626856, -33.1872438 ] ] } },
{ "type": "Feature", "properties": { "id": "way/1524501899", "@id": "way/1524501899", "CORDON": "SI", "cord_estado ": "BUENO", "BANQUINA": "SI", "BANQ_ESTADO": "REGULAR", "BANQ_MAT": "TIERRA", "CUNETA": "SI", "CUN_MAT": "HORMIGON", "FECHA": "08-2026", "OBS": null }, "geometry": { "type": "LineString", "coordinates": [ [ -68.4617673, -33.1873186 ], [ -68.4625933, -33.1870794 ] ] } },
{ "type": "Feature", "properties": { "id": "way/1524501900", "@id": "way/1524501900", "CORDON": "SI", "cord_estado ": "BUENO", "BANQUINA": "SI", "BANQ_ESTADO": "REGULAR", "BANQ_MAT": "TIERRA", "CUNETA": "SI", "CUN_MAT": "HORMIGON", "FECHA": "08-2026", "OBS": null }, "geometry": { "type": "LineString", "coordinates": [ [ -68.4613641, -33.186672 ], [ -68.4621443, -33.1864478 ] ] } },
{ "type": "Feature", "properties": { "id": "way/1524501901", "@id": "way/1524501901", "CORDON": "SI", "cord_estado ": "BUENO", "BANQUINA": "SI", "BANQ_ESTADO": "REGULAR", "BANQ_MAT": "TIERRA", "CUNETA": "SI", "CUN_MAT": "HORMIGON", "FECHA": "08-2026", "OBS": null }, "geometry": { "type": "LineString", "coordinates": [ [ -68.4612582, -33.1865191 ], [ -68.4620075, -33.1863104 ] ] } },
{ "type": "Feature", "properties": { "id": "way/1524501902", "@id": "way/1524501902", "CORDON": "SI", "cord_estado ": "BUENO", "BANQUINA": "SI", "BANQ_ESTADO": "REGULAR", "BANQ_MAT": "TIERRA", "CUNETA": "SI", "CUN_MAT": "HORMIGON", "FECHA": "08-2026", "OBS": null }, "geometry": { "type": "LineString", "coordinates": [ [ -68.4632154, -33.1861433 ], [ -68.4625386, -33.1863395 ] ] } },
{ "type": "Feature", "properties": { "id": "way/1524501903", "@id": "way/1524501903", "CORDON": "SI", "cord_estado ": "BUENO", "BANQUINA": "SI", "BANQ_ESTADO": "REGULAR", "BANQ_MAT": "TIERRA", "CUNETA": "SI", "CUN_MAT": "HORMIGON", "FECHA": "08-2026", "OBS": null }, "geometry": { "type": "LineString", "coordinates": [ [ -68.4631082, -33.1859859 ], [ -68.4624485, -33.1861809 ] ] } },
{ "type": "Feature", "properties": { "id": "way/1524501904", "@id": "way/1524501904", "CORDON": "SI", "cord_estado ": "BUENO", "BANQUINA": "SI", "BANQ_ESTADO": "REGULAR", "BANQ_MAT": "TIERRA", "CUNETA": "SI", "CUN_MAT": "HORMIGON", "FECHA": "08-2026", "OBS": null }, "geometry": { "type": "LineString", "coordinates": [ [ -68.462393, -33.1849791 ], [ -68.4617469, -33.1852 ] ] } },
{ "type": "Feature", "properties": { "id": "way/1524501905", "@id": "way/1524501905", "CORDON": "SI", "cord_estado ": "BUENO", "BANQUINA": "SI", "BANQ_ESTADO": "REGULAR", "BANQ_MAT": "TIERRA", "CUNETA": "SI", "CUN_MAT": "HORMIGON", "FECHA": "08-2026", "OBS": null }, "geometry": { "type": "LineString", "coordinates": [ [ -68.4622929, -33.1848201 ], [ -68.4616416, -33.1850358 ] ] } },
{ "type": "Feature", "properties": { "id": "way/1524501906", "@id": "way/1524501906", "CORDON": "SI", "cord_estado ": "BUENO", "BANQUINA": "SI", "BANQ_ESTADO": "REGULAR", "BANQ_MAT": "TIERRA", "CUNETA": "SI", "CUN_MAT": "HORMIGON", "FECHA": "08-2026", "OBS": null }, "geometry": { "type": "LineString", "coordinates": [ [ -68.4606372, -33.1855626 ], [ -68.4613538, -33.185328 ] ] } },
{ "type": "Feature", "properties": { "id": "way/1524501907", "@id": "way/1524501907", "CORDON": "SI", "cord_estado ": "BUENO", "BANQUINA": "SI", "BANQ_ESTADO": "REGULAR", "BANQ_MAT": "TIERRA", "CUNETA": "SI", "CUN_MAT": "HORMIGON", "FECHA": "08-2026", "OBS": null }, "geometry": { "type": "LineString", "coordinates": [ [ -68.4605615, -33.1853978 ], [ -68.4612492, -33.1851739 ] ] } },
{ "type": "Feature", "properties": { "id": "way/1524501908", "@id": "way/1524501908", "CORDON": "SI", "cord_estado ": "BUENO", "BANQUINA": "SI", "BANQ_ESTADO": "REGULAR", "BANQ_MAT": "TIERRA", "CUNETA": "SI", "CUN_MAT": "HORMIGON", "FECHA": "08-2026", "OBS": null }, "geometry": { "type": "LineString", "coordinates": [ [ -68.4617727, -33.1840364 ], [ -68.46111, -33.1842622 ] ] } },
{ "type": "Feature", "properties": { "id": "way/1524501909", "@id": "way/1524501909", "CORDON": "SI", "cord_estado ": "BUENO", "BANQUINA": "SI", "BANQ_ESTADO": "REGULAR", "BANQ_MAT": "TIERRA", "CUNETA": "NO", "CUN_MAT": "HORMIGON", "FECHA": "08-2026", "OBS": null }, "geometry": { "type": "LineString", "coordinates": [ [ -68.4616673, -33.1838701 ], [ -68.4610425, -33.1840769 ] ] } },
{ "type": "Feature", "properties": { "id": "way/1524501910", "@id": "way/1524501910", "CORDON": "SI", "cord_estado ": "BUENO", "BANQUINA": "SI", "BANQ_ESTADO": "REGULAR", "BANQ_MAT": "TIERRA", "CUNETA": "SI", "CUN_MAT": "HORMIGON", "FECHA": "08-2026", "OBS": null }, "geometry": { "type": "LineString", "coordinates": [ [ -68.4600649, -33.1846117 ], [ -68.4607423, -33.1843794 ] ] } },
{ "type": "Feature", "properties": { "id": "way/1524501911", "@id": "way/1524501911", "CORDON": "SI", "cord_estado ": "BUENO", "BANQUINA": "SI", "BANQ_ESTADO": "REGULAR", "BANQ_MAT": "TIERRA", "CUNETA": "SI", "CUN_MAT": "HORMIGON", "FECHA": "08-2026", "OBS": null }, "geometry": { "type": "LineString", "coordinates": [ [ -68.4599589, -33.1844537 ], [ -68.4606289, -33.1842209 ] ] } },
{ "type": "Feature", "properties": { "id": "way/1524501912", "@id": "way/1524501912", "CORDON": "SI", "cord_estado ": "BUENO", "BANQUINA": "SI", "BANQ_ESTADO": "REGULAR", "BANQ_MAT": "TIERRA", "CUNETA": "NO", "CUN_MAT": "HORMIGON", "FECHA": "08-2026", "OBS": null }, "geometry": { "type": "LineString", "coordinates": [ [ -68.4597012, -33.1840858 ], [ -68.4603401, -33.1838625 ] ] } },
{ "type": "Feature", "properties": { "id": "way/1524501913", "@id": "way/1524501913", "CORDON": "SI", "cord_estado ": "BUENO", "BANQUINA": "SI", "BANQ_ESTADO": "REGULAR", "BANQ_MAT": "TIERRA", "CUNETA": "NO", "CUN_MAT": "HORMIGON", "FECHA": "08-2026", "OBS": null }, "geometry": { "type": "LineString", "coordinates": [ [ -68.4596291, -33.183951 ], [ -68.4602559, -33.1837349 ] ] } },
{ "type": "Feature", "properties": { "id": "way/1524501914", "@id": "way/1524501914", "CORDON": "SI", "cord_estado ": "BUENO", "BANQUINA": "SI", "BANQ_ESTADO": "REGULAR", "BANQ_MAT": "TIERRA", "CUNETA": "NO", "CUN_MAT": "HORMIGON", "FECHA": "08-2026", "OBS": null }, "geometry": { "type": "LineString", "coordinates": [ [ -68.4593068, -33.1834869 ], [ -68.4599103, -33.1832804 ] ] } },
{ "type": "Feature", "properties": { "id": "way/1524501915", "@id": "way/1524501915", "CORDON": "SI", "cord_estado ": "BUENO", "BANQUINA": "SI", "BANQ_ESTADO": "REGULAR", "BANQ_MAT": "TIERRA", "CUNETA": "NO", "CUN_MAT": "HORMIGON", "FECHA": "08-2026", "OBS": null }, "geometry": { "type": "LineString", "coordinates": [ [ -68.4592008, -33.183334 ], [ -68.4598092, -33.1831244 ] ] } },
{ "type": "Feature", "properties": { "id": "way/1524501916", "@id": "way/1524501916", "CORDON": "SI", "cord_estado ": "BUENO", "BANQUINA": "SI", "BANQ_ESTADO": "REGULAR", "BANQ_MAT": "TIERRA", "CUNETA": "NO", "CUN_MAT": "HORMIGON", "FECHA": "08-2026", "OBS": null }, "geometry": { "type": "LineString", "coordinates": [ [ -68.4590052, -33.1829961 ], [ -68.4595891, -33.1828021 ] ] } },
{ "type": "Feature", "properties": { "id": "way/1524501917", "@id": "way/1524501917", "CORDON": "SI", "cord_estado ": "BUENO", "BANQUINA": "SI", "BANQ_ESTADO": "REGULAR", "BANQ_MAT": "TIERRA", "CUNETA": "NO", "CUN_MAT": "HORMIGON", "FECHA": "08-2026", "OBS": null }, "geometry": { "type": "LineString", "coordinates": [ [ -68.4588941, -33.1828355 ], [ -68.4594835, -33.1826408 ] ] } },
{ "type": "Feature", "properties": { "id": "way/1524501918", "@id": "way/1524501918", "CORDON": "SI", "cord_estado ": "BUENO", "BANQUINA": "SI", "BANQ_ESTADO": "REGULAR", "BANQ_MAT": "TIERRA", "CUNETA": "NO", "CUN_MAT": "HORMIGON", "FECHA": "08-2026", "OBS": null }, "geometry": { "type": "LineString", "coordinates": [ [ -68.458553, -33.1824047 ], [ -68.459141, -33.1822129 ] ] } },
{ "type": "Feature", "properties": { "id": "way/1524501919", "@id": "way/1524501919", "CORDON": "SI", "cord_estado ": "BUENO", "BANQUINA": "SI", "BANQ_ESTADO": "REGULAR", "BANQ_MAT": "TIERRA", "CUNETA": "NO", "CUN_MAT": "HORMIGON", "FECHA": "08-2026", "OBS": null }, "geometry": { "type": "LineString", "coordinates": [ [ -68.4613352, -33.1833776 ], [ -68.4606626, -33.1835986 ] ] } },
{ "type": "Feature", "properties": { "id": "way/1524501920", "@id": "way/1524501920", "CORDON": "SI", "cord_estado ": "BUENO", "BANQUINA": "SI", "BANQ_ESTADO": "REGULAR", "BANQ_MAT": "TIERRA", "CUNETA": "NO", "CUN_MAT": "HORMIGON", "FECHA": "08-2026", "OBS": null }, "geometry": { "type": "LineString", "coordinates": [ [ -68.4610245, -33.1829036 ], [ -68.4603078, -33.1831449 ] ] } },
{ "type": "Feature", "properties": { "id": "way/1524501921", "@id": "way/1524501921", "CORDON": "SI", "cord_estado ": "BUENO", "BANQUINA": "SI", "BANQ_ESTADO": "REGULAR", "BANQ_MAT": "TIERRA", "CUNETA": "NO", "CUN_MAT": "HORMIGON", "FECHA": "08-2026", "OBS": null }, "geometry": { "type": "LineString", "coordinates": [ [ -68.4609268, -33.1827501 ], [ -68.4602034, -33.1829879 ] ] } },
{ "type": "Feature", "properties": { "id": "way/1524501922", "@id": "way/1524501922", "CORDON": "SI", "cord_estado ": "BUENO", "BANQUINA": "SI", "BANQ_ESTADO": "REGULAR", "BANQ_MAT": "TIERRA", "CUNETA": "NO", "CUN_MAT": "HORMIGON", "FECHA": "08-2026", "OBS": null }, "geometry": { "type": "LineString", "coordinates": [ [ -68.4607159, -33.1824267 ], [ -68.4599724, -33.1826736 ] ] } },
{ "type": "Feature", "properties": { "id": "way/1524501923", "@id": "way/1524501923", "CORDON": "SI", "cord_estado ": "BUENO", "BANQUINA": "SI", "BANQ_ESTADO": "REGULAR", "BANQ_MAT": "TIERRA", "CUNETA": "NO", "CUN_MAT": "HORMIGON", "FECHA": "08-2026", "OBS": null }, "geometry": { "type": "LineString", "coordinates": [ [ -68.4606127, -33.1822575 ], [ -68.4598826, -33.1824975 ] ] } },
{ "type": "Feature", "properties": { "id": "way/1524501924", "@id": "way/1524501924", "CORDON": "SI", "cord_estado ": "BUENO", "BANQUINA": "SI", "BANQ_ESTADO": "REGULAR", "BANQ_MAT": "TIERRA", "CUNETA": "NO", "CUN_MAT": "HORMIGON", "FECHA": "08-2026", "OBS": null }, "geometry": { "type": "LineString", "coordinates": [ [ -68.4603167, -33.1818067 ], [ -68.4595461, -33.1820725 ] ] } },
{ "type": "Feature", "properties": { "id": "way/1524501925", "@id": "way/1524501925", "CORDON": "SI", "cord_estado ": "BUENO", "BANQUINA": "SI", "BANQ_ESTADO": "REGULAR", "BANQ_MAT": "TIERRA", "CUNETA": "NO", "CUN_MAT": "HORMIGON", "FECHA": "08-2026", "OBS": null }, "geometry": { "type": "LineString", "coordinates": [ [ -68.460219, -33.1816533 ], [ -68.4594663, -33.1819142 ] ] } },
{ "type": "Feature", "properties": { "id": "way/1524501926", "@id": "way/1524501926", "CORDON": "SI", "cord_estado ": "BUENO", "BANQUINA": "SI", "BANQ_ESTADO": "REGULAR", "BANQ_MAT": "TIERRA", "CUNETA": "SI", "CUN_MAT": "HORMIGON", "FECHA": "08-2026", "OBS": null }, "geometry": { "type": "LineString", "coordinates": [ [ -68.4619841, -33.1908333 ], [ -68.4615711, -33.1901862 ] ] } },
{ "type": "Feature", "properties": { "id": "way/1524501927", "@id": "way/1524501927", "CORDON": "SI", "cord_estado ": "BUENO", "BANQUINA": "SI", "BANQ_ESTADO": "REGULAR", "BANQ_MAT": "TIERRA", "CUNETA": "SI", "CUN_MAT": "HORMIGON", "FECHA": "08-2026", "OBS": null }, "geometry": { "type": "LineString", "coordinates": [ [ -68.4621497, -33.1907566 ], [ -68.4617415, -33.1901251 ] ] } },
{ "type": "Feature", "properties": { "id": "way/1524501928", "@id": "way/1524501928", "CORDON": "SI", "cord_estado ": "BUENO", "BANQUINA": "SI", "BANQ_ESTADO": "REGULAR", "BANQ_MAT": "TIERRA", "CUNETA": "SI", "CUN_MAT": "HORMIGON", "FECHA": "08-2026", "OBS": null }, "geometry": { "type": "LineString", "coordinates": [ [ -68.4608588, -33.1913558 ], [ -68.4603962, -33.1906272 ] ] } },
{ "type": "Feature", "properties": { "id": "way/1524501929", "@id": "way/1524501929", "CORDON": "SI", "cord_estado ": "BUENO", "BANQUINA": "SI", "BANQ_ESTADO": "REGULAR", "BANQ_MAT": "TIERRA", "CUNETA": "SI", "CUN_MAT": "HORMIGON", "FECHA": "08-2026", "OBS": null }, "geometry": { "type": "LineString", "coordinates": [ [ -68.4610438, -33.1912747 ], [ -68.4605931, -33.1905647 ] ] } },
{ "type": "Feature", "properties": { "id": "way/1524501930", "@id": "way/1524501930", "CORDON": "SI", "cord_estado ": "BUENO", "BANQUINA": "SI", "BANQ_ESTADO": "REGULAR", "BANQ_MAT": "TIERRA", "CUNETA": "SI", "CUN_MAT": "HORMIGON", "FECHA": "08-2026", "OBS": null }, "geometry": { "type": "LineString", "coordinates": [ [ -68.463283, -33.1903293 ], [ -68.4628984, -33.1897179 ] ] } },
{ "type": "Feature", "properties": { "id": "way/1524501931", "@id": "way/1524501931", "CORDON": "SI", "cord_estado ": "BUENO", "BANQUINA": "SI", "BANQ_ESTADO": "REGULAR", "BANQ_MAT": "TIERRA", "CUNETA": "SI", "CUN_MAT": "HORMIGON", "FECHA": "08-2026", "OBS": null }, "geometry": { "type": "LineString", "coordinates": [ [ -68.4634689, -33.1902543 ], [ -68.4630728, -33.1896483 ] ] } },
{ "type": "Feature", "properties": { "id": "way/1524501932", "@id": "way/1524501932", "CORDON": "SI", "cord_estado ": "BUENO", "BANQUINA": "SI", "BANQ_ESTADO": "REGULAR", "BANQ_MAT": "TIERRA", "CUNETA": "SI", "CUN_MAT": "HORMIGON", "FECHA": "08-2026", "OBS": null }, "geometry": { "type": "LineString", "coordinates": [ [ -68.4626826, -33.1893889 ], [ -68.4622472, -33.188689 ] ] } },
{ "type": "Feature", "properties": { "id": "way/1524501933", "@id": "way/1524501933", "CORDON": "SI", "cord_estado ": "BUENO", "BANQUINA": "SI", "BANQ_ESTADO": "REGULAR", "BANQ_MAT": "TIERRA", "CUNETA": "SI", "CUN_MAT": "HORMIGON", "FECHA": "08-2026", "OBS": null }, "geometry": { "type": "LineString", "coordinates": [ [ -68.4628848, -33.1893207 ], [ -68.4625761, -33.188832 ] ] } },
{ "type": "Feature", "properties": { "id": "way/1524501934", "@id": "way/1524501934", "CORDON": "SI", "cord_estado ": "BUENO", "BANQUINA": "SI", "BANQ_ESTADO": "REGULAR", "BANQ_MAT": "TIERRA", "CUNETA": "SI", "CUN_MAT": "HORMIGON", "FECHA": "08-2026", "OBS": null }, "geometry": { "type": "LineString", "coordinates": [ [ -68.4646864, -33.1897993 ], [ -68.4643107, -33.1891899 ] ] } },
{ "type": "Feature", "properties": { "id": "way/1524501935", "@id": "way/1524501935", "CORDON": "SI", "cord_estado ": "BUENO", "BANQUINA": "SI", "BANQ_ESTADO": "REGULAR", "BANQ_MAT": "TIERRA", "CUNETA": "SI", "CUN_MAT": "HORMIGON", "FECHA": "08-2026", "OBS": null }, "geometry": { "type": "LineString", "coordinates": [ [ -68.4644965, -33.1898794 ], [ -68.4641201, -33.1892578 ] ] } },
{ "type": "Feature", "properties": { "id": "way/1524501936", "@id": "way/1524501936", "CORDON": "SI", "cord_estado ": "BUENO", "BANQUINA": "SI", "BANQ_ESTADO": "REGULAR", "BANQ_MAT": "TIERRA", "CUNETA": "SI", "CUN_MAT": "HORMIGON", "FECHA": "08-2026", "OBS": null }, "geometry": { "type": "LineString", "coordinates": [ [ -68.4657301, -33.1894094 ], [ -68.4652505, -33.188663 ], [ -68.4651908, -33.1885702 ], [ -68.4648811, -33.1880881 ] ] } },
{ "type": "Feature", "properties": { "id": "way/1524501937", "@id": "way/1524501937", "CORDON": "SI", "cord_estado ": "BUENO", "BANQUINA": "SI", "BANQ_ESTADO": "REGULAR", "BANQ_MAT": "TIERRA", "CUNETA": "SI", "CUN_MAT": "HORMIGON", "FECHA": "08-2026", "OBS": null }, "geometry": { "type": "LineString", "coordinates": [ [ -68.4655361, -33.189477 ], [ -68.4651272, -33.18884 ] ] } },
{ "type": "Feature", "properties": { "id": "way/1524501938", "@id": "way/1524501938", "CORDON": "SI", "cord_estado ": "BUENO", "BANQUINA": "SI", "BANQ_ESTADO": "REGULAR", "BANQ_MAT": "TIERRA", "CUNETA": "SI", "CUN_MAT": "HORMIGON", "FECHA": "08-2026", "OBS": null }, "geometry": { "type": "LineString", "coordinates": [ [ -68.4639175, -33.1889334 ], [ -68.4636468, -33.1884852 ] ] } },
{ "type": "Feature", "properties": { "id": "way/1524501939", "@id": "way/1524501939", "CORDON": "SI", "cord_estado ": "BUENO", "BANQUINA": "SI", "BANQ_ESTADO": "REGULAR", "BANQ_MAT": "TIERRA", "CUNETA": "SI", "CUN_MAT": "HORMIGON", "FECHA": "08-2026", "OBS": null }, "geometry": { "type": "LineString", "coordinates": [ [ -68.4641054, -33.1888635 ], [ -68.4638456, -33.1884327 ] ] } },
{ "type": "Feature", "properties": { "id": "way/1524501940", "@id": "way/1524501940", "CORDON": "SI", "cord_estado ": "BUENO", "BANQUINA": "SI", "BANQ_ESTADO": "REGULAR", "BANQ_MAT": "TIERRA", "CUNETA": "SI", "CUN_MAT": "HORMIGON", "FECHA": "08-2026", "OBS": null }, "geometry": { "type": "LineString", "coordinates": [ [ -68.4600005, -33.1917499 ], [ -68.4595191, -33.1909603 ] ] } },
{ "type": "Feature", "properties": { "id": "way/1524501941", "@id": "way/1524501941", "CORDON": "SI", "cord_estado ": "BUENO", "BANQUINA": "SI", "BANQ_ESTADO": "REGULAR", "BANQ_MAT": "TIERRA", "CUNETA": "SI", "CUN_MAT": "HORMIGON", "FECHA": "08-2026", "OBS": null }, "geometry": { "type": "LineString", "coordinates": [ [ -68.4598337, -33.1918378 ], [ -68.4593352, -33.1910209 ] ] } },
{ "type": "Feature", "properties": { "id": "way/1524501942", "@id": "way/1524501942", "CORDON": "SI", "cord_estado ": "BUENO", "BANQUINA": "SI", "BANQ_ESTADO": "REGULAR", "BANQ_MAT": "TIERRA", "CUNETA": "SI", "CUN_MAT": "HORMIGON", "FECHA": "08-2026", "OBS": null }, "geometry": { "type": "LineString", "coordinates": [ [ -68.459177, -33.190986 ], [ -68.4585465, -33.191213 ] ] } },
{ "type": "Feature", "properties": { "id": "way/1524501943", "@id": "way/1524501943", "CORDON": "SI", "cord_estado ": "BUENO", "BANQUINA": "SI", "BANQ_ESTADO": "REGULAR", "BANQ_MAT": "TIERRA", "CUNETA": "SI", "CUN_MAT": "HORMIGON", "FECHA": "08-2026", "OBS": null }, "geometry": { "type": "LineString", "coordinates": [ [ -68.45907, -33.1908115 ], [ -68.4584355, -33.1910457 ] ] } },
{ "type": "Feature", "properties": { "id": "way/1524501944", "@id": "way/1524501944", "CORDON": "SI", "cord_estado ": "BUENO", "BANQUINA": "SI", "BANQ_ESTADO": "REGULAR", "BANQ_MAT": "TIERRA", "CUNETA": "SI", "CUN_MAT": "HORMIGON", "FECHA": "08-2026", "OBS": null }, "geometry": { "type": "LineString", "coordinates": [ [ -68.4590522, -33.1922099 ], [ -68.458507, -33.1913221 ] ] } },
{ "type": "Feature", "properties": { "id": "way/1524501945", "@id": "way/1524501945", "CORDON": "SI", "cord_estado ": "BUENO", "BANQUINA": "SI", "BANQ_ESTADO": "REGULAR", "BANQ_MAT": "TIERRA", "CUNETA": "SI", "CUN_MAT": "HORMIGON", "FECHA": "08-2026", "OBS": null }, "geometry": { "type": "LineString", "coordinates": [ [ -68.458675, -33.19028 ], [ -68.4580869, -33.190501 ] ] } },
{ "type": "Feature", "properties": { "id": "way/1524501946", "@id": "way/1524501946", "CORDON": "SI", "cord_estado ": "BUENO", "BANQUINA": "SI", "BANQ_ESTADO": "REGULAR", "BANQ_MAT": "TIERRA", "CUNETA": "SI", "CUN_MAT": "HORMIGON", "FECHA": "08-2026", "OBS": null }, "geometry": { "type": "LineString", "coordinates": [ [ -68.4585645, -33.1901247 ], [ -68.4579866, -33.1903412 ] ] } },
{ "type": "Feature", "properties": { "id": "way/1524501947", "@id": "way/1524501947", "CORDON": "SI", "cord_estado ": "BUENO", "BANQUINA": "SI", "BANQ_ESTADO": "REGULAR", "BANQ_MAT": "TIERRA", "CUNETA": "SI", "CUN_MAT": "HORMIGON", "FECHA": "08-2026", "OBS": null }, "geometry": { "type": "LineString", "coordinates": [ [ -68.4638738, -33.1983689 ], [ -68.4632991, -33.1985763 ] ] } },
{ "type": "Feature", "properties": { "id": "way/1524501948", "@id": "way/1524501948", "CORDON": "SI", "cord_estado ": "BUENO", "BANQUINA": "SI", "BANQ_ESTADO": "REGULAR", "BANQ_MAT": "TIERRA", "CUNETA": "SI", "CUN_MAT": "HORMIGON", "FECHA": "08-2026", "OBS": null }, "geometry": { "type": "LineString", "coordinates": [ [ -68.4637707, -33.198209 ], [ -68.4632273, -33.1984063 ] ] } },
{ "type": "Feature", "properties": { "id": "way/1524501949", "@id": "way/1524501949", "CORDON": "SI", "cord_estado ": "BUENO", "BANQUINA": "SI", "BANQ_ESTADO": "REGULAR", "BANQ_MAT": "TIERRA", "CUNETA": "SI", "CUN_MAT": "HORMIGON", "FECHA": "08-2026", "OBS": null }, "geometry": { "type": "LineString", "coordinates": [ [ -68.464518, -33.1993391 ], [ -68.4639917, -33.1995744 ] ] } },
{ "type": "Feature", "properties": { "id": "way/1524501950", "@id": "way/1524501950", "CORDON": "SI", "cord_estado ": "BUENO", "BANQUINA": "SI", "BANQ_ESTADO": "REGULAR", "BANQ_MAT": "TIERRA", "CUNETA": "SI", "CUN_MAT": "HORMIGON", "FECHA": "08-2026", "OBS": null }, "geometry": { "type": "LineString", "coordinates": [ [ -68.4644513, -33.1992394 ], [ -68.4639166, -33.1994811 ] ] } },
{ "type": "Feature", "properties": { "id": "way/1524501951", "@id": "way/1524501951", "CORDON": "SI", "cord_estado ": "BUENO", "BANQUINA": "SI", "BANQ_ESTADO": "REGULAR", "BANQ_MAT": "TIERRA", "CUNETA": "SI", "CUN_MAT": "HORMIGON", "FECHA": "08-2026", "OBS": null }, "geometry": { "type": "LineString", "coordinates": [ [ -68.4648388, -33.199839 ], [ -68.4643092, -33.2000732 ] ] } },
{ "type": "Feature", "properties": { "id": "way/1524501952", "@id": "way/1524501952", "CORDON": "SI", "cord_estado ": "BUENO", "BANQUINA": "SI", "BANQ_ESTADO": "REGULAR", "BANQ_MAT": "TIERRA", "CUNETA": "SI", "CUN_MAT": "HORMIGON", "FECHA": "08-2026", "OBS": null }, "geometry": { "type": "LineString", "coordinates": [ [ -68.4647306, -33.1996686 ], [ -68.4641941, -33.1999105 ] ] } },
{ "type": "Feature", "properties": { "id": "way/1524501953", "@id": "way/1524501953", "CORDON": "SI", "cord_estado ": "BUENO", "BANQUINA": "SI", "BANQ_ESTADO": "REGULAR", "BANQ_MAT": "TIERRA", "CUNETA": "SI", "CUN_MAT": "HORMIGON", "FECHA": "08-2026", "OBS": null }, "geometry": { "type": "LineString", "coordinates": [ [ -68.4651352, -33.2002926 ], [ -68.4646044, -33.2005297 ] ] } },
{ "type": "Feature", "properties": { "id": "way/1524501954", "@id": "way/1524501954", "CORDON": "SI", "cord_estado ": "BUENO", "BANQUINA": "SI", "BANQ_ESTADO": "REGULAR", "BANQ_MAT": "TIERRA", "CUNETA": "SI", "CUN_MAT": "HORMIGON", "FECHA": "08-2026", "OBS": null }, "geometry": { "type": "LineString", "coordinates": [ [ -68.4650532, -33.2001763 ], [ -68.464531, -33.2004096 ] ] } },
{ "type": "Feature", "properties": { "id": "way/1524501955", "@id": "way/1524501955", "CORDON": "SI", "cord_estado ": "BUENO", "BANQUINA": "SI", "BANQ_ESTADO": "REGULAR", "BANQ_MAT": "TIERRA", "CUNETA": "SI", "CUN_MAT": "HORMIGON", "FECHA": "08-2026", "OBS": null }, "geometry": { "type": "LineString", "coordinates": [ [ -68.4653669, -33.200619 ], [ -68.4648703, -33.2008491 ] ] } },
{ "type": "Feature", "properties": { "id": "way/1524501956", "@id": "way/1524501956", "CORDON": "SI", "cord_estado ": "BUENO", "BANQUINA": "SI", "BANQ_ESTADO": "REGULAR", "BANQ_MAT": "TIERRA", "CUNETA": "SI", "CUN_MAT": "HORMIGON", "FECHA": "08-2026", "OBS": null }, "geometry": { "type": "LineString", "coordinates": [ [ -68.4649305, -33.1885414 ], [ -68.4646763, -33.1881396 ] ] } },
{ "type": "Feature", "properties": { "id": "way/1524501957", "@id": "way/1524501957", "CORDON": "SI", "cord_estado ": "BUENO", "BANQUINA": "SI", "BANQ_ESTADO": "REGULAR", "BANQ_MAT": "TIERRA", "CUNETA": "SI", "CUN_MAT": "HORMIGON", "FECHA": "08-2026", "OBS": null }, "geometry": { "type": "LineString", "coordinates": [ [ -68.4609352, -33.1888025 ], [ -68.4599128, -33.1871995 ] ] } },
{ "type": "Feature", "properties": { "id": "way/1524501958", "@id": "way/1524501958", "CORDON": "SI", "cord_estado ": "BUENO", "BANQUINA": "SI", "BANQ_ESTADO": "REGULAR", "BANQ_MAT": "TIERRA", "CUNETA": "SI", "CUN_MAT": "HORMIGON", "FECHA": "08-2026", "OBS": null }, "geometry": { "type": "LineString", "coordinates": [ [ -68.4605053, -33.1885298 ], [ -68.4597034, -33.1872496 ] ] } },
{ "type": "Feature", "properties": { "id": "way/1524501959", "@id": "way/1524501959", "CORDON": "SI", "cord_estado ": "BUENO", "BANQUINA": "SI", "BANQ_ESTADO": "REGULAR", "BANQ_MAT": "TIERRA", "CUNETA": "SI", "CUN_MAT": "HORMIGON", "FECHA": "08-2026", "OBS": null }, "geometry": { "type": "LineString", "coordinates": [ [ -68.4615569, -33.1898051 ], [ -68.4611292, -33.1891084 ] ] } },
{ "type": "Feature", "properties": { "id": "way/1524501960", "@id": "way/1524501960", "CORDON": "SI", "cord_estado ": "BUENO", "BANQUINA": "SI", "BANQ_ESTADO": "REGULAR", "BANQ_MAT": "TIERRA", "CUNETA": "SI", "CUN_MAT": "HORMIGON", "FECHA": "08-2026", "OBS": null }, "geometry": { "type": "LineString", "coordinates": [ [ -68.4613471, -33.1898685 ], [ -68.4606527, -33.1887711 ] ] } },
{ "type": "Feature", "properties": { "id": "way/1524501961", "@id": "way/1524501961", "CORDON": "SI", "cord_estado ": "BUENO", "BANQUINA": "SI", "BANQ_ESTADO": "REGULAR", "BANQ_MAT": "TIERRA", "CUNETA": "SI", "CUN_MAT": "HORMIGON", "FECHA": "08-2026", "OBS": null }, "geometry": { "type": "LineString", "coordinates": [ [ -68.4623889, -33.1885348 ], [ -68.4618132, -33.1875904 ] ] } },
{ "type": "Feature", "properties": { "id": "way/1524501962", "@id": "way/1524501962", "CORDON": "SI", "cord_estado ": "BUENO", "BANQUINA": "SI", "BANQ_ESTADO": "REGULAR", "BANQ_MAT": "TIERRA", "CUNETA": "SI", "CUN_MAT": "HORMIGON", "FECHA": "08-2026", "OBS": null }, "geometry": { "type": "LineString", "coordinates": [ [ -68.4620697, -33.1884039 ], [ -68.4615416, -33.1875502 ], [ -68.4614825, -33.1874547 ], [ -68.4611011, -33.1868379 ] ] } },
{ "type": "Feature", "properties": { "id": "way/1524501963", "@id": "way/1524501963", "CORDON": "SI", "cord_estado ": "BUENO", "BANQUINA": "SI", "BANQ_ESTADO": "REGULAR", "BANQ_MAT": "TIERRA", "CUNETA": "SI", "CUN_MAT": "HORMIGON", "FECHA": "08-2026", "OBS": null }, "geometry": { "type": "LineString", "coordinates": [ [ -68.4616139, -33.1872742 ], [ -68.4612967, -33.1867872 ] ] } },
{ "type": "Feature", "properties": { "id": "way/1524501964", "@id": "way/1524501964", "CORDON": "SI", "cord_estado ": "BUENO", "BANQUINA": "SI", "BANQ_ESTADO": "REGULAR", "BANQ_MAT": "TIERRA", "CUNETA": "SI", "CUN_MAT": "HORMIGON", "FECHA": "08-2026", "OBS": null }, "geometry": { "type": "LineString", "coordinates": [ [ -68.461102, -33.1864617 ], [ -68.4606122, -33.1856895 ] ] } },
{ "type": "Feature", "properties": { "id": "way/1524501965", "@id": "way/1524501965", "CORDON": "SI", "cord_estado ": "BUENO", "BANQUINA": "SI", "BANQ_ESTADO": "REGULAR", "BANQ_MAT": "TIERRA", "CUNETA": "SI", "CUN_MAT": "HORMIGON", "FECHA": "08-2026", "OBS": null }, "geometry": { "type": "LineString", "coordinates": [ [ -68.460902, -33.1865282 ], [ -68.4604223, -33.1857638 ] ] } },
{ "type": "Feature", "properties": { "id": "way/1524501966", "@id": "way/1524501966", "CORDON": "SI", "cord_estado ": "BUENO", "BANQUINA": "SI", "BANQ_ESTADO": "REGULAR", "BANQ_MAT": "TIERRA", "CUNETA": "SI", "CUN_MAT": "HORMIGON", "FECHA": "08-2026", "OBS": null }, "geometry": { "type": "LineString", "coordinates": [ [ -68.4597141, -33.1868834 ], [ -68.4592746, -33.1862068 ] ] } },
{ "type": "Feature", "properties": { "id": "way/1524501967", "@id": "way/1524501967", "CORDON": "SI", "cord_estado ": "BUENO", "BANQUINA": "SI", "BANQ_ESTADO": "REGULAR", "BANQ_MAT": "TIERRA", "CUNETA": "SI", "CUN_MAT": "HORMIGON", "FECHA": "08-2026", "OBS": null }, "geometry": { "type": "LineString", "coordinates": [ [ -68.459513, -33.1869378 ], [ -68.4590207, -33.1861804 ] ] } },
{ "type": "Feature", "properties": { "id": "way/1524501968", "@id": "way/1524501968", "CORDON": "SI", "cord_estado ": "BUENO", "BANQUINA": "SI", "BANQ_ESTADO": "REGULAR", "BANQ_MAT": "TIERRA", "CUNETA": "SI", "CUN_MAT": "HORMIGON", "FECHA": "08-2026", "OBS": null }, "geometry": { "type": "LineString", "coordinates": [ [ -68.4590719, -33.1858755 ], [ -68.4586507, -33.1852074 ] ] } },
{ "type": "Feature", "properties": { "id": "way/1524501969", "@id": "way/1524501969", "CORDON": "SI", "cord_estado ": "BUENO", "BANQUINA": "SI", "BANQ_ESTADO": "REGULAR", "BANQ_MAT": "TIERRA", "CUNETA": "SI", "CUN_MAT": "HORMIGON", "FECHA": "08-2026", "OBS": null }, "geometry": { "type": "LineString", "coordinates": [ [ -68.4588099, -33.1858568 ], [ -68.4584355, -33.1852524 ] ] } },
{ "type": "Feature", "properties": { "id": "way/1524501970", "@id": "way/1524501970", "CORDON": "SI", "cord_estado ": "BUENO", "BANQUINA": "SI", "BANQ_ESTADO": "REGULAR", "BANQ_MAT": "TIERRA", "CUNETA": "SI", "CUN_MAT": "HORMIGON", "FECHA": "08-2026", "OBS": null }, "geometry": { "type": "LineString", "coordinates": [ [ -68.4604059, -33.1853565 ], [ -68.4600202, -33.18474 ] ] } },
{ "type": "Feature", "properties": { "id": "way/1524501971", "@id": "way/1524501971", "CORDON": "SI", "cord_estado ": "BUENO", "BANQUINA": "SI", "BANQ_ESTADO": "REGULAR", "BANQ_MAT": "TIERRA", "CUNETA": "SI", "CUN_MAT": "HORMIGON", "FECHA": "08-2026", "OBS": null }, "geometry": { "type": "LineString", "coordinates": [ [ -68.4602086, -33.1854345 ], [ -68.4598142, -33.1847979 ] ] } },
{ "type": "Feature", "properties": { "id": "way/1524501972", "@id": "way/1524501972", "CORDON": "SI", "cord_estado ": "BUENO", "BANQUINA": "SI", "BANQ_ESTADO": "REGULAR", "BANQ_MAT": "TIERRA", "CUNETA": "SI", "CUN_MAT": "HORMIGON", "FECHA": "08-2026", "OBS": null }, "geometry": { "type": "LineString", "coordinates": [ [ -68.4636542, -33.1881049 ], [ -68.4628319, -33.1869242 ] ] } },
{ "type": "Feature", "properties": { "id": "way/1524501973", "@id": "way/1524501973", "CORDON": "SI", "cord_estado ": "BUENO", "BANQUINA": "SI", "BANQ_ESTADO": "REGULAR", "BANQ_MAT": "TIERRA", "CUNETA": "SI", "CUN_MAT": "HORMIGON", "FECHA": "08-2026", "OBS": null }, "geometry": { "type": "LineString", "coordinates": [ [ -68.4634491, -33.1881754 ], [ -68.4628244, -33.1872892 ] ] } },
{ "type": "Feature", "properties": { "id": "way/1524501974", "@id": "way/1524501974", "CORDON": "SI", "cord_estado ": "BUENO", "BANQUINA": "SI", "BANQ_ESTADO": "REGULAR", "BANQ_MAT": "TIERRA", "CUNETA": "SI", "CUN_MAT": "HORMIGON", "FECHA": "08-2026", "OBS": null }, "geometry": { "type": "LineString", "coordinates": [ [ -68.4627046, -33.1867477 ], [ -68.4625012, -33.1864547 ] ] } },
{ "type": "Feature", "properties": { "id": "way/1524501975", "@id": "way/1524501975", "CORDON": "SI", "cord_estado ": "BUENO", "BANQUINA": "SI", "BANQ_ESTADO": "REGULAR", "BANQ_MAT": "TIERRA", "CUNETA": "SI", "CUN_MAT": "HORMIGON", "FECHA": "08-2026", "OBS": null }, "geometry": { "type": "LineString", "coordinates": [ [ -68.4626054, -33.186966 ], [ -68.4622989, -33.1864973 ] ] } },
{ "type": "Feature", "properties": { "id": "way/1524501976", "@id": "way/1524501976", "CORDON": "SI", "cord_estado ": "BUENO", "BANQUINA": "SI", "BANQ_ESTADO": "REGULAR", "BANQ_MAT": "TIERRA", "CUNETA": "SI", "CUN_MAT": "HORMIGON", "FECHA": "08-2026", "OBS": null }, "geometry": { "type": "LineString", "coordinates": [ [ -68.4622877, -33.1861297 ], [ -68.4617162, -33.1853174 ] ] } },
{ "type": "Feature", "properties": { "id": "way/1524501977", "@id": "way/1524501977", "CORDON": "SI", "cord_estado ": "BUENO", "BANQUINA": "SI", "BANQ_ESTADO": "REGULAR", "BANQ_MAT": "TIERRA", "CUNETA": "SI", "CUN_MAT": "HORMIGON", "FECHA": "08-2026", "OBS": null }, "geometry": { "type": "LineString", "coordinates": [ [ -68.4620508, -33.1861897 ], [ -68.4615002, -33.1853699 ] ] } },
{ "type": "Feature", "properties": { "id": "way/1524501978", "@id": "way/1524501978", "CORDON": "SI", "cord_estado ": "BUENO", "BANQUINA": "SI", "BANQ_ESTADO": "REGULAR", "BANQ_MAT": "TIERRA", "CUNETA": "SI", "CUN_MAT": "HORMIGON", "FECHA": "08-2026", "OBS": null }, "geometry": { "type": "LineString", "coordinates": [ [ -68.4614843, -33.1850033 ], [ -68.4610708, -33.1843788 ] ] } },
{ "type": "Feature", "properties": { "id": "way/1524501979", "@id": "way/1524501979", "CORDON": "SI", "cord_estado ": "BUENO", "BANQUINA": "SI", "BANQ_ESTADO": "REGULAR", "BANQ_MAT": "TIERRA", "CUNETA": "SI", "CUN_MAT": "HORMIGON", "FECHA": "08-2026", "OBS": null }, "geometry": { "type": "LineString", "coordinates": [ [ -68.461294, -33.1850561 ], [ -68.4608803, -33.1844328 ] ] } },
{ "type": "Feature", "properties": { "id": "way/1524501980", "@id": "way/1524501980", "CORDON": "SI", "cord_estado ": "BUENO", "BANQUINA": "SI", "BANQ_ESTADO": "REGULAR", "BANQ_MAT": "TIERRA", "CUNETA": "SI", "CUN_MAT": "HORMIGON", "FECHA": "08-2026", "OBS": null }, "geometry": { "type": "LineString", "coordinates": [ [ -68.4581165, -33.1894925 ], [ -68.4575369, -33.1896809 ] ] } },
{ "type": "Feature", "properties": { "id": "way/1524501981", "@id": "way/1524501981", "CORDON": "SI", "cord_estado ": "BUENO", "BANQUINA": "SI", "BANQ_ESTADO": "REGULAR", "BANQ_MAT": "TIERRA", "CUNETA": "SI", "CUN_MAT": "HORMIGON", "FECHA": "08-2026", "OBS": null }, "geometry": { "type": "LineString", "coordinates": [ [ -68.4580599, -33.1894044 ], [ -68.4574841, -33.1895854 ] ] } },
{ "type": "Feature", "properties": { "id": "way/1524501982", "@id": "way/1524501982", "CORDON": "SI", "cord_estado ": "BUENO", "BANQUINA": "SI", "BANQ_ESTADO": "REGULAR", "BANQ_MAT": "TIERRA", "CUNETA": "SI", "CUN_MAT": "HORMIGON", "FECHA": "08-2026", "OBS": null }, "geometry": { "type": "LineString", "coordinates": [ [ -68.4569786, -33.1879448 ], [ -68.4564975, -33.1880888 ] ] } },
{ "type": "Feature", "properties": { "id": "way/1524501983", "@id": "way/1524501983", "CORDON": "SI", "cord_estado ": "BUENO", "BANQUINA": "SI", "BANQ_ESTADO": "REGULAR", "BANQ_MAT": "TIERRA", "CUNETA": "SI", "CUN_MAT": "HORMIGON", "FECHA": "08-2026", "OBS": null }, "geometry": { "type": "LineString", "coordinates": [ [ -68.4568817, -33.1877991 ], [ -68.4564045, -33.1879407 ] ] } },
{ "type": "Feature", "properties": { "id": "way/1524501984", "@id": "way/1524501984", "CORDON": "SI", "cord_estado ": "BUENO", "BANQUINA": "SI", "BANQ_ESTADO": "REGULAR", "BANQ_MAT": "TIERRA", "CUNETA": "SI", "CUN_MAT": "HORMIGON", "FECHA": "08-2026", "OBS": null }, "geometry": { "type": "LineString", "coordinates": [ [ -68.4563204, -33.1869565 ], [ -68.4558776, -33.1871039 ] ] } },
{ "type": "Feature", "properties": { "id": "way/1524501985", "@id": "way/1524501985", "CORDON": "SI", "cord_estado ": "BUENO", "BANQUINA": "SI", "BANQ_ESTADO": "REGULAR", "BANQ_MAT": "TIERRA", "CUNETA": "SI", "CUN_MAT": "HORMIGON", "FECHA": "08-2026", "OBS": null }, "geometry": { "type": "LineString", "coordinates": [ [ -68.4562251, -33.1868063 ], [ -68.4558007, -33.1869479 ] ] } },
{ "type": "Feature", "properties": { "id": "way/1524501986", "@id": "way/1524501986", "CORDON": "SI", "cord_estado ": "BUENO", "BANQUINA": "SI", "BANQ_ESTADO": "REGULAR", "BANQ_MAT": "TIERRA", "CUNETA": "SI", "CUN_MAT": "HORMIGON", "FECHA": "08-2026", "OBS": null }, "geometry": { "type": "LineString", "coordinates": [ [ -68.4557304, -33.1860242 ], [ -68.4553014, -33.1861613 ] ] } },
{ "type": "Feature", "properties": { "id": "way/1524501987", "@id": "way/1524501987", "CORDON": "SI", "cord_estado ": "BUENO", "BANQUINA": "SI", "BANQ_ESTADO": "REGULAR", "BANQ_MAT": "TIERRA", "CUNETA": "SI", "CUN_MAT": "HORMIGON", "FECHA": "08-2026", "OBS": null }, "geometry": { "type": "LineString", "coordinates": [ [ -68.4556323, -33.1858621 ], [ -68.4552094, -33.1860016 ] ] } },
{ "type": "Feature", "properties": { "id": "way/1524501988", "@id": "way/1524501988", "CORDON": "SI", "cord_estado ": "BUENO", "BANQUINA": "SI", "BANQ_ESTADO": "REGULAR", "BANQ_MAT": "TIERRA", "CUNETA": "SI", "CUN_MAT": "HORMIGON", "FECHA": "08-2026", "OBS": null }, "geometry": { "type": "LineString", "coordinates": [ [ -68.4552349, -33.1852967 ], [ -68.4548542, -33.1854998 ] ] } },
{ "type": "Feature", "properties": { "id": "way/1524501989", "@id": "way/1524501989", "CORDON": "SI", "cord_estado ": "BUENO", "BANQUINA": "SI", "BANQ_ESTADO": "REGULAR", "BANQ_MAT": "TIERRA", "CUNETA": "SI", "CUN_MAT": "HORMIGON", "FECHA": "08-2026", "OBS": null }, "geometry": { "type": "LineString", "coordinates": [ [ -68.4551359, -33.185135 ], [ -68.4547774, -33.1853258 ] ] } },
{ "type": "Feature", "properties": { "id": "way/1524501990", "@id": "way/1524501990", "CORDON": "SI", "cord_estado ": "BUENO", "BANQUINA": "NO", "BANQ_ESTADO": "REGULAR", "BANQ_MAT": "TIERRA", "CUNETA": "SI", "CUN_MAT": "HORMIGON", "FECHA": "08-2026", "OBS": null }, "geometry": { "type": "LineString", "coordinates": [ [ -68.454536, -33.1841882 ], [ -68.4541772, -33.1843823 ] ] } },
{ "type": "Feature", "properties": { "id": "way/1524501991", "@id": "way/1524501991", "CORDON": "SI", "cord_estado ": "BUENO", "BANQUINA": "NO", "BANQ_ESTADO": "REGULAR", "BANQ_MAT": "TIERRA", "CUNETA": "SI", "CUN_MAT": "HORMIGON", "FECHA": "08-2026", "OBS": null }, "geometry": { "type": "LineString", "coordinates": [ [ -68.4544389, -33.184043 ], [ -68.4540695, -33.1842364 ] ] } },
{ "type": "Feature", "properties": { "id": "way/1524501992", "@id": "way/1524501992", "CORDON": "SI", "cord_estado ": "BUENO", "BANQUINA": "NO", "BANQ_ESTADO": "REGULAR", "BANQ_MAT": "TIERRA", "CUNETA": "SI", "CUN_MAT": "HORMIGON", "FECHA": "08-2026", "OBS": null }, "geometry": { "type": "LineString", "coordinates": [ [ -68.4538189, -33.1830646 ], [ -68.4534641, -33.1832531 ] ] } },
{ "type": "Feature", "properties": { "id": "way/1524501993", "@id": "way/1524501993", "CORDON": "SI", "cord_estado ": "BUENO", "BANQUINA": "NO", "BANQ_ESTADO": "REGULAR", "BANQ_MAT": "TIERRA", "CUNETA": "SI", "CUN_MAT": "HORMIGON", "FECHA": "08-2026", "OBS": null }, "geometry": { "type": "LineString", "coordinates": [ [ -68.4535357, -33.180836 ], [ -68.4521144, -33.1813212 ] ] } },
{ "type": "Feature", "properties": { "id": "way/1524501994", "@id": "way/1524501994", "CORDON": "SI", "cord_estado ": "BUENO", "BANQUINA": "NO", "BANQ_ESTADO": "REGULAR", "BANQ_MAT": "TIERRA", "CUNETA": "SI", "CUN_MAT": "HORMIGON", "FECHA": "08-2026", "OBS": null }, "geometry": { "type": "LineString", "coordinates": [ [ -68.4534432, -33.1807107 ], [ -68.4520268, -33.1811964 ] ] } },
{ "type": "Feature", "properties": { "id": "way/1524501995", "@id": "way/1524501995", "CORDON": "SI", "cord_estado ": "BUENO", "BANQUINA": "SI", "BANQ_ESTADO": "REGULAR", "BANQ_MAT": "TIERRA", "CUNETA": "SI", "CUN_MAT": "HORMIGON", "FECHA": "08-2026", "OBS": null }, "geometry": { "type": "LineString", "coordinates": [ [ -68.4531735, -33.1803612 ], [ -68.4517753, -33.1808373 ] ] } },
{ "type": "Feature", "properties": { "id": "way/1524501996", "@id": "way/1524501996", "CORDON": "SI", "cord_estado ": "BUENO", "BANQUINA": "SI", "BANQ_ESTADO": "REGULAR", "BANQ_MAT": "TIERRA", "CUNETA": "SI", "CUN_MAT": "HORMIGON", "FECHA": "08-2026", "OBS": null }, "geometry": { "type": "LineString", "coordinates": [ [ -68.4604032, -33.190253 ], [ -68.4595985, -33.1890839 ] ] } },
{ "type": "Feature", "properties": { "id": "way/1524501997", "@id": "way/1524501997", "CORDON": "SI", "cord_estado ": "BUENO", "BANQUINA": "SI", "BANQ_ESTADO": "REGULAR", "BANQ_MAT": "TIERRA", "CUNETA": "SI", "CUN_MAT": "HORMIGON", "FECHA": "08-2026", "OBS": null }, "geometry": { "type": "LineString", "coordinates": [ [ -68.4602048, -33.190319 ], [ -68.4599272, -33.1899143 ] ] } },
{ "type": "Feature", "properties": { "id": "way/1524501998", "@id": "way/1524501998", "CORDON": "SI", "cord_estado ": "BUENO", "BANQUINA": "SI", "BANQ_ESTADO": "REGULAR", "BANQ_MAT": "TIERRA", "CUNETA": "SI", "CUN_MAT": "HORMIGON", "FECHA": "08-2026", "OBS": null }, "geometry": { "type": "LineString", "coordinates": [ [ -68.4597132, -33.1895981 ], [ -68.459402, -33.1891383 ] ] } },
{ "type": "Feature", "properties": { "id": "way/1525018001", "@id": "way/1525018001", "CORDON": "SI", "cord_estado ": "BUENO", "BANQUINA": "SI", "BANQ_ESTADO": "REGULAR", "BANQ_MAT": "TIERRA", "CUNETA": "SI", "CUN_MAT": "HORMIGON", "FECHA": "08-2026", "OBS": null }, "geometry": { "type": "LineString", "coordinates": [ [ -68.4605181, -33.1950119 ], [ -68.4598009, -33.1953354 ] ] } },
{ "type": "Feature", "properties": { "id": "way/1525018002", "@id": "way/1525018002", "CORDON": "SI", "cord_estado ": "BUENO", "BANQUINA": "SI", "BANQ_ESTADO": "REGULAR", "BANQ_MAT": "TIERRA", "CUNETA": "SI", "CUN_MAT": "HORMIGON", "FECHA": "08-2026", "OBS": null }, "geometry": { "type": "LineString", "coordinates": [ [ -68.460379, -33.1947865 ], [ -68.4596178, -33.1951249 ] ] } },
{ "type": "Feature", "properties": { "id": "way/1525018003", "@id": "way/1525018003", "CORDON": "SI", "cord_estado ": "BUENO", "BANQUINA": "SI", "BANQ_ESTADO": "REGULAR", "BANQ_MAT": "TIERRA", "CUNETA": "SI", "CUN_MAT": "HORMIGON", "FECHA": "08-2026", "OBS": null }, "geometry": { "type": "LineString", "coordinates": [ [ -68.4611521, -33.1959706 ], [ -68.4603933, -33.1962902 ] ] } },
{ "type": "Feature", "properties": { "id": "way/1525018004", "@id": "way/1525018004", "CORDON": "SI", "cord_estado ": "BUENO", "BANQUINA": "SI", "BANQ_ESTADO": "REGULAR", "BANQ_MAT": "TIERRA", "CUNETA": "SI", "CUN_MAT": "HORMIGON", "FECHA": "08-2026", "OBS": null }, "geometry": { "type": "LineString", "coordinates": [ [ -68.4610469, -33.1957903 ], [ -68.4602743, -33.1961235 ] ] } },
{ "type": "Feature", "properties": { "id": "way/1525018005", "@id": "way/1525018005", "CORDON": "SI", "cord_estado ": "BUENO", "BANQUINA": "SI", "BANQ_ESTADO": "REGULAR", "BANQ_MAT": "TIERRA", "CUNETA": "SI", "CUN_MAT": "HORMIGON", "FECHA": "08-2026", "OBS": null }, "geometry": { "type": "LineString", "coordinates": [ [ -68.4619204, -33.1971727 ], [ -68.4611677, -33.1975233 ] ] } },
{ "type": "Feature", "properties": { "id": "way/1525018006", "@id": "way/1525018006", "CORDON": "SI", "cord_estado ": "BUENO", "BANQUINA": "SI", "BANQ_ESTADO": "REGULAR", "BANQ_MAT": "TIERRA", "CUNETA": "SI", "CUN_MAT": "HORMIGON", "FECHA": "08-2026", "OBS": null }, "geometry": { "type": "LineString", "coordinates": [ [ -68.4598013, -33.1939169 ], [ -68.4590505, -33.1942601 ] ] } },
{ "type": "Feature", "properties": { "id": "way/1525018007", "@id": "way/1525018007", "CORDON": "SI", "cord_estado ": "BUENO", "BANQUINA": "SI", "BANQ_ESTADO": "REGULAR", "BANQ_MAT": "TIERRA", "CUNETA": "SI", "CUN_MAT": "HORMIGON", "FECHA": "08-2026", "OBS": null }, "geometry": { "type": "LineString", "coordinates": [ [ -68.4596961, -33.1937479 ], [ -68.4589436, -33.1940989 ] ] } },
{ "type": "Feature", "properties": { "id": "way/1525018008", "@id": "way/1525018008", "CORDON": "SI", "cord_estado ": "BUENO", "BANQUINA": "SI", "BANQ_ESTADO": "REGULAR", "BANQ_MAT": "TIERRA", "CUNETA": "SI", "CUN_MAT": "HORMIGON", "FECHA": "08-2026", "OBS": null }, "geometry": { "type": "LineString", "coordinates": [ [ -68.4589263, -33.1925474 ], [ -68.4581552, -33.1929008 ] ] } },
{ "type": "Feature", "properties": { "id": "way/1525018009", "@id": "way/1525018009", "CORDON": "SI", "cord_estado ": "BUENO", "BANQUINA": "SI", "BANQ_ESTADO": "REGULAR", "BANQ_MAT": "TIERRA", "CUNETA": "SI", "CUN_MAT": "HORMIGON", "FECHA": "08-2026", "OBS": null }, "geometry": { "type": "LineString", "coordinates": [ [ -68.4588265, -33.1923862 ], [ -68.458057, -33.192738 ] ] } },
{ "type": "Feature", "properties": { "id": "way/1525018010", "@id": "way/1525018010", "CORDON": "SI", "cord_estado ": "BUENO", "BANQUINA": "SI", "BANQ_ESTADO": "REGULAR", "BANQ_MAT": "TIERRA", "CUNETA": "SI", "CUN_MAT": "HORMIGON", "FECHA": "08-2026", "OBS": null }, "geometry": { "type": "LineString", "coordinates": [ [ -68.458535, -33.191909 ], [ -68.4576611, -33.1922084 ] ] } },
{ "type": "Feature", "properties": { "id": "way/1525018011", "@id": "way/1525018011", "CORDON": "SI", "cord_estado ": "BUENO", "BANQUINA": "SI", "BANQ_ESTADO": "REGULAR", "BANQ_MAT": "TIERRA", "CUNETA": "SI", "CUN_MAT": "HORMIGON", "FECHA": "08-2026", "OBS": null }, "geometry": { "type": "LineString", "coordinates": [ [ -68.4584767, -33.1918237 ], [ -68.4582052, -33.1919194 ] ] } },
{ "type": "Feature", "properties": { "id": "way/1525018012", "@id": "way/1525018012", "CORDON": "SI", "cord_estado ": "BUENO", "BANQUINA": "SI", "BANQ_ESTADO": "REGULAR", "BANQ_MAT": "TIERRA", "CUNETA": "SI", "CUN_MAT": "HORMIGON", "FECHA": "08-2026", "OBS": null }, "geometry": { "type": "LineString", "coordinates": [ [ -68.4579205, -33.1920168 ], [ -68.4576203, -33.1921209 ] ] } },
{ "type": "Feature", "properties": { "id": "way/1525018013", "@id": "way/1525018013", "CORDON": "SI", "cord_estado ": "BUENO", "BANQUINA": "SI", "BANQ_ESTADO": "REGULAR", "BANQ_MAT": "TIERRA", "CUNETA": "SI", "CUN_MAT": "HORMIGON", "FECHA": "08-2026", "OBS": null }, "geometry": { "type": "LineString", "coordinates": [ [ -68.4580638, -33.191186 ], [ -68.4572525, -33.1914829 ] ] } },
{ "type": "Feature", "properties": { "id": "way/1525018014", "@id": "way/1525018014", "CORDON": "SI", "cord_estado ": "BUENO", "BANQUINA": "SI", "BANQ_ESTADO": "REGULAR", "BANQ_MAT": "TIERRA", "CUNETA": "SI", "CUN_MAT": "HORMIGON", "FECHA": "08-2026", "OBS": null }, "geometry": { "type": "LineString", "coordinates": [ [ -68.4581452, -33.1913581 ], [ -68.4578776, -33.1914534 ] ] } },
{ "type": "Feature", "properties": { "id": "way/1525018015", "@id": "way/1525018015", "CORDON": "SI", "cord_estado ": "BUENO", "BANQUINA": "SI", "BANQ_ESTADO": "REGULAR", "BANQ_MAT": "TIERRA", "CUNETA": "SI", "CUN_MAT": "HORMIGON", "FECHA": "08-2026", "OBS": null }, "geometry": { "type": "LineString", "coordinates": [ [ -68.4576165, -33.1915463 ], [ -68.4573219, -33.1916526 ] ] } },
{ "type": "Feature", "properties": { "id": "way/1525018016", "@id": "way/1525018016", "CORDON": "SI", "cord_estado ": "BUENO", "BANQUINA": "SI", "BANQ_ESTADO": "REGULAR", "BANQ_MAT": "TIERRA", "CUNETA": "SI", "CUN_MAT": "HORMIGON", "FECHA": "08-2026", "OBS": null }, "geometry": { "type": "LineString", "coordinates": [ [ -68.4577101, -33.1906361 ], [ -68.4568805, -33.1909402 ] ] } },
{ "type": "Feature", "properties": { "id": "way/1525018017", "@id": "way/1525018017", "CORDON": "SI", "cord_estado ": "BUENO", "BANQUINA": "SI", "BANQ_ESTADO": "REGULAR", "BANQ_MAT": "TIERRA", "CUNETA": "SI", "CUN_MAT": "HORMIGON", "FECHA": "08-2026", "OBS": null }, "geometry": { "type": "LineString", "coordinates": [ [ -68.4576014, -33.1904882 ], [ -68.4567685, -33.1908034 ] ] } },
{ "type": "Feature", "properties": { "id": "way/1525018018", "@id": "way/1525018018", "CORDON": "SI", "cord_estado ": "BUENO", "BANQUINA": "SI", "BANQ_ESTADO": "REGULAR", "BANQ_MAT": "TIERRA", "CUNETA": "SI", "CUN_MAT": "HORMIGON", "FECHA": "08-2026", "OBS": null }, "geometry": { "type": "LineString", "coordinates": [ [ -68.4561216, -33.1881912 ], [ -68.4552782, -33.188437 ] ] } },
{ "type": "Feature", "properties": { "id": "way/1525018019", "@id": "way/1525018019", "CORDON": "SI", "cord_estado ": "BUENO", "BANQUINA": "SI", "BANQ_ESTADO": "REGULAR", "BANQ_MAT": "TIERRA", "CUNETA": "SI", "CUN_MAT": "HORMIGON", "FECHA": "08-2026", "OBS": null }, "geometry": { "type": "LineString", "coordinates": [ [ -68.4560302, -33.1880432 ], [ -68.455178, -33.1883003 ] ] } },
{ "type": "Feature", "properties": { "id": "way/1525018020", "@id": "way/1525018020", "CORDON": "SI", "cord_estado ": "BUENO", "BANQUINA": "SI", "BANQ_ESTADO": "REGULAR", "BANQ_MAT": "TIERRA", "CUNETA": "SI", "CUN_MAT": "HORMIGON", "FECHA": "08-2026", "OBS": null }, "geometry": { "type": "LineString", "coordinates": [ [ -68.4555232, -33.1872336 ], [ -68.4547043, -33.1875081 ] ] } },
{ "type": "Feature", "properties": { "id": "way/1525018021", "@id": "way/1525018021", "CORDON": "SI", "cord_estado ": "BUENO", "BANQUINA": "SI", "BANQ_ESTADO": "REGULAR", "BANQ_MAT": "TIERRA", "CUNETA": "SI", "CUN_MAT": "HORMIGON", "FECHA": "08-2026", "OBS": null }, "geometry": { "type": "LineString", "coordinates": [ [ -68.4554429, -33.1870709 ], [ -68.454617, -33.1873417 ] ] } },
{ "type": "Feature", "properties": { "id": "way/1525018022", "@id": "way/1525018022", "CORDON": "SI", "cord_estado ": "BUENO", "BANQUINA": "NO", "BANQ_ESTADO": "REGULAR", "BANQ_MAT": "TIERRA", "CUNETA": "SI", "CUN_MAT": "HORMIGON", "FECHA": "08-2026", "OBS": null }, "geometry": { "type": "LineString", "coordinates": [ [ -68.4549021, -33.1862869 ], [ -68.45411, -33.1865354 ] ] } },
{ "type": "Feature", "properties": { "id": "way/1525018023", "@id": "way/1525018023", "CORDON": "SI", "cord_estado ": "BUENO", "BANQUINA": "NO", "BANQ_ESTADO": "REGULAR", "BANQ_MAT": "TIERRA", "CUNETA": "SI", "CUN_MAT": "HORMIGON", "FECHA": "08-2026", "OBS": null }, "geometry": { "type": "LineString", "coordinates": [ [ -68.4548229, -33.1861228 ], [ -68.453866, -33.1864305 ], [ -68.4537565, -33.1864658 ], [ -68.4526807, -33.1868117 ] ] } },
{ "type": "Feature", "properties": { "id": "way/1525018024", "@id": "way/1525018024", "CORDON": "SI", "cord_estado ": "BUENO", "BANQUINA": "NO", "BANQ_ESTADO": "REGULAR", "BANQ_MAT": "TIERRA", "CUNETA": "SI", "CUN_MAT": "HORMIGON", "FECHA": "08-2026", "OBS": null }, "geometry": { "type": "LineString", "coordinates": [ [ -68.453704, -33.1866616 ], [ -68.452761, -33.1869677 ] ] } },
{ "type": "Feature", "properties": { "id": "way/1525018025", "@id": "way/1525018025", "CORDON": "SI", "cord_estado ": "BUENO", "BANQUINA": "SI", "BANQ_ESTADO": "REGULAR", "BANQ_MAT": "TIERRA", "CUNETA": "SI", "CUN_MAT": "HORMIGON", "FECHA": "08-2026", "OBS": null }, "geometry": { "type": "LineString", "coordinates": [ [ -68.4541897, -33.187494 ], [ -68.4533066, -33.1877901 ] ] } },
{ "type": "Feature", "properties": { "id": "way/1525018026", "@id": "way/1525018026", "CORDON": "SI", "cord_estado ": "BUENO", "BANQUINA": "SI", "BANQ_ESTADO": "REGULAR", "BANQ_MAT": "TIERRA", "CUNETA": "SI", "CUN_MAT": "HORMIGON", "FECHA": "08-2026", "OBS": null }, "geometry": { "type": "LineString", "coordinates": [ [ -68.4543253, -33.187639 ], [ -68.4540647, -33.1877254 ] ] } },
{ "type": "Feature", "properties": { "id": "way/1525018027", "@id": "way/1525018027", "CORDON": "SI", "cord_estado ": "BUENO", "BANQUINA": "SI", "BANQ_ESTADO": "REGULAR", "BANQ_MAT": "TIERRA", "CUNETA": "SI", "CUN_MAT": "HORMIGON", "FECHA": "08-2026", "OBS": null }, "geometry": { "type": "LineString", "coordinates": [ [ -68.4537499, -33.1878339 ], [ -68.4534154, -33.1879435 ] ] } },
{ "type": "Feature", "properties": { "id": "way/1525018028", "@id": "way/1525018028", "CORDON": "SI", "cord_estado ": "BUENO", "BANQUINA": "SI", "BANQ_ESTADO": "REGULAR", "BANQ_MAT": "TIERRA", "CUNETA": "SI", "CUN_MAT": "HORMIGON", "FECHA": "08-2026", "OBS": null }, "geometry": { "type": "LineString", "coordinates": [ [ -68.4549022, -33.188559 ], [ -68.4546805, -33.1886307 ] ] } },
{ "type": "Feature", "properties": { "id": "way/1525018029", "@id": "way/1525018029", "CORDON": "SI", "cord_estado ": "BUENO", "BANQUINA": "SI", "BANQ_ESTADO": "REGULAR", "BANQ_MAT": "TIERRA", "CUNETA": "SI", "CUN_MAT": "HORMIGON", "FECHA": "08-2026", "OBS": null }, "geometry": { "type": "LineString", "coordinates": [ [ -68.4543453, -33.1887495 ], [ -68.4540139, -33.1888522 ] ] } },
{ "type": "Feature", "properties": { "id": "way/1525018030", "@id": "way/1525018030", "CORDON": "SI", "cord_estado ": "BUENO", "BANQUINA": "SI", "BANQ_ESTADO": "REGULAR", "BANQ_MAT": "TIERRA", "CUNETA": "SI", "CUN_MAT": "HORMIGON", "FECHA": "08-2026", "OBS": null }, "geometry": { "type": "LineString", "coordinates": [ [ -68.4559603, -33.1902803 ], [ -68.4551548, -33.1905787 ] ] } },
{ "type": "Feature", "properties": { "id": "way/1525018031", "@id": "way/1525018031", "CORDON": "SI", "cord_estado ": "BUENO", "BANQUINA": "SI", "BANQ_ESTADO": "REGULAR", "BANQ_MAT": "TIERRA", "CUNETA": "SI", "CUN_MAT": "HORMIGON", "FECHA": "08-2026", "OBS": null }, "geometry": { "type": "LineString", "coordinates": [ [ -68.4558378, -33.1901251 ], [ -68.4550438, -33.1904241 ] ] } },
{ "type": "Feature", "properties": { "id": "way/1525018032", "@id": "way/1525018032", "CORDON": "SI", "cord_estado ": "BUENO", "BANQUINA": "SI", "BANQ_ESTADO": "REGULAR", "BANQ_MAT": "TIERRA", "CUNETA": "SI", "CUN_MAT": "HORMIGON", "FECHA": "08-2026", "OBS": null }, "geometry": { "type": "LineString", "coordinates": [ [ -68.4564935, -33.1910939 ], [ -68.4556903, -33.1913965 ] ] } },
{ "type": "Feature", "properties": { "id": "way/1525018033", "@id": "way/1525018033", "CORDON": "SI", "cord_estado ": "BUENO", "BANQUINA": "SI", "BANQ_ESTADO": "REGULAR", "BANQ_MAT": "TIERRA", "CUNETA": "SI", "CUN_MAT": "HORMIGON", "FECHA": "08-2026", "OBS": null }, "geometry": { "type": "LineString", "coordinates": [ [ -68.4563959, -33.1909378 ], [ -68.4555955, -33.1912366 ] ] } },
{ "type": "Feature", "properties": { "id": "way/1525018034", "@id": "way/1525018034", "CORDON": "SI", "cord_estado ": "BUENO", "BANQUINA": "SI", "BANQ_ESTADO": "REGULAR", "BANQ_MAT": "TIERRA", "CUNETA": "SI", "CUN_MAT": "HORMIGON", "FECHA": "08-2026", "OBS": null }, "geometry": { "type": "LineString", "coordinates": [ [ -68.456946, -33.1917981 ], [ -68.4561653, -33.1920862 ] ] } },
{ "type": "Feature", "properties": { "id": "way/1525018035", "@id": "way/1525018035", "CORDON": "SI", "cord_estado ": "BUENO", "BANQUINA": "SI", "BANQ_ESTADO": "REGULAR", "BANQ_MAT": "TIERRA", "CUNETA": "SI", "CUN_MAT": "HORMIGON", "FECHA": "08-2026", "OBS": null }, "geometry": { "type": "LineString", "coordinates": [ [ -68.4568494, -33.1916333 ], [ -68.4560687, -33.1919227 ] ] } },
{ "type": "Feature", "properties": { "id": "way/1525018036", "@id": "way/1525018036", "CORDON": "SI", "cord_estado ": "BUENO", "BANQUINA": "SI", "BANQ_ESTADO": "REGULAR", "BANQ_MAT": "TIERRA", "CUNETA": "SI", "CUN_MAT": "HORMIGON", "FECHA": "08-2026", "OBS": null }, "geometry": { "type": "LineString", "coordinates": [ [ -68.4627112, -33.1983943 ], [ -68.4619308, -33.1987023 ] ] } },
{ "type": "Feature", "properties": { "id": "way/1525018037", "@id": "way/1525018037", "CORDON": "SI", "cord_estado ": "BUENO", "BANQUINA": "SI", "BANQ_ESTADO": "REGULAR", "BANQ_MAT": "TIERRA", "CUNETA": "SI", "CUN_MAT": "HORMIGON", "FECHA": "08-2026", "OBS": null }, "geometry": { "type": "LineString", "coordinates": [ [ -68.4626245, -33.1982424 ], [ -68.4618228, -33.1985582 ] ] } },
{ "type": "Feature", "properties": { "id": "way/1525018038", "@id": "way/1525018038", "CORDON": "SI", "cord_estado ": "BUENO", "BANQUINA": "SI", "BANQ_ESTADO": "REGULAR", "BANQ_MAT": "TIERRA", "CUNETA": "SI", "CUN_MAT": "HORMIGON", "FECHA": "08-2026", "OBS": null }, "geometry": { "type": "LineString", "coordinates": [ [ -68.4630914, -33.1989709 ], [ -68.4622544, -33.1992577 ] ] } },
{ "type": "Feature", "properties": { "id": "way/1525018039", "@id": "way/1525018039", "CORDON": "SI", "cord_estado ": "BUENO", "BANQUINA": "SI", "BANQ_ESTADO": "REGULAR", "BANQ_MAT": "TIERRA", "CUNETA": "SI", "CUN_MAT": "HORMIGON", "FECHA": "08-2026", "OBS": null }, "geometry": { "type": "LineString", "coordinates": [ [ -68.4630171, -33.1988164 ], [ -68.4621741, -33.1991006 ] ] } },
{ "type": "Feature", "properties": { "id": "way/1525018040", "@id": "way/1525018040", "CORDON": "SI", "cord_estado ": "BUENO", "BANQUINA": "SI", "BANQ_ESTADO": "REGULAR", "BANQ_MAT": "TIERRA", "CUNETA": "SI", "CUN_MAT": "HORMIGON", "FECHA": "08-2026", "OBS": null }, "geometry": { "type": "LineString", "coordinates": [ [ -68.4639393, -33.2002561 ], [ -68.4636918, -33.2003726 ] ] } },
{ "type": "Feature", "properties": { "id": "way/1525018041", "@id": "way/1525018041", "CORDON": "SI", "cord_estado ": "BUENO", "BANQUINA": "SI", "BANQ_ESTADO": "REGULAR", "BANQ_MAT": "TIERRA", "CUNETA": "SI", "CUN_MAT": "HORMIGON", "FECHA": "08-2026", "OBS": null }, "geometry": { "type": "LineString", "coordinates": [ [ -68.4633793, -33.2005097 ], [ -68.4631591, -33.2006161 ] ] } },
{ "type": "Feature", "properties": { "id": "way/1525018042", "@id": "way/1525018042", "CORDON": "SI", "cord_estado ": "BUENO", "BANQUINA": "SI", "BANQ_ESTADO": "REGULAR", "BANQ_MAT": "TIERRA", "CUNETA": "SI", "CUN_MAT": "HORMIGON", "FECHA": "08-2026", "OBS": null }, "geometry": { "type": "LineString", "coordinates": [ [ -68.4632843, -33.2003439 ], [ -68.4630538, -33.2004532 ] ] } },
{ "type": "Feature", "properties": { "id": "way/1525018043", "@id": "way/1525018043", "CORDON": "SI", "cord_estado ": "BUENO", "BANQUINA": "SI", "BANQ_ESTADO": "REGULAR", "BANQ_MAT": "TIERRA", "CUNETA": "SI", "CUN_MAT": "HORMIGON", "FECHA": "08-2026", "OBS": null }, "geometry": { "type": "LineString", "coordinates": [ [ -68.463827, -33.2000922 ], [ -68.4635854, -33.2002045 ] ] } },
{ "type": "Feature", "properties": { "id": "way/1525018044", "@id": "way/1525018044", "CORDON": "SI", "cord_estado ": "BUENO", "BANQUINA": "NO", "BANQ_ESTADO": "REGULAR", "BANQ_MAT": "TIERRA", "CUNETA": "SI", "CUN_MAT": "HORMIGON", "FECHA": "08-2026", "OBS": null }, "geometry": { "type": "LineString", "coordinates": [ [ -68.4647131, -33.2014618 ], [ -68.464363, -33.2014414 ] ] } },
{ "type": "Feature", "properties": { "id": "way/1525018045", "@id": "way/1525018045", "CORDON": "SI", "cord_estado ": "BUENO", "BANQUINA": "NO", "BANQ_ESTADO": "REGULAR", "BANQ_MAT": "TIERRA", "CUNETA": "SI", "CUN_MAT": "HORMIGON", "FECHA": "08-2026", "OBS": null }, "geometry": { "type": "LineString", "coordinates": [ [ -68.4639619, -33.2014336 ], [ -68.4636827, -33.2014255 ] ] } },
{ "type": "Feature", "properties": { "id": "way/1525018046", "@id": "way/1525018046", "CORDON": "SI", "cord_estado ": "BUENO", "BANQUINA": "SI", "BANQ_ESTADO": "REGULAR", "BANQ_MAT": "TIERRA", "CUNETA": "SI", "CUN_MAT": "HORMIGON", "FECHA": "08-2026", "OBS": null }, "geometry": { "type": "LineString", "coordinates": [ [ -68.4579476, -33.19194 ], [ -68.4577176, -33.1915784 ] ] } },
{ "type": "Feature", "properties": { "id": "way/1525018047", "@id": "way/1525018047", "CORDON": "SI", "cord_estado ": "BUENO", "BANQUINA": "SI", "BANQ_ESTADO": "REGULAR", "BANQ_MAT": "TIERRA", "CUNETA": "SI", "CUN_MAT": "HORMIGON", "FECHA": "08-2026", "OBS": null }, "geometry": { "type": "LineString", "coordinates": [ [ -68.4581025, -33.1918933 ], [ -68.4578661, -33.1915294 ] ] } },
{ "type": "Feature", "properties": { "id": "way/1525018048", "@id": "way/1525018048", "CORDON": "SI", "cord_estado ": "BUENO", "BANQUINA": "SI", "BANQ_ESTADO": "REGULAR", "BANQ_MAT": "TIERRA", "CUNETA": "SI", "CUN_MAT": "HORMIGON", "FECHA": "08-2026", "OBS": null }, "geometry": { "type": "LineString", "coordinates": [ [ -68.4575133, -33.1920873 ], [ -68.4572906, -33.1917542 ] ] } },
{ "type": "Feature", "properties": { "id": "way/1525018049", "@id": "way/1525018049", "CORDON": "SI", "cord_estado ": "BUENO", "BANQUINA": "SI", "BANQ_ESTADO": "REGULAR", "BANQ_MAT": "TIERRA", "CUNETA": "SI", "CUN_MAT": "HORMIGON", "FECHA": "08-2026", "OBS": null }, "geometry": { "type": "LineString", "coordinates": [ [ -68.4585111, -33.1917387 ], [ -68.4582996, -33.1913809 ] ] } },
{ "type": "Feature", "properties": { "id": "way/1525018050", "@id": "way/1525018050", "CORDON": "SI", "cord_estado ": "BUENO", "BANQUINA": "SI", "BANQ_ESTADO": "REGULAR", "BANQ_MAT": "TIERRA", "CUNETA": "SI", "CUN_MAT": "HORMIGON", "FECHA": "08-2026", "OBS": null }, "geometry": { "type": "LineString", "coordinates": [ [ -68.4588724, -33.1922779 ], [ -68.4586578, -33.1919369 ] ] } },
{ "type": "Feature", "properties": { "id": "way/1525018051", "@id": "way/1525018051", "CORDON": "SI", "cord_estado ": "BUENO", "BANQUINA": "SI", "BANQ_ESTADO": "REGULAR", "BANQ_MAT": "TIERRA", "CUNETA": "SI", "CUN_MAT": "HORMIGON", "FECHA": "08-2026", "OBS": null }, "geometry": { "type": "LineString", "coordinates": [ [ -68.4579165, -33.1926985 ], [ -68.457647, -33.1922927 ] ] } },
{ "type": "Feature", "properties": { "id": "way/1525018052", "@id": "way/1525018052", "CORDON": "SI", "cord_estado ": "BUENO", "BANQUINA": "SI", "BANQ_ESTADO": "REGULAR", "BANQ_MAT": "TIERRA", "CUNETA": "SI", "CUN_MAT": "HORMIGON", "FECHA": "08-2026", "OBS": null }, "geometry": { "type": "LineString", "coordinates": [ [ -68.4577188, -33.1927713 ], [ -68.457103, -33.1918222 ] ] } },
{ "type": "Feature", "properties": { "id": "way/1525018053", "@id": "way/1525018053", "CORDON": "SI", "cord_estado ": "BUENO", "BANQUINA": "SI", "BANQ_ESTADO": "REGULAR", "BANQ_MAT": "TIERRA", "CUNETA": "SI", "CUN_MAT": "HORMIGON", "FECHA": "08-2026", "OBS": null }, "geometry": { "type": "LineString", "coordinates": [ [ -68.4586177, -33.1941577 ], [ -68.4579286, -33.1931019 ] ] } },
{ "type": "Feature", "properties": { "id": "way/1525018054", "@id": "way/1525018054", "CORDON": "SI", "cord_estado ": "BUENO", "BANQUINA": "SI", "BANQ_ESTADO": "REGULAR", "BANQ_MAT": "TIERRA", "CUNETA": "SI", "CUN_MAT": "HORMIGON", "FECHA": "08-2026", "OBS": null }, "geometry": { "type": "LineString", "coordinates": [ [ -68.4588188, -33.1940758 ], [ -68.4581267, -33.193015 ] ] } },
{ "type": "Feature", "properties": { "id": "way/1525018057", "@id": "way/1525018057", "CORDON": "SI", "cord_estado ": "BUENO", "BANQUINA": "SI", "BANQ_ESTADO": "REGULAR", "BANQ_MAT": "TIERRA", "CUNETA": "SI", "CUN_MAT": "HORMIGON", "FECHA": "08-2026", "OBS": null }, "geometry": { "type": "LineString", "coordinates": [ [ -68.4555799, -33.1896866 ], [ -68.4552712, -33.189783 ] ] } },
{ "type": "Feature", "properties": { "id": "way/1525018058", "@id": "way/1525018058", "CORDON": "SI", "cord_estado ": "BUENO", "BANQUINA": "SI", "BANQ_ESTADO": "REGULAR", "BANQ_MAT": "TIERRA", "CUNETA": "SI", "CUN_MAT": "HORMIGON", "FECHA": "08-2026", "OBS": null }, "geometry": { "type": "LineString", "coordinates": [ [ -68.4549744, -33.1897245 ], [ -68.4546531, -33.1898263 ] ] } },
{ "type": "Feature", "properties": { "id": "way/1525018059", "@id": "way/1525018059", "CORDON": "SI", "cord_estado ": "BUENO", "BANQUINA": "SI", "BANQ_ESTADO": "REGULAR", "BANQ_MAT": "TIERRA", "CUNETA": "SI", "CUN_MAT": "HORMIGON", "FECHA": "08-2026", "OBS": null }, "geometry": { "type": "LineString", "coordinates": [ [ -68.4555201, -33.1895591 ], [ -68.4553018, -33.189624 ] ] } },
{ "type": "Feature", "properties": { "id": "way/1525018060", "@id": "way/1525018060", "CORDON": "SI", "cord_estado ": "BUENO", "BANQUINA": "SI", "BANQ_ESTADO": "REGULAR", "BANQ_MAT": "TIERRA", "CUNETA": "SI", "CUN_MAT": "HORMIGON", "FECHA": "08-2026", "OBS": null }, "geometry": { "type": "LineString", "coordinates": [ [ -68.4547772, -33.1883977 ], [ -68.4545649, -33.1884683 ] ] } },
{ "type": "Feature", "properties": { "id": "way/1525018061", "@id": "way/1525018061", "CORDON": "SI", "cord_estado ": "BUENO", "BANQUINA": "SI", "BANQ_ESTADO": "REGULAR", "BANQ_MAT": "TIERRA", "CUNETA": "SI", "CUN_MAT": "HORMIGON", "FECHA": "08-2026", "OBS": null }, "geometry": { "type": "LineString", "coordinates": [ [ -68.4542042, -33.1885815 ], [ -68.4538794, -33.1886822 ] ] } },
{ "type": "Feature", "properties": { "id": "way/1525018062", "@id": "way/1525018062", "CORDON": "SI", "cord_estado ": "BUENO", "BANQUINA": "NO", "BANQ_ESTADO": "REGULAR", "BANQ_MAT": "TIERRA", "CUNETA": "SI", "CUN_MAT": "HORMIGON", "FECHA": "08-2026", "OBS": null }, "geometry": { "type": "LineString", "coordinates": [ [ -68.4542171, -33.1851919 ], [ -68.4533061, -33.1856284 ], [ -68.4531985, -33.1856769 ], [ -68.4525335, -33.1859659 ], [ -68.4522017, -33.186067 ] ] } },
{ "type": "Feature", "properties": { "id": "way/1525018063", "@id": "way/1525018063", "CORDON": "SI", "cord_estado ": "BUENO", "BANQUINA": "NO", "BANQ_ESTADO": "REGULAR", "BANQ_MAT": "TIERRA", "CUNETA": "NO", "CUN_MAT": "HORMIGON", "FECHA": "08-2026", "OBS": null }, "geometry": { "type": "LineString", "coordinates": [ [ -68.4543373, -33.1853479 ], [ -68.4535155, -33.1857379 ], [ -68.4533944, -33.1857924 ], [ -68.4532874, -33.1858406 ], [ -68.4529198, -33.1860062 ], [ -68.4527434, -33.186084 ], [ -68.4526584, -33.1861176 ], [ -68.4525702, -33.1861486 ], [ -68.452295, -33.1862241 ] ] } },
{ "type": "Feature", "properties": { "id": "way/1525018064", "@id": "way/1525018064", "CORDON": "SI", "cord_estado ": "BUENO", "BANQUINA": "NO", "BANQ_ESTADO": "REGULAR", "BANQ_MAT": "TIERRA", "CUNETA": "SI", "CUN_MAT": "HORMIGON", "FECHA": "08-2026", "OBS": null }, "geometry": { "type": "LineString", "coordinates": [ [ -68.4538365, -33.1845524 ], [ -68.4528484, -33.1850029 ], [ -68.4527378, -33.1850541 ], [ -68.4523804, -33.1852162 ], [ -68.4522135, -33.18529 ], [ -68.4521174, -33.1853342 ], [ -68.4520355, -33.1853625 ], [ -68.4517635, -33.1854512 ] ] } },
{ "type": "Feature", "properties": { "id": "way/1525018065", "@id": "way/1525018065", "CORDON": "SI", "cord_estado ": "BUENO", "BANQUINA": "NO", "BANQ_ESTADO": "REGULAR", "BANQ_MAT": "TIERRA", "CUNETA": "SI", "CUN_MAT": "HORMIGON", "FECHA": "08-2026", "OBS": null }, "geometry": { "type": "LineString", "coordinates": [ [ -68.4537217, -33.1844008 ], [ -68.4527746, -33.1848555 ], [ -68.452667, -33.184904 ], [ -68.452002, -33.185193 ], [ -68.4519258, -33.1852206 ], [ -68.4516702, -33.1852941 ] ] } },
{ "type": "Feature", "properties": { "id": "way/1525018066", "@id": "way/1525018066", "CORDON": "SI", "cord_estado ": "BUENO", "BANQUINA": "NO", "BANQ_ESTADO": "REGULAR", "BANQ_MAT": "TIERRA", "CUNETA": "SI", "CUN_MAT": "HORMIGON", "FECHA": "08-2026", "OBS": null }, "geometry": { "type": "LineString", "coordinates": [ [ -68.4531356, -33.1834214 ], [ -68.4521958, -33.1838679 ], [ -68.4520833, -33.1839173 ], [ -68.4513545, -33.184245 ], [ -68.4512597, -33.1842694 ], [ -68.4511054, -33.1842754 ] ] } },
{ "type": "Feature", "properties": { "id": "way/1525018067", "@id": "way/1525018067", "CORDON": "SI", "cord_estado ": "BUENO", "BANQUINA": "NO", "BANQ_ESTADO": "REGULAR", "BANQ_MAT": "TIERRA", "CUNETA": "SI", "CUN_MAT": "HORMIGON", "FECHA": "08-2026", "OBS": null }, "geometry": { "type": "LineString", "coordinates": [ [ -68.4530185, -33.1832667 ], [ -68.4521044, -33.1836966 ], [ -68.4519936, -33.1837491 ], [ -68.4514395, -33.184008 ], [ -68.4513349, -33.184046 ], [ -68.4512547, -33.1840702 ], [ -68.4511745, -33.1840892 ] ] } },
{ "type": "Feature", "properties": { "id": "way/1525018068", "@id": "way/1525018068", "CORDON": "SI", "cord_estado ": "BUENO", "BANQUINA": "SI", "BANQ_ESTADO": "REGULAR", "BANQ_MAT": "TIERRA", "CUNETA": "SI", "CUN_MAT": "HORMIGON", "FECHA": "08-2026", "OBS": null }, "geometry": { "type": "LineString", "coordinates": [ [ -68.4582238, -33.1849337 ], [ -68.4577042, -33.1841696 ] ] } },
{ "type": "Feature", "properties": { "id": "way/1525018069", "@id": "way/1525018069", "CORDON": "SI", "cord_estado ": "BUENO", "BANQUINA": "SI", "BANQ_ESTADO": "REGULAR", "BANQ_MAT": "TIERRA", "CUNETA": "SI", "CUN_MAT": "HORMIGON", "FECHA": "08-2026", "OBS": null }, "geometry": { "type": "LineString", "coordinates": [ [ -68.4581315, -33.1844233 ], [ -68.4579173, -33.1841125 ] ] } },
{ "type": "Feature", "properties": { "id": "way/1525018070", "@id": "way/1525018070", "CORDON": "SI", "cord_estado ": "BUENO", "BANQUINA": "SI", "BANQ_ESTADO": "REGULAR", "BANQ_MAT": "TIERRA", "CUNETA": "SI", "CUN_MAT": "HORMIGON", "FECHA": "08-2026", "OBS": null }, "geometry": { "type": "LineString", "coordinates": [ [ -68.4584339, -33.1848622 ], [ -68.4582737, -33.1846296 ] ] } },
{ "type": "Feature", "properties": { "id": "way/1525018071", "@id": "way/1525018071", "CORDON": "SI", "cord_estado ": "BUENO", "BANQUINA": "SI", "BANQ_ESTADO": "REGULAR", "BANQ_MAT": "TIERRA", "CUNETA": "SI", "CUN_MAT": "HORMIGON", "FECHA": "08-2026", "OBS": null }, "geometry": { "type": "LineString", "coordinates": [ [ -68.4574729, -33.1838518 ], [ -68.4569565, -33.1830857 ] ] } },
{ "type": "Feature", "properties": { "id": "way/1525018072", "@id": "way/1525018072", "CORDON": "SI", "cord_estado ": "BUENO", "BANQUINA": "SI", "BANQ_ESTADO": "REGULAR", "BANQ_MAT": "TIERRA", "CUNETA": "SI", "CUN_MAT": "HORMIGON", "FECHA": "08-2026", "OBS": null }, "geometry": { "type": "LineString", "coordinates": [ [ -68.4567321, -33.1827482 ], [ -68.4562102, -33.1819821 ] ] } },
{ "type": "Feature", "properties": { "id": "way/1525018073", "@id": "way/1525018073", "CORDON": "SI", "cord_estado ": "BUENO", "BANQUINA": "SI", "BANQ_ESTADO": "REGULAR", "BANQ_MAT": "TIERRA", "CUNETA": "SI", "CUN_MAT": "HORMIGON", "FECHA": "08-2026", "OBS": null }, "geometry": { "type": "LineString", "coordinates": [ [ -68.4577693, -33.1839091 ], [ -68.457047, -33.1828733 ], [ -68.4569901, -33.1827864 ], [ -68.4563911, -33.1818797 ] ] } },
{ "type": "Feature", "properties": { "id": "way/1525018074", "@id": "way/1525018074", "CORDON": "SI", "cord_estado ": "BUENO", "BANQUINA": "SI", "BANQ_ESTADO": "REGULAR", "BANQ_MAT": "TIERRA", "CUNETA": "SI", "CUN_MAT": "HORMIGON", "FECHA": "08-2026", "OBS": null }, "geometry": { "type": "LineString", "coordinates": [ [ -68.4559903, -33.1816471 ], [ -68.4554508, -33.180869 ] ] } },
{ "type": "Feature", "properties": { "id": "way/1525018075", "@id": "way/1525018075", "CORDON": "SI", "cord_estado ": "BUENO", "BANQUINA": "SI", "BANQ_ESTADO": "REGULAR", "BANQ_MAT": "TIERRA", "CUNETA": "SI", "CUN_MAT": "HORMIGON", "FECHA": "08-2026", "OBS": null }, "geometry": { "type": "LineString", "coordinates": [ [ -68.4561833, -33.1815773 ], [ -68.4556435, -33.1808049 ] ] } },
{ "type": "Feature", "properties": { "id": "way/1525018076", "@id": "way/1525018076", "CORDON": "SI", "cord_estado ": "BUENO", "BANQUINA": "SI", "BANQ_ESTADO": "REGULAR", "BANQ_MAT": "TIERRA", "CUNETA": "SI", "CUN_MAT": "HORMIGON", "FECHA": "08-2026", "OBS": null }, "geometry": { "type": "LineString", "coordinates": [ [ -68.4554419, -33.1804965 ], [ -68.4550846, -33.1799689 ] ] } },
{ "type": "Feature", "properties": { "id": "way/1525018077", "@id": "way/1525018077", "CORDON": "SI", "cord_estado ": "BUENO", "BANQUINA": "SI", "BANQ_ESTADO": "REGULAR", "BANQ_MAT": "TIERRA", "CUNETA": "SI", "CUN_MAT": "HORMIGON", "FECHA": "08-2026", "OBS": null }, "geometry": { "type": "LineString", "coordinates": [ [ -68.4552447, -33.1805646 ], [ -68.4548815, -33.1800312 ] ] } },
{ "type": "Feature", "properties": { "id": "way/1525018078", "@id": "way/1525018078", "CORDON": "SI", "cord_estado ": "BUENO", "BANQUINA": "SI", "BANQ_ESTADO": "REGULAR", "BANQ_MAT": "TIERRA", "CUNETA": "SI", "CUN_MAT": "HORMIGON", "FECHA": "08-2026", "OBS": null }, "geometry": { "type": "LineString", "coordinates": [ [ -68.4543332, -33.1792189 ], [ -68.4541813, -33.1789883 ] ] } },
{ "type": "Feature", "properties": { "id": "way/1525018079", "@id": "way/1525018079", "CORDON": "SI", "cord_estado ": "BUENO", "BANQUINA": "SI", "BANQ_ESTADO": "REGULAR", "BANQ_MAT": "TIERRA", "CUNETA": "SI", "CUN_MAT": "HORMIGON", "FECHA": "08-2026", "OBS": null }, "geometry": { "type": "LineString", "coordinates": [ [ -68.4546875, -33.17974 ], [ -68.4545229, -33.1794983 ] ] } },
{ "type": "Feature", "properties": { "id": "way/1525018080", "@id": "way/1525018080", "CORDON": "SI", "cord_estado ": "BUENO", "BANQUINA": "SI", "BANQ_ESTADO": "REGULAR", "BANQ_MAT": "TIERRA", "CUNETA": "SI", "CUN_MAT": "HORMIGON", "FECHA": "08-2026", "OBS": null }, "geometry": { "type": "LineString", "coordinates": [ [ -68.4548841, -33.1796627 ], [ -68.4545284, -33.179139 ] ] } },
{ "type": "Feature", "properties": { "id": "way/1525018081", "@id": "way/1525018081", "CORDON": "SI", "cord_estado ": "BUENO", "BANQUINA": "SI", "BANQ_ESTADO": "REGULAR", "BANQ_MAT": "TIERRA", "CUNETA": "SI", "CUN_MAT": "HORMIGON", "FECHA": "08-2026", "OBS": null }, "geometry": { "type": "LineString", "coordinates": [ [ -68.4540119, -33.1787123 ], [ -68.4537101, -33.1782635 ] ] } },
{ "type": "Feature", "properties": { "id": "way/1525018082", "@id": "way/1525018082", "CORDON": "SI", "cord_estado ": "BUENO", "BANQUINA": "SI", "BANQ_ESTADO": "REGULAR", "BANQ_MAT": "TIERRA", "CUNETA": "SI", "CUN_MAT": "HORMIGON", "FECHA": "08-2026", "OBS": null }, "geometry": { "type": "LineString", "coordinates": [ [ -68.4543835, -33.1789252 ], [ -68.4539351, -33.1782686 ] ] } },
{ "type": "Feature", "properties": { "id": "way/1526195535", "@id": "way/1526195535", "CORDON": "SI", "cord_estado ": "BUENO", "BANQUINA": "SI", "BANQ_ESTADO": "REGULAR", "BANQ_MAT": "TIERRA", "CUNETA": "SI", "CUN_MAT": "HORMIGON", "FECHA": "08-2026", "OBS": null }, "geometry": { "type": "LineString", "coordinates": [ [ -68.4579758, -33.1944588 ], [ -68.4572994, -33.1934076 ] ] } },
{ "type": "Feature", "properties": { "id": "way/1526195536", "@id": "way/1526195536", "CORDON": "SI", "cord_estado ": "BUENO", "BANQUINA": "SI", "BANQ_ESTADO": "REGULAR", "BANQ_MAT": "TIERRA", "CUNETA": "SI", "CUN_MAT": "HORMIGON", "FECHA": "08-2026", "OBS": null }, "geometry": { "type": "LineString", "coordinates": [ [ -68.4574862, -33.1946772 ], [ -68.4568121, -33.1936213 ] ] } },
{ "type": "Feature", "properties": { "id": "way/1526195537", "@id": "way/1526195537", "CORDON": "SI", "cord_estado ": "BUENO", "BANQUINA": "SI", "BANQ_ESTADO": "REGULAR", "BANQ_MAT": "TIERRA", "CUNETA": "SI", "CUN_MAT": "HORMIGON", "FECHA": "08-2026", "OBS": null }, "geometry": { "type": "LineString", "coordinates": [ [ -68.4586617, -33.1954901 ], [ -68.4581709, -33.1947469 ] ] } },
{ "type": "Feature", "properties": { "id": "way/1526195538", "@id": "way/1526195538", "CORDON": "SI", "cord_estado ": "BUENO", "BANQUINA": "SI", "BANQ_ESTADO": "REGULAR", "BANQ_MAT": "TIERRA", "CUNETA": "SI", "CUN_MAT": "HORMIGON", "FECHA": "08-2026", "OBS": null }, "geometry": { "type": "LineString", "coordinates": [ [ -68.4581514, -33.195718 ], [ -68.457696, -33.1949937 ] ] } },
{ "type": "Feature", "properties": { "id": "way/1526195539", "@id": "way/1526195539", "CORDON": "SI", "cord_estado ": "BUENO", "BANQUINA": "SI", "BANQ_ESTADO": "REGULAR", "BANQ_MAT": "TIERRA", "CUNETA": "SI", "CUN_MAT": "HORMIGON", "FECHA": "08-2026", "OBS": null }, "geometry": { "type": "LineString", "coordinates": [ [ -68.4630917, -33.1983917 ], [ -68.4629136, -33.1981184 ] ] } },
{ "type": "Feature", "properties": { "id": "way/1526195540", "@id": "way/1526195540", "CORDON": "SI", "cord_estado ": "BUENO", "BANQUINA": "SI", "BANQ_ESTADO": "REGULAR", "BANQ_MAT": "TIERRA", "CUNETA": "SI", "CUN_MAT": "HORMIGON", "FECHA": "08-2026", "OBS": null }, "geometry": { "type": "LineString", "coordinates": [ [ -68.4630616, -33.1987206 ], [ -68.462872, -33.1984227 ] ] } },
{ "type": "Feature", "properties": { "id": "way/1526195541", "@id": "way/1526195541", "CORDON": "SI", "cord_estado ": "BUENO", "BANQUINA": "SI", "BANQ_ESTADO": "REGULAR", "BANQ_MAT": "TIERRA", "CUNETA": "SI", "CUN_MAT": "HORMIGON", "FECHA": "08-2026", "OBS": null }, "geometry": { "type": "LineString", "coordinates": [ [ -68.4626636, -33.1981227 ], [ -68.4620842, -33.197218 ] ] } },
{ "type": "Feature", "properties": { "id": "way/1526195542", "@id": "way/1526195542", "CORDON": "SI", "cord_estado ": "BUENO", "BANQUINA": "SI", "BANQ_ESTADO": "REGULAR", "BANQ_MAT": "TIERRA", "CUNETA": "SI", "CUN_MAT": "HORMIGON", "FECHA": "08-2026", "OBS": null }, "geometry": { "type": "LineString", "coordinates": [ [ -68.4618349, -33.1991138 ], [ -68.4616803, -33.1988784 ] ] } },
{ "type": "Feature", "properties": { "id": "way/1526195543", "@id": "way/1526195543", "CORDON": "SI", "cord_estado ": "BUENO", "BANQUINA": "SI", "BANQ_ESTADO": "REGULAR", "BANQ_MAT": "TIERRA", "CUNETA": "SI", "CUN_MAT": "HORMIGON", "FECHA": "08-2026", "OBS": null }, "geometry": { "type": "LineString", "coordinates": [ [ -68.4620471, -33.1990643 ], [ -68.4618806, -33.1988066 ] ] } },
{ "type": "Feature", "properties": { "id": "way/1526195544", "@id": "way/1526195544", "CORDON": "SI", "cord_estado ": "BUENO", "BANQUINA": "SI", "BANQ_ESTADO": "REGULAR", "BANQ_MAT": "TIERRA", "CUNETA": "SI", "CUN_MAT": "HORMIGON", "FECHA": "08-2026", "OBS": null }, "geometry": { "type": "LineString", "coordinates": [ [ -68.4592787, -33.1964533 ], [ -68.4588963, -33.1958591 ] ] } },
{ "type": "Feature", "properties": { "id": "way/1526195545", "@id": "way/1526195545", "CORDON": "SI", "cord_estado ": "BUENO", "BANQUINA": "SI", "BANQ_ESTADO": "REGULAR", "BANQ_MAT": "TIERRA", "CUNETA": "SI", "CUN_MAT": "HORMIGON", "FECHA": "08-2026", "OBS": null }, "geometry": { "type": "LineString", "coordinates": [ [ -68.4587655, -33.1966464 ], [ -68.4584091, -33.1960975 ] ] } },
{ "type": "Feature", "properties": { "id": "way/1526195546", "@id": "way/1526195546", "CORDON": "SI", "cord_estado ": "BUENO", "BANQUINA": "SI", "BANQ_ESTADO": "REGULAR", "BANQ_MAT": "TIERRA", "CUNETA": "SI", "CUN_MAT": "HORMIGON", "FECHA": "08-2026", "OBS": null }, "geometry": { "type": "LineString", "coordinates": [ [ -68.4616886, -33.1985217 ], [ -68.4611347, -33.1976565 ] ] } },
{ "type": "Feature", "properties": { "id": "way/1526195547", "@id": "way/1526195547", "CORDON": "SI", "cord_estado ": "BUENO", "BANQUINA": "SI", "BANQ_ESTADO": "REGULAR", "BANQ_MAT": "TIERRA", "CUNETA": "SI", "CUN_MAT": "HORMIGON", "FECHA": "08-2026", "OBS": null }, "geometry": { "type": "LineString", "coordinates": [ [ -68.4614918, -33.1985793 ], [ -68.4609368, -33.1977234 ] ] } },
{ "type": "Feature", "properties": { "id": "way/1526195548", "@id": "way/1526195548", "CORDON": "SI", "cord_estado ": "BUENO", "BANQUINA": "SI", "BANQ_ESTADO": "REGULAR", "BANQ_MAT": "TIERRA", "CUNETA": "NO", "CUN_MAT": "HORMIGON", "FECHA": "08-2026", "OBS": null }, "geometry": { "type": "LineString", "coordinates": [ [ -68.4608263, -33.1988615 ], [ -68.4602902, -33.1980365 ] ] } },
{ "type": "Feature", "properties": { "id": "way/1526195549", "@id": "way/1526195549", "CORDON": "SI", "cord_estado ": "BUENO", "BANQUINA": "SI", "BANQ_ESTADO": "REGULAR", "BANQ_MAT": "TIERRA", "CUNETA": "NO", "CUN_MAT": "HORMIGON", "FECHA": "08-2026", "OBS": null }, "geometry": { "type": "LineString", "coordinates": [ [ -68.4603221, -33.1990544 ], [ -68.4598081, -33.1982635 ] ] } },
{ "type": "Feature", "properties": { "id": "way/1526195550", "@id": "way/1526195550", "CORDON": "SI", "cord_estado ": "BUENO", "BANQUINA": "SI", "BANQ_ESTADO": "REGULAR", "BANQ_MAT": "TIERRA", "CUNETA": "SI", "CUN_MAT": "HORMIGON", "FECHA": "08-2026", "OBS": null }, "geometry": { "type": "LineString", "coordinates": [ [ -68.4611627, -33.1993803 ], [ -68.4610211, -33.1991552 ] ] } },
{ "type": "Feature", "properties": { "id": "way/1526195551", "@id": "way/1526195551", "CORDON": "SI", "cord_estado ": "BUENO", "BANQUINA": "SI", "BANQ_ESTADO": "REGULAR", "BANQ_MAT": "TIERRA", "CUNETA": "NO", "CUN_MAT": "HORMIGON", "FECHA": "08-2026", "OBS": null }, "geometry": { "type": "LineString", "coordinates": [ [ -68.4606536, -33.1995588 ], [ -68.4605242, -33.1993609 ] ] } },
{ "type": "Feature", "properties": { "id": "way/1526195552", "@id": "way/1526195552", "CORDON": "SI", "cord_estado ": "BUENO", "BANQUINA": "SI", "BANQ_ESTADO": "REGULAR", "BANQ_MAT": "TIERRA", "CUNETA": "SI", "CUN_MAT": "HORMIGON", "FECHA": "08-2026", "OBS": null }, "geometry": { "type": "LineString", "coordinates": [ [ -68.4644779, -33.1991296 ], [ -68.4640157, -33.1984174 ] ] } },
{ "type": "Feature", "properties": { "id": "way/1526195553", "@id": "way/1526195553", "CORDON": "SI", "cord_estado ": "BUENO", "BANQUINA": "SI", "BANQ_ESTADO": "REGULAR", "BANQ_MAT": "TIERRA", "CUNETA": "SI", "CUN_MAT": "HORMIGON", "FECHA": "08-2026", "OBS": null }, "geometry": { "type": "LineString", "coordinates": [ [ -68.4647616, -33.1995631 ], [ -68.4646292, -33.1993604 ] ] } },
{ "type": "Feature", "properties": { "id": "way/1526195554", "@id": "way/1526195554", "CORDON": "SI", "cord_estado ": "BUENO", "BANQUINA": "SI", "BANQ_ESTADO": "REGULAR", "BANQ_MAT": "TIERRA", "CUNETA": "SI", "CUN_MAT": "HORMIGON", "FECHA": "08-2026", "OBS": null }, "geometry": { "type": "LineString", "coordinates": [ [ -68.4649546, -33.1994929 ], [ -68.4642048, -33.1983512 ] ] } },
{ "type": "Feature", "properties": { "id": "way/1526195555", "@id": "way/1526195555", "CORDON": "SI", "cord_estado ": "BUENO", "BANQUINA": "SI", "BANQ_ESTADO": "REGULAR", "BANQ_MAT": "TIERRA", "CUNETA": "SI", "CUN_MAT": "HORMIGON", "FECHA": "08-2026", "OBS": null }, "geometry": { "type": "LineString", "coordinates": [ [ -68.4640677, -33.1998858 ], [ -68.4639306, -33.199674 ] ] } },
{ "type": "Feature", "properties": { "id": "way/1526195556", "@id": "way/1526195556", "CORDON": "SI", "cord_estado ": "BUENO", "BANQUINA": "SI", "BANQ_ESTADO": "REGULAR", "BANQ_MAT": "TIERRA", "CUNETA": "SI", "CUN_MAT": "HORMIGON", "FECHA": "08-2026", "OBS": null }, "geometry": { "type": "LineString", "coordinates": [ [ -68.4638691, -33.1999668 ], [ -68.4632439, -33.199005 ] ] } },
{ "type": "Feature", "properties": { "id": "way/1526195557", "@id": "way/1526195557", "CORDON": "SI", "cord_estado ": "BUENO", "BANQUINA": "SI", "BANQ_ESTADO": "REGULAR", "BANQ_MAT": "TIERRA", "CUNETA": "SI", "CUN_MAT": "HORMIGON", "FECHA": "08-2026", "OBS": null }, "geometry": { "type": "LineString", "coordinates": [ [ -68.4637894, -33.1994694 ], [ -68.463275, -33.1986921 ] ] } },
{ "type": "Feature", "properties": { "id": "way/1526195560", "@id": "way/1526195560", "CORDON": "SI", "cord_estado ": "BUENO", "BANQUINA": "SI", "BANQ_ESTADO": "REGULAR", "BANQ_MAT": "TIERRA", "CUNETA": "SI", "CUN_MAT": "HORMIGON", "FECHA": "08-2026", "OBS": null }, "geometry": { "type": "LineString", "coordinates": [ [ -68.4574137, -33.1960655 ], [ -68.4569372, -33.1953181 ] ] } },
{ "type": "Feature", "properties": { "id": "way/1526195561", "@id": "way/1526195561", "CORDON": "SI", "cord_estado ": "BUENO", "BANQUINA": "SI", "BANQ_ESTADO": "REGULAR", "BANQ_MAT": "TIERRA", "CUNETA": "SI", "CUN_MAT": "HORMIGON", "FECHA": "08-2026", "OBS": null }, "geometry": { "type": "LineString", "coordinates": [ [ -68.4575998, -33.1959881 ], [ -68.4571208, -33.1952475 ] ] } },
{ "type": "Feature", "properties": { "id": "way/1526195562", "@id": "way/1526195562", "CORDON": "SI", "cord_estado ": "BUENO", "BANQUINA": "SI", "BANQ_ESTADO": "REGULAR", "BANQ_MAT": "TIERRA", "CUNETA": "SI", "CUN_MAT": "HORMIGON", "FECHA": "08-2026", "OBS": null }, "geometry": { "type": "LineString", "coordinates": [ [ -68.4567265, -33.1950158 ], [ -68.4560493, -33.1939634 ] ] } },
{ "type": "Feature", "properties": { "id": "way/1526195563", "@id": "way/1526195563", "CORDON": "SI", "cord_estado ": "BUENO", "BANQUINA": "SI", "BANQ_ESTADO": "REGULAR", "BANQ_MAT": "TIERRA", "CUNETA": "SI", "CUN_MAT": "HORMIGON", "FECHA": "08-2026", "OBS": null }, "geometry": { "type": "LineString", "coordinates": [ [ -68.4569256, -33.1949356 ], [ -68.4562378, -33.193885 ] ] } },
{ "type": "Feature", "properties": { "id": "way/1526195564", "@id": "way/1526195564", "CORDON": "SI", "cord_estado ": "BUENO", "BANQUINA": "SI", "BANQ_ESTADO": "REGULAR", "BANQ_MAT": "TIERRA", "CUNETA": "NO", "CUN_MAT": "HORMIGON", "FECHA": "08-2026", "OBS": null }, "geometry": { "type": "LineString", "coordinates": [ [ -68.4579995, -33.1969833 ], [ -68.4576617, -33.1964434 ] ] } },
{ "type": "Feature", "properties": { "id": "way/1526195565", "@id": "way/1526195565", "CORDON": "SI", "cord_estado ": "BUENO", "BANQUINA": "SI", "BANQ_ESTADO": "REGULAR", "BANQ_MAT": "TIERRA", "CUNETA": "NO", "CUN_MAT": "HORMIGON", "FECHA": "08-2026", "OBS": null }, "geometry": { "type": "LineString", "coordinates": [ [ -68.4581873, -33.1969033 ], [ -68.4578393, -33.1963598 ] ] } },
{ "type": "Feature", "properties": { "id": "way/1526195566", "@id": "way/1526195566", "CORDON": "SI", "cord_estado ": "BUENO", "BANQUINA": "SI", "BANQ_ESTADO": "REGULAR", "BANQ_MAT": "TIERRA", "CUNETA": "NO", "CUN_MAT": "HORMIGON", "FECHA": "08-2026", "OBS": null }, "geometry": { "type": "LineString", "coordinates": [ [ -68.4596079, -33.1979479 ], [ -68.4589625, -33.1969657 ] ] } },
{ "type": "Feature", "properties": { "id": "way/1526195567", "@id": "way/1526195567", "CORDON": "SI", "cord_estado ": "BUENO", "BANQUINA": "SI", "BANQ_ESTADO": "REGULAR", "BANQ_MAT": "TIERRA", "CUNETA": "NO", "CUN_MAT": "HORMIGON", "FECHA": "08-2026", "OBS": null }, "geometry": { "type": "LineString", "coordinates": [ [ -68.4595445, -33.1993574 ], [ -68.4590514, -33.1985946 ] ] } },
{ "type": "Feature", "properties": { "id": "way/1526195568", "@id": "way/1526195568", "CORDON": "SI", "cord_estado ": "BUENO", "BANQUINA": "SI", "BANQ_ESTADO": "REGULAR", "BANQ_MAT": "TIERRA", "CUNETA": "NO", "CUN_MAT": "HORMIGON", "FECHA": "08-2026", "OBS": null }, "geometry": { "type": "LineString", "coordinates": [ [ -68.4597416, -33.1992881 ], [ -68.4592456, -33.1985183 ] ] } },
{ "type": "Feature", "properties": { "id": "way/1526195569", "@id": "way/1526195569", "CORDON": "SI", "cord_estado ": "BUENO", "BANQUINA": "SI", "BANQ_ESTADO": "REGULAR", "BANQ_MAT": "TIERRA", "CUNETA": "NO", "CUN_MAT": "HORMIGON", "FECHA": "08-2026", "OBS": null }, "geometry": { "type": "LineString", "coordinates": [ [ -68.4590541, -33.1982152 ], [ -68.4583926, -33.197215 ] ] } },
{ "type": "Feature", "properties": { "id": "way/1526195570", "@id": "way/1526195570", "CORDON": "SI", "cord_estado ": "BUENO", "BANQUINA": "SI", "BANQ_ESTADO": "REGULAR", "BANQ_MAT": "TIERRA", "CUNETA": "NO", "CUN_MAT": "HORMIGON", "FECHA": "08-2026", "OBS": null }, "geometry": { "type": "LineString", "coordinates": [ [ -68.4571857, -33.1972862 ], [ -68.4568682, -33.1967684 ] ] } },
{ "type": "Feature", "properties": { "id": "way/1526195571", "@id": "way/1526195571", "CORDON": "SI", "cord_estado ": "BUENO", "BANQUINA": "SI", "BANQ_ESTADO": "REGULAR", "BANQ_MAT": "TIERRA", "CUNETA": "NO", "CUN_MAT": "HORMIGON", "FECHA": "08-2026", "OBS": null }, "geometry": { "type": "LineString", "coordinates": [ [ -68.4574077, -33.197222 ], [ -68.4570828, -33.1967109 ] ] } },
{ "type": "Feature", "properties": { "id": "way/1526195572", "@id": "way/1526195572", "CORDON": "SI", "cord_estado ": "BUENO", "BANQUINA": "SI", "BANQ_ESTADO": "REGULAR", "BANQ_MAT": "TIERRA", "CUNETA": "SI", "CUN_MAT": "HORMIGON", "FECHA": "08-2026", "OBS": null }, "geometry": { "type": "LineString", "coordinates": [ [ -68.4577863, -33.1930614 ], [ -68.4573137, -33.1932851 ] ] } },
{ "type": "Feature", "properties": { "id": "way/1526195573", "@id": "way/1526195573", "CORDON": "SI", "cord_estado ": "BUENO", "BANQUINA": "SI", "BANQ_ESTADO": "REGULAR", "BANQ_MAT": "TIERRA", "CUNETA": "SI", "CUN_MAT": "HORMIGON", "FECHA": "08-2026", "OBS": null }, "geometry": { "type": "LineString", "coordinates": [ [ -68.4576866, -33.1929031 ], [ -68.4572248, -33.1931151 ] ] } },
{ "type": "Feature", "properties": { "id": "way/1526195574", "@id": "way/1526195574", "CORDON": "SI", "cord_estado ": "BUENO", "BANQUINA": "SI", "BANQ_ESTADO": "REGULAR", "BANQ_MAT": "TIERRA", "CUNETA": "SI", "CUN_MAT": "HORMIGON", "FECHA": "08-2026", "OBS": null }, "geometry": { "type": "LineString", "coordinates": [ [ -68.4586823, -33.1944275 ], [ -68.4582191, -33.1946422 ] ] } },
{ "type": "Feature", "properties": { "id": "way/1526195575", "@id": "way/1526195575", "CORDON": "SI", "cord_estado ": "BUENO", "BANQUINA": "SI", "BANQ_ESTADO": "REGULAR", "BANQ_MAT": "TIERRA", "CUNETA": "SI", "CUN_MAT": "HORMIGON", "FECHA": "08-2026", "OBS": null }, "geometry": { "type": "LineString", "coordinates": [ [ -68.458588, -33.1942692 ], [ -68.4581181, -33.1944868 ] ] } },
{ "type": "Feature", "properties": { "id": "way/1526195576", "@id": "way/1526195576", "CORDON": "SI", "cord_estado ": "BUENO", "BANQUINA": "SI", "BANQ_ESTADO": "REGULAR", "BANQ_MAT": "TIERRA", "CUNETA": "SI", "CUN_MAT": "HORMIGON", "FECHA": "08-2026", "OBS": null }, "geometry": { "type": "LineString", "coordinates": [ [ -68.4594011, -33.1955234 ], [ -68.4589285, -33.195747 ] ] } },
{ "type": "Feature", "properties": { "id": "way/1526195577", "@id": "way/1526195577", "CORDON": "SI", "cord_estado ": "BUENO", "BANQUINA": "SI", "BANQ_ESTADO": "REGULAR", "BANQ_MAT": "TIERRA", "CUNETA": "SI", "CUN_MAT": "HORMIGON", "FECHA": "08-2026", "OBS": null }, "geometry": { "type": "LineString", "coordinates": [ [ -68.4592526, -33.1952988 ], [ -68.4588031, -33.1955076 ] ] } },
{ "type": "Feature", "properties": { "id": "way/1526195578", "@id": "way/1526195578", "CORDON": "SI", "cord_estado ": "BUENO", "BANQUINA": "SI", "BANQ_ESTADO": "REGULAR", "BANQ_MAT": "TIERRA", "CUNETA": "SI", "CUN_MAT": "HORMIGON", "FECHA": "08-2026", "OBS": null }, "geometry": { "type": "LineString", "coordinates": [ [ -68.4599849, -33.1964556 ], [ -68.4595143, -33.1966582 ] ] } },
{ "type": "Feature", "properties": { "id": "way/1526195579", "@id": "way/1526195579", "CORDON": "SI", "cord_estado ": "BUENO", "BANQUINA": "SI", "BANQ_ESTADO": "REGULAR", "BANQ_MAT": "TIERRA", "CUNETA": "SI", "CUN_MAT": "HORMIGON", "FECHA": "08-2026", "OBS": null }, "geometry": { "type": "LineString", "coordinates": [ [ -68.4598837, -33.1962844 ], [ -68.4594142, -33.1964836 ] ] } },
{ "type": "Feature", "properties": { "id": "way/1526195580", "@id": "way/1526195580", "CORDON": "SI", "cord_estado ": "BUENO", "BANQUINA": "SI", "BANQ_ESTADO": "REGULAR", "BANQ_MAT": "TIERRA", "CUNETA": "NO", "CUN_MAT": "HORMIGON", "FECHA": "08-2026", "OBS": null }, "geometry": { "type": "LineString", "coordinates": [ [ -68.4608025, -33.197691 ], [ -68.4603176, -33.1979172 ] ] } },
{ "type": "Feature", "properties": { "id": "way/1526195581", "@id": "way/1526195581", "CORDON": "SI", "cord_estado ": "BUENO", "BANQUINA": "SI", "BANQ_ESTADO": "REGULAR", "BANQ_MAT": "TIERRA", "CUNETA": "SI", "CUN_MAT": "HORMIGON", "FECHA": "08-2026", "OBS": null }, "geometry": { "type": "LineString", "coordinates": [ [ -68.4615632, -33.1988627 ], [ -68.4610644, -33.1990593 ] ] } },
{ "type": "Feature", "properties": { "id": "way/1526195582", "@id": "way/1526195582", "CORDON": "SI", "cord_estado ": "BUENO", "BANQUINA": "SI", "BANQ_ESTADO": "REGULAR", "BANQ_MAT": "TIERRA", "CUNETA": "SI", "CUN_MAT": "HORMIGON", "FECHA": "08-2026", "OBS": null }, "geometry": { "type": "LineString", "coordinates": [ [ -68.4614573, -33.1987018 ], [ -68.460957, -33.1988997 ] ] } },
{ "type": "Feature", "properties": { "id": "way/1526195583", "@id": "way/1526195583", "CORDON": "SI", "cord_estado ": "BUENO", "BANQUINA": "SI", "BANQ_ESTADO": "REGULAR", "BANQ_MAT": "TIERRA", "CUNETA": "SI", "CUN_MAT": "HORMIGON", "FECHA": "08-2026", "OBS": null }, "geometry": { "type": "LineString", "coordinates": [ [ -68.4619026, -33.1993904 ], [ -68.461389, -33.1995751 ] ] } },
{ "type": "Feature", "properties": { "id": "way/1526195584", "@id": "way/1526195584", "CORDON": "SI", "cord_estado ": "BUENO", "BANQUINA": "SI", "BANQ_ESTADO": "REGULAR", "BANQ_MAT": "TIERRA", "CUNETA": "SI", "CUN_MAT": "HORMIGON", "FECHA": "08-2026", "OBS": null }, "geometry": { "type": "LineString", "coordinates": [ [ -68.4617852, -33.1992269 ], [ -68.4613024, -33.1994059 ] ] } },
{ "type": "Feature", "properties": { "id": "way/1526195585", "@id": "way/1526195585", "CORDON": "SI", "cord_estado ": "BUENO", "BANQUINA": "NO", "BANQ_ESTADO": "REGULAR", "BANQ_MAT": "TIERRA", "CUNETA": "SI", "CUN_MAT": "HORMIGON", "FECHA": "08-2026", "OBS": null }, "geometry": { "type": "LineString", "coordinates": [ [ -68.4631945, -33.2014037 ], [ -68.4625416, -33.2013844 ] ] } },
{ "type": "Feature", "properties": { "id": "way/1526195586", "@id": "way/1526195586", "CORDON": "SI", "cord_estado ": "BUENO", "BANQUINA": "SI", "BANQ_ESTADO": "REGULAR", "BANQ_MAT": "TIERRA", "CUNETA": "SI", "CUN_MAT": "HORMIGON", "FECHA": "08-2026", "OBS": null }, "geometry": { "type": "LineString", "coordinates": [ [ -68.4567817, -33.1899683 ], [ -68.4563411, -33.1901436 ] ] } },
{ "type": "Feature", "properties": { "id": "way/1526195587", "@id": "way/1526195587", "CORDON": "SI", "cord_estado ": "BUENO", "BANQUINA": "SI", "BANQ_ESTADO": "REGULAR", "BANQ_MAT": "TIERRA", "CUNETA": "SI", "CUN_MAT": "HORMIGON", "FECHA": "08-2026", "OBS": null }, "geometry": { "type": "LineString", "coordinates": [ [ -68.4567123, -33.1899107 ], [ -68.4563421, -33.1899348 ], [ -68.4562277, -33.1899769 ] ] } },
{ "type": "Feature", "properties": { "id": "way/1526195588", "@id": "way/1526195588", "CORDON": "SI", "cord_estado ": "BUENO", "BANQUINA": "SI", "BANQ_ESTADO": "REGULAR", "BANQ_MAT": "TIERRA", "CUNETA": "SI", "CUN_MAT": "HORMIGON", "FECHA": "08-2026", "OBS": null }, "geometry": { "type": "LineString", "coordinates": [ [ -68.459104, -33.1907035 ], [ -68.4588384, -33.1903136 ] ] } },
{ "type": "Feature", "properties": { "id": "way/1526195589", "@id": "way/1526195589", "CORDON": "SI", "cord_estado ": "BUENO", "BANQUINA": "SI", "BANQ_ESTADO": "REGULAR", "BANQ_MAT": "TIERRA", "CUNETA": "SI", "CUN_MAT": "HORMIGON", "FECHA": "08-2026", "OBS": null }, "geometry": { "type": "LineString", "coordinates": [ [ -68.459302, -33.1906315 ], [ -68.459035, -33.1902494 ] ] } },
{ "type": "Feature", "properties": { "id": "way/1526195590", "@id": "way/1526195590", "CORDON": "SI", "cord_estado ": "BUENO", "BANQUINA": "SI", "BANQ_ESTADO": "REGULAR", "BANQ_MAT": "TIERRA", "CUNETA": "SI", "CUN_MAT": "HORMIGON", "FECHA": "08-2026", "OBS": null }, "geometry": { "type": "LineString", "coordinates": [ [ -68.4586167, -33.1900235 ], [ -68.4582555, -33.1895373 ] ] } },
{ "type": "Feature", "properties": { "id": "way/1526195591", "@id": "way/1526195591", "CORDON": "SI", "cord_estado ": "BUENO", "BANQUINA": "SI", "BANQ_ESTADO": "REGULAR", "BANQ_MAT": "TIERRA", "CUNETA": "SI", "CUN_MAT": "HORMIGON", "FECHA": "08-2026", "OBS": null }, "geometry": { "type": "LineString", "coordinates": [ [ -68.4588235, -33.1899604 ], [ -68.4584592, -33.1894747 ] ] } },
{ "type": "Feature", "properties": { "id": "way/1526195592", "@id": "way/1526195592", "CORDON": "SI", "cord_estado ": "BUENO", "BANQUINA": "SI", "BANQ_ESTADO": "REGULAR", "BANQ_MAT": "TIERRA", "CUNETA": "SI", "CUN_MAT": "HORMIGON", "FECHA": "08-2026", "OBS": null }, "geometry": { "type": "LineString", "coordinates": [ [ -68.4578366, -33.190312 ], [ -68.4574957, -33.1897898 ] ] } },
{ "type": "Feature", "properties": { "id": "way/1526195593", "@id": "way/1526195593", "CORDON": "SI", "cord_estado ": "BUENO", "BANQUINA": "SI", "BANQ_ESTADO": "REGULAR", "BANQ_MAT": "TIERRA", "CUNETA": "SI", "CUN_MAT": "HORMIGON", "FECHA": "08-2026", "OBS": null }, "geometry": { "type": "LineString", "coordinates": [ [ -68.4576526, -33.1903838 ], [ -68.4572659, -33.1897866 ], [ -68.4572096, -33.1896997 ], [ -68.4562675, -33.1882448 ] ] } },
{ "type": "Feature", "properties": { "id": "way/1526195594", "@id": "way/1526195594", "CORDON": "SI", "cord_estado ": "BUENO", "BANQUINA": "SI", "BANQ_ESTADO": "REGULAR", "BANQ_MAT": "TIERRA", "CUNETA": "SI", "CUN_MAT": "HORMIGON", "FECHA": "08-2026", "OBS": null }, "geometry": { "type": "LineString", "coordinates": [ [ -68.4573479, -33.1895482 ], [ -68.4564612, -33.1882022 ] ] } },
{ "type": "Feature", "properties": { "id": "way/1526195595", "@id": "way/1526195595", "CORDON": "SI", "cord_estado ": "BUENO", "BANQUINA": "SI", "BANQ_ESTADO": "REGULAR", "BANQ_MAT": "TIERRA", "CUNETA": "SI", "CUN_MAT": "HORMIGON", "FECHA": "08-2026", "OBS": null }, "geometry": { "type": "LineString", "coordinates": [ [ -68.4566412, -33.190773 ], [ -68.4563093, -33.1902566 ] ] } },
{ "type": "Feature", "properties": { "id": "way/1526195596", "@id": "way/1526195596", "CORDON": "SI", "cord_estado ": "BUENO", "BANQUINA": "SI", "BANQ_ESTADO": "REGULAR", "BANQ_MAT": "TIERRA", "CUNETA": "SI", "CUN_MAT": "HORMIGON", "FECHA": "08-2026", "OBS": null }, "geometry": { "type": "LineString", "coordinates": [ [ -68.4582996, -33.1910111 ], [ -68.4580361, -33.1906113 ] ] } },
{ "type": "Feature", "properties": { "id": "way/1526195597", "@id": "way/1526195597", "CORDON": "SI", "cord_estado ": "BUENO", "BANQUINA": "SI", "BANQ_ESTADO": "REGULAR", "BANQ_MAT": "TIERRA", "CUNETA": "SI", "CUN_MAT": "HORMIGON", "FECHA": "08-2026", "OBS": null }, "geometry": { "type": "LineString", "coordinates": [ [ -68.4581122, -33.191089 ], [ -68.4578413, -33.1906739 ] ] } },
{ "type": "Feature", "properties": { "id": "way/1526195598", "@id": "way/1526195598", "CORDON": "SI", "cord_estado ": "BUENO", "BANQUINA": "SI", "BANQ_ESTADO": "REGULAR", "BANQ_MAT": "TIERRA", "CUNETA": "SI", "CUN_MAT": "HORMIGON", "FECHA": "08-2026", "OBS": null }, "geometry": { "type": "LineString", "coordinates": [ [ -68.4571062, -33.1914514 ], [ -68.4568321, -33.1910531 ] ] } },
{ "type": "Feature", "properties": { "id": "way/1526195599", "@id": "way/1526195599", "CORDON": "SI", "cord_estado ": "BUENO", "BANQUINA": "SI", "BANQ_ESTADO": "REGULAR", "BANQ_MAT": "TIERRA", "CUNETA": "SI", "CUN_MAT": "HORMIGON", "FECHA": "08-2026", "OBS": null }, "geometry": { "type": "LineString", "coordinates": [ [ -68.4568877, -33.1915279 ], [ -68.4566266, -33.1911246 ] ] } },
{ "type": "Feature", "properties": { "id": "way/1526195600", "@id": "way/1526195600", "CORDON": "SI", "cord_estado ": "BUENO", "BANQUINA": "SI", "BANQ_ESTADO": "REGULAR", "BANQ_MAT": "TIERRA", "CUNETA": "SI", "CUN_MAT": "HORMIGON", "FECHA": "08-2026", "OBS": null }, "geometry": { "type": "LineString", "coordinates": [ [ -68.4564453, -33.1908319 ], [ -68.4561088, -33.1903176 ] ] } },
{ "type": "Feature", "properties": { "id": "way/1526195601", "@id": "way/1526195601", "CORDON": "SI", "cord_estado ": "BUENO", "BANQUINA": "SI", "BANQ_ESTADO": "REGULAR", "BANQ_MAT": "TIERRA", "CUNETA": "SI", "CUN_MAT": "HORMIGON", "FECHA": "08-2026", "OBS": null }, "geometry": { "type": "LineString", "coordinates": [ [ -68.4565841, -33.1932855 ], [ -68.4559026, -33.1922585 ] ] } },
{ "type": "Feature", "properties": { "id": "way/1526195602", "@id": "way/1526195602", "CORDON": "SI", "cord_estado ": "BUENO", "BANQUINA": "SI", "BANQ_ESTADO": "REGULAR", "BANQ_MAT": "TIERRA", "CUNETA": "SI", "CUN_MAT": "HORMIGON", "FECHA": "08-2026", "OBS": null }, "geometry": { "type": "LineString", "coordinates": [ [ -68.4557091, -33.1919606 ], [ -68.4554576, -33.1915707 ] ] } },
{ "type": "Feature", "properties": { "id": "way/1526195603", "@id": "way/1526195603", "CORDON": "SI", "cord_estado ": "BUENO", "BANQUINA": "SI", "BANQ_ESTADO": "REGULAR", "BANQ_MAT": "TIERRA", "CUNETA": "SI", "CUN_MAT": "HORMIGON", "FECHA": "08-2026", "OBS": null }, "geometry": { "type": "LineString", "coordinates": [ [ -68.4559088, -33.1918916 ], [ -68.4556543, -33.1915096 ] ] } },
{ "type": "Feature", "properties": { "id": "way/1526195604", "@id": "way/1526195604", "CORDON": "SI", "cord_estado ": "BUENO", "BANQUINA": "SI", "BANQ_ESTADO": "REGULAR", "BANQ_MAT": "TIERRA", "CUNETA": "SI", "CUN_MAT": "HORMIGON", "FECHA": "08-2026", "OBS": null }, "geometry": { "type": "LineString", "coordinates": [ [ -68.4554566, -33.1912094 ], [ -68.4551211, -33.1907004 ] ] } },
{ "type": "Feature", "properties": { "id": "way/1526195605", "@id": "way/1526195605", "CORDON": "SI", "cord_estado ": "BUENO", "BANQUINA": "SI", "BANQ_ESTADO": "REGULAR", "BANQ_MAT": "TIERRA", "CUNETA": "SI", "CUN_MAT": "HORMIGON", "FECHA": "08-2026", "OBS": null }, "geometry": { "type": "LineString", "coordinates": [ [ -68.4571026, -33.193092 ], [ -68.4567918, -33.1926372 ], [ -68.456462, -33.1927071 ], [ -68.4561099, -33.192193 ] ] } },
{ "type": "Feature", "properties": { "id": "way/1526195609", "@id": "way/1526195609", "CORDON": "SI", "cord_estado ": "BUENO", "BANQUINA": "SI", "BANQ_ESTADO": "REGULAR", "BANQ_MAT": "TIERRA", "CUNETA": "SI", "CUN_MAT": "HORMIGON", "FECHA": "08-2026", "OBS": null }, "geometry": { "type": "LineString", "coordinates": [ [ -68.4561539, -33.1952974 ], [ -68.4554634, -33.1942458 ] ] } },
{ "type": "Feature", "properties": { "id": "way/1526195610", "@id": "way/1526195610", "CORDON": "SI", "cord_estado ": "BUENO", "BANQUINA": "SI", "BANQ_ESTADO": "REGULAR", "BANQ_MAT": "TIERRA", "CUNETA": "SI", "CUN_MAT": "HORMIGON", "FECHA": "08-2026", "OBS": null }, "geometry": { "type": "LineString", "coordinates": [ [ -68.4559626, -33.1953725 ], [ -68.4552754, -33.1943185 ] ] } },
{ "type": "Feature", "properties": { "id": "way/1526195611", "@id": "way/1526195611", "CORDON": "SI", "cord_estado ": "BUENO", "BANQUINA": "SI", "BANQ_ESTADO": "REGULAR", "BANQ_MAT": "TIERRA", "CUNETA": "SI", "CUN_MAT": "HORMIGON", "FECHA": "08-2026", "OBS": null }, "geometry": { "type": "LineString", "coordinates": [ [ -68.455825, -33.1936489 ], [ -68.4551274, -33.1925703 ] ] } },
{ "type": "Feature", "properties": { "id": "way/1526195612", "@id": "way/1526195612", "CORDON": "SI", "cord_estado ": "BUENO", "BANQUINA": "SI", "BANQ_ESTADO": "REGULAR", "BANQ_MAT": "TIERRA", "CUNETA": "SI", "CUN_MAT": "HORMIGON", "FECHA": "08-2026", "OBS": null }, "geometry": { "type": "LineString", "coordinates": [ [ -68.4560274, -33.193561 ], [ -68.455316, -33.1925088 ] ] } },
{ "type": "Feature", "properties": { "id": "way/1526195613", "@id": "way/1526195613", "CORDON": "SI", "cord_estado ": "BUENO", "BANQUINA": "SI", "BANQ_ESTADO": "REGULAR", "BANQ_MAT": "TIERRA", "CUNETA": "SI", "CUN_MAT": "HORMIGON", "FECHA": "08-2026", "OBS": null }, "geometry": { "type": "LineString", "coordinates": [ [ -68.4551039, -33.1921913 ], [ -68.4548482, -33.1918056 ] ] } },
{ "type": "Feature", "properties": { "id": "way/1526195614", "@id": "way/1526195614", "CORDON": "SI", "cord_estado ": "BUENO", "BANQUINA": "SI", "BANQ_ESTADO": "REGULAR", "BANQ_MAT": "TIERRA", "CUNETA": "SI", "CUN_MAT": "HORMIGON", "FECHA": "08-2026", "OBS": null }, "geometry": { "type": "LineString", "coordinates": [ [ -68.454905, -33.1922534 ], [ -68.4546512, -33.1918636 ] ] } },
{ "type": "Feature", "properties": { "id": "way/1526217350", "@id": "way/1526217350", "CORDON": "SI", "cord_estado ": "BUENO", "BANQUINA": "SI", "BANQ_ESTADO": "REGULAR", "BANQ_MAT": "TIERRA", "CUNETA": "SI", "CUN_MAT": "HORMIGON", "FECHA": "08-2026", "OBS": null }, "geometry": { "type": "LineString", "coordinates": [ [ -68.4662409, -33.1995395 ], [ -68.4661041, -33.19933 ] ] } },
{ "type": "Feature", "properties": { "id": "way/1526217351", "@id": "way/1526217351", "CORDON": "SI", "cord_estado ": "BUENO", "BANQUINA": "SI", "BANQ_ESTADO": "REGULAR", "BANQ_MAT": "TIERRA", "CUNETA": "SI", "CUN_MAT": "HORMIGON", "FECHA": "08-2026", "OBS": null }, "geometry": { "type": "LineString", "coordinates": [ [ -68.4665354, -33.1999914 ], [ -68.4663993, -33.1997826 ] ] } },
{ "type": "Feature", "properties": { "id": "way/1526217352", "@id": "way/1526217352", "CORDON": "SI", "cord_estado ": "BUENO", "BANQUINA": "SI", "BANQ_ESTADO": "REGULAR", "BANQ_MAT": "TIERRA", "CUNETA": "SI", "CUN_MAT": "HORMIGON", "FECHA": "08-2026", "OBS": null }, "geometry": { "type": "LineString", "coordinates": [ [ -68.465394, -33.2005191 ], [ -68.4652615, -33.2003221 ] ] } },
{ "type": "Feature", "properties": { "id": "way/1526217353", "@id": "way/1526217353", "CORDON": "SI", "cord_estado ": "BUENO", "BANQUINA": "SI", "BANQ_ESTADO": "REGULAR", "BANQ_MAT": "TIERRA", "CUNETA": "SI", "CUN_MAT": "HORMIGON", "FECHA": "08-2026", "OBS": null }, "geometry": { "type": "LineString", "coordinates": [ [ -68.4651016, -33.2000671 ], [ -68.4649647, -33.1998577 ] ] } },
{ "type": "Feature", "properties": { "id": "way/1526217354", "@id": "way/1526217354", "CORDON": "SI", "cord_estado ": "BUENO", "BANQUINA": "SI", "BANQ_ESTADO": "REGULAR", "BANQ_MAT": "TIERRA", "CUNETA": "SI", "CUN_MAT": "HORMIGON", "FECHA": "08-2026", "OBS": null }, "geometry": { "type": "LineString", "coordinates": [ [ -68.4656017, -33.2004277 ], [ -68.4654669, -33.2002356 ] ] } },
{ "type": "Feature", "properties": { "id": "way/1526217355", "@id": "way/1526217355", "CORDON": "SI", "cord_estado ": "BUENO", "BANQUINA": "SI", "BANQ_ESTADO": "REGULAR", "BANQ_MAT": "TIERRA", "CUNETA": "SI", "CUN_MAT": "HORMIGON", "FECHA": "08-2026", "OBS": null }, "geometry": { "type": "LineString", "coordinates": [ [ -68.4652966, -33.1999826 ], [ -68.4651628, -33.1997839 ] ] } },
{ "type": "Feature", "properties": { "id": "way/1526217356", "@id": "way/1526217356", "CORDON": "SI", "cord_estado ": "BUENO", "BANQUINA": "NO", "BANQ_ESTADO": "REGULAR", "BANQ_MAT": "TIERRA", "CUNETA": "SI", "CUN_MAT": "HORMIGON", "FECHA": "08-2026", "OBS": null }, "geometry": { "type": "LineString", "coordinates": [ [ -68.4677347, -33.201416 ], [ -68.4673462, -33.2008452 ], [ -68.4672842, -33.2007541 ], [ -68.4669134, -33.2002093 ] ] } },
{ "type": "Feature", "properties": { "id": "way/1526217357", "@id": "way/1526217357", "CORDON": "SI", "cord_estado ": "BUENO", "BANQUINA": "NO", "BANQ_ESTADO": "REGULAR", "BANQ_MAT": "TIERRA", "CUNETA": "SI", "CUN_MAT": "HORMIGON", "FECHA": "08-2026", "OBS": null }, "geometry": { "type": "LineString", "coordinates": [ [ -68.4674297, -33.2013509 ], [ -68.4670841, -33.2008348 ], [ -68.4670135, -33.2007294 ], [ -68.4667202, -33.2002914 ] ] } },
{ "type": "Feature", "properties": { "id": "way/1526217358", "@id": "way/1526217358", "CORDON": "SI", "cord_estado ": "BUENO", "BANQUINA": "NO", "BANQ_ESTADO": "REGULAR", "BANQ_MAT": "TIERRA", "CUNETA": "SI", "CUN_MAT": "HORMIGON", "FECHA": "08-2026", "OBS": null }, "geometry": { "type": "LineString", "coordinates": [ [ -68.4666636, -33.2014448 ], [ -68.4663293, -33.2014528 ] ] } },
{ "type": "Feature", "properties": { "id": "way/1526217359", "@id": "way/1526217359", "CORDON": "SI", "cord_estado ": "BUENO", "BANQUINA": "NO", "BANQ_ESTADO": "REGULAR", "BANQ_MAT": "TIERRA", "CUNETA": "SI", "CUN_MAT": "HORMIGON", "FECHA": "08-2026", "OBS": null }, "geometry": { "type": "LineString", "coordinates": [ [ -68.4673525, -33.2014326 ], [ -68.4670412, -33.2014381 ] ] } },
{ "type": "Feature", "properties": { "id": "way/1526217360", "@id": "way/1526217360", "CORDON": "SI", "cord_estado ": "BUENO", "BANQUINA": "SI", "BANQ_ESTADO": "REGULAR", "BANQ_MAT": "TIERRA", "CUNETA": "SI", "CUN_MAT": "HORMIGON", "FECHA": "08-2026", "OBS": null }, "geometry": { "type": "LineString", "coordinates": [ [ -68.466052, -33.2005105 ], [ -68.4658074, -33.2006268 ] ] } },
{ "type": "Feature", "properties": { "id": "way/1526217361", "@id": "way/1526217361", "CORDON": "SI", "cord_estado ": "BUENO", "BANQUINA": "SI", "BANQ_ESTADO": "REGULAR", "BANQ_MAT": "TIERRA", "CUNETA": "SI", "CUN_MAT": "HORMIGON", "FECHA": "08-2026", "OBS": null }, "geometry": { "type": "LineString", "coordinates": [ [ -68.4665953, -33.2002611 ], [ -68.4663379, -33.2003801 ] ] } },
{ "type": "Feature", "properties": { "id": "way/1526217362", "@id": "way/1526217362", "CORDON": "SI", "cord_estado ": "BUENO", "BANQUINA": "NO", "BANQ_ESTADO": "REGULAR", "BANQ_MAT": "TIERRA", "CUNETA": "SI", "CUN_MAT": "HORMIGON", "FECHA": "08-2026", "OBS": null }, "geometry": { "type": "LineString", "coordinates": [ [ -68.4666998, -33.2013447 ], [ -68.4664668, -33.2009924 ], [ -68.4664019, -33.2008944 ], [ -68.4661748, -33.2005508 ] ] } },
{ "type": "Feature", "properties": { "id": "way/1526217363", "@id": "way/1526217363", "CORDON": "SI", "cord_estado ": "BUENO", "BANQUINA": "NO", "BANQ_ESTADO": "REGULAR", "BANQ_MAT": "TIERRA", "CUNETA": "SI", "CUN_MAT": "HORMIGON", "FECHA": "08-2026", "OBS": null }, "geometry": { "type": "LineString", "coordinates": [ [ -68.4669107, -33.2013694 ], [ -68.4666228, -33.2009254 ], [ -68.4665565, -33.2008231 ], [ -68.4663335, -33.2004792 ] ] } },
{ "type": "Feature", "properties": { "id": "way/1526217364", "@id": "way/1526217364", "CORDON": "SI", "cord_estado ": "BUENO", "BANQUINA": "NO", "BANQ_ESTADO": "REGULAR", "BANQ_MAT": "TIERRA", "CUNETA": "SI", "CUN_MAT": "HORMIGON", "FECHA": "08-2026", "OBS": null }, "geometry": { "type": "LineString", "coordinates": [ [ -68.4662154, -33.2013921 ], [ -68.4660178, -33.2010892 ], [ -68.4659683, -33.2010132 ], [ -68.4657778, -33.2007211 ] ] } },
{ "type": "Feature", "properties": { "id": "way/1526217365", "@id": "way/1526217365", "CORDON": "SI", "cord_estado ": "BUENO", "BANQUINA": "SI", "BANQ_ESTADO": "REGULAR", "BANQ_MAT": "TIERRA", "CUNETA": "SI", "CUN_MAT": "HORMIGON", "FECHA": "08-2026", "OBS": null }, "geometry": { "type": "LineString", "coordinates": [ [ -68.4647298, -33.2008338 ], [ -68.4645874, -33.2006303 ] ] } },
{ "type": "Feature", "properties": { "id": "way/1526217366", "@id": "way/1526217366", "CORDON": "SI", "cord_estado ": "BUENO", "BANQUINA": "SI", "BANQ_ESTADO": "REGULAR", "BANQ_MAT": "TIERRA", "CUNETA": "SI", "CUN_MAT": "HORMIGON", "FECHA": "08-2026", "OBS": null }, "geometry": { "type": "LineString", "coordinates": [ [ -68.4644049, -33.2003875 ], [ -68.4642753, -33.2001905 ] ] } },
{ "type": "Feature", "properties": { "id": "way/1526217367", "@id": "way/1526217367", "CORDON": "SI", "cord_estado ": "BUENO", "BANQUINA": "NO", "BANQ_ESTADO": "REGULAR", "BANQ_MAT": "TIERRA", "CUNETA": "SI", "CUN_MAT": "HORMIGON", "FECHA": "08-2026", "OBS": null }, "geometry": { "type": "LineString", "coordinates": [ [ -68.4647649, -33.2013393 ], [ -68.4646357, -33.2011387 ], [ -68.4645803, -33.2010527 ], [ -68.4640742, -33.200267 ] ] } },
{ "type": "Feature", "properties": { "id": "way/1526217368", "@id": "way/1526217368", "CORDON": "SI", "cord_estado ": "BUENO", "BANQUINA": "NO", "BANQ_ESTADO": "REGULAR", "BANQ_MAT": "TIERRA", "CUNETA": "SI", "CUN_MAT": "HORMIGON", "FECHA": "08-2026", "OBS": null }, "geometry": { "type": "LineString", "coordinates": [ [ -68.4642464, -33.2013672 ], [ -68.4636697, -33.2004798 ] ] } },
{ "type": "Feature", "properties": { "id": "way/1526217369", "@id": "way/1526217369", "CORDON": "SI", "cord_estado ": "BUENO", "BANQUINA": "NO", "BANQ_ESTADO": "REGULAR", "BANQ_MAT": "TIERRA", "CUNETA": "SI", "CUN_MAT": "HORMIGON", "FECHA": "08-2026", "OBS": null }, "geometry": { "type": "LineString", "coordinates": [ [ -68.4640402, -33.2013592 ], [ -68.4635162, -33.200548 ] ] } },
{ "type": "Feature", "properties": { "id": "way/1526217370", "@id": "way/1526217370", "CORDON": "SI", "cord_estado ": "BUENO", "BANQUINA": "NO", "BANQ_ESTADO": "REGULAR", "BANQ_MAT": "TIERRA", "CUNETA": "SI", "CUN_MAT": "HORMIGON", "FECHA": "08-2026", "OBS": null }, "geometry": { "type": "LineString", "coordinates": [ [ -68.4659764, -33.2014054 ], [ -68.4658112, -33.2011476 ], [ -68.4657479, -33.2010488 ], [ -68.4655875, -33.2007987 ] ] } },
{ "type": "Feature", "properties": { "id": "way/1526217371", "@id": "way/1526217371", "CORDON": "SI", "cord_estado ": "BUENO", "BANQUINA": "NO", "BANQ_ESTADO": "REGULAR", "BANQ_MAT": "TIERRA", "CUNETA": "SI", "CUN_MAT": "HORMIGON", "FECHA": "08-2026", "OBS": null }, "geometry": { "type": "LineString", "coordinates": [ [ -68.4632727, -33.2013202 ], [ -68.4628821, -33.2007171 ], [ -68.4628192, -33.20062 ], [ -68.4620466, -33.199427 ] ] } },
{ "type": "Feature", "properties": { "id": "way/1526217372", "@id": "way/1526217372", "CORDON": "SI", "cord_estado ": "BUENO", "BANQUINA": "NO", "BANQ_ESTADO": "REGULAR", "BANQ_MAT": "TIERRA", "CUNETA": "SI", "CUN_MAT": "HORMIGON", "FECHA": "08-2026", "OBS": null }, "geometry": { "type": "LineString", "coordinates": [ [ -68.4635422, -33.2013517 ], [ -68.4631282, -33.2007262 ] ] } },
{ "type": "Feature", "properties": { "id": "way/1526217373", "@id": "way/1526217373", "CORDON": "SI", "cord_estado ": "BUENO", "BANQUINA": "SI", "BANQ_ESTADO": "REGULAR", "BANQ_MAT": "TIERRA", "CUNETA": "SI", "CUN_MAT": "HORMIGON", "FECHA": "08-2026", "OBS": null }, "geometry": { "type": "LineString", "coordinates": [ [ -68.4629269, -33.2004373 ], [ -68.4622259, -33.1993722 ] ] } },
{ "type": "Feature", "properties": { "id": "way/1526217374", "@id": "way/1526217374", "CORDON": "SI", "cord_estado ": "BUENO", "BANQUINA": "SI", "BANQ_ESTADO": "REGULAR", "BANQ_MAT": "TIERRA", "CUNETA": "SI", "CUN_MAT": "HORMIGON", "FECHA": "08-2026", "OBS": null }, "geometry": { "type": "LineString", "coordinates": [ [ -68.4634769, -33.2001943 ], [ -68.4631717, -33.1997174 ] ] } },
{ "type": "Feature", "properties": { "id": "way/1526217375", "@id": "way/1526217375", "CORDON": "SI", "cord_estado ": "BUENO", "BANQUINA": "SI", "BANQ_ESTADO": "REGULAR", "BANQ_MAT": "TIERRA", "CUNETA": "SI", "CUN_MAT": "HORMIGON", "FECHA": "08-2026", "OBS": null }, "geometry": { "type": "LineString", "coordinates": [ [ -68.4633262, -33.2002581 ], [ -68.4630089, -33.1997666 ] ] } },
{ "type": "Feature", "properties": { "id": "way/1526217376", "@id": "way/1526217376", "CORDON": "SI", "cord_estado ": "BUENO", "BANQUINA": "SI", "BANQ_ESTADO": "REGULAR", "BANQ_MAT": "TIERRA", "CUNETA": "SI", "CUN_MAT": "HORMIGON", "FECHA": "08-2026", "OBS": null }, "geometry": { "type": "LineString", "coordinates": [ [ -68.4617318, -33.2012569 ], [ -68.4616127, -33.2010692 ], [ -68.4615508, -33.2009717 ], [ -68.4608467, -33.1998619 ] ] } },
{ "type": "Feature", "properties": { "id": "way/1526217377", "@id": "way/1526217377", "CORDON": "SI", "cord_estado ": "BUENO", "BANQUINA": "SI", "BANQ_ESTADO": "REGULAR", "BANQ_MAT": "TIERRA", "CUNETA": "NO", "CUN_MAT": "HORMIGON", "FECHA": "08-2026", "OBS": null }, "geometry": { "type": "LineString", "coordinates": [ [ -68.4607526, -33.2012601 ], [ -68.4600414, -33.2001344 ] ] } },
{ "type": "Feature", "properties": { "id": "way/1526217378", "@id": "way/1526217378", "CORDON": "SI", "cord_estado ": "BUENO", "BANQUINA": "SI", "BANQ_ESTADO": "REGULAR", "BANQ_MAT": "TIERRA", "CUNETA": "NO", "CUN_MAT": "HORMIGON", "FECHA": "08-2026", "OBS": null }, "geometry": { "type": "LineString", "coordinates": [ [ -68.4610086, -33.2012812 ], [ -68.4602351, -33.2000778 ] ] } },
{ "type": "Feature", "properties": { "id": "way/1526217379", "@id": "way/1526217379", "CORDON": "SI", "cord_estado ": "BUENO", "BANQUINA": "SI", "BANQ_ESTADO": "REGULAR", "BANQ_MAT": "TIERRA", "CUNETA": "SI", "CUN_MAT": "HORMIGON", "FECHA": "08-2026", "OBS": null }, "geometry": { "type": "LineString", "coordinates": [ [ -68.4624039, -33.2013133 ], [ -68.4621614, -33.2009349 ], [ -68.4621003, -33.2008395 ], [ -68.4613602, -33.1996844 ] ] } },
{ "type": "Feature", "properties": { "id": "way/1526217380", "@id": "way/1526217380", "CORDON": "SI", "cord_estado ": "BUENO", "BANQUINA": "SI", "BANQ_ESTADO": "REGULAR", "BANQ_MAT": "TIERRA", "CUNETA": "NO", "CUN_MAT": "HORMIGON", "FECHA": "08-2026", "OBS": null }, "geometry": { "type": "LineString", "coordinates": [ [ -68.4607018, -33.1998197 ], [ -68.4602776, -33.1999686 ] ] } },
{ "type": "Feature", "properties": { "id": "way/1526217381", "@id": "way/1526217381", "CORDON": "SI", "cord_estado ": "BUENO", "BANQUINA": "SI", "BANQ_ESTADO": "REGULAR", "BANQ_MAT": "TIERRA", "CUNETA": "NO", "CUN_MAT": "HORMIGON", "FECHA": "08-2026", "OBS": null }, "geometry": { "type": "LineString", "coordinates": [ [ -68.4606108, -33.1996511 ], [ -68.4601725, -33.1998042 ] ] } },
{ "type": "Feature", "properties": { "id": "way/1526217382", "@id": "way/1526217382", "CORDON": "SI", "cord_estado ": "BUENO", "BANQUINA": "SI", "BANQ_ESTADO": "REGULAR", "BANQ_MAT": "TIERRA", "CUNETA": "SI", "CUN_MAT": "HORMIGON", "FECHA": "08-2026", "OBS": null }, "geometry": { "type": "LineString", "coordinates": [ [ -68.4616703, -33.2013573 ], [ -68.4611326, -33.2013492 ] ] } },
{ "type": "Feature", "properties": { "id": "way/1526217383", "@id": "way/1526217383", "CORDON": "SI", "cord_estado ": "BUENO", "BANQUINA": "SI", "BANQ_ESTADO": "REGULAR", "BANQ_MAT": "TIERRA", "CUNETA": "NO", "CUN_MAT": "HORMIGON", "FECHA": "08-2026", "OBS": null }, "geometry": { "type": "LineString", "coordinates": [ [ -68.460402, -33.1993289 ], [ -68.459976, -33.1994957 ] ] } },
{ "type": "Feature", "properties": { "id": "way/1526217384", "@id": "way/1526217384", "CORDON": "SI", "cord_estado ": "BUENO", "BANQUINA": "SI", "BANQ_ESTADO": "REGULAR", "BANQ_MAT": "TIERRA", "CUNETA": "NO", "CUN_MAT": "HORMIGON", "FECHA": "08-2026", "OBS": null }, "geometry": { "type": "LineString", "coordinates": [ [ -68.4602968, -33.1991603 ], [ -68.4598637, -33.1993263 ] ] } },
{ "type": "Feature", "properties": { "id": "way/1526217385", "@id": "way/1526217385", "CORDON": "SI", "cord_estado ": "BUENO", "BANQUINA": "SI", "BANQ_ESTADO": "REGULAR", "BANQ_MAT": "TIERRA", "CUNETA": "NO", "CUN_MAT": "HORMIGON", "FECHA": "08-2026", "OBS": null }, "geometry": { "type": "LineString", "coordinates": [ [ -68.4600479, -33.1997815 ], [ -68.4599355, -33.1995959 ] ] } },
{ "type": "Feature", "properties": { "id": "way/1526217386", "@id": "way/1526217386", "CORDON": "SI", "cord_estado ": "BUENO", "BANQUINA": "SI", "BANQ_ESTADO": "REGULAR", "BANQ_MAT": "TIERRA", "CUNETA": "SI", "CUN_MAT": "HORMIGON", "FECHA": "08-2026", "OBS": null }, "geometry": { "type": "LineString", "coordinates": [ [ -68.4568268, -33.1963468 ], [ -68.4563478, -33.1956037 ] ] } },
{ "type": "Feature", "properties": { "id": "way/1526217387", "@id": "way/1526217387", "CORDON": "SI", "cord_estado ": "BUENO", "BANQUINA": "SI", "BANQ_ESTADO": "REGULAR", "BANQ_MAT": "TIERRA", "CUNETA": "SI", "CUN_MAT": "HORMIGON", "FECHA": "08-2026", "OBS": null }, "geometry": { "type": "LineString", "coordinates": [ [ -68.4566501, -33.1964379 ], [ -68.4561601, -33.1956684 ] ] } },
{ "type": "Feature", "properties": { "id": "way/1526217388", "@id": "way/1526217388", "CORDON": "SI", "cord_estado ": "BUENO", "BANQUINA": "SI", "BANQ_ESTADO": "REGULAR", "BANQ_MAT": "TIERRA", "CUNETA": "NO", "CUN_MAT": "HORMIGON", "FECHA": "08-2026", "OBS": null }, "geometry": { "type": "LineString", "coordinates": [ [ -68.4596775, -33.1982229 ], [ -68.4592819, -33.1984031 ] ] } },
{ "type": "Feature", "properties": { "id": "way/1526217389", "@id": "way/1526217389", "CORDON": "SI", "cord_estado ": "BUENO", "BANQUINA": "SI", "BANQ_ESTADO": "REGULAR", "BANQ_MAT": "TIERRA", "CUNETA": "NO", "CUN_MAT": "HORMIGON", "FECHA": "08-2026", "OBS": null }, "geometry": { "type": "LineString", "coordinates": [ [ -68.4595811, -33.1980602 ], [ -68.4591834, -33.1982439 ] ] } },
{ "type": "Feature", "properties": { "id": "way/1526217390", "@id": "way/1526217390", "CORDON": "SI", "cord_estado ": "BUENO", "BANQUINA": "SI", "BANQ_ESTADO": "REGULAR", "BANQ_MAT": "TIERRA", "CUNETA": "NO", "CUN_MAT": "HORMIGON", "FECHA": "08-2026", "OBS": null }, "geometry": { "type": "LineString", "coordinates": [ [ -68.4588071, -33.1969357 ], [ -68.4584097, -33.1971052 ] ] } },
{ "type": "Feature", "properties": { "id": "way/1526217391", "@id": "way/1526217391", "CORDON": "SI", "cord_estado ": "BUENO", "BANQUINA": "SI", "BANQ_ESTADO": "REGULAR", "BANQ_MAT": "TIERRA", "CUNETA": "NO", "CUN_MAT": "HORMIGON", "FECHA": "08-2026", "OBS": null }, "geometry": { "type": "LineString", "coordinates": [ [ -68.4587087, -33.1967667 ], [ -68.45832, -33.1969298 ] ] } },
{ "type": "Feature", "properties": { "id": "way/1526217392", "@id": "way/1526217392", "CORDON": "SI", "cord_estado ": "BUENO", "BANQUINA": "SI", "BANQ_ESTADO": "REGULAR", "BANQ_MAT": "TIERRA", "CUNETA": "SI", "CUN_MAT": "HORMIGON", "FECHA": "08-2026", "OBS": null }, "geometry": { "type": "LineString", "coordinates": [ [ -68.4582678, -33.1960702 ], [ -68.4578895, -33.1962472 ] ] } },
{ "type": "Feature", "properties": { "id": "way/1526217393", "@id": "way/1526217393", "CORDON": "SI", "cord_estado ": "BUENO", "BANQUINA": "SI", "BANQ_ESTADO": "REGULAR", "BANQ_MAT": "TIERRA", "CUNETA": "SI", "CUN_MAT": "HORMIGON", "FECHA": "08-2026", "OBS": null }, "geometry": { "type": "LineString", "coordinates": [ [ -68.4581241, -33.1958319 ], [ -68.457751, -33.1960017 ] ] } },
{ "type": "Feature", "properties": { "id": "way/1526217394", "@id": "way/1526217394", "CORDON": "SI", "cord_estado ": "BUENO", "BANQUINA": "SI", "BANQ_ESTADO": "REGULAR", "BANQ_MAT": "TIERRA", "CUNETA": "SI", "CUN_MAT": "HORMIGON", "FECHA": "08-2026", "OBS": null }, "geometry": { "type": "LineString", "coordinates": [ [ -68.4575448, -33.1949576 ], [ -68.4571701, -33.1951288 ] ] } },
{ "type": "Feature", "properties": { "id": "way/1526217395", "@id": "way/1526217395", "CORDON": "SI", "cord_estado ": "BUENO", "BANQUINA": "SI", "BANQ_ESTADO": "REGULAR", "BANQ_MAT": "TIERRA", "CUNETA": "SI", "CUN_MAT": "HORMIGON", "FECHA": "08-2026", "OBS": null }, "geometry": { "type": "LineString", "coordinates": [ [ -68.457445, -33.1947846 ], [ -68.4570586, -33.1949619 ] ] } },
{ "type": "Feature", "properties": { "id": "way/1526217396", "@id": "way/1526217396", "CORDON": "SI", "cord_estado ": "BUENO", "BANQUINA": "SI", "BANQ_ESTADO": "REGULAR", "BANQ_MAT": "TIERRA", "CUNETA": "SI", "CUN_MAT": "HORMIGON", "FECHA": "08-2026", "OBS": null }, "geometry": { "type": "LineString", "coordinates": [ [ -68.4566603, -33.1935755 ], [ -68.4562632, -33.1937613 ] ] } },
{ "type": "Feature", "properties": { "id": "way/1526217397", "@id": "way/1526217397", "CORDON": "SI", "cord_estado ": "BUENO", "BANQUINA": "SI", "BANQ_ESTADO": "REGULAR", "BANQ_MAT": "TIERRA", "CUNETA": "SI", "CUN_MAT": "HORMIGON", "FECHA": "08-2026", "OBS": null }, "geometry": { "type": "LineString", "coordinates": [ [ -68.4565579, -33.1934212 ], [ -68.4561564, -33.193604 ] ] } },
{ "type": "Feature", "properties": { "id": "way/1526217398", "@id": "way/1526217398", "CORDON": "SI", "cord_estado ": "BUENO", "BANQUINA": "SI", "BANQ_ESTADO": "REGULAR", "BANQ_MAT": "TIERRA", "CUNETA": "SI", "CUN_MAT": "HORMIGON", "FECHA": "08-2026", "OBS": null }, "geometry": { "type": "LineString", "coordinates": [ [ -68.455768, -33.1922369 ], [ -68.4553729, -33.1923812 ] ] } },
{ "type": "Feature", "properties": { "id": "way/1526217399", "@id": "way/1526217399", "CORDON": "SI", "cord_estado ": "BUENO", "BANQUINA": "SI", "BANQ_ESTADO": "REGULAR", "BANQ_MAT": "TIERRA", "CUNETA": "SI", "CUN_MAT": "HORMIGON", "FECHA": "08-2026", "OBS": null }, "geometry": { "type": "LineString", "coordinates": [ [ -68.4556777, -33.1920739 ], [ -68.455251, -33.1922304 ] ] } },
{ "type": "Feature", "properties": { "id": "way/1526217400", "@id": "way/1526217400", "CORDON": "SI", "cord_estado ": "BUENO", "BANQUINA": "SI", "BANQ_ESTADO": "REGULAR", "BANQ_MAT": "TIERRA", "CUNETA": "SI", "CUN_MAT": "HORMIGON", "FECHA": "08-2026", "OBS": null }, "geometry": { "type": "LineString", "coordinates": [ [ -68.4553141, -33.191537 ], [ -68.4549082, -33.1916891 ] ] } },
{ "type": "Feature", "properties": { "id": "way/1526217401", "@id": "way/1526217401", "CORDON": "SI", "cord_estado ": "BUENO", "BANQUINA": "SI", "BANQ_ESTADO": "REGULAR", "BANQ_MAT": "TIERRA", "CUNETA": "SI", "CUN_MAT": "HORMIGON", "FECHA": "08-2026", "OBS": null }, "geometry": { "type": "LineString", "coordinates": [ [ -68.4546701, -33.1905565 ], [ -68.4542477, -33.190718 ] ] } },
{ "type": "Feature", "properties": { "id": "way/1526217402", "@id": "way/1526217402", "CORDON": "NO", "cord_estado ": "BUENO", "BANQUINA": "SI", "BANQ_ESTADO": "REGULAR", "BANQ_MAT": "TIERRA", "CUNETA": "SI", "CUN_MAT": "HORMIGON", "FECHA": "08-2026", "OBS": null }, "geometry": { "type": "LineString", "coordinates": [ [ -68.4550775, -33.1940124 ], [ -68.454262, -33.1927794 ], [ -68.4541958, -33.1926792 ], [ -68.4538644, -33.1921681 ] ] } },
{ "type": "Feature", "properties": { "id": "way/1526217403", "@id": "way/1526217403", "CORDON": "SI", "cord_estado ": "BUENO", "BANQUINA": "SI", "BANQ_ESTADO": "REGULAR", "BANQ_MAT": "TIERRA", "CUNETA": "SI", "CUN_MAT": "HORMIGON", "FECHA": "08-2026", "OBS": null }, "geometry": { "type": "LineString", "coordinates": [ [ -68.4552612, -33.1939419 ], [ -68.4545294, -33.192818 ] ] } },
{ "type": "Feature", "properties": { "id": "way/1526217404", "@id": "way/1526217404", "CORDON": "NO", "cord_estado ": "BUENO", "BANQUINA": "SI", "BANQ_ESTADO": "REGULAR", "BANQ_MAT": "TIERRA", "CUNETA": "SI", "CUN_MAT": "HORMIGON", "FECHA": "08-2026", "OBS": null }, "geometry": { "type": "LineString", "coordinates": [ [ -68.4543118, -33.1924815 ], [ -68.4540643, -33.1921081 ] ] } },
{ "type": "Feature", "properties": { "id": "way/1526217405", "@id": "way/1526217405", "CORDON": "NO", "cord_estado ": "BUENO", "BANQUINA": "SI", "BANQ_ESTADO": "REGULAR", "BANQ_MAT": "TIERRA", "CUNETA": "SI", "CUN_MAT": "HORMIGON", "FECHA": "08-2026", "OBS": null }, "geometry": { "type": "LineString", "coordinates": [ [ -68.4544601, -33.1915614 ], [ -68.4541254, -33.1910397 ] ] } },
{ "type": "Feature", "properties": { "id": "way/1526217406", "@id": "way/1526217406", "CORDON": "NO", "cord_estado ": "BUENO", "BANQUINA": "SI", "BANQ_ESTADO": "REGULAR", "BANQ_MAT": "TIERRA", "CUNETA": "SI", "CUN_MAT": "HORMIGON", "FECHA": "08-2026", "OBS": null }, "geometry": { "type": "LineString", "coordinates": [ [ -68.4536581, -33.1918507 ], [ -68.4533357, -33.191343 ] ] } },
{ "type": "Feature", "properties": { "id": "way/1526217407", "@id": "way/1526217407", "CORDON": "NO", "cord_estado ": "BUENO", "BANQUINA": "SI", "BANQ_ESTADO": "REGULAR", "BANQ_MAT": "TIERRA", "CUNETA": "SI", "CUN_MAT": "HORMIGON", "FECHA": "08-2026", "OBS": null }, "geometry": { "type": "LineString", "coordinates": [ [ -68.4538504, -33.191788 ], [ -68.4535256, -33.1912849 ] ] } },
{ "type": "Feature", "properties": { "id": "way/1526247824", "@id": "way/1526247824", "CORDON": "SI", "cord_estado ": "BUENO", "BANQUINA": "SI", "BANQ_ESTADO": "REGULAR", "BANQ_MAT": "TIERRA", "CUNETA": "SI", "CUN_MAT": "HORMIGON", "FECHA": "08-2026", "OBS": null }, "geometry": { "type": "LineString", "coordinates": [ [ -68.4679147, -33.1941529 ], [ -68.4673751, -33.1933347 ] ] } },
{ "type": "Feature", "properties": { "id": "way/1526247825", "@id": "way/1526247825", "CORDON": "SI", "cord_estado ": "BUENO", "BANQUINA": "SI", "BANQ_ESTADO": "REGULAR", "BANQ_MAT": "TIERRA", "CUNETA": "SI", "CUN_MAT": "HORMIGON", "FECHA": "08-2026", "OBS": null }, "geometry": { "type": "LineString", "coordinates": [ [ -68.4678588, -33.1941741 ], [ -68.4673183, -33.1933539 ] ] } },
{ "type": "Feature", "properties": { "id": "way/1526667690", "@id": "way/1526667690", "CORDON": "SI", "cord_estado ": "BUENO", "BANQUINA": "SI", "BANQ_ESTADO": "REGULAR", "BANQ_MAT": "TIERRA", "CUNETA": "NO", "CUN_MAT": "HORMIGON", "FECHA": "08-2026", "OBS": null }, "geometry": { "type": "LineString", "coordinates": [ [ -68.4598931, -33.2000906 ], [ -68.4595198, -33.2002191 ] ] } },
{ "type": "Feature", "properties": { "id": "way/1526667691", "@id": "way/1526667691", "CORDON": "SI", "cord_estado ": "BUENO", "BANQUINA": "SI", "BANQ_ESTADO": "REGULAR", "BANQ_MAT": "TIERRA", "CUNETA": "NO", "CUN_MAT": "HORMIGON", "FECHA": "08-2026", "OBS": null }, "geometry": { "type": "LineString", "coordinates": [ [ -68.459793, -33.199923 ], [ -68.4594047, -33.2000571 ] ] } },
{ "type": "Feature", "properties": { "id": "way/1526667692", "@id": "way/1526667692", "CORDON": "SI", "cord_estado ": "BUENO", "BANQUINA": "SI", "BANQ_ESTADO": "REGULAR", "BANQ_MAT": "TIERRA", "CUNETA": "NO", "CUN_MAT": "HORMIGON", "FECHA": "08-2026", "OBS": null }, "geometry": { "type": "LineString", "coordinates": [ [ -68.4596318, -33.1996316 ], [ -68.4592249, -33.199795 ] ] } },
{ "type": "Feature", "properties": { "id": "way/1526667693", "@id": "way/1526667693", "CORDON": "SI", "cord_estado ": "BUENO", "BANQUINA": "SI", "BANQ_ESTADO": "REGULAR", "BANQ_MAT": "TIERRA", "CUNETA": "NO", "CUN_MAT": "HORMIGON", "FECHA": "08-2026", "OBS": null }, "geometry": { "type": "LineString", "coordinates": [ [ -68.459521, -33.1994726 ], [ -68.4591204, -33.1996348 ] ] } },
{ "type": "Feature", "properties": { "id": "way/1526667694", "@id": "way/1526667694", "CORDON": "SI", "cord_estado ": "BUENO", "BANQUINA": "SI", "BANQ_ESTADO": "REGULAR", "BANQ_MAT": "TIERRA", "CUNETA": "NO", "CUN_MAT": "HORMIGON", "FECHA": "08-2026", "OBS": null }, "geometry": { "type": "LineString", "coordinates": [ [ -68.4589086, -33.1985734 ], [ -68.4585058, -33.1987596 ] ] } },
{ "type": "Feature", "properties": { "id": "way/1526667695", "@id": "way/1526667695", "CORDON": "SI", "cord_estado ": "BUENO", "BANQUINA": "SI", "BANQ_ESTADO": "REGULAR", "BANQ_MAT": "TIERRA", "CUNETA": "NO", "CUN_MAT": "HORMIGON", "FECHA": "08-2026", "OBS": null }, "geometry": { "type": "LineString", "coordinates": [ [ -68.4588069, -33.1984086 ], [ -68.4584403, -33.1985712 ] ] } },
{ "type": "Feature", "properties": { "id": "way/1526667696", "@id": "way/1526667696", "CORDON": "SI", "cord_estado ": "BUENO", "BANQUINA": "SI", "BANQ_ESTADO": "REGULAR", "BANQ_MAT": "TIERRA", "CUNETA": "NO", "CUN_MAT": "HORMIGON", "FECHA": "08-2026", "OBS": null }, "geometry": { "type": "LineString", "coordinates": [ [ -68.4580577, -33.1972447 ], [ -68.4576484, -33.197418 ] ] } },
{ "type": "Feature", "properties": { "id": "way/1526667697", "@id": "way/1526667697", "CORDON": "SI", "cord_estado ": "BUENO", "BANQUINA": "SI", "BANQ_ESTADO": "REGULAR", "BANQ_MAT": "TIERRA", "CUNETA": "NO", "CUN_MAT": "HORMIGON", "FECHA": "08-2026", "OBS": null }, "geometry": { "type": "LineString", "coordinates": [ [ -68.4579491, -33.1970902 ], [ -68.4575383, -33.1972622 ] ] } },
{ "type": "Feature", "properties": { "id": "way/1526667698", "@id": "way/1526667698", "CORDON": "SI", "cord_estado ": "BUENO", "BANQUINA": "SI", "BANQ_ESTADO": "REGULAR", "BANQ_MAT": "TIERRA", "CUNETA": "SI", "CUN_MAT": "HORMIGON", "FECHA": "08-2026", "OBS": null }, "geometry": { "type": "LineString", "coordinates": [ [ -68.4575214, -33.196417 ], [ -68.4571321, -33.1966002 ] ] } },
{ "type": "Feature", "properties": { "id": "way/1526667699", "@id": "way/1526667699", "CORDON": "SI", "cord_estado ": "BUENO", "BANQUINA": "SI", "BANQ_ESTADO": "REGULAR", "BANQ_MAT": "TIERRA", "CUNETA": "SI", "CUN_MAT": "HORMIGON", "FECHA": "08-2026", "OBS": null }, "geometry": { "type": "LineString", "coordinates": [ [ -68.45737, -33.1961842 ], [ -68.4569804, -33.1963616 ] ] } },
{ "type": "Feature", "properties": { "id": "way/1526667700", "@id": "way/1526667700", "CORDON": "SI", "cord_estado ": "BUENO", "BANQUINA": "SI", "BANQ_ESTADO": "REGULAR", "BANQ_MAT": "TIERRA", "CUNETA": "SI", "CUN_MAT": "HORMIGON", "FECHA": "08-2026", "OBS": null }, "geometry": { "type": "LineString", "coordinates": [ [ -68.4567829, -33.1953047 ], [ -68.4563833, -33.1954835 ] ] } },
{ "type": "Feature", "properties": { "id": "way/1526667701", "@id": "way/1526667701", "CORDON": "SI", "cord_estado ": "BUENO", "BANQUINA": "SI", "BANQ_ESTADO": "REGULAR", "BANQ_MAT": "TIERRA", "CUNETA": "SI", "CUN_MAT": "HORMIGON", "FECHA": "08-2026", "OBS": null }, "geometry": { "type": "LineString", "coordinates": [ [ -68.4566905, -33.1951372 ], [ -68.4562899, -33.195314 ] ] } },
{ "type": "Feature", "properties": { "id": "way/1526667702", "@id": "way/1526667702", "CORDON": "SI", "cord_estado ": "BUENO", "BANQUINA": "SI", "BANQ_ESTADO": "REGULAR", "BANQ_MAT": "TIERRA", "CUNETA": "SI", "CUN_MAT": "HORMIGON", "FECHA": "08-2026", "OBS": null }, "geometry": { "type": "LineString", "coordinates": [ [ -68.4559023, -33.1939451 ], [ -68.4555015, -33.1941296 ] ] } },
{ "type": "Feature", "properties": { "id": "way/1526667703", "@id": "way/1526667703", "CORDON": "SI", "cord_estado ": "BUENO", "BANQUINA": "SI", "BANQ_ESTADO": "REGULAR", "BANQ_MAT": "TIERRA", "CUNETA": "SI", "CUN_MAT": "HORMIGON", "FECHA": "08-2026", "OBS": null }, "geometry": { "type": "LineString", "coordinates": [ [ -68.4557861, -33.1937719 ], [ -68.4554125, -33.1939474 ] ] } },
{ "type": "Feature", "properties": { "id": "way/1526667704", "@id": "way/1526667704", "CORDON": "SI", "cord_estado ": "BUENO", "BANQUINA": "SI", "BANQ_ESTADO": "REGULAR", "BANQ_MAT": "TIERRA", "CUNETA": "SI", "CUN_MAT": "HORMIGON", "FECHA": "08-2026", "OBS": null }, "geometry": { "type": "LineString", "coordinates": [ [ -68.4549777, -33.192543 ], [ -68.454564, -33.1926951 ] ] } },
{ "type": "Feature", "properties": { "id": "way/1526667705", "@id": "way/1526667705", "CORDON": "SI", "cord_estado ": "BUENO", "BANQUINA": "SI", "BANQ_ESTADO": "REGULAR", "BANQ_MAT": "TIERRA", "CUNETA": "SI", "CUN_MAT": "HORMIGON", "FECHA": "08-2026", "OBS": null }, "geometry": { "type": "LineString", "coordinates": [ [ -68.4548762, -33.192371 ], [ -68.4544677, -33.1925208 ] ] } },
{ "type": "Feature", "properties": { "id": "way/1526667706", "@id": "way/1526667706", "CORDON": "NO", "cord_estado ": "BUENO", "BANQUINA": "SI", "BANQ_ESTADO": "REGULAR", "BANQ_MAT": "TIERRA", "CUNETA": "SI", "CUN_MAT": "HORMIGON", "FECHA": "08-2026", "OBS": null }, "geometry": { "type": "LineString", "coordinates": [ [ -68.4545173, -33.1918363 ], [ -68.4541078, -33.191986 ] ] } },
{ "type": "Feature", "properties": { "id": "way/1526667707", "@id": "way/1526667707", "CORDON": "NO", "cord_estado ": "BUENO", "BANQUINA": "SI", "BANQ_ESTADO": "REGULAR", "BANQ_MAT": "TIERRA", "CUNETA": "SI", "CUN_MAT": "HORMIGON", "FECHA": "08-2026", "OBS": null }, "geometry": { "type": "LineString", "coordinates": [ [ -68.4544119, -33.191668 ], [ -68.4539867, -33.1918242 ] ] } },
{ "type": "Feature", "properties": { "id": "way/1526667708", "@id": "way/1526667708", "CORDON": "NO", "cord_estado ": "BUENO", "BANQUINA": "SI", "BANQ_ESTADO": "REGULAR", "BANQ_MAT": "TIERRA", "CUNETA": "SI", "CUN_MAT": "HORMIGON", "FECHA": "08-2026", "OBS": null }, "geometry": { "type": "LineString", "coordinates": [ [ -68.4539787, -33.1910105 ], [ -68.4535677, -33.1911738 ] ] } },
{ "type": "Feature", "properties": { "id": "way/1526667709", "@id": "way/1526667709", "CORDON": "NO", "cord_estado ": "BUENO", "BANQUINA": "SI", "BANQ_ESTADO": "REGULAR", "BANQ_MAT": "TIERRA", "CUNETA": "SI", "CUN_MAT": "HORMIGON", "FECHA": "08-2026", "OBS": null }, "geometry": { "type": "LineString", "coordinates": [ [ -68.4538853, -33.1908586 ], [ -68.4534526, -33.1910275 ] ] } },
{ "type": "Feature", "properties": { "id": "way/1526667710", "@id": "way/1526667710", "CORDON": "SI", "cord_estado ": "BUENO", "BANQUINA": "SI", "BANQ_ESTADO": "REGULAR", "BANQ_MAT": "TIERRA", "CUNETA": "SI", "CUN_MAT": "HORMIGON", "FECHA": "08-2026", "OBS": null }, "geometry": { "type": "LineString", "coordinates": [ [ -68.4536116, -33.1889714 ], [ -68.4532153, -33.1891069 ] ] } },
{ "type": "Feature", "properties": { "id": "way/1526667711", "@id": "way/1526667711", "CORDON": "SI", "cord_estado ": "BUENO", "BANQUINA": "SI", "BANQ_ESTADO": "REGULAR", "BANQ_MAT": "TIERRA", "CUNETA": "SI", "CUN_MAT": "HORMIGON", "FECHA": "08-2026", "OBS": null }, "geometry": { "type": "LineString", "coordinates": [ [ -68.4535036, -33.1888069 ], [ -68.4530877, -33.1889483 ] ] } },
{ "type": "Feature", "properties": { "id": "way/1526667712", "@id": "way/1526667712", "CORDON": "SI", "cord_estado ": "BUENO", "BANQUINA": "SI", "BANQ_ESTADO": "REGULAR", "BANQ_MAT": "TIERRA", "CUNETA": "SI", "CUN_MAT": "HORMIGON", "FECHA": "08-2026", "OBS": null }, "geometry": { "type": "LineString", "coordinates": [ [ -68.453034, -33.1880716 ], [ -68.4526342, -33.1882172 ] ] } },
{ "type": "Feature", "properties": { "id": "way/1526667713", "@id": "way/1526667713", "CORDON": "SI", "cord_estado ": "BUENO", "BANQUINA": "SI", "BANQ_ESTADO": "REGULAR", "BANQ_MAT": "TIERRA", "CUNETA": "NO", "CUN_MAT": "HORMIGON", "FECHA": "08-2026", "OBS": null }, "geometry": { "type": "LineString", "coordinates": [ [ -68.4529102, -33.1879232 ], [ -68.452525, -33.1880678 ] ] } },
{ "type": "Feature", "properties": { "id": "way/1526667714", "@id": "way/1526667714", "CORDON": "SI", "cord_estado ": "BUENO", "BANQUINA": "NO", "BANQ_ESTADO": "REGULAR", "BANQ_MAT": "TIERRA", "CUNETA": "NO", "CUN_MAT": "HORMIGON", "FECHA": "08-2026", "OBS": null }, "geometry": { "type": "LineString", "coordinates": [ [ -68.4523684, -33.1870875 ], [ -68.4519467, -33.1872298 ] ] } },
{ "type": "Feature", "properties": { "id": "way/1526667715", "@id": "way/1526667715", "CORDON": "SI", "cord_estado ": "BUENO", "BANQUINA": "NO", "BANQ_ESTADO": "REGULAR", "BANQ_MAT": "TIERRA", "CUNETA": "NO", "CUN_MAT": "HORMIGON", "FECHA": "08-2026", "OBS": null }, "geometry": { "type": "LineString", "coordinates": [ [ -68.4522838, -33.1869381 ], [ -68.451868, -33.1870737 ] ] } },
{ "type": "Feature", "properties": { "id": "way/1526667716", "@id": "way/1526667716", "CORDON": "SI", "cord_estado ": "BUENO", "BANQUINA": "NO", "BANQ_ESTADO": "REGULAR", "BANQ_MAT": "TIERRA", "CUNETA": "NO", "CUN_MAT": "HORMIGON", "FECHA": "08-2026", "OBS": null }, "geometry": { "type": "LineString", "coordinates": [ [ -68.4518891, -33.1863341 ], [ -68.451494, -33.1864672 ] ] } },
{ "type": "Feature", "properties": { "id": "way/1526667717", "@id": "way/1526667717", "CORDON": "SI", "cord_estado ": "BUENO", "BANQUINA": "NO", "BANQ_ESTADO": "REGULAR", "BANQ_MAT": "TIERRA", "CUNETA": "NO", "CUN_MAT": "HORMIGON", "FECHA": "08-2026", "OBS": null }, "geometry": { "type": "LineString", "coordinates": [ [ -68.4517921, -33.1861767 ], [ -68.4513884, -33.186309 ] ] } },
{ "type": "Feature", "properties": { "id": "way/1526667718", "@id": "way/1526667718", "CORDON": "SI", "cord_estado ": "BUENO", "BANQUINA": "NO", "BANQ_ESTADO": "REGULAR", "BANQ_MAT": "TIERRA", "CUNETA": "SI", "CUN_MAT": "HORMIGON", "FECHA": "08-2026", "OBS": null }, "geometry": { "type": "LineString", "coordinates": [ [ -68.4513762, -33.1855722 ], [ -68.4509887, -33.1856881 ] ] } },
{ "type": "Feature", "properties": { "id": "way/1526667719", "@id": "way/1526667719", "CORDON": "SI", "cord_estado ": "BUENO", "BANQUINA": "NO", "BANQ_ESTADO": "REGULAR", "BANQ_MAT": "TIERRA", "CUNETA": "SI", "CUN_MAT": "HORMIGON", "FECHA": "08-2026", "OBS": null }, "geometry": { "type": "LineString", "coordinates": [ [ -68.4512766, -33.1854053 ], [ -68.4508801, -33.1855257 ] ] } },
{ "type": "Feature", "properties": { "id": "way/1526667720", "@id": "way/1526667720", "CORDON": "SI", "cord_estado ": "BUENO", "BANQUINA": "NO", "BANQ_ESTADO": "REGULAR", "BANQ_MAT": "TIERRA", "CUNETA": "SI", "CUN_MAT": "HORMIGON", "FECHA": "08-2026", "OBS": null }, "geometry": { "type": "LineString", "coordinates": [ [ -68.4507134, -33.1843917 ], [ -68.4502447, -33.1845399 ] ] } },
{ "type": "Feature", "properties": { "id": "way/1526667721", "@id": "way/1526667721", "CORDON": "SI", "cord_estado ": "BUENO", "BANQUINA": "SI", "BANQ_ESTADO": "REGULAR", "BANQ_MAT": "TIERRA", "CUNETA": "NO", "CUN_MAT": "HORMIGON", "FECHA": "08-2026", "OBS": null }, "geometry": { "type": "LineString", "coordinates": [ [ -68.4526916, -33.1890849 ], [ -68.4522819, -33.189225 ] ] } },
{ "type": "Feature", "properties": { "id": "way/1526667722", "@id": "way/1526667722", "CORDON": "SI", "cord_estado ": "BUENO", "BANQUINA": "SI", "BANQ_ESTADO": "REGULAR", "BANQ_MAT": "TIERRA", "CUNETA": "NO", "CUN_MAT": "HORMIGON", "FECHA": "08-2026", "OBS": null }, "geometry": { "type": "LineString", "coordinates": [ [ -68.4528066, -33.1892408 ], [ -68.4524009, -33.1893745 ] ] } },
{ "type": "Feature", "properties": { "id": "way/1526667723", "@id": "way/1526667723", "CORDON": "SI", "cord_estado ": "BUENO", "BANQUINA": "SI", "BANQ_ESTADO": "REGULAR", "BANQ_MAT": "TIERRA", "CUNETA": "NO", "CUN_MAT": "HORMIGON", "FECHA": "08-2026", "OBS": null }, "geometry": { "type": "LineString", "coordinates": [ [ -68.4521254, -33.1882084 ], [ -68.4517391, -33.1883391 ] ] } },
{ "type": "Feature", "properties": { "id": "way/1526667724", "@id": "way/1526667724", "CORDON": "SI", "cord_estado ": "BUENO", "BANQUINA": "SI", "BANQ_ESTADO": "REGULAR", "BANQ_MAT": "TIERRA", "CUNETA": "NO", "CUN_MAT": "HORMIGON", "FECHA": "08-2026", "OBS": null }, "geometry": { "type": "LineString", "coordinates": [ [ -68.452233, -33.1883571 ], [ -68.4518259, -33.1885005 ] ] } },
{ "type": "Feature", "properties": { "id": "way/1526667725", "@id": "way/1526667725", "CORDON": "SI", "cord_estado ": "BUENO", "BANQUINA": "NO", "BANQ_ESTADO": "REGULAR", "BANQ_MAT": "TIERRA", "CUNETA": "NO", "CUN_MAT": "HORMIGON", "FECHA": "08-2026", "OBS": null }, "geometry": { "type": "LineString", "coordinates": [ [ -68.4514488, -33.1871764 ], [ -68.4510858, -33.1872968 ] ] } },
{ "type": "Feature", "properties": { "id": "way/1526667726", "@id": "way/1526667726", "CORDON": "SI", "cord_estado ": "BUENO", "BANQUINA": "NO", "BANQ_ESTADO": "REGULAR", "BANQ_MAT": "TIERRA", "CUNETA": "NO", "CUN_MAT": "HORMIGON", "FECHA": "08-2026", "OBS": null }, "geometry": { "type": "LineString", "coordinates": [ [ -68.451573, -33.1873558 ], [ -68.451173, -33.1874804 ] ] } },
{ "type": "Feature", "properties": { "id": "way/1526667727", "@id": "way/1526667727", "CORDON": "SI", "cord_estado ": "BUENO", "BANQUINA": "NO", "BANQ_ESTADO": "REGULAR", "BANQ_MAT": "TIERRA", "CUNETA": "NO", "CUN_MAT": "HORMIGON", "FECHA": "08-2026", "OBS": null }, "geometry": { "type": "LineString", "coordinates": [ [ -68.4510017, -33.1864419 ], [ -68.4506268, -33.1865637 ] ] } },
{ "type": "Feature", "properties": { "id": "way/1526667728", "@id": "way/1526667728", "CORDON": "SI", "cord_estado ": "BUENO", "BANQUINA": "NO", "BANQ_ESTADO": "REGULAR", "BANQ_MAT": "TIERRA", "CUNETA": "NO", "CUN_MAT": "HORMIGON", "FECHA": "08-2026", "OBS": null }, "geometry": { "type": "LineString", "coordinates": [ [ -68.4510965, -33.1865938 ], [ -68.4507271, -33.1867155 ] ] } },
{ "type": "Feature", "properties": { "id": "way/1526667729", "@id": "way/1526667729", "CORDON": "SI", "cord_estado ": "BUENO", "BANQUINA": "NO", "BANQ_ESTADO": "REGULAR", "BANQ_MAT": "TIERRA", "CUNETA": "SI", "CUN_MAT": "HORMIGON", "FECHA": "08-2026", "OBS": null }, "geometry": { "type": "LineString", "coordinates": [ [ -68.450481, -33.185622 ], [ -68.4501234, -33.1857752 ] ] } },
{ "type": "Feature", "properties": { "id": "way/1526667730", "@id": "way/1526667730", "CORDON": "SI", "cord_estado ": "BUENO", "BANQUINA": "NO", "BANQ_ESTADO": "REGULAR", "BANQ_MAT": "TIERRA", "CUNETA": "SI", "CUN_MAT": "HORMIGON", "FECHA": "08-2026", "OBS": null }, "geometry": { "type": "LineString", "coordinates": [ [ -68.4505905, -33.1858266 ], [ -68.4502372, -33.1859315 ] ] } },
{ "type": "Feature", "properties": { "id": "way/1526667731", "@id": "way/1526667731", "CORDON": "SI", "cord_estado ": "BUENO", "BANQUINA": "NO", "BANQ_ESTADO": "REGULAR", "BANQ_MAT": "TIERRA", "CUNETA": "SI", "CUN_MAT": "HORMIGON", "FECHA": "08-2026", "OBS": null }, "geometry": { "type": "LineString", "coordinates": [ [ -68.449853, -33.1846669 ], [ -68.449476, -33.1847833 ] ] } },
{ "type": "Feature", "properties": { "id": "way/1526667732", "@id": "way/1526667732", "CORDON": "NO", "cord_estado ": "BUENO", "BANQUINA": "SI", "BANQ_ESTADO": "REGULAR", "BANQ_MAT": "TIERRA", "CUNETA": "SI", "CUN_MAT": "HORMIGON", "FECHA": "08-2026", "OBS": null }, "geometry": { "type": "LineString", "coordinates": [ [ -68.4531727, -33.1963693 ], [ -68.4526425, -33.1955047 ] ] } },
{ "type": "Feature", "properties": { "id": "way/1526667733", "@id": "way/1526667733", "CORDON": "NO", "cord_estado ": "BUENO", "BANQUINA": "SI", "BANQ_ESTADO": "REGULAR", "BANQ_MAT": "TIERRA", "CUNETA": "NO", "CUN_MAT": "HORMIGON", "FECHA": "08-2026", "OBS": null }, "geometry": { "type": "LineString", "coordinates": [ [ -68.4530192, -33.1964305 ], [ -68.4524969, -33.1955565 ] ] } },
{ "type": "Feature", "properties": { "id": "way/1526667734", "@id": "way/1526667734", "CORDON": "NO", "cord_estado ": "BUENO", "BANQUINA": "SI", "BANQ_ESTADO": "REGULAR", "BANQ_MAT": "TIERRA", "CUNETA": "NO", "CUN_MAT": "HORMIGON", "FECHA": "08-2026", "OBS": null }, "geometry": { "type": "LineString", "coordinates": [ [ -68.4526122, -33.1965628 ], [ -68.4520903, -33.1957526 ] ] } },
{ "type": "Feature", "properties": { "id": "way/1526667735", "@id": "way/1526667735", "CORDON": "NO", "cord_estado ": "BUENO", "BANQUINA": "SI", "BANQ_ESTADO": "REGULAR", "BANQ_MAT": "TIERRA", "CUNETA": "NO", "CUN_MAT": "HORMIGON", "FECHA": "08-2026", "OBS": null }, "geometry": { "type": "LineString", "coordinates": [ [ -68.4524493, -33.1966196 ], [ -68.4519473, -33.1958151 ] ] } },
{ "type": "Feature", "properties": { "id": "way/1526667736", "@id": "way/1526667736", "CORDON": "NO", "cord_estado ": "BUENO", "BANQUINA": "SI", "BANQ_ESTADO": "REGULAR", "BANQ_MAT": "TIERRA", "CUNETA": "NO", "CUN_MAT": "HORMIGON", "FECHA": "08-2026", "OBS": null }, "geometry": { "type": "LineString", "coordinates": [ [ -68.4520749, -33.196733 ], [ -68.4515984, -33.1959831 ] ] } },
{ "type": "Feature", "properties": { "id": "way/1526667737", "@id": "way/1526667737", "CORDON": "SI", "cord_estado ": "BUENO", "BANQUINA": "SI", "BANQ_ESTADO": "REGULAR", "BANQ_MAT": "TIERRA", "CUNETA": "NO", "CUN_MAT": "HORMIGON", "FECHA": "08-2026", "OBS": null }, "geometry": { "type": "LineString", "coordinates": [ [ -68.4571117, -33.1988661 ], [ -68.456875, -33.1985021 ] ] } },
{ "type": "Feature", "properties": { "id": "way/1526667738", "@id": "way/1526667738", "CORDON": "SI", "cord_estado ": "BUENO", "BANQUINA": "SI", "BANQ_ESTADO": "REGULAR", "BANQ_MAT": "TIERRA", "CUNETA": "NO", "CUN_MAT": "HORMIGON", "FECHA": "08-2026", "OBS": null }, "geometry": { "type": "LineString", "coordinates": [ [ -68.456892, -33.1989263 ], [ -68.4566647, -33.1985492 ] ] } },
{ "type": "Feature", "properties": { "id": "way/1526667739", "@id": "way/1526667739", "CORDON": "SI", "cord_estado ": "BUENO", "BANQUINA": "SI", "BANQ_ESTADO": "REGULAR", "BANQ_MAT": "TIERRA", "CUNETA": "NO", "CUN_MAT": "HORMIGON", "FECHA": "08-2026", "OBS": null }, "geometry": { "type": "LineString", "coordinates": [ [ -68.4581478, -33.1988735 ], [ -68.457202, -33.1991252 ], [ -68.4570947, -33.1991538 ], [ -68.4560467, -33.1994327 ] ] } },
{ "type": "Feature", "properties": { "id": "way/1526667740", "@id": "way/1526667740", "CORDON": "SI", "cord_estado ": "BUENO", "BANQUINA": "SI", "BANQ_ESTADO": "REGULAR", "BANQ_MAT": "TIERRA", "CUNETA": "NO", "CUN_MAT": "HORMIGON", "FECHA": "08-2026", "OBS": null }, "geometry": { "type": "LineString", "coordinates": [ [ -68.4580249, -33.1987117 ], [ -68.4572535, -33.1989197 ] ] } },
{ "type": "Feature", "properties": { "id": "way/1526667741", "@id": "way/1526667741", "CORDON": "SI", "cord_estado ": "BUENO", "BANQUINA": "SI", "BANQ_ESTADO": "REGULAR", "BANQ_MAT": "TIERRA", "CUNETA": "NO", "CUN_MAT": "HORMIGON", "FECHA": "08-2026", "OBS": null }, "geometry": { "type": "LineString", "coordinates": [ [ -68.4568311, -33.1990285 ], [ -68.455938, -33.199271 ] ] } },
{ "type": "Feature", "properties": { "id": "way/1526667742", "@id": "way/1526667742", "CORDON": "SI", "cord_estado ": "BUENO", "BANQUINA": "SI", "BANQ_ESTADO": "REGULAR", "BANQ_MAT": "TIERRA", "CUNETA": "NO", "CUN_MAT": "HORMIGON", "FECHA": "08-2026", "OBS": null }, "geometry": { "type": "LineString", "coordinates": [ [ -68.4575921, -33.1980632 ], [ -68.4566955, -33.1982998 ], [ -68.4565847, -33.1983292 ], [ -68.4555596, -33.1986009 ] ] } },
{ "type": "Feature", "properties": { "id": "way/1526667743", "@id": "way/1526667743", "CORDON": "SI", "cord_estado ": "BUENO", "BANQUINA": "SI", "BANQ_ESTADO": "REGULAR", "BANQ_MAT": "TIERRA", "CUNETA": "NO", "CUN_MAT": "HORMIGON", "FECHA": "08-2026", "OBS": null }, "geometry": { "type": "LineString", "coordinates": [ [ -68.4576881, -33.1981908 ], [ -68.4569127, -33.198392 ] ] } },
{ "type": "Feature", "properties": { "id": "way/1526667744", "@id": "way/1526667744", "CORDON": "SI", "cord_estado ": "BUENO", "BANQUINA": "SI", "BANQ_ESTADO": "REGULAR", "BANQ_MAT": "TIERRA", "CUNETA": "NO", "CUN_MAT": "HORMIGON", "FECHA": "08-2026", "OBS": null }, "geometry": { "type": "LineString", "coordinates": [ [ -68.4565142, -33.1984979 ], [ -68.4556091, -33.1987384 ] ] } },
{ "type": "Feature", "properties": { "id": "way/1526667745", "@id": "way/1526667745", "CORDON": "SI", "cord_estado ": "BUENO", "BANQUINA": "SI", "BANQ_ESTADO": "REGULAR", "BANQ_MAT": "TIERRA", "CUNETA": "SI", "CUN_MAT": "HORMIGON", "FECHA": "08-2026", "OBS": null }, "geometry": { "type": "LineString", "coordinates": [ [ -68.455792, -33.1992363 ], [ -68.4555637, -33.1988508 ] ] } },
{ "type": "Feature", "properties": { "id": "way/1526667746", "@id": "way/1526667746", "CORDON": "SI", "cord_estado ": "BUENO", "BANQUINA": "SI", "BANQ_ESTADO": "REGULAR", "BANQ_MAT": "TIERRA", "CUNETA": "NO", "CUN_MAT": "HORMIGON", "FECHA": "08-2026", "OBS": null }, "geometry": { "type": "LineString", "coordinates": [ [ -68.4580695, -33.1986015 ], [ -68.4578276, -33.1982321 ] ] } },
{ "type": "Feature", "properties": { "id": "way/1526667747", "@id": "way/1526667747", "CORDON": "SI", "cord_estado ": "BUENO", "BANQUINA": "SI", "BANQ_ESTADO": "REGULAR", "BANQ_MAT": "TIERRA", "CUNETA": "NO", "CUN_MAT": "HORMIGON", "FECHA": "08-2026", "OBS": null }, "geometry": { "type": "LineString", "coordinates": [ [ -68.4589749, -33.1996068 ], [ -68.4584778, -33.1988804 ] ] } },
{ "type": "Feature", "properties": { "id": "way/1526667748", "@id": "way/1526667748", "CORDON": "SI", "cord_estado ": "BUENO", "BANQUINA": "SI", "BANQ_ESTADO": "REGULAR", "BANQ_MAT": "TIERRA", "CUNETA": "NO", "CUN_MAT": "HORMIGON", "FECHA": "08-2026", "OBS": null }, "geometry": { "type": "LineString", "coordinates": [ [ -68.4587983, -33.1996598 ], [ -68.4582874, -33.1989059 ] ] } },
{ "type": "Feature", "properties": { "id": "way/1526667749", "@id": "way/1526667749", "CORDON": "SI", "cord_estado ": "BUENO", "BANQUINA": "SI", "BANQ_ESTADO": "REGULAR", "BANQ_MAT": "TIERRA", "CUNETA": "NO", "CUN_MAT": "HORMIGON", "FECHA": "08-2026", "OBS": null }, "geometry": { "type": "LineString", "coordinates": [ [ -68.4576385, -33.1979558 ], [ -68.4574039, -33.1975881 ] ] } },
{ "type": "Feature", "properties": { "id": "way/1526667750", "@id": "way/1526667750", "CORDON": "SI", "cord_estado ": "BUENO", "BANQUINA": "SI", "BANQ_ESTADO": "REGULAR", "BANQ_MAT": "TIERRA", "CUNETA": "NO", "CUN_MAT": "HORMIGON", "FECHA": "08-2026", "OBS": null }, "geometry": { "type": "LineString", "coordinates": [ [ -68.4582854, -33.1985334 ], [ -68.4576145, -33.1975313 ] ] } },
{ "type": "Feature", "properties": { "id": "way/1526667751", "@id": "way/1526667751", "CORDON": "SI", "cord_estado ": "BUENO", "BANQUINA": "SI", "BANQ_ESTADO": "REGULAR", "BANQ_MAT": "TIERRA", "CUNETA": "NO", "CUN_MAT": "HORMIGON", "FECHA": "08-2026", "OBS": null }, "geometry": { "type": "LineString", "coordinates": [ [ -68.458857, -33.1982978 ], [ -68.4582005, -33.1972872 ] ] } },
{ "type": "Feature", "properties": { "id": "way/1526667752", "@id": "way/1526667752", "CORDON": "SI", "cord_estado ": "BUENO", "BANQUINA": "SI", "BANQ_ESTADO": "REGULAR", "BANQ_MAT": "TIERRA", "CUNETA": "NO", "CUN_MAT": "HORMIGON", "FECHA": "08-2026", "OBS": null }, "geometry": { "type": "LineString", "coordinates": [ [ -68.4572741, -33.1975486 ], [ -68.4563342, -33.1977886 ], [ -68.4562177, -33.1978184 ], [ -68.4552429, -33.1980738 ] ] } },
{ "type": "Feature", "properties": { "id": "way/1526667753", "@id": "way/1526667753", "CORDON": "SI", "cord_estado ": "BUENO", "BANQUINA": "SI", "BANQ_ESTADO": "REGULAR", "BANQ_MAT": "TIERRA", "CUNETA": "NO", "CUN_MAT": "HORMIGON", "FECHA": "08-2026", "OBS": null }, "geometry": { "type": "LineString", "coordinates": [ [ -68.4571552, -33.1974166 ], [ -68.4562836, -33.1976479 ], [ -68.4561728, -33.1976773 ], [ -68.4551861, -33.1979391 ] ] } },
{ "type": "Feature", "properties": { "id": "way/1526667754", "@id": "way/1526667754", "CORDON": "SI", "cord_estado ": "BUENO", "BANQUINA": "SI", "BANQ_ESTADO": "REGULAR", "BANQ_MAT": "TIERRA", "CUNETA": "SI", "CUN_MAT": "HORMIGON", "FECHA": "08-2026", "OBS": null }, "geometry": { "type": "LineString", "coordinates": [ [ -68.4554241, -33.1985521 ], [ -68.4551917, -33.1981711 ] ] } },
{ "type": "Feature", "properties": { "id": "way/1526667755", "@id": "way/1526667755", "CORDON": "NO", "cord_estado ": "BUENO", "BANQUINA": "SI", "BANQ_ESTADO": "REGULAR", "BANQ_MAT": "TIERRA", "CUNETA": "SI", "CUN_MAT": "HORMIGON", "FECHA": "08-2026", "OBS": null }, "geometry": { "type": "LineString", "coordinates": [ [ -68.4537104, -33.1921315 ], [ -68.4530956, -33.1923595 ] ] } },
{ "type": "Feature", "properties": { "id": "way/1526667756", "@id": "way/1526667756", "CORDON": "NO", "cord_estado ": "BUENO", "BANQUINA": "SI", "BANQ_ESTADO": "REGULAR", "BANQ_MAT": "TIERRA", "CUNETA": "SI", "CUN_MAT": "HORMIGON", "FECHA": "08-2026", "OBS": null }, "geometry": { "type": "LineString", "coordinates": [ [ -68.4536111, -33.1919581 ], [ -68.453005, -33.1921858 ] ] } },
{ "type": "Feature", "properties": { "id": "way/1526667757", "@id": "way/1526667757", "CORDON": "SI", "cord_estado ": "BUENO", "BANQUINA": "SI", "BANQ_ESTADO": "REGULAR", "BANQ_MAT": "TIERRA", "CUNETA": "SI", "CUN_MAT": "HORMIGON", "FECHA": "08-2026", "OBS": null }, "geometry": { "type": "LineString", "coordinates": [ [ -68.4551391, -33.1942903 ], [ -68.4546471, -33.1945165 ] ] } },
{ "type": "Feature", "properties": { "id": "way/1526667758", "@id": "way/1526667758", "CORDON": "NO", "cord_estado ": "BUENO", "BANQUINA": "SI", "BANQ_ESTADO": "REGULAR", "BANQ_MAT": "TIERRA", "CUNETA": "NO", "CUN_MAT": "HORMIGON", "FECHA": "08-2026", "OBS": null }, "geometry": { "type": "LineString", "coordinates": [ [ -68.4532005, -33.1913009 ], [ -68.4524926, -33.1915587 ] ] } },
{ "type": "Feature", "properties": { "id": "way/1526667759", "@id": "way/1526667759", "CORDON": "NO", "cord_estado ": "BUENO", "BANQUINA": "SI", "BANQ_ESTADO": "REGULAR", "BANQ_MAT": "TIERRA", "CUNETA": "NO", "CUN_MAT": "HORMIGON", "FECHA": "08-2026", "OBS": null }, "geometry": { "type": "LineString", "coordinates": [ [ -68.4531258, -33.1911597 ], [ -68.4523826, -33.1914248 ] ] } },
{ "type": "Feature", "properties": { "id": "way/1526667760", "@id": "way/1526667760", "CORDON": "SI", "cord_estado ": "BUENO", "BANQUINA": "SI", "BANQ_ESTADO": "REGULAR", "BANQ_MAT": "TIERRA", "CUNETA": "NO", "CUN_MAT": "HORMIGON", "FECHA": "08-2026", "OBS": null }, "geometry": { "type": "LineString", "coordinates": [ [ -68.4525196, -33.1902546 ], [ -68.4517387, -33.1902571 ] ] } },
{ "type": "Feature", "properties": { "id": "way/1526667761", "@id": "way/1526667761", "CORDON": "SI", "cord_estado ": "BUENO", "BANQUINA": "SI", "BANQ_ESTADO": "REGULAR", "BANQ_MAT": "TIERRA", "CUNETA": "NO", "CUN_MAT": "HORMIGON", "FECHA": "08-2026", "OBS": null }, "geometry": { "type": "LineString", "coordinates": [ [ -68.4523796, -33.1900634 ], [ -68.4516019, -33.19006 ] ] } },
{ "type": "Feature", "properties": { "id": "way/1526667762", "@id": "way/1526667762", "CORDON": "NO", "cord_estado ": "BUENO", "BANQUINA": "SI", "BANQ_ESTADO": "REGULAR", "BANQ_MAT": "TIERRA", "CUNETA": "NO", "CUN_MAT": "HORMIGON", "FECHA": "08-2026", "OBS": null }, "geometry": { "type": "LineString", "coordinates": [ [ -68.4528483, -33.1921663 ], [ -68.4524639, -33.191667 ] ] } },
{ "type": "Feature", "properties": { "id": "way/1526667763", "@id": "way/1526667763", "CORDON": "SI", "cord_estado ": "BUENO", "BANQUINA": "SI", "BANQ_ESTADO": "REGULAR", "BANQ_MAT": "TIERRA", "CUNETA": "SI", "CUN_MAT": "HORMIGON", "FECHA": "08-2026", "OBS": null }, "geometry": { "type": "LineString", "coordinates": [ [ -68.4560207, -33.1956296 ], [ -68.4555241, -33.1958046 ] ] } },
{ "type": "Feature", "properties": { "id": "way/1526667764", "@id": "way/1526667764", "CORDON": "SI", "cord_estado ": "BUENO", "BANQUINA": "SI", "BANQ_ESTADO": "REGULAR", "BANQ_MAT": "TIERRA", "CUNETA": "SI", "CUN_MAT": "HORMIGON", "FECHA": "08-2026", "OBS": null }, "geometry": { "type": "LineString", "coordinates": [ [ -68.4559231, -33.1954725 ], [ -68.4554108, -33.1956498 ] ] } },
{ "type": "Feature", "properties": { "id": "way/1526667765", "@id": "way/1526667765", "CORDON": "NO", "cord_estado ": "BUENO", "BANQUINA": "SI", "BANQ_ESTADO": "REGULAR", "BANQ_MAT": "TIERRA", "CUNETA": "SI", "CUN_MAT": "HORMIGON", "FECHA": "08-2026", "OBS": null }, "geometry": { "type": "LineString", "coordinates": [ [ -68.4536376, -33.1962144 ], [ -68.4530353, -33.1953078 ] ] } },
{ "type": "Feature", "properties": { "id": "way/1526667766", "@id": "way/1526667766", "CORDON": "NO", "cord_estado ": "BUENO", "BANQUINA": "SI", "BANQ_ESTADO": "REGULAR", "BANQ_MAT": "TIERRA", "CUNETA": "SI", "CUN_MAT": "HORMIGON", "FECHA": "08-2026", "OBS": null }, "geometry": { "type": "LineString", "coordinates": [ [ -68.4537804, -33.1961657 ], [ -68.4531777, -33.1952456 ] ] } },
{ "type": "Feature", "properties": { "id": "way/1527358185", "@id": "way/1527358185", "CORDON": "SI", "cord_estado ": "BUENO", "BANQUINA": "SI", "BANQ_ESTADO": "REGULAR", "BANQ_MAT": "TIERRA", "CUNETA": "NO", "CUN_MAT": "HORMIGON", "FECHA": "08-2026", "OBS": null }, "geometry": { "type": "LineString", "coordinates": [ [ -68.459842, -33.1998415 ], [ -68.459736, -33.1996632 ] ] } },
{ "type": "Feature", "properties": { "id": "way/1527358186", "@id": "way/1527358186", "CORDON": "SI", "cord_estado ": "BUENO", "BANQUINA": "SI", "BANQ_ESTADO": "REGULAR", "BANQ_MAT": "TIERRA", "CUNETA": "NO", "CUN_MAT": "HORMIGON", "FECHA": "08-2026", "OBS": null }, "geometry": { "type": "LineString", "coordinates": [ [ -68.4592914, -33.2000419 ], [ -68.4591879, -33.1998892 ] ] } },
{ "type": "Feature", "properties": { "id": "way/1527358187", "@id": "way/1527358187", "CORDON": "SI", "cord_estado ": "BUENO", "BANQUINA": "SI", "BANQ_ESTADO": "REGULAR", "BANQ_MAT": "TIERRA", "CUNETA": "NO", "CUN_MAT": "HORMIGON", "FECHA": "08-2026", "OBS": null }, "geometry": { "type": "LineString", "coordinates": [ [ -68.4600852, -33.2012465 ], [ -68.4594837, -33.2003408 ] ] } },
{ "type": "Feature", "properties": { "id": "way/1527358188", "@id": "way/1527358188", "CORDON": "SI", "cord_estado ": "BUENO", "BANQUINA": "SI", "BANQ_ESTADO": "REGULAR", "BANQ_MAT": "TIERRA", "CUNETA": "NO", "CUN_MAT": "HORMIGON", "FECHA": "08-2026", "OBS": null }, "geometry": { "type": "LineString", "coordinates": [ [ -68.4606867, -33.2013472 ], [ -68.46021, -33.2013303 ] ] } },
{ "type": "Feature", "properties": { "id": "way/1527358189", "@id": "way/1527358189", "CORDON": "NO", "cord_estado ": "BUENO", "BANQUINA": "SI", "BANQ_ESTADO": "REGULAR", "BANQ_MAT": "TIERRA", "CUNETA": "SI", "CUN_MAT": "HORMIGON", "FECHA": "08-2026", "OBS": null }, "geometry": { "type": "LineString", "coordinates": [ [ -68.4531669, -33.1985075 ], [ -68.4527696, -33.197873 ] ] } },
{ "type": "Feature", "properties": { "id": "way/1527358190", "@id": "way/1527358190", "CORDON": "NO", "cord_estado ": "BUENO", "BANQUINA": "SI", "BANQ_ESTADO": "REGULAR", "BANQ_MAT": "TIERRA", "CUNETA": "SI", "CUN_MAT": "HORMIGON", "FECHA": "08-2026", "OBS": null }, "geometry": { "type": "LineString", "coordinates": [ [ -68.4535432, -33.1990669 ], [ -68.4533715, -33.1987992 ] ] } },
{ "type": "Feature", "properties": { "id": "way/1527358191", "@id": "way/1527358191", "CORDON": "NO", "cord_estado ": "BUENO", "BANQUINA": "SI", "BANQ_ESTADO": "REGULAR", "BANQ_MAT": "TIERRA", "CUNETA": "SI", "CUN_MAT": "HORMIGON", "FECHA": "08-2026", "OBS": null }, "geometry": { "type": "LineString", "coordinates": [ [ -68.4539078, -33.1996647 ], [ -68.4537271, -33.1993495 ] ] } },
{ "type": "Feature", "properties": { "id": "way/1527358192", "@id": "way/1527358192", "CORDON": "SI", "cord_estado ": "BUENO", "BANQUINA": "SI", "BANQ_ESTADO": "REGULAR", "BANQ_MAT": "TIERRA", "CUNETA": "SI", "CUN_MAT": "HORMIGON", "FECHA": "08-2026", "OBS": null }, "geometry": { "type": "LineString", "coordinates": [ [ -68.4546962, -33.1986691 ], [ -68.4545306, -33.1984006 ] ] } },
{ "type": "Feature", "properties": { "id": "way/1527358200", "@id": "way/1527358200", "CORDON": "SI", "cord_estado ": "BUENO", "BANQUINA": "SI", "BANQ_ESTADO": "REGULAR", "BANQ_MAT": "TIERRA", "CUNETA": "SI", "CUN_MAT": "HORMIGON", "FECHA": "08-2026", "OBS": null }, "geometry": { "type": "LineString", "coordinates": [ [ -68.4552954, -33.1956203 ], [ -68.4546366, -33.1946342 ] ] } },
{ "type": "Feature", "properties": { "id": "way/1527358201", "@id": "way/1527358201", "CORDON": "NO", "cord_estado ": "BUENO", "BANQUINA": "SI", "BANQ_ESTADO": "REGULAR", "BANQ_MAT": "TIERRA", "CUNETA": "SI", "CUN_MAT": "HORMIGON", "FECHA": "08-2026", "OBS": null }, "geometry": { "type": "LineString", "coordinates": [ [ -68.4532969, -33.1928842 ], [ -68.4530433, -33.1924682 ] ] } },
{ "type": "Feature", "properties": { "id": "way/1527358202", "@id": "way/1527358202", "CORDON": "NO", "cord_estado ": "BUENO", "BANQUINA": "SI", "BANQ_ESTADO": "REGULAR", "BANQ_MAT": "TIERRA", "CUNETA": "SI", "CUN_MAT": "HORMIGON", "FECHA": "08-2026", "OBS": null }, "geometry": { "type": "LineString", "coordinates": [ [ -68.453117, -33.1929404 ], [ -68.4528757, -33.1925257 ] ] } },
{ "type": "Feature", "properties": { "id": "way/1527358203", "@id": "way/1527358203", "CORDON": "SI", "cord_estado ": "BUENO", "BANQUINA": "SI", "BANQ_ESTADO": "REGULAR", "BANQ_MAT": "TIERRA", "CUNETA": "SI", "CUN_MAT": "HORMIGON", "FECHA": "08-2026", "OBS": null }, "geometry": { "type": "LineString", "coordinates": [ [ -68.4555156, -33.1962979 ], [ -68.4553081, -33.195958 ] ] } },
{ "type": "Feature", "properties": { "id": "way/1527358204", "@id": "way/1527358204", "CORDON": "SI", "cord_estado ": "BUENO", "BANQUINA": "SI", "BANQ_ESTADO": "REGULAR", "BANQ_MAT": "TIERRA", "CUNETA": "SI", "CUN_MAT": "HORMIGON", "FECHA": "08-2026", "OBS": null }, "geometry": { "type": "LineString", "coordinates": [ [ -68.4556932, -33.1962402 ], [ -68.4554822, -33.1959064 ] ] } },
{ "type": "Feature", "properties": { "id": "way/1527358205", "@id": "way/1527358205", "CORDON": "SI", "cord_estado ": "BUENO", "BANQUINA": "SI", "BANQ_ESTADO": "REGULAR", "BANQ_MAT": "TIERRA", "CUNETA": "NO", "CUN_MAT": "HORMIGON", "FECHA": "08-2026", "OBS": null }, "geometry": { "type": "LineString", "coordinates": [ [ -68.4562427, -33.1999739 ], [ -68.4559879, -33.1995604 ] ] } },
{ "type": "Feature", "properties": { "id": "way/1527358206", "@id": "way/1527358206", "CORDON": "SI", "cord_estado ": "BUENO", "BANQUINA": "SI", "BANQ_ESTADO": "REGULAR", "BANQ_MAT": "TIERRA", "CUNETA": "NO", "CUN_MAT": "HORMIGON", "FECHA": "08-2026", "OBS": null }, "geometry": { "type": "LineString", "coordinates": [ [ -68.4560383, -33.200028 ], [ -68.4557116, -33.1994817 ], [ -68.4556597, -33.199395 ], [ -68.455335, -33.1988518 ] ] } },
{ "type": "Feature", "properties": { "id": "way/1527358207", "@id": "way/1527358207", "CORDON": "NO", "cord_estado ": "BUENO", "BANQUINA": "SI", "BANQ_ESTADO": "REGULAR", "BANQ_MAT": "TIERRA", "CUNETA": "SI", "CUN_MAT": "HORMIGON", "FECHA": "08-2026", "OBS": null }, "geometry": { "type": "LineString", "coordinates": [ [ -68.4552089, -33.1988053 ], [ -68.4548682, -33.1988669 ], [ -68.4544846, -33.1989943 ], [ -68.4543814, -33.1990285 ], [ -68.4537814, -33.1992278 ] ] } },
{ "type": "Feature", "properties": { "id": "way/1527358208", "@id": "way/1527358208", "CORDON": "NO", "cord_estado ": "BUENO", "BANQUINA": "SI", "BANQ_ESTADO": "REGULAR", "BANQ_MAT": "TIERRA", "CUNETA": "SI", "CUN_MAT": "HORMIGON", "FECHA": "08-2026", "OBS": null }, "geometry": { "type": "LineString", "coordinates": [ [ -68.4546361, -33.1987767 ], [ -68.4544065, -33.1988535 ], [ -68.4543129, -33.1988849 ], [ -68.4537041, -33.1990888 ] ] } },
{ "type": "Feature", "properties": { "id": "way/1527358209", "@id": "way/1527358209", "CORDON": "NO", "cord_estado ": "BUENO", "BANQUINA": "SI", "BANQ_ESTADO": "REGULAR", "BANQ_MAT": "TIERRA", "CUNETA": "SI", "CUN_MAT": "HORMIGON", "FECHA": "08-2026", "OBS": null }, "geometry": { "type": "LineString", "coordinates": [ [ -68.4547598, -33.1980554 ], [ -68.4540545, -33.1982853 ], [ -68.4539605, -33.1983159 ], [ -68.4533013, -33.1985308 ] ] } },
{ "type": "Feature", "properties": { "id": "way/1527358210", "@id": "way/1527358210", "CORDON": "NO", "cord_estado ": "BUENO", "BANQUINA": "SI", "BANQ_ESTADO": "REGULAR", "BANQ_MAT": "TIERRA", "CUNETA": "SI", "CUN_MAT": "HORMIGON", "FECHA": "08-2026", "OBS": null }, "geometry": { "type": "LineString", "coordinates": [ [ -68.4543921, -33.1983634 ], [ -68.4541635, -33.1984389 ], [ -68.4540693, -33.19847 ], [ -68.4534023, -33.1986903 ] ] } },
{ "type": "Feature", "properties": { "id": "way/1527358211", "@id": "way/1527358211", "CORDON": "NO", "cord_estado ": "BUENO", "BANQUINA": "SI", "BANQ_ESTADO": "REGULAR", "BANQ_MAT": "TIERRA", "CUNETA": "SI", "CUN_MAT": "HORMIGON", "FECHA": "08-2026", "OBS": null }, "geometry": { "type": "LineString", "coordinates": [ [ -68.4565981, -33.1965459 ], [ -68.4556638, -33.1967953 ], [ -68.4555531, -33.1968248 ], [ -68.4545579, -33.1970904 ], [ -68.4544398, -33.1971219 ], [ -68.4536422, -33.1973348 ], [ -68.4535215, -33.197367 ], [ -68.4527372, -33.1975763 ] ] } },
{ "type": "Feature", "properties": { "id": "way/1527358212", "@id": "way/1527358212", "CORDON": "NO", "cord_estado ": "BUENO", "BANQUINA": "SI", "BANQ_ESTADO": "REGULAR", "BANQ_MAT": "TIERRA", "CUNETA": "NO", "CUN_MAT": "HORMIGON", "FECHA": "08-2026", "OBS": null }, "geometry": { "type": "LineString", "coordinates": [ [ -68.4567017, -33.1967191 ], [ -68.4557652, -33.196968 ], [ -68.4556491, -33.1969989 ], [ -68.4546266, -33.1972706 ], [ -68.4545146, -33.1973003 ], [ -68.4537141, -33.1975131 ], [ -68.4536009, -33.1975432 ], [ -68.4528251, -33.1977493 ] ] } },
{ "type": "Feature", "properties": { "id": "way/1527358213", "@id": "way/1527358213", "CORDON": "NO", "cord_estado ": "BUENO", "BANQUINA": "SI", "BANQ_ESTADO": "REGULAR", "BANQ_MAT": "TIERRA", "CUNETA": "NO", "CUN_MAT": "HORMIGON", "FECHA": "08-2026", "OBS": null }, "geometry": { "type": "LineString", "coordinates": [ [ -68.4525803, -33.1975399 ], [ -68.4522801, -33.1970554 ] ] } },
{ "type": "Feature", "properties": { "id": "way/1527358214", "@id": "way/1527358214", "CORDON": "NO", "cord_estado ": "BUENO", "BANQUINA": "SI", "BANQ_ESTADO": "REGULAR", "BANQ_MAT": "TIERRA", "CUNETA": "NO", "CUN_MAT": "HORMIGON", "FECHA": "08-2026", "OBS": null }, "geometry": { "type": "LineString", "coordinates": [ [ -68.4514079, -33.1956775 ], [ -68.4506144, -33.1944593 ], [ -68.4505496, -33.1943597 ], [ -68.4500414, -33.193579 ] ] } },
{ "type": "Feature", "properties": { "id": "way/1527358215", "@id": "way/1527358215", "CORDON": "NO", "cord_estado ": "BUENO", "BANQUINA": "SI", "BANQ_ESTADO": "REGULAR", "BANQ_MAT": "TIERRA", "CUNETA": "NO", "CUN_MAT": "HORMIGON", "FECHA": "08-2026", "OBS": null }, "geometry": { "type": "LineString", "coordinates": [ [ -68.4502925, -33.1943506 ], [ -68.4498474, -33.1936388 ] ] } },
{ "type": "Feature", "properties": { "id": "way/1527358216", "@id": "way/1527358216", "CORDON": "NO", "cord_estado ": "BUENO", "BANQUINA": "SI", "BANQ_ESTADO": "REGULAR", "BANQ_MAT": "TIERRA", "CUNETA": "SI", "CUN_MAT": "HORMIGON", "FECHA": "08-2026", "OBS": null }, "geometry": { "type": "LineString", "coordinates": [ [ -68.4498409, -33.1944978 ], [ -68.4493982, -33.1938114 ] ] } },
{ "type": "Feature", "properties": { "id": "way/1527358217", "@id": "way/1527358217", "CORDON": "NO", "cord_estado ": "BUENO", "BANQUINA": "SI", "BANQ_ESTADO": "REGULAR", "BANQ_MAT": "TIERRA", "CUNETA": "NO", "CUN_MAT": "HORMIGON", "FECHA": "08-2026", "OBS": null }, "geometry": { "type": "LineString", "coordinates": [ [ -68.455167, -33.1959273 ], [ -68.4542828, -33.1962373 ], [ -68.4541662, -33.1962782 ], [ -68.4532598, -33.196596 ], [ -68.4531635, -33.1966329 ], [ -68.4523442, -33.1969171 ] ] } },
{ "type": "Feature", "properties": { "id": "way/1527358218", "@id": "way/1527358218", "CORDON": "NO", "cord_estado ": "BUENO", "BANQUINA": "SI", "BANQ_ESTADO": "REGULAR", "BANQ_MAT": "TIERRA", "CUNETA": "NO", "CUN_MAT": "HORMIGON", "FECHA": "08-2026", "OBS": null }, "geometry": { "type": "LineString", "coordinates": [ [ -68.4524127, -33.1967065 ], [ -68.4521931, -33.19678 ] ] } },
{ "type": "Feature", "properties": { "id": "way/1527358219", "@id": "way/1527358219", "CORDON": "NO", "cord_estado ": "BUENO", "BANQUINA": "SI", "BANQ_ESTADO": "REGULAR", "BANQ_MAT": "TIERRA", "CUNETA": "SI", "CUN_MAT": "HORMIGON", "FECHA": "08-2026", "OBS": null }, "geometry": { "type": "LineString", "coordinates": [ [ -68.4529797, -33.1965082 ], [ -68.4527262, -33.1965985 ] ] } },
{ "type": "Feature", "properties": { "id": "way/1527358220", "@id": "way/1527358220", "CORDON": "NO", "cord_estado ": "BUENO", "BANQUINA": "SI", "BANQ_ESTADO": "REGULAR", "BANQ_MAT": "TIERRA", "CUNETA": "SI", "CUN_MAT": "HORMIGON", "FECHA": "08-2026", "OBS": null }, "geometry": { "type": "LineString", "coordinates": [ [ -68.4535853, -33.1962921 ], [ -68.4532858, -33.1963966 ] ] } },
{ "type": "Feature", "properties": { "id": "way/1527358221", "@id": "way/1527358221", "CORDON": "NO", "cord_estado ": "BUENO", "BANQUINA": "SI", "BANQ_ESTADO": "REGULAR", "BANQ_MAT": "TIERRA", "CUNETA": "SI", "CUN_MAT": "HORMIGON", "FECHA": "08-2026", "OBS": null }, "geometry": { "type": "LineString", "coordinates": [ [ -68.4550926, -33.1957689 ], [ -68.4541787, -33.1960923 ], [ -68.4540926, -33.1961228 ], [ -68.4538977, -33.1961918 ] ] } },
{ "type": "Feature", "properties": { "id": "way/1527358222", "@id": "way/1527358222", "CORDON": "NO", "cord_estado ": "BUENO", "BANQUINA": "SI", "BANQ_ESTADO": "REGULAR", "BANQ_MAT": "TIERRA", "CUNETA": "SI", "CUN_MAT": "HORMIGON", "FECHA": "08-2026", "OBS": null }, "geometry": { "type": "LineString", "coordinates": [ [ -68.4550342, -33.1941299 ], [ -68.4544701, -33.1943847 ], [ -68.4543521, -33.194438 ], [ -68.4534873, -33.1948287 ], [ -68.4533888, -33.1948732 ], [ -68.4531319, -33.1949892 ] ] } },
{ "type": "Feature", "properties": { "id": "way/1527358223", "@id": "way/1527358223", "CORDON": "NO", "cord_estado ": "BUENO", "BANQUINA": "SI", "BANQ_ESTADO": "REGULAR", "BANQ_MAT": "TIERRA", "CUNETA": "NO", "CUN_MAT": "HORMIGON", "FECHA": "08-2026", "OBS": null }, "geometry": { "type": "LineString", "coordinates": [ [ -68.4517378, -33.195619 ], [ -68.4515443, -33.1957064 ] ] } },
{ "type": "Feature", "properties": { "id": "way/1527358224", "@id": "way/1527358224", "CORDON": "NO", "cord_estado ": "BUENO", "BANQUINA": "SI", "BANQ_ESTADO": "REGULAR", "BANQ_MAT": "TIERRA", "CUNETA": "SI", "CUN_MAT": "HORMIGON", "FECHA": "08-2026", "OBS": null }, "geometry": { "type": "LineString", "coordinates": [ [ -68.4528321, -33.1951247 ], [ -68.4525774, -33.195242 ] ] } },
{ "type": "Feature", "properties": { "id": "way/1527358225", "@id": "way/1527358225", "CORDON": "NO", "cord_estado ": "BUENO", "BANQUINA": "SI", "BANQ_ESTADO": "REGULAR", "BANQ_MAT": "TIERRA", "CUNETA": "NO", "CUN_MAT": "HORMIGON", "FECHA": "08-2026", "OBS": null }, "geometry": { "type": "LineString", "coordinates": [ [ -68.4518303, -33.1957821 ], [ -68.4516055, -33.1958855 ] ] } },
{ "type": "Feature", "properties": { "id": "way/1527358226", "@id": "way/1527358226", "CORDON": "NO", "cord_estado ": "BUENO", "BANQUINA": "SI", "BANQ_ESTADO": "REGULAR", "BANQ_MAT": "TIERRA", "CUNETA": "NO", "CUN_MAT": "HORMIGON", "FECHA": "08-2026", "OBS": null }, "geometry": { "type": "LineString", "coordinates": [ [ -68.4523826, -33.1955283 ], [ -68.4521166, -33.1956505 ] ] } },
{ "type": "Feature", "properties": { "id": "way/1527358227", "@id": "way/1527358227", "CORDON": "NO", "cord_estado ": "BUENO", "BANQUINA": "SI", "BANQ_ESTADO": "REGULAR", "BANQ_MAT": "TIERRA", "CUNETA": "SI", "CUN_MAT": "HORMIGON", "FECHA": "08-2026", "OBS": null }, "geometry": { "type": "LineString", "coordinates": [ [ -68.4529222, -33.1952802 ], [ -68.452667, -33.1953975 ] ] } },
{ "type": "Feature", "properties": { "id": "way/1527358228", "@id": "way/1527358228", "CORDON": "NO", "cord_estado ": "BUENO", "BANQUINA": "SI", "BANQ_ESTADO": "REGULAR", "BANQ_MAT": "TIERRA", "CUNETA": "SI", "CUN_MAT": "HORMIGON", "FECHA": "08-2026", "OBS": null }, "geometry": { "type": "LineString", "coordinates": [ [ -68.4543431, -33.1946553 ], [ -68.4535902, -33.194991 ], [ -68.4535002, -33.1950313 ], [ -68.4532229, -33.1951555 ] ] } },
{ "type": "Feature", "properties": { "id": "way/1527358229", "@id": "way/1527358229", "CORDON": "SI", "cord_estado ": "BUENO", "BANQUINA": "SI", "BANQ_ESTADO": "REGULAR", "BANQ_MAT": "TIERRA", "CUNETA": "SI", "CUN_MAT": "HORMIGON", "FECHA": "08-2026", "OBS": null }, "geometry": { "type": "LineString", "coordinates": [ [ -68.4551303, -33.1956811 ], [ -68.4544785, -33.1946952 ] ] } },
{ "type": "Feature", "properties": { "id": "way/1527358231", "@id": "way/1527358231", "CORDON": "NO", "cord_estado ": "BUENO", "BANQUINA": "SI", "BANQ_ESTADO": "REGULAR", "BANQ_MAT": "TIERRA", "CUNETA": "NO", "CUN_MAT": "HORMIGON", "FECHA": "08-2026", "OBS": null }, "geometry": { "type": "LineString", "coordinates": [ [ -68.451503, -33.1962421 ], [ -68.451326, -33.1959579 ], [ -68.451268, -33.1958648 ], [ -68.4505058, -33.1946414 ] ] } },
{ "type": "Feature", "properties": { "id": "way/1527358232", "@id": "way/1527358232", "CORDON": "NO", "cord_estado ": "BUENO", "BANQUINA": "SI", "BANQ_ESTADO": "REGULAR", "BANQ_MAT": "TIERRA", "CUNETA": "NO", "CUN_MAT": "HORMIGON", "FECHA": "08-2026", "OBS": null }, "geometry": { "type": "LineString", "coordinates": [ [ -68.4597836, -33.2013109 ], [ -68.4596493, -33.2012913 ], [ -68.4582879, -33.2009335 ], [ -68.4582398, -33.2009209 ], [ -68.4581878, -33.2009063 ], [ -68.4564474, -33.2004168 ], [ -68.45632, -33.200381 ], [ -68.4551026, -33.2000386 ], [ -68.4549707, -33.2000033 ], [ -68.454047, -33.1997418 ] ] } },
{ "type": "Feature", "properties": { "id": "way/1527358233", "@id": "way/1527358233", "CORDON": "SI", "cord_estado ": "BUENO", "BANQUINA": "SI", "BANQ_ESTADO": "REGULAR", "BANQ_MAT": "TIERRA", "CUNETA": "SI", "CUN_MAT": "HORMIGON", "FECHA": "08-2026", "OBS": null }, "geometry": { "type": "LineString", "coordinates": [ [ -68.460268, -33.1967029 ], [ -68.4601353, -33.196497 ] ] } },
{ "type": "Feature", "properties": { "id": "way/1527358234", "@id": "way/1527358234", "CORDON": "SI", "cord_estado ": "BUENO", "BANQUINA": "SI", "BANQ_ESTADO": "REGULAR", "BANQ_MAT": "TIERRA", "CUNETA": "SI", "CUN_MAT": "HORMIGON", "FECHA": "08-2026", "OBS": null }, "geometry": { "type": "LineString", "coordinates": [ [ -68.460475, -33.1966025 ], [ -68.4603443, -33.1964178 ] ] } },
{ "type": "Feature", "properties": { "id": "way/1527358235", "@id": "way/1527358235", "CORDON": "SI", "cord_estado ": "BUENO", "BANQUINA": "SI", "BANQ_ESTADO": "REGULAR", "BANQ_MAT": "TIERRA", "CUNETA": "NO", "CUN_MAT": "HORMIGON", "FECHA": "08-2026", "OBS": null }, "geometry": { "type": "LineString", "coordinates": [ [ -68.4618368, -33.1970181 ], [ -68.4609182, -33.1974418 ], [ -68.4608362, -33.1974797 ], [ -68.4602231, -33.1977625 ] ] } },
{ "type": "Feature", "properties": { "id": "way/1527358236", "@id": "way/1527358236", "CORDON": "SI", "cord_estado ": "BUENO", "BANQUINA": "SI", "BANQ_ESTADO": "REGULAR", "BANQ_MAT": "TIERRA", "CUNETA": "NO", "CUN_MAT": "HORMIGON", "FECHA": "08-2026", "OBS": null }, "geometry": { "type": "LineString", "coordinates": [ [ -68.4600816, -33.1977259 ], [ -68.4594854, -33.1967927 ] ] } },
{ "type": "Feature", "properties": { "id": "way/1528936250", "@id": "way/1528936250", "CORDON": "SI", "cord_estado ": "BUENO", "BANQUINA": "NO", "BANQ_ESTADO": "REGULAR", "BANQ_MAT": "TIERRA", "CUNETA": "SI", "CUN_MAT": "HORMIGON", "FECHA": "08-2026", "OBS": null }, "geometry": { "type": "LineString", "coordinates": [ [ -68.4675455, -33.2017075 ], [ -68.4672983, -33.2017057 ] ] } },
{ "type": "Feature", "properties": { "id": "way/1528936251", "@id": "way/1528936251", "CORDON": "SI", "cord_estado ": "BUENO", "BANQUINA": "NO", "BANQ_ESTADO": "REGULAR", "BANQ_MAT": "TIERRA", "CUNETA": "SI", "CUN_MAT": "HORMIGON", "FECHA": "08-2026", "OBS": null }, "geometry": { "type": "LineString", "coordinates": [ [ -68.4668478, -33.2017103 ], [ -68.4665828, -33.2017109 ] ] } },
{ "type": "Feature", "properties": { "id": "way/1528936252", "@id": "way/1528936252", "CORDON": "SI", "cord_estado ": "BUENO", "BANQUINA": "NO", "BANQ_ESTADO": "REGULAR", "BANQ_MAT": "TIERRA", "CUNETA": "SI", "CUN_MAT": "HORMIGON", "FECHA": "08-2026", "OBS": null }, "geometry": { "type": "LineString", "coordinates": [ [ -68.4661616, -33.2017022 ], [ -68.4653787, -33.201708 ] ] } },
{ "type": "Feature", "properties": { "id": "way/1528936253", "@id": "way/1528936253", "CORDON": "SI", "cord_estado ": "BUENO", "BANQUINA": "NO", "BANQ_ESTADO": "REGULAR", "BANQ_MAT": "TIERRA", "CUNETA": "SI", "CUN_MAT": "HORMIGON", "FECHA": "08-2026", "OBS": null }, "geometry": { "type": "LineString", "coordinates": [ [ -68.4649139, -33.201695 ], [ -68.4645424, -33.2016789 ] ] } },
{ "type": "Feature", "properties": { "id": "way/1528936254", "@id": "way/1528936254", "CORDON": "SI", "cord_estado ": "BUENO", "BANQUINA": "NO", "BANQ_ESTADO": "REGULAR", "BANQ_MAT": "TIERRA", "CUNETA": "SI", "CUN_MAT": "HORMIGON", "FECHA": "08-2026", "OBS": null }, "geometry": { "type": "LineString", "coordinates": [ [ -68.4643113, -33.2019792 ], [ -68.4641829, -33.2019516 ], [ -68.4640536, -33.2019276 ], [ -68.463902, -33.2019053 ] ] } },
{ "type": "Feature", "properties": { "id": "way/1528936255", "@id": "way/1528936255", "CORDON": "SI", "cord_estado ": "BUENO", "BANQUINA": "NO", "BANQ_ESTADO": "REGULAR", "BANQ_MAT": "TIERRA", "CUNETA": "SI", "CUN_MAT": "HORMIGON", "FECHA": "08-2026", "OBS": null }, "geometry": { "type": "LineString", "coordinates": [ [ -68.4665406, -33.2025029 ], [ -68.4658922, -33.20272 ] ] } },
{ "type": "Feature", "properties": { "id": "way/1528936256", "@id": "way/1528936256", "CORDON": "SI", "cord_estado ": "BUENO", "BANQUINA": "NO", "BANQ_ESTADO": "REGULAR", "BANQ_MAT": "TIERRA", "CUNETA": "SI", "CUN_MAT": "HORMIGON", "FECHA": "08-2026", "OBS": null }, "geometry": { "type": "LineString", "coordinates": [ [ -68.4664739, -33.2023625 ], [ -68.4658277, -33.2025752 ] ] } },
{ "type": "Feature", "properties": { "id": "way/1528936257", "@id": "way/1528936257", "CORDON": "SI", "cord_estado ": "BUENO", "BANQUINA": "NO", "BANQ_ESTADO": "REGULAR", "BANQ_MAT": "TIERRA", "CUNETA": "SI", "CUN_MAT": "HORMIGON", "FECHA": "08-2026", "OBS": null }, "geometry": { "type": "LineString", "coordinates": [ [ -68.4667733, -33.2030887 ], [ -68.4660757, -33.2030826 ] ] } },
{ "type": "Feature", "properties": { "id": "way/1528936258", "@id": "way/1528936258", "CORDON": "SI", "cord_estado ": "BUENO", "BANQUINA": "NO", "BANQ_ESTADO": "REGULAR", "BANQ_MAT": "TIERRA", "CUNETA": "SI", "CUN_MAT": "HORMIGON", "FECHA": "08-2026", "OBS": null }, "geometry": { "type": "LineString", "coordinates": [ [ -68.4675102, -33.2030892 ], [ -68.4672238, -33.2030904 ] ] } },
{ "type": "Feature", "properties": { "id": "way/1528936259", "@id": "way/1528936259", "CORDON": "SI", "cord_estado ": "BUENO", "BANQUINA": "NO", "BANQ_ESTADO": "REGULAR", "BANQ_MAT": "TIERRA", "CUNETA": "SI", "CUN_MAT": "HORMIGON", "FECHA": "08-2026", "OBS": null }, "geometry": { "type": "LineString", "coordinates": [ [ -68.465653, -33.203077 ], [ -68.4653629, -33.2030787 ] ] } },
{ "type": "Feature", "properties": { "id": "way/1528936260", "@id": "way/1528936260", "CORDON": "SI", "cord_estado ": "BUENO", "BANQUINA": "NO", "BANQ_ESTADO": "REGULAR", "BANQ_MAT": "TIERRA", "CUNETA": "SI", "CUN_MAT": "HORMIGON", "FECHA": "08-2026", "OBS": null }, "geometry": { "type": "LineString", "coordinates": [ [ -68.4657851, -33.2032588 ], [ -68.4654717, -33.2032556 ] ] } },
{ "type": "Feature", "properties": { "id": "way/1528936261", "@id": "way/1528936261", "CORDON": "SI", "cord_estado ": "BUENO", "BANQUINA": "NO", "BANQ_ESTADO": "REGULAR", "BANQ_MAT": "TIERRA", "CUNETA": "SI", "CUN_MAT": "HORMIGON", "FECHA": "08-2026", "OBS": null }, "geometry": { "type": "LineString", "coordinates": [ [ -68.4664091, -33.2043734 ], [ -68.4661763, -33.2044834 ] ] } },
{ "type": "Feature", "properties": { "id": "way/1528936262", "@id": "way/1528936262", "CORDON": "SI", "cord_estado ": "BUENO", "BANQUINA": "NO", "BANQ_ESTADO": "REGULAR", "BANQ_MAT": "TIERRA", "CUNETA": "SI", "CUN_MAT": "HORMIGON", "FECHA": "08-2026", "OBS": null }, "geometry": { "type": "LineString", "coordinates": [ [ -68.46695, -33.2039856 ], [ -68.46671, -33.2041586 ] ] } },
{ "type": "Feature", "properties": { "id": "way/1528936263", "@id": "way/1528936263", "CORDON": "SI", "cord_estado ": "BUENO", "BANQUINA": "NO", "BANQ_ESTADO": "REGULAR", "BANQ_MAT": "TIERRA", "CUNETA": "SI", "CUN_MAT": "HORMIGON", "FECHA": "08-2026", "OBS": null }, "geometry": { "type": "LineString", "coordinates": [ [ -68.4664918, -33.2032503 ], [ -68.4662037, -33.2032489 ] ] } },
{ "type": "Feature", "properties": { "id": "way/1528936264", "@id": "way/1528936264", "CORDON": "SI", "cord_estado ": "BUENO", "BANQUINA": "NO", "BANQ_ESTADO": "REGULAR", "BANQ_MAT": "TIERRA", "CUNETA": "SI", "CUN_MAT": "HORMIGON", "FECHA": "08-2026", "OBS": null }, "geometry": { "type": "LineString", "coordinates": [ [ -68.4672311, -33.2018029 ], [ -68.4677757, -33.2029341 ] ] } },
{ "type": "Feature", "properties": { "id": "way/1528936265", "@id": "way/1528936265", "CORDON": "SI", "cord_estado ": "BUENO", "BANQUINA": "NO", "BANQ_ESTADO": "REGULAR", "BANQ_MAT": "TIERRA", "CUNETA": "SI", "CUN_MAT": "HORMIGON", "FECHA": "08-2026", "OBS": null }, "geometry": { "type": "LineString", "coordinates": [ [ -68.4669753, -33.2017797 ], [ -68.4675632, -33.2029926 ] ] } },
{ "type": "Feature", "properties": { "id": "way/1528936266", "@id": "way/1528936266", "CORDON": "SI", "cord_estado ": "BUENO", "BANQUINA": "NO", "BANQ_ESTADO": "REGULAR", "BANQ_MAT": "TIERRA", "CUNETA": "SI", "CUN_MAT": "HORMIGON", "FECHA": "08-2026", "OBS": null }, "geometry": { "type": "LineString", "coordinates": [ [ -68.4676607, -33.2017581 ], [ -68.4680803, -33.2026296 ] ] } },
{ "type": "Feature", "properties": { "id": "way/1528936267", "@id": "way/1528936267", "CORDON": "SI", "cord_estado ": "BUENO", "BANQUINA": "NO", "BANQ_ESTADO": "REGULAR", "BANQ_MAT": "TIERRA", "CUNETA": "SI", "CUN_MAT": "HORMIGON", "FECHA": "08-2026", "OBS": null }, "geometry": { "type": "LineString", "coordinates": [ [ -68.4665284, -33.2017872 ], [ -68.4671103, -33.2030102 ] ] } },
{ "type": "Feature", "properties": { "id": "way/1528936268", "@id": "way/1528936268", "CORDON": "SI", "cord_estado ": "BUENO", "BANQUINA": "NO", "BANQ_ESTADO": "REGULAR", "BANQ_MAT": "TIERRA", "CUNETA": "SI", "CUN_MAT": "HORMIGON", "FECHA": "08-2026", "OBS": null }, "geometry": { "type": "LineString", "coordinates": [ [ -68.4662966, -33.201777 ], [ -68.4665173, -33.2022411 ] ] } },
{ "type": "Feature", "properties": { "id": "way/1528936269", "@id": "way/1528936269", "CORDON": "SI", "cord_estado ": "BUENO", "BANQUINA": "NO", "BANQ_ESTADO": "REGULAR", "BANQ_MAT": "TIERRA", "CUNETA": "SI", "CUN_MAT": "HORMIGON", "FECHA": "08-2026", "OBS": null }, "geometry": { "type": "LineString", "coordinates": [ [ -68.4666688, -33.2025598 ], [ -68.4668764, -33.2029967 ] ] } },
{ "type": "Feature", "properties": { "id": "way/1528936270", "@id": "way/1528936270", "CORDON": "SI", "cord_estado ": "BUENO", "BANQUINA": "NO", "BANQ_ESTADO": "REGULAR", "BANQ_MAT": "TIERRA", "CUNETA": "SI", "CUN_MAT": "HORMIGON", "FECHA": "08-2026", "OBS": null }, "geometry": { "type": "LineString", "coordinates": [ [ -68.4650362, -33.2017661 ], [ -68.4657075, -33.2029768 ] ] } },
{ "type": "Feature", "properties": { "id": "way/1528936271", "@id": "way/1528936271", "CORDON": "SI", "cord_estado ": "BUENO", "BANQUINA": "NO", "BANQ_ESTADO": "REGULAR", "BANQ_MAT": "TIERRA", "CUNETA": "SI", "CUN_MAT": "HORMIGON", "FECHA": "08-2026", "OBS": null }, "geometry": { "type": "LineString", "coordinates": [ [ -68.4652918, -33.2018056 ], [ -68.465692, -33.2025312 ] ] } },
{ "type": "Feature", "properties": { "id": "way/1528936272", "@id": "way/1528936272", "CORDON": "SI", "cord_estado ": "BUENO", "BANQUINA": "NO", "BANQ_ESTADO": "REGULAR", "BANQ_MAT": "TIERRA", "CUNETA": "SI", "CUN_MAT": "HORMIGON", "FECHA": "08-2026", "OBS": null }, "geometry": { "type": "LineString", "coordinates": [ [ -68.4658338, -33.2028126 ], [ -68.4659501, -33.2030111 ] ] } },
{ "type": "Feature", "properties": { "id": "way/1528936273", "@id": "way/1528936273", "CORDON": "SI", "cord_estado ": "BUENO", "BANQUINA": "NO", "BANQ_ESTADO": "REGULAR", "BANQ_MAT": "TIERRA", "CUNETA": "SI", "CUN_MAT": "HORMIGON", "FECHA": "08-2026", "OBS": null }, "geometry": { "type": "LineString", "coordinates": [ [ -68.4645033, -33.2017718 ], [ -68.4652417, -33.2030144 ] ] } },
{ "type": "Feature", "properties": { "id": "way/1528936274", "@id": "way/1528936274", "CORDON": "SI", "cord_estado ": "BUENO", "BANQUINA": "NO", "BANQ_ESTADO": "REGULAR", "BANQ_MAT": "TIERRA", "CUNETA": "SI", "CUN_MAT": "HORMIGON", "FECHA": "08-2026", "OBS": null }, "geometry": { "type": "LineString", "coordinates": [ [ -68.4661313, -33.2033291 ], [ -68.4666123, -33.2041201 ] ] } },
{ "type": "Feature", "properties": { "id": "way/1528936275", "@id": "way/1528936275", "CORDON": "SI", "cord_estado ": "BUENO", "BANQUINA": "NO", "BANQ_ESTADO": "REGULAR", "BANQ_MAT": "TIERRA", "CUNETA": "SI", "CUN_MAT": "HORMIGON", "FECHA": "08-2026", "OBS": null }, "geometry": { "type": "LineString", "coordinates": [ [ -68.465895, -33.2033289 ], [ -68.4664365, -33.2042426 ] ] } },
{ "type": "Feature", "properties": { "id": "way/1528936276", "@id": "way/1528936276", "CORDON": "SI", "cord_estado ": "BUENO", "BANQUINA": "NO", "BANQ_ESTADO": "REGULAR", "BANQ_MAT": "TIERRA", "CUNETA": "SI", "CUN_MAT": "HORMIGON", "FECHA": "08-2026", "OBS": null }, "geometry": { "type": "LineString", "coordinates": [ [ -68.4653962, -33.2033402 ], [ -68.4660703, -33.2044526 ] ] } },
{ "type": "Feature", "properties": { "id": "way/1528936277", "@id": "way/1528936277", "CORDON": "SI", "cord_estado ": "BUENO", "BANQUINA": "NO", "BANQ_ESTADO": "REGULAR", "BANQ_MAT": "TIERRA", "CUNETA": "SI", "CUN_MAT": "HORMIGON", "FECHA": "08-2026", "OBS": null }, "geometry": { "type": "LineString", "coordinates": [ [ -68.4665939, -33.2033127 ], [ -68.4669412, -33.2038815 ] ] } },
{ "type": "Feature", "properties": { "id": "way/1528936278", "@id": "way/1528936278", "CORDON": "SI", "cord_estado ": "BUENO", "BANQUINA": "NO", "BANQ_ESTADO": "REGULAR", "BANQ_MAT": "TIERRA", "CUNETA": "SI", "CUN_MAT": "HORMIGON", "FECHA": "08-2026", "OBS": null }, "geometry": { "type": "LineString", "coordinates": [ [ -68.4668703, -33.2033574 ], [ -68.4670932, -33.2037332 ] ] } },
{ "type": "Feature", "properties": { "id": "way/1528936279", "@id": "way/1528936279", "CORDON": "SI", "cord_estado ": "BUENO", "BANQUINA": "NO", "BANQ_ESTADO": "REGULAR", "BANQ_MAT": "TIERRA", "CUNETA": "SI", "CUN_MAT": "HORMIGON", "FECHA": "08-2026", "OBS": null }, "geometry": { "type": "LineString", "coordinates": [ [ -68.468065, -33.2027346 ], [ -68.4679766, -33.2028062 ], [ -68.4679218, -33.2028768 ], [ -68.4678705, -33.2029518 ] ] } },
{ "type": "Feature", "properties": { "id": "way/1528936280", "@id": "way/1528936280", "CORDON": "SI", "cord_estado ": "BUENO", "BANQUINA": "NO", "BANQ_ESTADO": "REGULAR", "BANQ_MAT": "TIERRA", "CUNETA": "SI", "CUN_MAT": "HORMIGON", "FECHA": "08-2026", "OBS": null }, "geometry": { "type": "LineString", "coordinates": [ [ -68.467951, -33.2018676 ], [ -68.4683181, -33.2026408 ] ] } },
{ "type": "Feature", "properties": { "id": "way/1528936281", "@id": "way/1528936281", "CORDON": "SI", "cord_estado ": "BUENO", "BANQUINA": "NO", "BANQ_ESTADO": "REGULAR", "BANQ_MAT": "TIERRA", "CUNETA": "NO", "CUN_MAT": "HORMIGON", "FECHA": "08-2026", "OBS": null }, "geometry": { "type": "LineString", "coordinates": [ [ -68.4629102, -33.2016336 ], [ -68.462126, -33.2016171 ], [ -68.4619998, -33.2016144 ], [ -68.4611615, -33.2015967 ], [ -68.4610263, -33.2015938 ], [ -68.4603786, -33.2015802 ] ] } },
{ "type": "Feature", "properties": { "id": "way/1528936283", "@id": "way/1528936283", "CORDON": "SI", "cord_estado ": "BUENO", "BANQUINA": "NO", "BANQ_ESTADO": "REGULAR", "BANQ_MAT": "TIERRA", "CUNETA": "SI", "CUN_MAT": "HORMIGON", "FECHA": "08-2026", "OBS": null }, "geometry": { "type": "LineString", "coordinates": [ [ -68.4637202, -33.2024465 ], [ -68.4632752, -33.2024538 ] ] } },
{ "type": "Feature", "properties": { "id": "way/1528936284", "@id": "way/1528936284", "CORDON": "SI", "cord_estado ": "BUENO", "BANQUINA": "NO", "BANQ_ESTADO": "REGULAR", "BANQ_MAT": "TIERRA", "CUNETA": "SI", "CUN_MAT": "HORMIGON", "FECHA": "08-2026", "OBS": null }, "geometry": { "type": "LineString", "coordinates": [ [ -68.464552, -33.2024265 ], [ -68.4640976, -33.2024362 ] ] } },
{ "type": "Feature", "properties": { "id": "way/1528936285", "@id": "way/1528936285", "CORDON": "SI", "cord_estado ": "BUENO", "BANQUINA": "NO", "BANQ_ESTADO": "REGULAR", "BANQ_MAT": "TIERRA", "CUNETA": "SI", "CUN_MAT": "HORMIGON", "FECHA": "08-2026", "OBS": null }, "geometry": { "type": "LineString", "coordinates": [ [ -68.4632805, -33.2025995 ], [ -68.463889, -33.2025885 ], [ -68.4639907, -33.2025866 ], [ -68.4645516, -33.2025764 ] ] } },
{ "type": "Feature", "properties": { "id": "way/1528936286", "@id": "way/1528936286", "CORDON": "SI", "cord_estado ": "BUENO", "BANQUINA": "NO", "BANQ_ESTADO": "REGULAR", "BANQ_MAT": "TIERRA", "CUNETA": "SI", "CUN_MAT": "HORMIGON", "FECHA": "08-2026", "OBS": null }, "geometry": { "type": "LineString", "coordinates": [ [ -68.4645658, -33.2029736 ], [ -68.4640106, -33.2029849 ], [ -68.463898, -33.2029871 ], [ -68.4632881, -33.2029988 ] ] } },
{ "type": "Feature", "properties": { "id": "way/1528936287", "@id": "way/1528936287", "CORDON": "SI", "cord_estado ": "BUENO", "BANQUINA": "NO", "BANQ_ESTADO": "REGULAR", "BANQ_MAT": "TIERRA", "CUNETA": "SI", "CUN_MAT": "HORMIGON", "FECHA": "08-2026", "OBS": null }, "geometry": { "type": "LineString", "coordinates": [ [ -68.464427, -33.2020463 ], [ -68.4645939, -33.2023307 ] ] } },
{ "type": "Feature", "properties": { "id": "way/1528936288", "@id": "way/1528936288", "CORDON": "SI", "cord_estado ": "BUENO", "BANQUINA": "NO", "BANQ_ESTADO": "REGULAR", "BANQ_MAT": "TIERRA", "CUNETA": "SI", "CUN_MAT": "HORMIGON", "FECHA": "08-2026", "OBS": null }, "geometry": { "type": "LineString", "coordinates": [ [ -68.4636784, -33.2019901 ], [ -68.4638018, -33.2023604 ] ] } },
{ "type": "Feature", "properties": { "id": "way/1528936289", "@id": "way/1528936289", "CORDON": "SI", "cord_estado ": "BUENO", "BANQUINA": "NO", "BANQ_ESTADO": "REGULAR", "BANQ_MAT": "TIERRA", "CUNETA": "SI", "CUN_MAT": "HORMIGON", "FECHA": "08-2026", "OBS": null }, "geometry": { "type": "LineString", "coordinates": [ [ -68.4638495, -33.2019804 ], [ -68.4639916, -33.2023607 ] ] } },
{ "type": "Feature", "properties": { "id": "way/1528936290", "@id": "way/1528936290", "CORDON": "SI", "cord_estado ": "BUENO", "BANQUINA": "NO", "BANQ_ESTADO": "REGULAR", "BANQ_MAT": "TIERRA", "CUNETA": "SI", "CUN_MAT": "HORMIGON", "FECHA": "08-2026", "OBS": null }, "geometry": { "type": "LineString", "coordinates": [ [ -68.4631921, -33.2020739 ], [ -68.4631919, -33.2023777 ] ] } },
{ "type": "Feature", "properties": { "id": "way/1528936291", "@id": "way/1528936291", "CORDON": "SI", "cord_estado ": "BUENO", "BANQUINA": "NO", "BANQ_ESTADO": "REGULAR", "BANQ_MAT": "TIERRA", "CUNETA": "SI", "CUN_MAT": "HORMIGON", "FECHA": "08-2026", "OBS": null }, "geometry": { "type": "LineString", "coordinates": [ [ -68.4635729, -33.2019393 ], [ -68.4632557, -33.2019972 ] ] } },
{ "type": "Feature", "properties": { "id": "way/1528936292", "@id": "way/1528936292", "CORDON": "SI", "cord_estado ": "BUENO", "BANQUINA": "NO", "BANQ_ESTADO": "REGULAR", "BANQ_MAT": "TIERRA", "CUNETA": "SI", "CUN_MAT": "HORMIGON", "FECHA": "08-2026", "OBS": null }, "geometry": { "type": "LineString", "coordinates": [ [ -68.4631842, -33.202681 ], [ -68.4631846, -33.2029321 ] ] } },
{ "type": "Feature", "properties": { "id": "way/1528938571", "@id": "way/1528938571", "CORDON": "SI", "cord_estado ": "BUENO", "BANQUINA": "SI", "BANQ_ESTADO": "REGULAR", "BANQ_MAT": "TIERRA", "CUNETA": "SI", "CUN_MAT": "HORMIGON", "FECHA": "08-2026", "OBS": null }, "geometry": { "type": "LineString", "coordinates": [ [ -68.448635, -33.1900631 ], [ -68.4479513, -33.1900621 ] ] } },
{ "type": "Feature", "properties": { "id": "way/1528938572", "@id": "way/1528938572", "CORDON": "SI", "cord_estado ": "BUENO", "BANQUINA": "SI", "BANQ_ESTADO": "REGULAR", "BANQ_MAT": "TIERRA", "CUNETA": "NO", "CUN_MAT": "HORMIGON", "FECHA": "08-2026", "OBS": null }, "geometry": { "type": "LineString", "coordinates": [ [ -68.4511832, -33.1900655 ], [ -68.4503172, -33.1900707 ] ] } },
{ "type": "Feature", "properties": { "id": "way/1528938573", "@id": "way/1528938573", "CORDON": "SI", "cord_estado ": "BUENO", "BANQUINA": "SI", "BANQ_ESTADO": "REGULAR", "BANQ_MAT": "TIERRA", "CUNETA": "SI", "CUN_MAT": "HORMIGON", "FECHA": "08-2026", "OBS": null }, "geometry": { "type": "LineString", "coordinates": [ [ -68.4498859, -33.1900696 ], [ -68.4490836, -33.1900709 ] ] } },
{ "type": "Feature", "properties": { "id": "way/1528938574", "@id": "way/1528938574", "CORDON": "SI", "cord_estado ": "BUENO", "BANQUINA": "SI", "BANQ_ESTADO": "REGULAR", "BANQ_MAT": "TIERRA", "CUNETA": "SI", "CUN_MAT": "HORMIGON", "FECHA": "08-2026", "OBS": null }, "geometry": { "type": "LineString", "coordinates": [ [ -68.4499091, -33.1902631 ], [ -68.4490131, -33.190266 ], [ -68.4488626, -33.1902665 ], [ -68.4480722, -33.1902691 ] ] } },
{ "type": "Feature", "properties": { "id": "way/1528938575", "@id": "way/1528938575", "CORDON": "SI", "cord_estado ": "BUENO", "BANQUINA": "SI", "BANQ_ESTADO": "REGULAR", "BANQ_MAT": "TIERRA", "CUNETA": "SI", "CUN_MAT": "HORMIGON", "FECHA": "08-2026", "OBS": null }, "geometry": { "type": "LineString", "coordinates": [ [ -68.4481956, -33.189423 ], [ -68.4476648, -33.1895881 ] ] } },
{ "type": "Feature", "properties": { "id": "way/1528938576", "@id": "way/1528938576", "CORDON": "SI", "cord_estado ": "BUENO", "BANQUINA": "SI", "BANQ_ESTADO": "REGULAR", "BANQ_MAT": "TIERRA", "CUNETA": "SI", "CUN_MAT": "HORMIGON", "FECHA": "08-2026", "OBS": null }, "geometry": { "type": "LineString", "coordinates": [ [ -68.4482924, -33.1895764 ], [ -68.4477486, -33.1897476 ] ] } },
{ "type": "Feature", "properties": { "id": "way/1528938577", "@id": "way/1528938577", "CORDON": "SI", "cord_estado ": "BUENO", "BANQUINA": "SI", "BANQ_ESTADO": "REGULAR", "BANQ_MAT": "TIERRA", "CUNETA": "SI", "CUN_MAT": "HORMIGON", "FECHA": "08-2026", "OBS": null }, "geometry": { "type": "LineString", "coordinates": [ [ -68.4494265, -33.189218 ], [ -68.4487178, -33.1894428 ] ] } },
{ "type": "Feature", "properties": { "id": "way/1528938578", "@id": "way/1528938578", "CORDON": "SI", "cord_estado ": "BUENO", "BANQUINA": "SI", "BANQ_ESTADO": "REGULAR", "BANQ_MAT": "TIERRA", "CUNETA": "SI", "CUN_MAT": "HORMIGON", "FECHA": "08-2026", "OBS": null }, "geometry": { "type": "LineString", "coordinates": [ [ -68.4476616, -33.1885849 ], [ -68.4471299, -33.188751 ] ] } },
{ "type": "Feature", "properties": { "id": "way/1528938579", "@id": "way/1528938579", "CORDON": "SI", "cord_estado ": "BUENO", "BANQUINA": "SI", "BANQ_ESTADO": "REGULAR", "BANQ_MAT": "TIERRA", "CUNETA": "NO", "CUN_MAT": "HORMIGON", "FECHA": "08-2026", "OBS": null }, "geometry": { "type": "LineString", "coordinates": [ [ -68.4514153, -33.1886358 ], [ -68.4508579, -33.1887899 ] ] } },
{ "type": "Feature", "properties": { "id": "way/1528938580", "@id": "way/1528938580", "CORDON": "SI", "cord_estado ": "BUENO", "BANQUINA": "SI", "BANQ_ESTADO": "REGULAR", "BANQ_MAT": "TIERRA", "CUNETA": "NO", "CUN_MAT": "HORMIGON", "FECHA": "08-2026", "OBS": null }, "geometry": { "type": "LineString", "coordinates": [ [ -68.4504225, -33.1889222 ], [ -68.4497347, -33.1891245 ] ] } },
{ "type": "Feature", "properties": { "id": "way/1528938581", "@id": "way/1528938581", "CORDON": "SI", "cord_estado ": "BUENO", "BANQUINA": "SI", "BANQ_ESTADO": "REGULAR", "BANQ_MAT": "TIERRA", "CUNETA": "NO", "CUN_MAT": "HORMIGON", "FECHA": "08-2026", "OBS": null }, "geometry": { "type": "LineString", "coordinates": [ [ -68.4526149, -33.1904337 ], [ -68.4518209, -33.1904609 ] ] } },
{ "type": "Feature", "properties": { "id": "way/1529511366", "@id": "way/1529511366", "CORDON": "SI", "cord_estado ": "BUENO", "BANQUINA": "SI", "BANQ_ESTADO": "REGULAR", "BANQ_MAT": "TIERRA", "CUNETA": "NO", "CUN_MAT": "HORMIGON", "FECHA": "08-2026", "OBS": null }, "geometry": { "type": "LineString", "coordinates": [ [ -68.4598242, -33.2012356 ], [ -68.4592103, -33.2002953 ], [ -68.4591533, -33.2002079 ], [ -68.4589849, -33.1999501 ] ] } },
{ "type": "Feature", "properties": { "id": "way/1529511367", "@id": "way/1529511367", "CORDON": "SI", "cord_estado ": "BUENO", "BANQUINA": "SI", "BANQ_ESTADO": "REGULAR", "BANQ_MAT": "TIERRA", "CUNETA": "NO", "CUN_MAT": "HORMIGON", "FECHA": "08-2026", "OBS": null }, "geometry": { "type": "LineString", "coordinates": [ [ -68.4587212, -33.1997683 ], [ -68.4578984, -33.2000115 ] ] } },
{ "type": "Feature", "properties": { "id": "way/1529511368", "@id": "way/1529511368", "CORDON": "SI", "cord_estado ": "BUENO", "BANQUINA": "SI", "BANQ_ESTADO": "REGULAR", "BANQ_MAT": "TIERRA", "CUNETA": "NO", "CUN_MAT": "HORMIGON", "FECHA": "08-2026", "OBS": null }, "geometry": { "type": "LineString", "coordinates": [ [ -68.458825, -33.1999243 ], [ -68.4579807, -33.2001766 ] ] } },
{ "type": "Feature", "properties": { "id": "way/1530471056", "@id": "way/1530471056", "CORDON": "SI", "cord_estado ": "BUENO", "BANQUINA": "SI", "BANQ_ESTADO": "REGULAR", "BANQ_MAT": "TIERRA", "CUNETA": "SI", "CUN_MAT": "HORMIGON", "FECHA": "08-2026", "OBS": null }, "geometry": { "type": "LineString", "coordinates": [ [ -68.4666855, -33.189313 ], [ -68.465995, -33.1895938 ] ] } },
{ "type": "Feature", "properties": { "id": "way/1530471057", "@id": "way/1530471057", "CORDON": "SI", "cord_estado ": "BUENO", "BANQUINA": "SI", "BANQ_ESTADO": "REGULAR", "BANQ_MAT": "TIERRA", "CUNETA": "SI", "CUN_MAT": "HORMIGON", "FECHA": "08-2026", "OBS": null }, "geometry": { "type": "LineString", "coordinates": [ [ -68.4665844, -33.1891484 ], [ -68.4659064, -33.1894247 ] ] } },
{ "type": "Feature", "properties": { "id": "way/1530471058", "@id": "way/1530471058", "CORDON": "SI", "cord_estado ": "BUENO", "BANQUINA": "SI", "BANQ_ESTADO": "REGULAR", "BANQ_MAT": "TIERRA", "CUNETA": "SI", "CUN_MAT": "HORMIGON", "FECHA": "08-2026", "OBS": null }, "geometry": { "type": "LineString", "coordinates": [ [ -68.467752, -33.1908139 ], [ -68.4670456, -33.1911555 ] ] } },
{ "type": "Feature", "properties": { "id": "way/1530471059", "@id": "way/1530471059", "CORDON": "SI", "cord_estado ": "BUENO", "BANQUINA": "SI", "BANQ_ESTADO": "REGULAR", "BANQ_MAT": "TIERRA", "CUNETA": "SI", "CUN_MAT": "HORMIGON", "FECHA": "08-2026", "OBS": null }, "geometry": { "type": "LineString", "coordinates": [ [ -68.4676305, -33.1906497 ], [ -68.4669163, -33.1909819 ] ] } },
{ "type": "Feature", "properties": { "id": "way/1530471060", "@id": "way/1530471060", "CORDON": "SI", "cord_estado ": "BUENO", "BANQUINA": "SI", "BANQ_ESTADO": "REGULAR", "BANQ_MAT": "TIERRA", "CUNETA": "SI", "CUN_MAT": "HORMIGON", "FECHA": "08-2026", "OBS": null }, "geometry": { "type": "LineString", "coordinates": [ [ -68.4681752, -33.1914235 ], [ -68.4674446, -33.1917623 ] ] } },
{ "type": "Feature", "properties": { "id": "way/1530471061", "@id": "way/1530471061", "CORDON": "SI", "cord_estado ": "BUENO", "BANQUINA": "SI", "BANQ_ESTADO": "REGULAR", "BANQ_MAT": "TIERRA", "CUNETA": "SI", "CUN_MAT": "HORMIGON", "FECHA": "08-2026", "OBS": null }, "geometry": { "type": "LineString", "coordinates": [ [ -68.4680743, -33.1912601 ], [ -68.467353, -33.1915931 ] ] } },
{ "type": "Feature", "properties": { "id": "way/1530471062", "@id": "way/1530471062", "CORDON": "SI", "cord_estado ": "BUENO", "BANQUINA": "SI", "BANQ_ESTADO": "REGULAR", "BANQ_MAT": "TIERRA", "CUNETA": "SI", "CUN_MAT": "HORMIGON", "FECHA": "08-2026", "OBS": null }, "geometry": { "type": "LineString", "coordinates": [ [ -68.4695667, -33.1934427 ], [ -68.4688172, -33.1936976 ] ] } },
{ "type": "Feature", "properties": { "id": "way/1530471063", "@id": "way/1530471063", "CORDON": "SI", "cord_estado ": "BUENO", "BANQUINA": "SI", "BANQ_ESTADO": "REGULAR", "BANQ_MAT": "TIERRA", "CUNETA": "SI", "CUN_MAT": "HORMIGON", "FECHA": "08-2026", "OBS": null }, "geometry": { "type": "LineString", "coordinates": [ [ -68.4694649, -33.193274 ], [ -68.4687037, -33.1935397 ] ] } },
{ "type": "Feature", "properties": { "id": "way/1530471064", "@id": "way/1530471064", "CORDON": "SI", "cord_estado ": "BUENO", "BANQUINA": "SI", "BANQ_ESTADO": "REGULAR", "BANQ_MAT": "TIERRA", "CUNETA": "SI", "CUN_MAT": "HORMIGON", "FECHA": "08-2026", "OBS": null }, "geometry": { "type": "LineString", "coordinates": [ [ -68.4705453, -33.1948129 ], [ -68.4697623, -33.1950724 ] ] } },
{ "type": "Feature", "properties": { "id": "way/1530471065", "@id": "way/1530471065", "CORDON": "SI", "cord_estado ": "BUENO", "BANQUINA": "SI", "BANQ_ESTADO": "REGULAR", "BANQ_MAT": "TIERRA", "CUNETA": "SI", "CUN_MAT": "HORMIGON", "FECHA": "08-2026", "OBS": null }, "geometry": { "type": "LineString", "coordinates": [ [ -68.4704435, -33.1946656 ], [ -68.4696751, -33.1949234 ] ] } },
{ "type": "Feature", "properties": { "id": "way/1530471066", "@id": "way/1530471066", "CORDON": "SI", "cord_estado ": "BUENO", "BANQUINA": "SI", "BANQ_ESTADO": "REGULAR", "BANQ_MAT": "TIERRA", "CUNETA": "SI", "CUN_MAT": "HORMIGON", "FECHA": "08-2026", "OBS": null }, "geometry": { "type": "LineString", "coordinates": [ [ -68.470974, -33.1954322 ], [ -68.4701964, -33.1957121 ] ] } },
{ "type": "Feature", "properties": { "id": "way/1530471067", "@id": "way/1530471067", "CORDON": "SI", "cord_estado ": "BUENO", "BANQUINA": "SI", "BANQ_ESTADO": "REGULAR", "BANQ_MAT": "TIERRA", "CUNETA": "SI", "CUN_MAT": "HORMIGON", "FECHA": "08-2026", "OBS": null }, "geometry": { "type": "LineString", "coordinates": [ [ -68.4715847, -33.1967608 ], [ -68.4710532, -33.1969643 ] ] } },
{ "type": "Feature", "properties": { "id": "way/1530471068", "@id": "way/1530471068", "CORDON": "SI", "cord_estado ": "BUENO", "BANQUINA": "SI", "BANQ_ESTADO": "REGULAR", "BANQ_MAT": "TIERRA", "CUNETA": "SI", "CUN_MAT": "HORMIGON", "FECHA": "08-2026", "OBS": null }, "geometry": { "type": "LineString", "coordinates": [ [ -68.4735891, -33.1984517 ], [ -68.4727991, -33.1986871 ], [ -68.4727071, -33.1987145 ], [ -68.4723535, -33.1988198 ] ] } },
{ "type": "Feature", "properties": { "id": "way/1530471069", "@id": "way/1530471069", "CORDON": "SI", "cord_estado ": "BUENO", "BANQUINA": "SI", "BANQ_ESTADO": "REGULAR", "BANQ_MAT": "TIERRA", "CUNETA": "SI", "CUN_MAT": "HORMIGON", "FECHA": "08-2026", "OBS": null }, "geometry": { "type": "LineString", "coordinates": [ [ -68.4724728, -33.1986022 ], [ -68.4722243, -33.1986729 ] ] } },
{ "type": "Feature", "properties": { "id": "way/1530471070", "@id": "way/1530471070", "CORDON": "SI", "cord_estado ": "BUENO", "BANQUINA": "SI", "BANQ_ESTADO": "REGULAR", "BANQ_MAT": "TIERRA", "CUNETA": "SI", "CUN_MAT": "HORMIGON", "FECHA": "08-2026", "OBS": null }, "geometry": { "type": "LineString", "coordinates": [ [ -68.4720279, -33.197451 ], [ -68.4717238, -33.1967989 ] ] } },
{ "type": "Feature", "properties": { "id": "way/1530471071", "@id": "way/1530471071", "CORDON": "SI", "cord_estado ": "BUENO", "BANQUINA": "SI", "BANQ_ESTADO": "REGULAR", "BANQ_MAT": "TIERRA", "CUNETA": "SI", "CUN_MAT": "HORMIGON", "FECHA": "08-2026", "OBS": null }, "geometry": { "type": "LineString", "coordinates": [ [ -68.471995, -33.1975655 ], [ -68.4716002, -33.1977306 ] ] } },
{ "type": "Feature", "properties": { "id": "way/1530471072", "@id": "way/1530471072", "CORDON": "SI", "cord_estado ": "BUENO", "BANQUINA": "SI", "BANQ_ESTADO": "REGULAR", "BANQ_MAT": "TIERRA", "CUNETA": "SI", "CUN_MAT": "HORMIGON", "FECHA": "08-2026", "OBS": null }, "geometry": { "type": "LineString", "coordinates": [ [ -68.4720577, -33.1977418 ], [ -68.4717089, -33.1978937 ] ] } },
{ "type": "Feature", "properties": { "id": "way/1530471073", "@id": "way/1530471073", "CORDON": "SI", "cord_estado ": "BUENO", "BANQUINA": "SI", "BANQ_ESTADO": "REGULAR", "BANQ_MAT": "TIERRA", "CUNETA": "SI", "CUN_MAT": "HORMIGON", "FECHA": "08-2026", "OBS": null }, "geometry": { "type": "LineString", "coordinates": [ [ -68.4724585, -33.1978852 ], [ -68.4723078, -33.1975688 ], [ -68.4722679, -33.1974852 ], [ -68.4719141, -33.1967427 ] ] } },
{ "type": "Feature", "properties": { "id": "way/1530471074", "@id": "way/1530471074", "CORDON": "SI", "cord_estado ": "BUENO", "BANQUINA": "SI", "BANQ_ESTADO": "REGULAR", "BANQ_MAT": "TIERRA", "CUNETA": "SI", "CUN_MAT": "HORMIGON", "FECHA": "08-2026", "OBS": null }, "geometry": { "type": "LineString", "coordinates": [ [ -68.4725211, -33.1984885 ], [ -68.4723445, -33.1981136 ], [ -68.4723121, -33.1980447 ], [ -68.4721921, -33.1977898 ] ] } },
{ "type": "Feature", "properties": { "id": "way/1530471075", "@id": "way/1530471075", "CORDON": "SI", "cord_estado ": "BUENO", "BANQUINA": "SI", "BANQ_ESTADO": "REGULAR", "BANQ_MAT": "TIERRA", "CUNETA": "SI", "CUN_MAT": "HORMIGON", "FECHA": "08-2026", "OBS": null }, "geometry": { "type": "LineString", "coordinates": [ [ -68.4727209, -33.1984272 ], [ -68.4725667, -33.1981073 ] ] } },
{ "type": "Feature", "properties": { "id": "way/1530471076", "@id": "way/1530471076", "CORDON": "SI", "cord_estado ": "BUENO", "BANQUINA": "SI", "BANQ_ESTADO": "REGULAR", "BANQ_MAT": "TIERRA", "CUNETA": "SI", "CUN_MAT": "HORMIGON", "FECHA": "08-2026", "OBS": null }, "geometry": { "type": "LineString", "coordinates": [ [ -68.4666227, -33.1890296 ], [ -68.4661658, -33.1883791 ], [ -68.4661071, -33.1882949 ], [ -68.4657432, -33.1877626 ] ] } },
{ "type": "Feature", "properties": { "id": "way/1530471077", "@id": "way/1530471077", "CORDON": "SI", "cord_estado ": "BUENO", "BANQUINA": "SI", "BANQ_ESTADO": "REGULAR", "BANQ_MAT": "TIERRA", "CUNETA": "SI", "CUN_MAT": "HORMIGON", "FECHA": "08-2026", "OBS": null }, "geometry": { "type": "LineString", "coordinates": [ [ -68.4662206, -33.1881255 ], [ -68.4659288, -33.1877048 ] ] } },
{ "type": "Feature", "properties": { "id": "way/1530471078", "@id": "way/1530471078", "CORDON": "SI", "cord_estado ": "BUENO", "BANQUINA": "SI", "BANQ_ESTADO": "REGULAR", "BANQ_MAT": "TIERRA", "CUNETA": "SI", "CUN_MAT": "HORMIGON", "FECHA": "08-2026", "OBS": null }, "geometry": { "type": "LineString", "coordinates": [ [ -68.4668151, -33.1889629 ], [ -68.4664233, -33.1884105 ] ] } },
{ "type": "Feature", "properties": { "id": "way/1530471079", "@id": "way/1530471079", "CORDON": "SI", "cord_estado ": "BUENO", "BANQUINA": "SI", "BANQ_ESTADO": "REGULAR", "BANQ_MAT": "TIERRA", "CUNETA": "SI", "CUN_MAT": "HORMIGON", "FECHA": "08-2026", "OBS": null }, "geometry": { "type": "LineString", "coordinates": [ [ -68.4656093, -33.1877408 ], [ -68.4649276, -33.1879727 ] ] } },
{ "type": "Feature", "properties": { "id": "way/1530471080", "@id": "way/1530471080", "CORDON": "SI", "cord_estado ": "BUENO", "BANQUINA": "SI", "BANQ_ESTADO": "REGULAR", "BANQ_MAT": "TIERRA", "CUNETA": "SI", "CUN_MAT": "HORMIGON", "FECHA": "08-2026", "OBS": null }, "geometry": { "type": "LineString", "coordinates": [ [ -68.4677394, -33.1886367 ], [ -68.4673802, -33.1881312 ] ] } },
{ "type": "Feature", "properties": { "id": "way/1530471081", "@id": "way/1530471081", "CORDON": "SI", "cord_estado ": "BUENO", "BANQUINA": "SI", "BANQ_ESTADO": "REGULAR", "BANQ_MAT": "TIERRA", "CUNETA": "SI", "CUN_MAT": "HORMIGON", "FECHA": "08-2026", "OBS": null }, "geometry": { "type": "LineString", "coordinates": [ [ -68.4675714, -33.1886832 ], [ -68.4672215, -33.188167 ] ] } },
{ "type": "Feature", "properties": { "id": "way/1530471082", "@id": "way/1530471082", "CORDON": "SI", "cord_estado ": "BUENO", "BANQUINA": "SI", "BANQ_ESTADO": "REGULAR", "BANQ_MAT": "TIERRA", "CUNETA": "SI", "CUN_MAT": "HORMIGON", "FECHA": "08-2026", "OBS": null }, "geometry": { "type": "LineString", "coordinates": [ [ -68.4683516, -33.1884471 ], [ -68.4680061, -33.1879588 ] ] } },
{ "type": "Feature", "properties": { "id": "way/1530471083", "@id": "way/1530471083", "CORDON": "SI", "cord_estado ": "BUENO", "BANQUINA": "SI", "BANQ_ESTADO": "REGULAR", "BANQ_MAT": "TIERRA", "CUNETA": "SI", "CUN_MAT": "HORMIGON", "FECHA": "08-2026", "OBS": null }, "geometry": { "type": "LineString", "coordinates": [ [ -68.4681991, -33.1884999 ], [ -68.4678426, -33.1879837 ] ] } },
{ "type": "Feature", "properties": { "id": "way/1530471084", "@id": "way/1530471084", "CORDON": "SI", "cord_estado ": "BUENO", "BANQUINA": "SI", "BANQ_ESTADO": "REGULAR", "BANQ_MAT": "TIERRA", "CUNETA": "SI", "CUN_MAT": "HORMIGON", "FECHA": "08-2026", "OBS": null }, "geometry": { "type": "LineString", "coordinates": [ [ -68.4689785, -33.1882048 ], [ -68.4686594, -33.1877603 ] ] } },
{ "type": "Feature", "properties": { "id": "way/1530471085", "@id": "way/1530471085", "CORDON": "SI", "cord_estado ": "BUENO", "BANQUINA": "SI", "BANQ_ESTADO": "REGULAR", "BANQ_MAT": "TIERRA", "CUNETA": "SI", "CUN_MAT": "HORMIGON", "FECHA": "08-2026", "OBS": null }, "geometry": { "type": "LineString", "coordinates": [ [ -68.4687792, -33.1882719 ], [ -68.4684602, -33.1878185 ] ] } },
{ "type": "Feature", "properties": { "id": "way/1530471086", "@id": "way/1530471086", "CORDON": "SI", "cord_estado ": "BUENO", "BANQUINA": "SI", "BANQ_ESTADO": "REGULAR", "BANQ_MAT": "TIERRA", "CUNETA": "NO", "CUN_MAT": "HORMIGON", "FECHA": "08-2026", "OBS": null }, "geometry": { "type": "LineString", "coordinates": [ [ -68.4697663, -33.1879675 ], [ -68.4692942, -33.1874491 ] ] } },
{ "type": "Feature", "properties": { "id": "way/1530471087", "@id": "way/1530471087", "CORDON": "SI", "cord_estado ": "BUENO", "BANQUINA": "SI", "BANQ_ESTADO": "REGULAR", "BANQ_MAT": "TIERRA", "CUNETA": "NO", "CUN_MAT": "HORMIGON", "FECHA": "08-2026", "OBS": null }, "geometry": { "type": "LineString", "coordinates": [ [ -68.4695552, -33.1880312 ], [ -68.4691016, -33.1875255 ] ] } },
{ "type": "Feature", "properties": { "id": "way/1530471088", "@id": "way/1530471088", "CORDON": "SI", "cord_estado ": "BUENO", "BANQUINA": "SI", "BANQ_ESTADO": "REGULAR", "BANQ_MAT": "TIERRA", "CUNETA": "SI", "CUN_MAT": "HORMIGON", "FECHA": "08-2026", "OBS": null }, "geometry": { "type": "LineString", "coordinates": [ [ -68.4676729, -33.1905301 ], [ -68.4674251, -33.1901886 ], [ -68.4673737, -33.1901147 ], [ -68.4670831, -33.189697 ], [ -68.4670326, -33.1896244 ], [ -68.4668418, -33.1893503 ] ] } },
{ "type": "Feature", "properties": { "id": "way/1530471089", "@id": "way/1530471089", "CORDON": "SI", "cord_estado ": "BUENO", "BANQUINA": "SI", "BANQ_ESTADO": "REGULAR", "BANQ_MAT": "TIERRA", "CUNETA": "SI", "CUN_MAT": "HORMIGON", "FECHA": "08-2026", "OBS": null }, "geometry": { "type": "LineString", "coordinates": [ [ -68.4682995, -33.1910681 ], [ -68.4680909, -33.1907668 ] ] } },
{ "type": "Feature", "properties": { "id": "way/1530471090", "@id": "way/1530471090", "CORDON": "SI", "cord_estado ": "BUENO", "BANQUINA": "SI", "BANQ_ESTADO": "REGULAR", "BANQ_MAT": "TIERRA", "CUNETA": "SI", "CUN_MAT": "HORMIGON", "FECHA": "08-2026", "OBS": null }, "geometry": { "type": "LineString", "coordinates": [ [ -68.4678803, -33.1904703 ], [ -68.4676844, -33.1901931 ] ] } },
{ "type": "Feature", "properties": { "id": "way/1530471091", "@id": "way/1530471091", "CORDON": "SI", "cord_estado ": "BUENO", "BANQUINA": "SI", "BANQ_ESTADO": "REGULAR", "BANQ_MAT": "TIERRA", "CUNETA": "SI", "CUN_MAT": "HORMIGON", "FECHA": "08-2026", "OBS": null }, "geometry": { "type": "LineString", "coordinates": [ [ -68.4681049, -33.191143 ], [ -68.4678921, -33.1908359 ] ] } },
{ "type": "Feature", "properties": { "id": "way/1530471092", "@id": "way/1530471092", "CORDON": "SI", "cord_estado ": "BUENO", "BANQUINA": "SI", "BANQ_ESTADO": "REGULAR", "BANQ_MAT": "TIERRA", "CUNETA": "SI", "CUN_MAT": "HORMIGON", "FECHA": "08-2026", "OBS": null }, "geometry": { "type": "LineString", "coordinates": [ [ -68.4675091, -33.1899489 ], [ -68.4673477, -33.1897189 ] ] } },
{ "type": "Feature", "properties": { "id": "way/1530471093", "@id": "way/1530471093", "CORDON": "SI", "cord_estado ": "BUENO", "BANQUINA": "SI", "BANQ_ESTADO": "REGULAR", "BANQ_MAT": "TIERRA", "CUNETA": "SI", "CUN_MAT": "HORMIGON", "FECHA": "08-2026", "OBS": null }, "geometry": { "type": "LineString", "coordinates": [ [ -68.467158, -33.1894468 ], [ -68.4670385, -33.1892772 ] ] } },
{ "type": "Feature", "properties": { "id": "way/1530471094", "@id": "way/1530471094", "CORDON": "SI", "cord_estado ": "BUENO", "BANQUINA": "SI", "BANQ_ESTADO": "REGULAR", "BANQ_MAT": "TIERRA", "CUNETA": "SI", "CUN_MAT": "HORMIGON", "FECHA": "08-2026", "OBS": null }, "geometry": { "type": "LineString", "coordinates": [ [ -68.4711412, -33.1913372 ], [ -68.4706513, -33.1906273 ] ] } },
{ "type": "Feature", "properties": { "id": "way/1530471095", "@id": "way/1530471095", "CORDON": "SI", "cord_estado ": "BUENO", "BANQUINA": "SI", "BANQ_ESTADO": "REGULAR", "BANQ_MAT": "TIERRA", "CUNETA": "SI", "CUN_MAT": "HORMIGON", "FECHA": "08-2026", "OBS": null }, "geometry": { "type": "LineString", "coordinates": [ [ -68.4696482, -33.1914296 ], [ -68.4693891, -33.19106 ] ] } },
{ "type": "Feature", "properties": { "id": "way/1530471096", "@id": "way/1530471096", "CORDON": "SI", "cord_estado ": "BUENO", "BANQUINA": "SI", "BANQ_ESTADO": "REGULAR", "BANQ_MAT": "TIERRA", "CUNETA": "SI", "CUN_MAT": "HORMIGON", "FECHA": "08-2026", "OBS": null }, "geometry": { "type": "LineString", "coordinates": [ [ -68.469886, -33.1917679 ], [ -68.4697999, -33.1916446 ] ] } },
{ "type": "Feature", "properties": { "id": "way/1530471097", "@id": "way/1530471097", "CORDON": "SI", "cord_estado ": "BUENO", "BANQUINA": "SI", "BANQ_ESTADO": "REGULAR", "BANQ_MAT": "TIERRA", "CUNETA": "SI", "CUN_MAT": "HORMIGON", "FECHA": "08-2026", "OBS": null }, "geometry": { "type": "LineString", "coordinates": [ [ -68.4698379, -33.1913675 ], [ -68.4695834, -33.1910065 ] ] } },
{ "type": "Feature", "properties": { "id": "way/1530471098", "@id": "way/1530471098", "CORDON": "SI", "cord_estado ": "BUENO", "BANQUINA": "SI", "BANQ_ESTADO": "REGULAR", "BANQ_MAT": "TIERRA", "CUNETA": "SI", "CUN_MAT": "HORMIGON", "FECHA": "08-2026", "OBS": null }, "geometry": { "type": "LineString", "coordinates": [ [ -68.4700788, -33.1917139 ], [ -68.4699929, -33.1915904 ] ] } },
{ "type": "Feature", "properties": { "id": "way/1530471099", "@id": "way/1530471099", "CORDON": "SI", "cord_estado ": "BUENO", "BANQUINA": "SI", "BANQ_ESTADO": "REGULAR", "BANQ_MAT": "TIERRA", "CUNETA": "SI", "CUN_MAT": "HORMIGON", "FECHA": "08-2026", "OBS": null }, "geometry": { "type": "LineString", "coordinates": [ [ -68.4709688, -33.1913879 ], [ -68.4708827, -33.1912646 ] ] } },
{ "type": "Feature", "properties": { "id": "way/1530471100", "@id": "way/1530471100", "CORDON": "SI", "cord_estado ": "BUENO", "BANQUINA": "SI", "BANQ_ESTADO": "REGULAR", "BANQ_MAT": "TIERRA", "CUNETA": "SI", "CUN_MAT": "HORMIGON", "FECHA": "08-2026", "OBS": null }, "geometry": { "type": "LineString", "coordinates": [ [ -68.470723, -33.1910496 ], [ -68.4704702, -33.1906834 ] ] } },
{ "type": "Feature", "properties": { "id": "way/1530471101", "@id": "way/1530471101", "CORDON": "SI", "cord_estado ": "BUENO", "BANQUINA": "SI", "BANQ_ESTADO": "REGULAR", "BANQ_MAT": "TIERRA", "CUNETA": "SI", "CUN_MAT": "HORMIGON", "FECHA": "08-2026", "OBS": null }, "geometry": { "type": "LineString", "coordinates": [ [ -68.4684268, -33.1896153 ], [ -68.4682015, -33.1892933 ], [ -68.4681498, -33.1892196 ], [ -68.4679488, -33.1889284 ] ] } },
{ "type": "Feature", "properties": { "id": "way/1530471102", "@id": "way/1530471102", "CORDON": "SI", "cord_estado ": "BUENO", "BANQUINA": "SI", "BANQ_ESTADO": "REGULAR", "BANQ_MAT": "TIERRA", "CUNETA": "SI", "CUN_MAT": "HORMIGON", "FECHA": "08-2026", "OBS": null }, "geometry": { "type": "LineString", "coordinates": [ [ -68.4682447, -33.189655 ], [ -68.4680646, -33.1894077 ] ] } },
{ "type": "Feature", "properties": { "id": "way/1530471103", "@id": "way/1530471103", "CORDON": "SI", "cord_estado ": "BUENO", "BANQUINA": "SI", "BANQ_ESTADO": "REGULAR", "BANQ_MAT": "TIERRA", "CUNETA": "SI", "CUN_MAT": "HORMIGON", "FECHA": "08-2026", "OBS": null }, "geometry": { "type": "LineString", "coordinates": [ [ -68.4678766, -33.1891288 ], [ -68.4677666, -33.1889654 ] ] } },
{ "type": "Feature", "properties": { "id": "way/1530471104", "@id": "way/1530471104", "CORDON": "SI", "cord_estado ": "BUENO", "BANQUINA": "SI", "BANQ_ESTADO": "REGULAR", "BANQ_MAT": "TIERRA", "CUNETA": "SI", "CUN_MAT": "HORMIGON", "FECHA": "08-2026", "OBS": null }, "geometry": { "type": "LineString", "coordinates": [ [ -68.4676529, -33.188938 ], [ -68.467059, -33.1891631 ] ] } },
{ "type": "Feature", "properties": { "id": "way/1530471105", "@id": "way/1530471105", "CORDON": "SI", "cord_estado ": "BUENO", "BANQUINA": "SI", "BANQ_ESTADO": "REGULAR", "BANQ_MAT": "TIERRA", "CUNETA": "SI", "CUN_MAT": "HORMIGON", "FECHA": "08-2026", "OBS": null }, "geometry": { "type": "LineString", "coordinates": [ [ -68.4675376, -33.188784 ], [ -68.4669689, -33.1889966 ] ] } },
{ "type": "Feature", "properties": { "id": "way/1530471106", "@id": "way/1530471106", "CORDON": "SI", "cord_estado ": "BUENO", "BANQUINA": "SI", "BANQ_ESTADO": "REGULAR", "BANQ_MAT": "TIERRA", "CUNETA": "SI", "CUN_MAT": "HORMIGON", "FECHA": "08-2026", "OBS": null }, "geometry": { "type": "LineString", "coordinates": [ [ -68.467951, -33.1893786 ], [ -68.4673817, -33.1896228 ] ] } },
{ "type": "Feature", "properties": { "id": "way/1530471107", "@id": "way/1530471107", "CORDON": "SI", "cord_estado ": "BUENO", "BANQUINA": "SI", "BANQ_ESTADO": "REGULAR", "BANQ_MAT": "TIERRA", "CUNETA": "SI", "CUN_MAT": "HORMIGON", "FECHA": "08-2026", "OBS": null }, "geometry": { "type": "LineString", "coordinates": [ [ -68.4678347, -33.189232 ], [ -68.4672946, -33.1894584 ] ] } },
{ "type": "Feature", "properties": { "id": "way/1530471108", "@id": "way/1530471108", "CORDON": "SI", "cord_estado ": "BUENO", "BANQUINA": "SI", "BANQ_ESTADO": "REGULAR", "BANQ_MAT": "TIERRA", "CUNETA": "SI", "CUN_MAT": "HORMIGON", "FECHA": "08-2026", "OBS": null }, "geometry": { "type": "LineString", "coordinates": [ [ -68.4684407, -33.1898611 ], [ -68.467734, -33.1901045 ] ] } },
{ "type": "Feature", "properties": { "id": "way/1530471109", "@id": "way/1530471109", "CORDON": "SI", "cord_estado ": "BUENO", "BANQUINA": "SI", "BANQ_ESTADO": "REGULAR", "BANQ_MAT": "TIERRA", "CUNETA": "SI", "CUN_MAT": "HORMIGON", "FECHA": "08-2026", "OBS": null }, "geometry": { "type": "LineString", "coordinates": [ [ -68.4682198, -33.1897604 ], [ -68.4676256, -33.1899623 ] ] } },
{ "type": "Feature", "properties": { "id": "way/1530471110", "@id": "way/1530471110", "CORDON": "SI", "cord_estado ": "BUENO", "BANQUINA": "SI", "BANQ_ESTADO": "REGULAR", "BANQ_MAT": "TIERRA", "CUNETA": "SI", "CUN_MAT": "HORMIGON", "FECHA": "08-2026", "OBS": null }, "geometry": { "type": "LineString", "coordinates": [ [ -68.468808, -33.1904252 ], [ -68.4681359, -33.190661 ] ] } },
{ "type": "Feature", "properties": { "id": "way/1530471111", "@id": "way/1530471111", "CORDON": "SI", "cord_estado ": "BUENO", "BANQUINA": "SI", "BANQ_ESTADO": "REGULAR", "BANQ_MAT": "TIERRA", "CUNETA": "SI", "CUN_MAT": "HORMIGON", "FECHA": "08-2026", "OBS": null }, "geometry": { "type": "LineString", "coordinates": [ [ -68.4686891, -33.1902636 ], [ -68.4680185, -33.1905006 ] ] } },
{ "type": "Feature", "properties": { "id": "way/1530471112", "@id": "way/1530471112", "CORDON": "SI", "cord_estado ": "BUENO", "BANQUINA": "SI", "BANQ_ESTADO": "REGULAR", "BANQ_MAT": "TIERRA", "CUNETA": "SI", "CUN_MAT": "HORMIGON", "FECHA": "08-2026", "OBS": null }, "geometry": { "type": "LineString", "coordinates": [ [ -68.4696844, -33.1916122 ], [ -68.4689468, -33.1918525 ] ] } },
{ "type": "Feature", "properties": { "id": "way/1530471113", "@id": "way/1530471113", "CORDON": "SI", "cord_estado ": "BUENO", "BANQUINA": "SI", "BANQ_ESTADO": "REGULAR", "BANQ_MAT": "TIERRA", "CUNETA": "SI", "CUN_MAT": "HORMIGON", "FECHA": "08-2026", "OBS": null }, "geometry": { "type": "LineString", "coordinates": [ [ -68.4696211, -33.1915217 ], [ -68.4688796, -33.1917632 ] ] } },
{ "type": "Feature", "properties": { "id": "way/1530471114", "@id": "way/1530471114", "CORDON": "SI", "cord_estado ": "BUENO", "BANQUINA": "SI", "BANQ_ESTADO": "REGULAR", "BANQ_MAT": "TIERRA", "CUNETA": "SI", "CUN_MAT": "HORMIGON", "FECHA": "08-2026", "OBS": null }, "geometry": { "type": "LineString", "coordinates": [ [ -68.4699755, -33.1920151 ], [ -68.4692458, -33.1922682 ] ] } },
{ "type": "Feature", "properties": { "id": "way/1530471115", "@id": "way/1530471115", "CORDON": "SI", "cord_estado ": "BUENO", "BANQUINA": "SI", "BANQ_ESTADO": "REGULAR", "BANQ_MAT": "TIERRA", "CUNETA": "SI", "CUN_MAT": "HORMIGON", "FECHA": "08-2026", "OBS": null }, "geometry": { "type": "LineString", "coordinates": [ [ -68.4698667, -33.1918644 ], [ -68.4691398, -33.1921181 ] ] } },
{ "type": "Feature", "properties": { "id": "way/1530471116", "@id": "way/1530471116", "CORDON": "SI", "cord_estado ": "BUENO", "BANQUINA": "SI", "BANQ_ESTADO": "REGULAR", "BANQ_MAT": "TIERRA", "CUNETA": "SI", "CUN_MAT": "HORMIGON", "FECHA": "08-2026", "OBS": null }, "geometry": { "type": "LineString", "coordinates": [ [ -68.4706545, -33.1930574 ], [ -68.4699428, -33.1933027 ] ] } },
{ "type": "Feature", "properties": { "id": "way/1530471117", "@id": "way/1530471117", "CORDON": "SI", "cord_estado ": "BUENO", "BANQUINA": "SI", "BANQ_ESTADO": "REGULAR", "BANQ_MAT": "TIERRA", "CUNETA": "SI", "CUN_MAT": "HORMIGON", "FECHA": "08-2026", "OBS": null }, "geometry": { "type": "LineString", "coordinates": [ [ -68.4705414, -33.1929133 ], [ -68.4698763, -33.1931457 ] ] } },
{ "type": "Feature", "properties": { "id": "way/1530471118", "@id": "way/1530471118", "CORDON": "SI", "cord_estado ": "BUENO", "BANQUINA": "SI", "BANQ_ESTADO": "REGULAR", "BANQ_MAT": "TIERRA", "CUNETA": "SI", "CUN_MAT": "HORMIGON", "FECHA": "08-2026", "OBS": null }, "geometry": { "type": "LineString", "coordinates": [ [ -68.4711386, -33.1936549 ], [ -68.4703879, -33.1939079 ] ] } },
{ "type": "Feature", "properties": { "id": "way/1530471119", "@id": "way/1530471119", "CORDON": "SI", "cord_estado ": "BUENO", "BANQUINA": "SI", "BANQ_ESTADO": "REGULAR", "BANQ_MAT": "TIERRA", "CUNETA": "SI", "CUN_MAT": "HORMIGON", "FECHA": "08-2026", "OBS": null }, "geometry": { "type": "LineString", "coordinates": [ [ -68.4710402, -33.1935443 ], [ -68.4703242, -33.1937861 ] ] } },
{ "type": "Feature", "properties": { "id": "way/1530471120", "@id": "way/1530471120", "CORDON": "SI", "cord_estado ": "BUENO", "BANQUINA": "SI", "BANQ_ESTADO": "REGULAR", "BANQ_MAT": "TIERRA", "CUNETA": "SI", "CUN_MAT": "HORMIGON", "FECHA": "08-2026", "OBS": null }, "geometry": { "type": "LineString", "coordinates": [ [ -68.4715111, -33.1941381 ], [ -68.4707418, -33.1943896 ] ] } },
{ "type": "Feature", "properties": { "id": "way/1530471121", "@id": "way/1530471121", "CORDON": "SI", "cord_estado ": "BUENO", "BANQUINA": "SI", "BANQ_ESTADO": "REGULAR", "BANQ_MAT": "TIERRA", "CUNETA": "SI", "CUN_MAT": "HORMIGON", "FECHA": "08-2026", "OBS": null }, "geometry": { "type": "LineString", "coordinates": [ [ -68.4713962, -33.193985 ], [ -68.4706162, -33.1942444 ] ] } },
{ "type": "Feature", "properties": { "id": "way/1530471122", "@id": "way/1530471122", "CORDON": "SI", "cord_estado ": "BUENO", "BANQUINA": "SI", "BANQ_ESTADO": "REGULAR", "BANQ_MAT": "TIERRA", "CUNETA": "SI", "CUN_MAT": "HORMIGON", "FECHA": "08-2026", "OBS": null }, "geometry": { "type": "LineString", "coordinates": [ [ -68.4720139, -33.1950722 ], [ -68.4713797, -33.1952939 ] ] } },
{ "type": "Feature", "properties": { "id": "way/1530471123", "@id": "way/1530471123", "CORDON": "SI", "cord_estado ": "BUENO", "BANQUINA": "SI", "BANQ_ESTADO": "REGULAR", "BANQ_MAT": "TIERRA", "CUNETA": "SI", "CUN_MAT": "HORMIGON", "FECHA": "08-2026", "OBS": null }, "geometry": { "type": "LineString", "coordinates": [ [ -68.4726451, -33.1964071 ], [ -68.4719598, -33.1966356 ] ] } },
{ "type": "Feature", "properties": { "id": "way/1530471124", "@id": "way/1530471124", "CORDON": "SI", "cord_estado ": "BUENO", "BANQUINA": "SI", "BANQ_ESTADO": "REGULAR", "BANQ_MAT": "TIERRA", "CUNETA": "SI", "CUN_MAT": "HORMIGON", "FECHA": "08-2026", "OBS": null }, "geometry": { "type": "LineString", "coordinates": [ [ -68.4732916, -33.1977952 ], [ -68.4726176, -33.1980111 ] ] } },
{ "type": "Feature", "properties": { "id": "way/1530471125", "@id": "way/1530471125", "CORDON": "SI", "cord_estado ": "BUENO", "BANQUINA": "SI", "BANQ_ESTADO": "REGULAR", "BANQ_MAT": "TIERRA", "CUNETA": "SI", "CUN_MAT": "HORMIGON", "FECHA": "08-2026", "OBS": null }, "geometry": { "type": "LineString", "coordinates": [ [ -68.4732526, -33.1977036 ], [ -68.4725748, -33.1979269 ] ] } },
{ "type": "Feature", "properties": { "id": "way/1530471126", "@id": "way/1530471126", "CORDON": "SI", "cord_estado ": "BUENO", "BANQUINA": "SI", "BANQ_ESTADO": "REGULAR", "BANQ_MAT": "TIERRA", "CUNETA": "SI", "CUN_MAT": "HORMIGON", "FECHA": "08-2026", "OBS": null }, "geometry": { "type": "LineString", "coordinates": [ [ -68.4735236, -33.1982661 ], [ -68.47284, -33.1984805 ] ] } },
{ "type": "Feature", "properties": { "id": "way/1530471127", "@id": "way/1530471127", "CORDON": "SI", "cord_estado ": "BUENO", "BANQUINA": "SI", "BANQ_ESTADO": "REGULAR", "BANQ_MAT": "TIERRA", "CUNETA": "SI", "CUN_MAT": "HORMIGON", "FECHA": "08-2026", "OBS": null }, "geometry": { "type": "LineString", "coordinates": [ [ -68.4697181, -33.1934799 ], [ -68.4704829, -33.1945666 ] ] } },
{ "type": "Feature", "properties": { "id": "way/1530471128", "@id": "way/1530471128", "CORDON": "SI", "cord_estado ": "BUENO", "BANQUINA": "SI", "BANQ_ESTADO": "REGULAR", "BANQ_MAT": "TIERRA", "CUNETA": "SI", "CUN_MAT": "HORMIGON", "FECHA": "08-2026", "OBS": null }, "geometry": { "type": "LineString", "coordinates": [ [ -68.4710273, -33.1953173 ], [ -68.4706951, -33.1948406 ] ] } },
{ "type": "Feature", "properties": { "id": "way/1530471129", "@id": "way/1530471129", "CORDON": "SI", "cord_estado ": "BUENO", "BANQUINA": "SI", "BANQ_ESTADO": "REGULAR", "BANQ_MAT": "TIERRA", "CUNETA": "SI", "CUN_MAT": "HORMIGON", "FECHA": "08-2026", "OBS": null }, "geometry": { "type": "LineString", "coordinates": [ [ -68.4712275, -33.1952639 ], [ -68.4707133, -33.1945309 ] ] } },
{ "type": "Feature", "properties": { "id": "way/1530471130", "@id": "way/1530471130", "CORDON": "SI", "cord_estado ": "BUENO", "BANQUINA": "SI", "BANQ_ESTADO": "REGULAR", "BANQ_MAT": "TIERRA", "CUNETA": "SI", "CUN_MAT": "HORMIGON", "FECHA": "08-2026", "OBS": null }, "geometry": { "type": "LineString", "coordinates": [ [ -68.4697015, -33.1955313 ], [ -68.4693969, -33.1950849 ] ] } },
{ "type": "Feature", "properties": { "id": "way/1530471131", "@id": "way/1530471131", "CORDON": "SI", "cord_estado ": "BUENO", "BANQUINA": "SI", "BANQ_ESTADO": "REGULAR", "BANQ_MAT": "TIERRA", "CUNETA": "SI", "CUN_MAT": "HORMIGON", "FECHA": "08-2026", "OBS": null }, "geometry": { "type": "LineString", "coordinates": [ [ -68.469949, -33.1958942 ], [ -68.4698246, -33.1957118 ] ] } },
{ "type": "Feature", "properties": { "id": "way/1530471132", "@id": "way/1530471132", "CORDON": "SI", "cord_estado ": "BUENO", "BANQUINA": "SI", "BANQ_ESTADO": "REGULAR", "BANQ_MAT": "TIERRA", "CUNETA": "SI", "CUN_MAT": "HORMIGON", "FECHA": "08-2026", "OBS": null }, "geometry": { "type": "LineString", "coordinates": [ [ -68.4697395, -33.1956927 ], [ -68.4693738, -33.1958558 ] ] } },
{ "type": "Feature", "properties": { "id": "way/1530471133", "@id": "way/1530471133", "CORDON": "SI", "cord_estado ": "BUENO", "BANQUINA": "SI", "BANQ_ESTADO": "REGULAR", "BANQ_MAT": "TIERRA", "CUNETA": "SI", "CUN_MAT": "HORMIGON", "FECHA": "08-2026", "OBS": null }, "geometry": { "type": "LineString", "coordinates": [ [ -68.4696772, -33.1956124 ], [ -68.4693044, -33.1957804 ] ] } },
{ "type": "Feature", "properties": { "id": "way/1530471134", "@id": "way/1530471134", "CORDON": "SI", "cord_estado ": "BUENO", "BANQUINA": "SI", "BANQ_ESTADO": "REGULAR", "BANQ_MAT": "TIERRA", "CUNETA": "SI", "CUN_MAT": "HORMIGON", "FECHA": "08-2026", "OBS": null }, "geometry": { "type": "LineString", "coordinates": [ [ -68.469905, -33.1934177 ], [ -68.4701721, -33.1937649 ] ] } },
{ "type": "Feature", "properties": { "id": "way/1530471135", "@id": "way/1530471135", "CORDON": "SI", "cord_estado ": "BUENO", "BANQUINA": "SI", "BANQ_ESTADO": "REGULAR", "BANQ_MAT": "TIERRA", "CUNETA": "SI", "CUN_MAT": "HORMIGON", "FECHA": "08-2026", "OBS": null }, "geometry": { "type": "LineString", "coordinates": [ [ -68.4703318, -33.1940169 ], [ -68.4704778, -33.1942236 ] ] } },
{ "type": "Feature", "properties": { "id": "way/1530471136", "@id": "way/1530471136", "CORDON": "SI", "cord_estado ": "BUENO", "BANQUINA": "SI", "BANQ_ESTADO": "REGULAR", "BANQ_MAT": "TIERRA", "CUNETA": "SI", "CUN_MAT": "HORMIGON", "FECHA": "08-2026", "OBS": null }, "geometry": { "type": "LineString", "coordinates": [ [ -68.4695032, -33.1931618 ], [ -68.4690072, -33.1924377 ] ] } },
{ "type": "Feature", "properties": { "id": "way/1530471137", "@id": "way/1530471137", "CORDON": "SI", "cord_estado ": "BUENO", "BANQUINA": "SI", "BANQ_ESTADO": "REGULAR", "BANQ_MAT": "TIERRA", "CUNETA": "SI", "CUN_MAT": "HORMIGON", "FECHA": "08-2026", "OBS": null }, "geometry": { "type": "LineString", "coordinates": [ [ -68.4697103, -33.1931031 ], [ -68.469221, -33.1923788 ] ] } },
{ "type": "Feature", "properties": { "id": "way/1530471138", "@id": "way/1530471138", "CORDON": "SI", "cord_estado ": "BUENO", "BANQUINA": "SI", "BANQ_ESTADO": "REGULAR", "BANQ_MAT": "TIERRA", "CUNETA": "SI", "CUN_MAT": "HORMIGON", "FECHA": "08-2026", "OBS": null }, "geometry": { "type": "LineString", "coordinates": [ [ -68.4688723, -33.1924058 ], [ -68.4687157, -33.1924632 ], [ -68.4683512, -33.1928648 ], [ -68.4682465, -33.1929113 ] ] } },
{ "type": "Feature", "properties": { "id": "way/1530471139", "@id": "way/1530471139", "CORDON": "SI", "cord_estado ": "BUENO", "BANQUINA": "SI", "BANQ_ESTADO": "REGULAR", "BANQ_MAT": "TIERRA", "CUNETA": "SI", "CUN_MAT": "HORMIGON", "FECHA": "08-2026", "OBS": null }, "geometry": { "type": "LineString", "coordinates": [ [ -68.468765, -33.1922402 ], [ -68.4686413, -33.1922838 ], [ -68.4682775, -33.1926566 ], [ -68.4681448, -33.1927051 ] ] } },
{ "type": "Feature", "properties": { "id": "way/1530471140", "@id": "way/1530471140", "CORDON": "SI", "cord_estado ": "BUENO", "BANQUINA": "SI", "BANQ_ESTADO": "REGULAR", "BANQ_MAT": "TIERRA", "CUNETA": "SI", "CUN_MAT": "HORMIGON", "FECHA": "08-2026", "OBS": null }, "geometry": { "type": "LineString", "coordinates": [ [ -68.4690157, -33.1920889 ], [ -68.4689171, -33.1919517 ] ] } },
{ "type": "Feature", "properties": { "id": "way/1530471141", "@id": "way/1530471141", "CORDON": "SI", "cord_estado ": "BUENO", "BANQUINA": "SI", "BANQ_ESTADO": "REGULAR", "BANQ_MAT": "TIERRA", "CUNETA": "SI", "CUN_MAT": "HORMIGON", "FECHA": "08-2026", "OBS": null }, "geometry": { "type": "LineString", "coordinates": [ [ -68.4687693, -33.1917379 ], [ -68.4685057, -33.1913631 ] ] } },
{ "type": "Feature", "properties": { "id": "way/1530471142", "@id": "way/1530471142", "CORDON": "SI", "cord_estado ": "BUENO", "BANQUINA": "SI", "BANQ_ESTADO": "REGULAR", "BANQ_MAT": "TIERRA", "CUNETA": "SI", "CUN_MAT": "HORMIGON", "FECHA": "08-2026", "OBS": null }, "geometry": { "type": "LineString", "coordinates": [ [ -68.4670925, -33.1881364 ], [ -68.4664695, -33.1883128 ] ] } },
{ "type": "Feature", "properties": { "id": "way/1530471143", "@id": "way/1530471143", "CORDON": "SI", "cord_estado ": "BUENO", "BANQUINA": "SI", "BANQ_ESTADO": "REGULAR", "BANQ_MAT": "TIERRA", "CUNETA": "SI", "CUN_MAT": "HORMIGON", "FECHA": "08-2026", "OBS": null }, "geometry": { "type": "LineString", "coordinates": [ [ -68.466968, -33.1879764 ], [ -68.4663611, -33.1881463 ] ] } },
{ "type": "Feature", "properties": { "id": "way/1530471144", "@id": "way/1530471144", "CORDON": "SI", "cord_estado ": "BUENO", "BANQUINA": "SI", "BANQ_ESTADO": "REGULAR", "BANQ_MAT": "TIERRA", "CUNETA": "SI", "CUN_MAT": "HORMIGON", "FECHA": "08-2026", "OBS": null }, "geometry": { "type": "LineString", "coordinates": [ [ -68.4671575, -33.1878326 ], [ -68.4668484, -33.1873901 ] ] } },
{ "type": "Feature", "properties": { "id": "way/1530471145", "@id": "way/1530471145", "CORDON": "SI", "cord_estado ": "BUENO", "BANQUINA": "SI", "BANQ_ESTADO": "REGULAR", "BANQ_MAT": "TIERRA", "CUNETA": "SI", "CUN_MAT": "HORMIGON", "FECHA": "08-2026", "OBS": null }, "geometry": { "type": "LineString", "coordinates": [ [ -68.4670233, -33.1878781 ], [ -68.4667118, -33.1874225 ] ] } },
{ "type": "Feature", "properties": { "id": "way/1530471146", "@id": "way/1530471146", "CORDON": "SI", "cord_estado ": "BUENO", "BANQUINA": "SI", "BANQ_ESTADO": "REGULAR", "BANQ_MAT": "TIERRA", "CUNETA": "SI", "CUN_MAT": "HORMIGON", "FECHA": "08-2026", "OBS": null }, "geometry": { "type": "LineString", "coordinates": [ [ -68.4692576, -33.1910313 ], [ -68.4685655, -33.1912655 ] ] } },
{ "type": "Feature", "properties": { "id": "way/1530471147", "@id": "way/1530471147", "CORDON": "SI", "cord_estado ": "BUENO", "BANQUINA": "SI", "BANQ_ESTADO": "REGULAR", "BANQ_MAT": "TIERRA", "CUNETA": "SI", "CUN_MAT": "HORMIGON", "FECHA": "08-2026", "OBS": null }, "geometry": { "type": "LineString", "coordinates": [ [ -68.4691478, -33.1908636 ], [ -68.4684462, -33.191099 ] ] } },
{ "type": "Feature", "properties": { "id": "way/1532840312", "@id": "way/1532840312", "CORDON": "NO", "cord_estado ": "BUENO", "BANQUINA": "SI", "BANQ_ESTADO": "REGULAR", "BANQ_MAT": "TIERRA", "CUNETA": "NO", "CUN_MAT": "HORMIGON", "FECHA": "08-2026", "OBS": null }, "geometry": { "type": "LineString", "coordinates": [ [ -68.4517482, -33.1955109 ], [ -68.4510191, -33.1943486 ], [ -68.4509522, -33.1942418 ], [ -68.4507031, -33.1938446 ], [ -68.4504712, -33.1933945 ] ] } },
{ "type": "Feature", "properties": { "id": "way/1532840313", "@id": "way/1532840313", "CORDON": "NO", "cord_estado ": "BUENO", "BANQUINA": "SI", "BANQ_ESTADO": "REGULAR", "BANQ_MAT": "TIERRA", "CUNETA": "NO", "CUN_MAT": "HORMIGON", "FECHA": "08-2026", "OBS": null }, "geometry": { "type": "LineString", "coordinates": [ [ -68.4530106, -33.1949584 ], [ -68.4523323, -33.1938872 ], [ -68.452265, -33.1937809 ], [ -68.4519885, -33.1933443 ], [ -68.4517726, -33.192937 ] ] } },
{ "type": "Feature", "properties": { "id": "way/1532840314", "@id": "way/1532840314", "CORDON": "NO", "cord_estado ": "BUENO", "BANQUINA": "SI", "BANQ_ESTADO": "REGULAR", "BANQ_MAT": "TIERRA", "CUNETA": "NO", "CUN_MAT": "HORMIGON", "FECHA": "08-2026", "OBS": null }, "geometry": { "type": "LineString", "coordinates": [ [ -68.452746, -33.1924828 ], [ -68.4518428, -33.1928263 ] ] } },
{ "type": "Feature", "properties": { "id": "way/1532840315", "@id": "way/1532840315", "CORDON": "NO", "cord_estado ": "BUENO", "BANQUINA": "SI", "BANQ_ESTADO": "REGULAR", "BANQ_MAT": "TIERRA", "CUNETA": "NO", "CUN_MAT": "HORMIGON", "FECHA": "08-2026", "OBS": null }, "geometry": { "type": "LineString", "coordinates": [ [ -68.4526444, -33.1923167 ], [ -68.4516327, -33.1926954 ], [ -68.451551, -33.192726 ], [ -68.4513764, -33.1927914 ] ] } },
{ "type": "Feature", "properties": { "id": "way/1532840316", "@id": "way/1532840316", "CORDON": "NO", "cord_estado ": "BUENO", "BANQUINA": "SI", "BANQ_ESTADO": "REGULAR", "BANQ_MAT": "TIERRA", "CUNETA": "NO", "CUN_MAT": "HORMIGON", "FECHA": "08-2026", "OBS": null }, "geometry": { "type": "LineString", "coordinates": [ [ -68.4514888, -33.1929365 ], [ -68.4512233, -33.1930347 ] ] } },
{ "type": "Feature", "properties": { "id": "way/1532840317", "@id": "way/1532840317", "CORDON": "NO", "cord_estado ": "BUENO", "BANQUINA": "SI", "BANQ_ESTADO": "REGULAR", "BANQ_MAT": "TIERRA", "CUNETA": "NO", "CUN_MAT": "HORMIGON", "FECHA": "08-2026", "OBS": null }, "geometry": { "type": "LineString", "coordinates": [ [ -68.4509241, -33.1931447 ], [ -68.4506564, -33.1932445 ] ] } },
{ "type": "Feature", "properties": { "id": "way/1532840318", "@id": "way/1532840318", "CORDON": "NO", "cord_estado ": "BUENO", "BANQUINA": "SI", "BANQ_ESTADO": "REGULAR", "BANQ_MAT": "TIERRA", "CUNETA": "NO", "CUN_MAT": "HORMIGON", "FECHA": "08-2026", "OBS": null }, "geometry": { "type": "LineString", "coordinates": [ [ -68.4509702, -33.192944 ], [ -68.4504801, -33.1931289 ], [ -68.4503806, -33.1931664 ], [ -68.4499986, -33.1933105 ] ] } },
{ "type": "Feature", "properties": { "id": "way/1532840319", "@id": "way/1532840319", "CORDON": "NO", "cord_estado ": "BUENO", "BANQUINA": "SI", "BANQ_ESTADO": "REGULAR", "BANQ_MAT": "TIERRA", "CUNETA": "NO", "CUN_MAT": "HORMIGON", "FECHA": "08-2026", "OBS": null }, "geometry": { "type": "LineString", "coordinates": [ [ -68.4503492, -33.1933574 ], [ -68.450069, -33.1934646 ] ] } },
{ "type": "Feature", "properties": { "id": "way/1532840320", "@id": "way/1532840320", "CORDON": "NO", "cord_estado ": "BUENO", "BANQUINA": "SI", "BANQ_ESTADO": "REGULAR", "BANQ_MAT": "TIERRA", "CUNETA": "NO", "CUN_MAT": "HORMIGON", "FECHA": "08-2026", "OBS": null }, "geometry": { "type": "LineString", "coordinates": [ [ -68.4520726, -33.1915366 ], [ -68.4513622, -33.1917789 ], [ -68.4512443, -33.1918191 ], [ -68.450959, -33.1919164 ] ] } },
{ "type": "Feature", "properties": { "id": "way/1532840321", "@id": "way/1532840321", "CORDON": "NO", "cord_estado ": "BUENO", "BANQUINA": "SI", "BANQ_ESTADO": "REGULAR", "BANQ_MAT": "TIERRA", "CUNETA": "NO", "CUN_MAT": "HORMIGON", "FECHA": "08-2026", "OBS": null }, "geometry": { "type": "LineString", "coordinates": [ [ -68.4505795, -33.1920642 ], [ -68.4500411, -33.1922735 ], [ -68.4499406, -33.1923125 ], [ -68.4494575, -33.1925003 ] ] } },
{ "type": "Feature", "properties": { "id": "way/1532840322", "@id": "way/1532840322", "CORDON": "NO", "cord_estado ": "BUENO", "BANQUINA": "SI", "BANQ_ESTADO": "REGULAR", "BANQ_MAT": "TIERRA", "CUNETA": "NO", "CUN_MAT": "HORMIGON", "FECHA": "08-2026", "OBS": null }, "geometry": { "type": "LineString", "coordinates": [ [ -68.4526756, -33.1922252 ], [ -68.4522902, -33.1917243 ] ] } },
{ "type": "Feature", "properties": { "id": "way/1532840323", "@id": "way/1532840323", "CORDON": "NO", "cord_estado ": "BUENO", "BANQUINA": "SI", "BANQ_ESTADO": "REGULAR", "BANQ_MAT": "TIERRA", "CUNETA": "NO", "CUN_MAT": "HORMIGON", "FECHA": "08-2026", "OBS": null }, "geometry": { "type": "LineString", "coordinates": [ [ -68.4512304, -33.1927651 ], [ -68.4509733, -33.1921786 ] ] } },
{ "type": "Feature", "properties": { "id": "way/1532840324", "@id": "way/1532840324", "CORDON": "NO", "cord_estado ": "BUENO", "BANQUINA": "SI", "BANQ_ESTADO": "REGULAR", "BANQ_MAT": "TIERRA", "CUNETA": "NO", "CUN_MAT": "HORMIGON", "FECHA": "08-2026", "OBS": null }, "geometry": { "type": "LineString", "coordinates": [ [ -68.4510334, -33.1928342 ], [ -68.4507793, -33.1922444 ] ] } },
{ "type": "Feature", "properties": { "id": "way/1532840325", "@id": "way/1532840325", "CORDON": "NO", "cord_estado ": "BUENO", "BANQUINA": "SI", "BANQ_ESTADO": "REGULAR", "BANQ_MAT": "TIERRA", "CUNETA": "NO", "CUN_MAT": "HORMIGON", "FECHA": "08-2026", "OBS": null }, "geometry": { "type": "LineString", "coordinates": [ [ -68.4521503, -33.191685 ], [ -68.4514242, -33.1919383 ], [ -68.451313, -33.1919771 ], [ -68.4510252, -33.1920774 ] ] } },
{ "type": "Feature", "properties": { "id": "way/1532840326", "@id": "way/1532840326", "CORDON": "NO", "cord_estado ": "BUENO", "BANQUINA": "SI", "BANQ_ESTADO": "REGULAR", "BANQ_MAT": "TIERRA", "CUNETA": "NO", "CUN_MAT": "HORMIGON", "FECHA": "08-2026", "OBS": null }, "geometry": { "type": "LineString", "coordinates": [ [ -68.4506445, -33.1922096 ], [ -68.4500977, -33.1924239 ], [ -68.4500087, -33.1924587 ], [ -68.4495417, -33.1926418 ] ] } },
{ "type": "Feature", "properties": { "id": "way/1532840327", "@id": "way/1532840327", "CORDON": "NO", "cord_estado ": "BUENO", "BANQUINA": "SI", "BANQ_ESTADO": "REGULAR", "BANQ_MAT": "TIERRA", "CUNETA": "SI", "CUN_MAT": "HORMIGON", "FECHA": "08-2026", "OBS": null }, "geometry": { "type": "LineString", "coordinates": [ [ -68.4498511, -33.193277 ], [ -68.4495136, -33.1927403 ] ] } },
{ "type": "Feature", "properties": { "id": "way/1532840328", "@id": "way/1532840328", "CORDON": "SI", "cord_estado ": "BUENO", "BANQUINA": "SI", "BANQ_ESTADO": "REGULAR", "BANQ_MAT": "TIERRA", "CUNETA": "NO", "CUN_MAT": "HORMIGON", "FECHA": "08-2026", "OBS": null }, "geometry": { "type": "LineString", "coordinates": [ [ -68.4513301, -33.1902585 ], [ -68.4508184, -33.1902601 ] ] } },
{ "type": "Feature", "properties": { "id": "way/1532840329", "@id": "way/1532840329", "CORDON": "SI", "cord_estado ": "BUENO", "BANQUINA": "SI", "BANQ_ESTADO": "REGULAR", "BANQ_MAT": "TIERRA", "CUNETA": "NO", "CUN_MAT": "HORMIGON", "FECHA": "08-2026", "OBS": null }, "geometry": { "type": "LineString", "coordinates": [ [ -68.4505928, -33.1902609 ], [ -68.4503768, -33.1902616 ] ] } },
{ "type": "Feature", "properties": { "id": "way/1532840331", "@id": "way/1532840331", "CORDON": "NO", "cord_estado ": "BUENO", "BANQUINA": "SI", "BANQ_ESTADO": "REGULAR", "BANQ_MAT": "TIERRA", "CUNETA": "NO", "CUN_MAT": "HORMIGON", "FECHA": "08-2026", "OBS": null }, "geometry": { "type": "LineString", "coordinates": [ [ -68.4503327, -33.1946023 ], [ -68.4499202, -33.1947347 ], [ -68.449838, -33.1947611 ], [ -68.4495077, -33.1948672 ], [ -68.4494032, -33.1949007 ], [ -68.4485445, -33.1951765 ] ] } },
{ "type": "Feature", "properties": { "id": "way/1532840332", "@id": "way/1532840332", "CORDON": "NO", "cord_estado ": "BUENO", "BANQUINA": "SI", "BANQ_ESTADO": "REGULAR", "BANQ_MAT": "TIERRA", "CUNETA": "NO", "CUN_MAT": "HORMIGON", "FECHA": "08-2026", "OBS": null }, "geometry": { "type": "LineString", "coordinates": [ [ -68.4502441, -33.1944497 ], [ -68.4499694, -33.194539 ] ] } },
{ "type": "Feature", "properties": { "id": "way/1532840333", "@id": "way/1532840333", "CORDON": "NO", "cord_estado ": "BUENO", "BANQUINA": "SI", "BANQ_ESTADO": "REGULAR", "BANQ_MAT": "TIERRA", "CUNETA": "SI", "CUN_MAT": "HORMIGON", "FECHA": "08-2026", "OBS": null }, "geometry": { "type": "LineString", "coordinates": [ [ -68.4496236, -33.1946484 ], [ -68.4494345, -33.1947103 ], [ -68.4493409, -33.194741 ], [ -68.4484697, -33.1950266 ] ] } },
{ "type": "Feature", "properties": { "id": "way/1532840334", "@id": "way/1532840334", "CORDON": "NO", "cord_estado ": "BUENO", "BANQUINA": "SI", "BANQ_ESTADO": "REGULAR", "BANQ_MAT": "TIERRA", "CUNETA": "SI", "CUN_MAT": "HORMIGON", "FECHA": "08-2026", "OBS": null }, "geometry": { "type": "LineString", "coordinates": [ [ -68.4496662, -33.1945508 ], [ -68.4495285, -33.1943304 ] ] } },
{ "type": "Feature", "properties": { "id": "way/1532840335", "@id": "way/1532840335", "CORDON": "SI", "cord_estado ": "BUENO", "BANQUINA": "SI", "BANQ_ESTADO": "REGULAR", "BANQ_MAT": "TIERRA", "CUNETA": "SI", "CUN_MAT": "HORMIGON", "FECHA": "08-2026", "OBS": null }, "geometry": { "type": "LineString", "coordinates": [ [ -68.4493997, -33.1942924 ], [ -68.449176, -33.194366 ], [ -68.4490718, -33.1944002 ], [ -68.4482493, -33.1946706 ] ] } },
{ "type": "Feature", "properties": { "id": "way/1532840336", "@id": "way/1532840336", "CORDON": "SI", "cord_estado ": "BUENO", "BANQUINA": "SI", "BANQ_ESTADO": "REGULAR", "BANQ_MAT": "TIERRA", "CUNETA": "SI", "CUN_MAT": "HORMIGON", "FECHA": "08-2026", "OBS": null }, "geometry": { "type": "LineString", "coordinates": [ [ -68.4489543, -33.1942704 ], [ -68.4481492, -33.1945401 ] ] } },
{ "type": "Feature", "properties": { "id": "way/1532840337", "@id": "way/1532840337", "CORDON": "SI", "cord_estado ": "BUENO", "BANQUINA": "SI", "BANQ_ESTADO": "REGULAR", "BANQ_MAT": "TIERRA", "CUNETA": "SI", "CUN_MAT": "HORMIGON", "FECHA": "08-2026", "OBS": null }, "geometry": { "type": "LineString", "coordinates": [ [ -68.4480413, -33.1945168 ], [ -68.4478887, -33.1942887 ] ] } },
{ "type": "Feature", "properties": { "id": "way/1532840338", "@id": "way/1532840338", "CORDON": "SI", "cord_estado ": "BUENO", "BANQUINA": "SI", "BANQ_ESTADO": "REGULAR", "BANQ_MAT": "TIERRA", "CUNETA": "SI", "CUN_MAT": "HORMIGON", "FECHA": "08-2026", "OBS": null }, "geometry": { "type": "LineString", "coordinates": [ [ -68.4483457, -33.1949978 ], [ -68.4481962, -33.1947642 ] ] } },
{ "type": "Feature", "properties": { "id": "way/1532840339", "@id": "way/1532840339", "CORDON": "SI", "cord_estado ": "BUENO", "BANQUINA": "SI", "BANQ_ESTADO": "REGULAR", "BANQ_MAT": "TIERRA", "CUNETA": "SI", "CUN_MAT": "HORMIGON", "FECHA": "08-2026", "OBS": null }, "geometry": { "type": "LineString", "coordinates": [ [ -68.4490192, -33.1936992 ], [ -68.4488295, -33.1937598 ], [ -68.4487355, -33.1937898 ], [ -68.4478288, -33.1940767 ] ] } },
{ "type": "Feature", "properties": { "id": "way/1532840340", "@id": "way/1532840340", "CORDON": "SI", "cord_estado ": "BUENO", "BANQUINA": "SI", "BANQ_ESTADO": "REGULAR", "BANQ_MAT": "TIERRA", "CUNETA": "SI", "CUN_MAT": "HORMIGON", "FECHA": "08-2026", "OBS": null }, "geometry": { "type": "LineString", "coordinates": [ [ -68.448777, -33.1939248 ], [ -68.4479192, -33.1941913 ] ] } },
{ "type": "Feature", "properties": { "id": "way/1532840341", "@id": "way/1532840341", "CORDON": "SI", "cord_estado ": "BUENO", "BANQUINA": "SI", "BANQ_ESTADO": "REGULAR", "BANQ_MAT": "TIERRA", "CUNETA": "SI", "CUN_MAT": "HORMIGON", "FECHA": "08-2026", "OBS": null }, "geometry": { "type": "LineString", "coordinates": [ [ -68.4495986, -33.1934474 ], [ -68.4493234, -33.1935422 ] ] } },
{ "type": "Feature", "properties": { "id": "way/1532840342", "@id": "way/1532840342", "CORDON": "NO", "cord_estado ": "BUENO", "BANQUINA": "SI", "BANQ_ESTADO": "REGULAR", "BANQ_MAT": "TIERRA", "CUNETA": "SI", "CUN_MAT": "HORMIGON", "FECHA": "08-2026", "OBS": null }, "geometry": { "type": "LineString", "coordinates": [ [ -68.4497077, -33.1936057 ], [ -68.4494274, -33.1937027 ] ] } },
{ "type": "Feature", "properties": { "id": "way/1532840343", "@id": "way/1532840343", "CORDON": "SI", "cord_estado ": "BUENO", "BANQUINA": "SI", "BANQ_ESTADO": "REGULAR", "BANQ_MAT": "TIERRA", "CUNETA": "SI", "CUN_MAT": "HORMIGON", "FECHA": "08-2026", "OBS": null }, "geometry": { "type": "LineString", "coordinates": [ [ -68.4488197, -33.1933668 ], [ -68.448594, -33.1934358 ], [ -68.4484888, -33.193468 ], [ -68.4476064, -33.1937381 ] ] } },
{ "type": "Feature", "properties": { "id": "way/1532840344", "@id": "way/1532840344", "CORDON": "SI", "cord_estado ": "BUENO", "BANQUINA": "SI", "BANQ_ESTADO": "REGULAR", "BANQ_MAT": "TIERRA", "CUNETA": "SI", "CUN_MAT": "HORMIGON", "FECHA": "08-2026", "OBS": null }, "geometry": { "type": "LineString", "coordinates": [ [ -68.4492095, -33.1935166 ], [ -68.4490369, -33.1932476 ] ] } },
{ "type": "Feature", "properties": { "id": "way/1532840345", "@id": "way/1532840345", "CORDON": "SI", "cord_estado ": "BUENO", "BANQUINA": "SI", "BANQ_ESTADO": "REGULAR", "BANQ_MAT": "TIERRA", "CUNETA": "SI", "CUN_MAT": "HORMIGON", "FECHA": "08-2026", "OBS": null }, "geometry": { "type": "LineString", "coordinates": [ [ -68.4490669, -33.1935924 ], [ -68.4489427, -33.1933933 ] ] } },
{ "type": "Feature", "properties": { "id": "way/1532840346", "@id": "way/1532840346", "CORDON": "SI", "cord_estado ": "BUENO", "BANQUINA": "SI", "BANQ_ESTADO": "REGULAR", "BANQ_MAT": "TIERRA", "CUNETA": "SI", "CUN_MAT": "HORMIGON", "FECHA": "08-2026", "OBS": null }, "geometry": { "type": "LineString", "coordinates": [ [ -68.4477323, -33.1940603 ], [ -68.447575, -33.193812 ] ] } },
{ "type": "Feature", "properties": { "id": "way/1532840347", "@id": "way/1532840347", "CORDON": "NO", "cord_estado ": "BUENO", "BANQUINA": "SI", "BANQ_ESTADO": "REGULAR", "BANQ_MAT": "TIERRA", "CUNETA": "SI", "CUN_MAT": "HORMIGON", "FECHA": "08-2026", "OBS": null }, "geometry": { "type": "LineString", "coordinates": [ [ -68.4496507, -33.1933488 ], [ -68.4495, -33.1931072 ] ] } },
{ "type": "Feature", "properties": { "id": "way/1532840348", "@id": "way/1532840348", "CORDON": "NO", "cord_estado ": "BUENO", "BANQUINA": "SI", "BANQ_ESTADO": "REGULAR", "BANQ_MAT": "TIERRA", "CUNETA": "NO", "CUN_MAT": "HORMIGON", "FECHA": "08-2026", "OBS": null }, "geometry": { "type": "LineString", "coordinates": [ [ -68.4528489, -33.1950185 ], [ -68.4521757, -33.1939465 ], [ -68.4521087, -33.1938398 ], [ -68.451818, -33.193377 ], [ -68.4516223, -33.1929805 ] ] } },
{ "type": "Feature", "properties": { "id": "way/1532840349", "@id": "way/1532840349", "CORDON": "NO", "cord_estado ": "BUENO", "BANQUINA": "SI", "BANQ_ESTADO": "REGULAR", "BANQ_MAT": "TIERRA", "CUNETA": "NO", "CUN_MAT": "HORMIGON", "FECHA": "08-2026", "OBS": null }, "geometry": { "type": "LineString", "coordinates": [ [ -68.4524583, -33.1952057 ], [ -68.4517565, -33.1941001 ], [ -68.4516891, -33.1939939 ], [ -68.4514189, -33.1935683 ], [ -68.4511943, -33.1931198 ] ] } },
{ "type": "Feature", "properties": { "id": "way/1532840350", "@id": "way/1532840350", "CORDON": "NO", "cord_estado ": "BUENO", "BANQUINA": "SI", "BANQ_ESTADO": "REGULAR", "BANQ_MAT": "TIERRA", "CUNETA": "NO", "CUN_MAT": "HORMIGON", "FECHA": "08-2026", "OBS": null }, "geometry": { "type": "LineString", "coordinates": [ [ -68.4521685, -33.1950617 ], [ -68.4515914, -33.1941573 ], [ -68.4515235, -33.194051 ], [ -68.4512561, -33.193632 ], [ -68.451037, -33.1931769 ] ] } },
{ "type": "Feature", "properties": { "id": "way/1532840351", "@id": "way/1532840351", "CORDON": "NO", "cord_estado ": "BUENO", "BANQUINA": "SI", "BANQ_ESTADO": "REGULAR", "BANQ_MAT": "TIERRA", "CUNETA": "NO", "CUN_MAT": "HORMIGON", "FECHA": "08-2026", "OBS": null }, "geometry": { "type": "LineString", "coordinates": [ [ -68.4517559, -33.1952214 ], [ -68.4511785, -33.1942966 ], [ -68.4511119, -33.19419 ], [ -68.4508543, -33.1937773 ], [ -68.450622, -33.1933432 ] ] } },
{ "type": "Feature", "properties": { "id": "way/1532840352", "@id": "way/1532840352", "CORDON": "SI", "cord_estado ": "BUENO", "BANQUINA": "SI", "BANQ_ESTADO": "REGULAR", "BANQ_MAT": "TIERRA", "CUNETA": "NO", "CUN_MAT": "HORMIGON", "FECHA": "08-2026", "OBS": null }, "geometry": { "type": "LineString", "coordinates": [ [ -68.4513195, -33.1884878 ], [ -68.4507558, -33.1886435 ], [ -68.4506151, -33.1886835 ], [ -68.450473, -33.1887239 ], [ -68.4496532, -33.188957 ], [ -68.4495305, -33.1889972 ], [ -68.4494134, -33.1890356 ], [ -68.4486417, -33.1892885 ] ] } },
{ "type": "Feature", "properties": { "id": "way/1534093708", "@id": "way/1534093708", "CORDON": "SI", "cord_estado ": "BUENO", "BANQUINA": "SI", "BANQ_ESTADO": "REGULAR", "BANQ_MAT": "TIERRA", "CUNETA": "SI", "CUN_MAT": "HORMIGON", "FECHA": "08-2026", "OBS": null }, "geometry": { "type": "LineString", "coordinates": [ [ -68.4722201, -33.1948844 ], [ -68.4718508, -33.1941447 ] ] } },
{ "type": "Feature", "properties": { "id": "way/1534093709", "@id": "way/1534093709", "CORDON": "SI", "cord_estado ": "BUENO", "BANQUINA": "SI", "BANQ_ESTADO": "REGULAR", "BANQ_MAT": "TIERRA", "CUNETA": "SI", "CUN_MAT": "HORMIGON", "FECHA": "08-2026", "OBS": null }, "geometry": { "type": "LineString", "coordinates": [ [ -68.4720226, -33.1949513 ], [ -68.4716556, -33.1941895 ] ] } },
{ "type": "Feature", "properties": { "id": "way/1534093710", "@id": "way/1534093710", "CORDON": "SI", "cord_estado ": "BUENO", "BANQUINA": "SI", "BANQ_ESTADO": "REGULAR", "BANQ_MAT": "TIERRA", "CUNETA": "SI", "CUN_MAT": "HORMIGON", "FECHA": "08-2026", "OBS": null }, "geometry": { "type": "LineString", "coordinates": [ [ -68.4727861, -33.1946925 ], [ -68.4724248, -33.1939528 ] ] } },
{ "type": "Feature", "properties": { "id": "way/1534093711", "@id": "way/1534093711", "CORDON": "SI", "cord_estado ": "BUENO", "BANQUINA": "SI", "BANQ_ESTADO": "REGULAR", "BANQ_MAT": "TIERRA", "CUNETA": "SI", "CUN_MAT": "HORMIGON", "FECHA": "08-2026", "OBS": null }, "geometry": { "type": "LineString", "coordinates": [ [ -68.4726422, -33.1947369 ], [ -68.4722859, -33.1939954 ] ] } },
{ "type": "Feature", "properties": { "id": "way/1534093712", "@id": "way/1534093712", "CORDON": "SI", "cord_estado ": "BUENO", "BANQUINA": "SI", "BANQ_ESTADO": "REGULAR", "BANQ_MAT": "TIERRA", "CUNETA": "SI", "CUN_MAT": "HORMIGON", "FECHA": "08-2026", "OBS": null }, "geometry": { "type": "LineString", "coordinates": [ [ -68.4734186, -33.1944675 ], [ -68.4730562, -33.1937551 ] ] } },
{ "type": "Feature", "properties": { "id": "way/1534093713", "@id": "way/1534093713", "CORDON": "SI", "cord_estado ": "BUENO", "BANQUINA": "SI", "BANQ_ESTADO": "REGULAR", "BANQ_MAT": "TIERRA", "CUNETA": "SI", "CUN_MAT": "HORMIGON", "FECHA": "08-2026", "OBS": null }, "geometry": { "type": "LineString", "coordinates": [ [ -68.4732164, -33.1945344 ], [ -68.472854, -33.1938039 ] ] } },
{ "type": "Feature", "properties": { "id": "way/1534093714", "@id": "way/1534093714", "CORDON": "SI", "cord_estado ": "BUENO", "BANQUINA": "SI", "BANQ_ESTADO": "REGULAR", "BANQ_MAT": "TIERRA", "CUNETA": "NO", "CUN_MAT": "HORMIGON", "FECHA": "08-2026", "OBS": null }, "geometry": { "type": "LineString", "coordinates": [ [ -68.4739813, -33.194278 ], [ -68.4736213, -33.1935461 ] ] } },
{ "type": "Feature", "properties": { "id": "way/1534093715", "@id": "way/1534093715", "CORDON": "SI", "cord_estado ": "BUENO", "BANQUINA": "SI", "BANQ_ESTADO": "REGULAR", "BANQ_MAT": "TIERRA", "CUNETA": "NO", "CUN_MAT": "HORMIGON", "FECHA": "08-2026", "OBS": null }, "geometry": { "type": "LineString", "coordinates": [ [ -68.4738492, -33.1943214 ], [ -68.4734891, -33.1935889 ] ] } },
{ "type": "Feature", "properties": { "id": "way/1534093716", "@id": "way/1534093716", "CORDON": "SI", "cord_estado ": "BUENO", "BANQUINA": "SI", "BANQ_ESTADO": "REGULAR", "BANQ_MAT": "TIERRA", "CUNETA": "NO", "CUN_MAT": "HORMIGON", "FECHA": "08-2026", "OBS": null }, "geometry": { "type": "LineString", "coordinates": [ [ -68.4747729, -33.193981 ], [ -68.4744059, -33.1932315 ] ] } },
{ "type": "Feature", "properties": { "id": "way/1534093717", "@id": "way/1534093717", "CORDON": "SI", "cord_estado ": "BUENO", "BANQUINA": "SI", "BANQ_ESTADO": "REGULAR", "BANQ_MAT": "TIERRA", "CUNETA": "NO", "CUN_MAT": "HORMIGON", "FECHA": "08-2026", "OBS": null }, "geometry": { "type": "LineString", "coordinates": [ [ -68.4745754, -33.1940498 ], [ -68.4742153, -33.1932959 ] ] } },
{ "type": "Feature", "properties": { "id": "way/1534093718", "@id": "way/1534093718", "CORDON": "SI", "cord_estado ": "BUENO", "BANQUINA": "SI", "BANQ_ESTADO": "REGULAR", "BANQ_MAT": "TIERRA", "CUNETA": "NO", "CUN_MAT": "HORMIGON", "FECHA": "08-2026", "OBS": null }, "geometry": { "type": "LineString", "coordinates": [ [ -68.4759916, -33.1935416 ], [ -68.4756037, -33.1927742 ] ] } },
{ "type": "Feature", "properties": { "id": "way/1534093719", "@id": "way/1534093719", "CORDON": "SI", "cord_estado ": "BUENO", "BANQUINA": "SI", "BANQ_ESTADO": "REGULAR", "BANQ_MAT": "TIERRA", "CUNETA": "NO", "CUN_MAT": "HORMIGON", "FECHA": "08-2026", "OBS": null }, "geometry": { "type": "LineString", "coordinates": [ [ -68.4758036, -33.1936082 ], [ -68.4754132, -33.1928288 ] ] } },
{ "type": "Feature", "properties": { "id": "way/1534093720", "@id": "way/1534093720", "CORDON": "SI", "cord_estado ": "BUENO", "BANQUINA": "SI", "BANQ_ESTADO": "REGULAR", "BANQ_MAT": "TIERRA", "CUNETA": "NO", "CUN_MAT": "HORMIGON", "FECHA": "08-2026", "OBS": null }, "geometry": { "type": "LineString", "coordinates": [ [ -68.4775083, -33.1930049 ], [ -68.4769754, -33.192206 ] ] } },
{ "type": "Feature", "properties": { "id": "way/1534093721", "@id": "way/1534093721", "CORDON": "SI", "cord_estado ": "BUENO", "BANQUINA": "SI", "BANQ_ESTADO": "REGULAR", "BANQ_MAT": "TIERRA", "CUNETA": "SI", "CUN_MAT": "HORMIGON", "FECHA": "08-2026", "OBS": null }, "geometry": { "type": "LineString", "coordinates": [ [ -68.4722395, -33.1926017 ], [ -68.4725183, -33.1930124 ] ] } },
{ "type": "Feature", "properties": { "id": "way/1534093722", "@id": "way/1534093722", "CORDON": "SI", "cord_estado ": "BUENO", "BANQUINA": "SI", "BANQ_ESTADO": "REGULAR", "BANQ_MAT": "TIERRA", "CUNETA": "SI", "CUN_MAT": "HORMIGON", "FECHA": "08-2026", "OBS": null }, "geometry": { "type": "LineString", "coordinates": [ [ -68.4709941, -33.193038 ], [ -68.4712782, -33.1933859 ] ] } },
{ "type": "Feature", "properties": { "id": "way/1534093723", "@id": "way/1534093723", "CORDON": "SI", "cord_estado ": "BUENO", "BANQUINA": "SI", "BANQ_ESTADO": "REGULAR", "BANQ_MAT": "TIERRA", "CUNETA": "SI", "CUN_MAT": "HORMIGON", "FECHA": "08-2026", "OBS": null }, "geometry": { "type": "LineString", "coordinates": [ [ -68.472685, -33.1932504 ], [ -68.4728635, -33.1934707 ] ] } },
{ "type": "Feature", "properties": { "id": "way/1534093724", "@id": "way/1534093724", "CORDON": "SI", "cord_estado ": "BUENO", "BANQUINA": "SI", "BANQ_ESTADO": "REGULAR", "BANQ_MAT": "TIERRA", "CUNETA": "SI", "CUN_MAT": "HORMIGON", "FECHA": "08-2026", "OBS": null }, "geometry": { "type": "LineString", "coordinates": [ [ -68.4720383, -33.1926567 ], [ -68.4723184, -33.1930585 ] ] } },
{ "type": "Feature", "properties": { "id": "way/1534093725", "@id": "way/1534093725", "CORDON": "SI", "cord_estado ": "BUENO", "BANQUINA": "SI", "BANQ_ESTADO": "REGULAR", "BANQ_MAT": "TIERRA", "CUNETA": "SI", "CUN_MAT": "HORMIGON", "FECHA": "08-2026", "OBS": null }, "geometry": { "type": "LineString", "coordinates": [ [ -68.4707872, -33.1930887 ], [ -68.4710723, -33.1934457 ] ] } },
{ "type": "Feature", "properties": { "id": "way/1534093726", "@id": "way/1534093726", "CORDON": "SI", "cord_estado ": "BUENO", "BANQUINA": "SI", "BANQ_ESTADO": "REGULAR", "BANQ_MAT": "TIERRA", "CUNETA": "SI", "CUN_MAT": "HORMIGON", "FECHA": "08-2026", "OBS": null }, "geometry": { "type": "LineString", "coordinates": [ [ -68.4712587, -33.1936844 ], [ -68.4714401, -33.1939018 ] ] } },
{ "type": "Feature", "properties": { "id": "way/1534093727", "@id": "way/1534093727", "CORDON": "SI", "cord_estado ": "BUENO", "BANQUINA": "SI", "BANQ_ESTADO": "REGULAR", "BANQ_MAT": "TIERRA", "CUNETA": "SI", "CUN_MAT": "HORMIGON", "FECHA": "08-2026", "OBS": null }, "geometry": { "type": "LineString", "coordinates": [ [ -68.4732977, -33.1929148 ], [ -68.4734559, -33.1932286 ] ] } },
{ "type": "Feature", "properties": { "id": "way/1534093728", "@id": "way/1534093728", "CORDON": "SI", "cord_estado ": "BUENO", "BANQUINA": "SI", "BANQ_ESTADO": "REGULAR", "BANQ_MAT": "TIERRA", "CUNETA": "SI", "CUN_MAT": "HORMIGON", "FECHA": "08-2026", "OBS": null }, "geometry": { "type": "LineString", "coordinates": [ [ -68.4732152, -33.1930742 ], [ -68.4733173, -33.1932798 ] ] } },
{ "type": "Feature", "properties": { "id": "way/1534093729", "@id": "way/1534093729", "CORDON": "SI", "cord_estado ": "BUENO", "BANQUINA": "SI", "BANQ_ESTADO": "REGULAR", "BANQ_MAT": "TIERRA", "CUNETA": "NO", "CUN_MAT": "HORMIGON", "FECHA": "08-2026", "OBS": null }, "geometry": { "type": "LineString", "coordinates": [ [ -68.4736104, -33.1921208 ], [ -68.4740422, -33.1929819 ] ] } },
{ "type": "Feature", "properties": { "id": "way/1534093730", "@id": "way/1534093730", "CORDON": "SI", "cord_estado ": "BUENO", "BANQUINA": "SI", "BANQ_ESTADO": "REGULAR", "BANQ_MAT": "TIERRA", "CUNETA": "NO", "CUN_MAT": "HORMIGON", "FECHA": "08-2026", "OBS": null }, "geometry": { "type": "LineString", "coordinates": [ [ -68.4738152, -33.1920532 ], [ -68.4742412, -33.1929001 ] ] } },
{ "type": "Feature", "properties": { "id": "way/1534093731", "@id": "way/1534093731", "CORDON": "NO", "cord_estado ": "BUENO", "BANQUINA": "SI", "BANQ_ESTADO": "REGULAR", "BANQ_MAT": "TIERRA", "CUNETA": "NO", "CUN_MAT": "HORMIGON", "FECHA": "08-2026", "OBS": null }, "geometry": { "type": "LineString", "coordinates": [ [ -68.4750206, -33.1916331 ], [ -68.4754418, -33.1924454 ] ] } },
{ "type": "Feature", "properties": { "id": "way/1534093732", "@id": "way/1534093732", "CORDON": "NO", "cord_estado ": "BUENO", "BANQUINA": "SI", "BANQ_ESTADO": "REGULAR", "BANQ_MAT": "TIERRA", "CUNETA": "NO", "CUN_MAT": "HORMIGON", "FECHA": "08-2026", "OBS": null }, "geometry": { "type": "LineString", "coordinates": [ [ -68.4748214, -33.1917031 ], [ -68.4752402, -33.1925205 ] ] } },
{ "type": "Feature", "properties": { "id": "way/1534093733", "@id": "way/1534093733", "CORDON": "SI", "cord_estado ": "BUENO", "BANQUINA": "SI", "BANQ_ESTADO": "REGULAR", "BANQ_MAT": "TIERRA", "CUNETA": "SI", "CUN_MAT": "HORMIGON", "FECHA": "08-2026", "OBS": null }, "geometry": { "type": "LineString", "coordinates": [ [ -68.4763051, -33.191181 ], [ -68.4767813, -33.1919034 ] ] } },
{ "type": "Feature", "properties": { "id": "way/1534093734", "@id": "way/1534093734", "CORDON": "SI", "cord_estado ": "BUENO", "BANQUINA": "SI", "BANQ_ESTADO": "REGULAR", "BANQ_MAT": "TIERRA", "CUNETA": "SI", "CUN_MAT": "HORMIGON", "FECHA": "08-2026", "OBS": null }, "geometry": { "type": "LineString", "coordinates": [ [ -68.4707715, -33.1927413 ], [ -68.4702705, -33.1920131 ] ] } },
{ "type": "Feature", "properties": { "id": "way/1534093735", "@id": "way/1534093735", "CORDON": "SI", "cord_estado ": "BUENO", "BANQUINA": "SI", "BANQ_ESTADO": "REGULAR", "BANQ_MAT": "TIERRA", "CUNETA": "SI", "CUN_MAT": "HORMIGON", "FECHA": "08-2026", "OBS": null }, "geometry": { "type": "LineString", "coordinates": [ [ -68.4705924, -33.1928098 ], [ -68.4700871, -33.1920642 ] ] } },
{ "type": "Feature", "properties": { "id": "way/1534093736", "@id": "way/1534093736", "CORDON": "NO", "cord_estado ": "BUENO", "BANQUINA": "SI", "BANQ_ESTADO": "REGULAR", "BANQ_MAT": "TIERRA", "CUNETA": "SI", "CUN_MAT": "HORMIGON", "FECHA": "08-2026", "OBS": null }, "geometry": { "type": "LineString", "coordinates": [ [ -68.4724692, -33.1921465 ], [ -68.4719259, -33.1914467 ] ] } },
{ "type": "Feature", "properties": { "id": "way/1534093737", "@id": "way/1534093737", "CORDON": "NO", "cord_estado ": "BUENO", "BANQUINA": "SI", "BANQ_ESTADO": "REGULAR", "BANQ_MAT": "TIERRA", "CUNETA": "SI", "CUN_MAT": "HORMIGON", "FECHA": "08-2026", "OBS": null }, "geometry": { "type": "LineString", "coordinates": [ [ -68.4722641, -33.1922102 ], [ -68.4717261, -33.1915076 ] ] } },
{ "type": "Feature", "properties": { "id": "way/1534093738", "@id": "way/1534093738", "CORDON": "NO", "cord_estado ": "BUENO", "BANQUINA": "SI", "BANQ_ESTADO": "REGULAR", "BANQ_MAT": "TIERRA", "CUNETA": "SI", "CUN_MAT": "HORMIGON", "FECHA": "08-2026", "OBS": null }, "geometry": { "type": "LineString", "coordinates": [ [ -68.4720014, -33.1910164 ], [ -68.4715194, -33.1903237 ] ] } },
{ "type": "Feature", "properties": { "id": "way/1534093739", "@id": "way/1534093739", "CORDON": "NO", "cord_estado ": "BUENO", "BANQUINA": "SI", "BANQ_ESTADO": "REGULAR", "BANQ_MAT": "TIERRA", "CUNETA": "SI", "CUN_MAT": "HORMIGON", "FECHA": "08-2026", "OBS": null }, "geometry": { "type": "LineString", "coordinates": [ [ -68.4722086, -33.1909513 ], [ -68.4717338, -33.1902708 ] ] } },
{ "type": "Feature", "properties": { "id": "way/1534093740", "@id": "way/1534093740", "CORDON": "NO", "cord_estado ": "BUENO", "BANQUINA": "SI", "BANQ_ESTADO": "REGULAR", "BANQ_MAT": "TIERRA", "CUNETA": "SI", "CUN_MAT": "HORMIGON", "FECHA": "08-2026", "OBS": null }, "geometry": { "type": "LineString", "coordinates": [ [ -68.4732684, -33.190583 ], [ -68.4727989, -33.1898935 ] ] } },
{ "type": "Feature", "properties": { "id": "way/1534093741", "@id": "way/1534093741", "CORDON": "NO", "cord_estado ": "BUENO", "BANQUINA": "SI", "BANQ_ESTADO": "REGULAR", "BANQ_MAT": "TIERRA", "CUNETA": "SI", "CUN_MAT": "HORMIGON", "FECHA": "08-2026", "OBS": null }, "geometry": { "type": "LineString", "coordinates": [ [ -68.4730505, -33.1906504 ], [ -68.4725867, -33.1899652 ] ] } },
{ "type": "Feature", "properties": { "id": "way/1534093742", "@id": "way/1534093742", "CORDON": "SI", "cord_estado ": "BUENO", "BANQUINA": "SI", "BANQ_ESTADO": "REGULAR", "BANQ_MAT": "TIERRA", "CUNETA": "SI", "CUN_MAT": "HORMIGON", "FECHA": "08-2026", "OBS": null }, "geometry": { "type": "LineString", "coordinates": [ [ -68.4727462, -33.1937584 ], [ -68.4724565, -33.1938522 ] ] } },
{ "type": "Feature", "properties": { "id": "way/1534093743", "@id": "way/1534093743", "CORDON": "SI", "cord_estado ": "BUENO", "BANQUINA": "SI", "BANQ_ESTADO": "REGULAR", "BANQ_MAT": "TIERRA", "CUNETA": "SI", "CUN_MAT": "HORMIGON", "FECHA": "08-2026", "OBS": null }, "geometry": { "type": "LineString", "coordinates": [ [ -68.4721446, -33.193953 ], [ -68.4719023, -33.1940314 ] ] } },
{ "type": "Feature", "properties": { "id": "way/1534093744", "@id": "way/1534093744", "CORDON": "SI", "cord_estado ": "BUENO", "BANQUINA": "SI", "BANQ_ESTADO": "REGULAR", "BANQ_MAT": "TIERRA", "CUNETA": "SI", "CUN_MAT": "HORMIGON", "FECHA": "08-2026", "OBS": null }, "geometry": { "type": "LineString", "coordinates": [ [ -68.4719001, -33.1926308 ], [ -68.4710086, -33.1929379 ] ] } },
{ "type": "Feature", "properties": { "id": "way/1534093745", "@id": "way/1534093745", "CORDON": "SI", "cord_estado ": "BUENO", "BANQUINA": "SI", "BANQ_ESTADO": "REGULAR", "BANQ_MAT": "TIERRA", "CUNETA": "SI", "CUN_MAT": "HORMIGON", "FECHA": "08-2026", "OBS": null }, "geometry": { "type": "LineString", "coordinates": [ [ -68.4731872, -33.1946416 ], [ -68.4729083, -33.194738 ] ] } },
{ "type": "Feature", "properties": { "id": "way/1534093746", "@id": "way/1534093746", "CORDON": "SI", "cord_estado ": "BUENO", "BANQUINA": "SI", "BANQ_ESTADO": "REGULAR", "BANQ_MAT": "TIERRA", "CUNETA": "SI", "CUN_MAT": "HORMIGON", "FECHA": "08-2026", "OBS": null }, "geometry": { "type": "LineString", "coordinates": [ [ -68.4725929, -33.1948471 ], [ -68.4723464, -33.1949322 ] ] } },
{ "type": "Feature", "properties": { "id": "way/1534093747", "@id": "way/1534093747", "CORDON": "SI", "cord_estado ": "BUENO", "BANQUINA": "SI", "BANQ_ESTADO": "REGULAR", "BANQ_MAT": "TIERRA", "CUNETA": "SI", "CUN_MAT": "HORMIGON", "FECHA": "08-2026", "OBS": null }, "geometry": { "type": "LineString", "coordinates": [ [ -68.47228, -33.193151 ], [ -68.4714031, -33.1934238 ] ] } },
{ "type": "Feature", "properties": { "id": "way/1534093748", "@id": "way/1534093748", "CORDON": "SI", "cord_estado ": "BUENO", "BANQUINA": "SI", "BANQ_ESTADO": "REGULAR", "BANQ_MAT": "TIERRA", "CUNETA": "SI", "CUN_MAT": "HORMIGON", "FECHA": "08-2026", "OBS": null }, "geometry": { "type": "LineString", "coordinates": [ [ -68.4722294, -33.1923236 ], [ -68.4720102, -33.1924001 ], [ -68.4719008, -33.1924383 ], [ -68.4709207, -33.1927804 ] ] } },
{ "type": "Feature", "properties": { "id": "way/1534093749", "@id": "way/1534093749", "CORDON": "SI", "cord_estado ": "BUENO", "BANQUINA": "SI", "BANQ_ESTADO": "REGULAR", "BANQ_MAT": "TIERRA", "CUNETA": "SI", "CUN_MAT": "HORMIGON", "FECHA": "08-2026", "OBS": null }, "geometry": { "type": "LineString", "coordinates": [ [ -68.470678, -33.1911457 ], [ -68.4699577, -33.1913934 ] ] } },
{ "type": "Feature", "properties": { "id": "way/1534093750", "@id": "way/1534093750", "CORDON": "SI", "cord_estado ": "BUENO", "BANQUINA": "SI", "BANQ_ESTADO": "REGULAR", "BANQ_MAT": "TIERRA", "CUNETA": "SI", "CUN_MAT": "HORMIGON", "FECHA": "08-2026", "OBS": null }, "geometry": { "type": "LineString", "coordinates": [ [ -68.470748, -33.1912399 ], [ -68.4700292, -33.1914961 ] ] } },
{ "type": "Feature", "properties": { "id": "way/1534093751", "@id": "way/1534093751", "CORDON": "SI", "cord_estado ": "BUENO", "BANQUINA": "SI", "BANQ_ESTADO": "REGULAR", "BANQ_MAT": "TIERRA", "CUNETA": "SI", "CUN_MAT": "HORMIGON", "FECHA": "08-2026", "OBS": null }, "geometry": { "type": "LineString", "coordinates": [ [ -68.4703399, -33.1906533 ], [ -68.469609, -33.1909095 ] ] } },
{ "type": "Feature", "properties": { "id": "way/1534093752", "@id": "way/1534093752", "CORDON": "SI", "cord_estado ": "BUENO", "BANQUINA": "SI", "BANQ_ESTADO": "REGULAR", "BANQ_MAT": "TIERRA", "CUNETA": "SI", "CUN_MAT": "HORMIGON", "FECHA": "08-2026", "OBS": null }, "geometry": { "type": "LineString", "coordinates": [ [ -68.4702036, -33.1905008 ], [ -68.4695008, -33.1907456 ] ] } },
{ "type": "Feature", "properties": { "id": "way/1534093753", "@id": "way/1534093753", "CORDON": "SI", "cord_estado ": "BUENO", "BANQUINA": "SI", "BANQ_ESTADO": "REGULAR", "BANQ_MAT": "TIERRA", "CUNETA": "SI", "CUN_MAT": "HORMIGON", "FECHA": "08-2026", "OBS": null }, "geometry": { "type": "LineString", "coordinates": [ [ -68.469896, -33.1900427 ], [ -68.4691854, -33.1902887 ] ] } },
{ "type": "Feature", "properties": { "id": "way/1534093754", "@id": "way/1534093754", "CORDON": "SI", "cord_estado ": "BUENO", "BANQUINA": "SI", "BANQ_ESTADO": "REGULAR", "BANQ_MAT": "TIERRA", "CUNETA": "NO", "CUN_MAT": "HORMIGON", "FECHA": "08-2026", "OBS": null }, "geometry": { "type": "LineString", "coordinates": [ [ -68.4694277, -33.1893501 ], [ -68.4691508, -33.1894448 ] ] } },
{ "type": "Feature", "properties": { "id": "way/1534093755", "@id": "way/1534093755", "CORDON": "SI", "cord_estado ": "BUENO", "BANQUINA": "SI", "BANQ_ESTADO": "REGULAR", "BANQ_MAT": "TIERRA", "CUNETA": "SI", "CUN_MAT": "HORMIGON", "FECHA": "08-2026", "OBS": null }, "geometry": { "type": "LineString", "coordinates": [ [ -68.4688394, -33.1895505 ], [ -68.4685605, -33.1896476 ] ] } },
{ "type": "Feature", "properties": { "id": "way/1534093756", "@id": "way/1534093756", "CORDON": "SI", "cord_estado ": "BUENO", "BANQUINA": "SI", "BANQ_ESTADO": "REGULAR", "BANQ_MAT": "TIERRA", "CUNETA": "SI", "CUN_MAT": "HORMIGON", "FECHA": "08-2026", "OBS": null }, "geometry": { "type": "LineString", "coordinates": [ [ -68.4709519, -33.1914838 ], [ -68.4701909, -33.1917417 ] ] } },
{ "type": "Feature", "properties": { "id": "way/1534093757", "@id": "way/1534093757", "CORDON": "SI", "cord_estado ": "BUENO", "BANQUINA": "SI", "BANQ_ESTADO": "REGULAR", "BANQ_MAT": "TIERRA", "CUNETA": "SI", "CUN_MAT": "HORMIGON", "FECHA": "08-2026", "OBS": null }, "geometry": { "type": "LineString", "coordinates": [ [ -68.469374, -33.1906983 ], [ -68.4691537, -33.1903872 ] ] } },
{ "type": "Feature", "properties": { "id": "way/1534093758", "@id": "way/1534093758", "CORDON": "SI", "cord_estado ": "BUENO", "BANQUINA": "SI", "BANQ_ESTADO": "REGULAR", "BANQ_MAT": "TIERRA", "CUNETA": "SI", "CUN_MAT": "HORMIGON", "FECHA": "08-2026", "OBS": null }, "geometry": { "type": "LineString", "coordinates": [ [ -68.469163, -33.1907732 ], [ -68.4689455, -33.1904485 ] ] } },
{ "type": "Feature", "properties": { "id": "way/1534093759", "@id": "way/1534093759", "CORDON": "SI", "cord_estado ": "BUENO", "BANQUINA": "SI", "BANQ_ESTADO": "REGULAR", "BANQ_MAT": "TIERRA", "CUNETA": "SI", "CUN_MAT": "HORMIGON", "FECHA": "08-2026", "OBS": null }, "geometry": { "type": "LineString", "coordinates": [ [ -68.4687421, -33.1901572 ], [ -68.4685597, -33.1898892 ] ] } },
{ "type": "Feature", "properties": { "id": "way/1534093760", "@id": "way/1534093760", "CORDON": "SI", "cord_estado ": "BUENO", "BANQUINA": "SI", "BANQ_ESTADO": "REGULAR", "BANQ_MAT": "TIERRA", "CUNETA": "SI", "CUN_MAT": "HORMIGON", "FECHA": "08-2026", "OBS": null }, "geometry": { "type": "LineString", "coordinates": [ [ -68.4704739, -33.1903316 ], [ -68.470243, -33.1900121 ] ] } },
{ "type": "Feature", "properties": { "id": "way/1534093761", "@id": "way/1534093761", "CORDON": "SI", "cord_estado ": "BUENO", "BANQUINA": "SI", "BANQ_ESTADO": "REGULAR", "BANQ_MAT": "TIERRA", "CUNETA": "SI", "CUN_MAT": "HORMIGON", "FECHA": "08-2026", "OBS": null }, "geometry": { "type": "LineString", "coordinates": [ [ -68.470243, -33.1903961 ], [ -68.4700278, -33.1900734 ] ] } },
{ "type": "Feature", "properties": { "id": "way/1534093762", "@id": "way/1534093762", "CORDON": "SI", "cord_estado ": "BUENO", "BANQUINA": "SI", "BANQ_ESTADO": "REGULAR", "BANQ_MAT": "TIERRA", "CUNETA": "NO", "CUN_MAT": "HORMIGON", "FECHA": "08-2026", "OBS": null }, "geometry": { "type": "LineString", "coordinates": [ [ -68.4700269, -33.1897357 ], [ -68.469831, -33.1894585 ] ] } },
{ "type": "Feature", "properties": { "id": "way/1534093763", "@id": "way/1534093763", "CORDON": "NO", "cord_estado ": "BUENO", "BANQUINA": "SI", "BANQ_ESTADO": "REGULAR", "BANQ_MAT": "TIERRA", "CUNETA": "NO", "CUN_MAT": "HORMIGON", "FECHA": "08-2026", "OBS": null }, "geometry": { "type": "LineString", "coordinates": [ [ -68.4715166, -33.1899633 ], [ -68.4712999, -33.1896506 ] ] } },
{ "type": "Feature", "properties": { "id": "way/1534093764", "@id": "way/1534093764", "CORDON": "NO", "cord_estado ": "BUENO", "BANQUINA": "SI", "BANQ_ESTADO": "REGULAR", "BANQ_MAT": "TIERRA", "CUNETA": "NO", "CUN_MAT": "HORMIGON", "FECHA": "08-2026", "OBS": null }, "geometry": { "type": "LineString", "coordinates": [ [ -68.471308, -33.1900295 ], [ -68.4710929, -33.1897102 ] ] } },
{ "type": "Feature", "properties": { "id": "way/1534093765", "@id": "way/1534093765", "CORDON": "SI", "cord_estado ": "BUENO", "BANQUINA": "SI", "BANQ_ESTADO": "REGULAR", "BANQ_MAT": "TIERRA", "CUNETA": "NO", "CUN_MAT": "HORMIGON", "FECHA": "08-2026", "OBS": null }, "geometry": { "type": "LineString", "coordinates": [ [ -68.4710945, -33.1893664 ], [ -68.4709096, -33.1890995 ] ] } },
{ "type": "Feature", "properties": { "id": "way/1534093766", "@id": "way/1534093766", "CORDON": "SI", "cord_estado ": "BUENO", "BANQUINA": "SI", "BANQ_ESTADO": "REGULAR", "BANQ_MAT": "TIERRA", "CUNETA": "NO", "CUN_MAT": "HORMIGON", "FECHA": "08-2026", "OBS": null }, "geometry": { "type": "LineString", "coordinates": [ [ -68.4709103, -33.1894337 ], [ -68.4707197, -33.1891538 ] ] } },
{ "type": "Feature", "properties": { "id": "way/1534093767", "@id": "way/1534093767", "CORDON": "NO", "cord_estado ": "BUENO", "BANQUINA": "SI", "BANQ_ESTADO": "REGULAR", "BANQ_MAT": "TIERRA", "CUNETA": "NO", "CUN_MAT": "HORMIGON", "FECHA": "08-2026", "OBS": null }, "geometry": { "type": "LineString", "coordinates": [ [ -68.4725769, -33.1895923 ], [ -68.4723744, -33.1893017 ] ] } },
{ "type": "Feature", "properties": { "id": "way/1534093768", "@id": "way/1534093768", "CORDON": "NO", "cord_estado ": "BUENO", "BANQUINA": "SI", "BANQ_ESTADO": "REGULAR", "BANQ_MAT": "TIERRA", "CUNETA": "NO", "CUN_MAT": "HORMIGON", "FECHA": "08-2026", "OBS": null }, "geometry": { "type": "LineString", "coordinates": [ [ -68.4723747, -33.1896526 ], [ -68.4721674, -33.1893511 ] ] } },
{ "type": "Feature", "properties": { "id": "way/1534093769", "@id": "way/1534093769", "CORDON": "NO", "cord_estado ": "BUENO", "BANQUINA": "SI", "BANQ_ESTADO": "REGULAR", "BANQ_MAT": "TIERRA", "CUNETA": "NO", "CUN_MAT": "HORMIGON", "FECHA": "08-2026", "OBS": null }, "geometry": { "type": "LineString", "coordinates": [ [ -68.4721527, -33.1889937 ], [ -68.4719699, -33.1887336 ] ] } },
{ "type": "Feature", "properties": { "id": "way/1534093770", "@id": "way/1534093770", "CORDON": "NO", "cord_estado ": "BUENO", "BANQUINA": "SI", "BANQ_ESTADO": "REGULAR", "BANQ_MAT": "TIERRA", "CUNETA": "NO", "CUN_MAT": "HORMIGON", "FECHA": "08-2026", "OBS": null }, "geometry": { "type": "LineString", "coordinates": [ [ -68.4719645, -33.1890559 ], [ -68.4717861, -33.1887947 ] ] } },
{ "type": "Feature", "properties": { "id": "way/1534093771", "@id": "way/1534093771", "CORDON": "SI", "cord_estado ": "BUENO", "BANQUINA": "SI", "BANQ_ESTADO": "REGULAR", "BANQ_MAT": "TIERRA", "CUNETA": "SI", "CUN_MAT": "HORMIGON", "FECHA": "08-2026", "OBS": null }, "geometry": { "type": "LineString", "coordinates": [ [ -68.4738118, -33.1944114 ], [ -68.4735234, -33.1945162 ] ] } },
{ "type": "Feature", "properties": { "id": "way/1534093772", "@id": "way/1534093772", "CORDON": "SI", "cord_estado ": "BUENO", "BANQUINA": "SI", "BANQ_ESTADO": "REGULAR", "BANQ_MAT": "TIERRA", "CUNETA": "NO", "CUN_MAT": "HORMIGON", "FECHA": "08-2026", "OBS": null }, "geometry": { "type": "LineString", "coordinates": [ [ -68.4745393, -33.1941493 ], [ -68.4741132, -33.1943024 ] ] } },
{ "type": "Feature", "properties": { "id": "way/1534093773", "@id": "way/1534093773", "CORDON": "SI", "cord_estado ": "BUENO", "BANQUINA": "SI", "BANQ_ESTADO": "REGULAR", "BANQ_MAT": "TIERRA", "CUNETA": "NO", "CUN_MAT": "HORMIGON", "FECHA": "08-2026", "OBS": null }, "geometry": { "type": "LineString", "coordinates": [ [ -68.4740102, -33.1930885 ], [ -68.4735577, -33.1932637 ] ] } },
{ "type": "Feature", "properties": { "id": "way/1534093774", "@id": "way/1534093774", "CORDON": "SI", "cord_estado ": "BUENO", "BANQUINA": "SI", "BANQ_ESTADO": "REGULAR", "BANQ_MAT": "TIERRA", "CUNETA": "SI", "CUN_MAT": "HORMIGON", "FECHA": "08-2026", "OBS": null }, "geometry": { "type": "LineString", "coordinates": [ [ -68.4732868, -33.1933694 ], [ -68.4729617, -33.1934962 ] ] } },
{ "type": "Feature", "properties": { "id": "way/1534093775", "@id": "way/1534093775", "CORDON": "SI", "cord_estado ": "BUENO", "BANQUINA": "SI", "BANQ_ESTADO": "REGULAR", "BANQ_MAT": "TIERRA", "CUNETA": "SI", "CUN_MAT": "HORMIGON", "FECHA": "08-2026", "OBS": null }, "geometry": { "type": "LineString", "coordinates": [ [ -68.4731699, -33.1928798 ], [ -68.4726314, -33.1930526 ] ] } },
{ "type": "Feature", "properties": { "id": "way/1534093776", "@id": "way/1534093776", "CORDON": "SI", "cord_estado ": "BUENO", "BANQUINA": "SI", "BANQ_ESTADO": "REGULAR", "BANQ_MAT": "TIERRA", "CUNETA": "NO", "CUN_MAT": "HORMIGON", "FECHA": "08-2026", "OBS": null }, "geometry": { "type": "LineString", "coordinates": [ [ -68.4740907, -33.1932598 ], [ -68.4736492, -33.1934395 ] ] } },
{ "type": "Feature", "properties": { "id": "way/1534093777", "@id": "way/1534093777", "CORDON": "SI", "cord_estado ": "BUENO", "BANQUINA": "SI", "BANQ_ESTADO": "REGULAR", "BANQ_MAT": "TIERRA", "CUNETA": "SI", "CUN_MAT": "HORMIGON", "FECHA": "08-2026", "OBS": null }, "geometry": { "type": "LineString", "coordinates": [ [ -68.4733677, -33.1935541 ], [ -68.4730927, -33.193654 ] ] } },
{ "type": "Feature", "properties": { "id": "way/1534093778", "@id": "way/1534093778", "CORDON": "SI", "cord_estado ": "BUENO", "BANQUINA": "SI", "BANQ_ESTADO": "REGULAR", "BANQ_MAT": "TIERRA", "CUNETA": "SI", "CUN_MAT": "HORMIGON", "FECHA": "08-2026", "OBS": null }, "geometry": { "type": "LineString", "coordinates": [ [ -68.4730986, -33.1930416 ], [ -68.4727016, -33.1931602 ] ] } },
{ "type": "Feature", "properties": { "id": "way/1534093779", "@id": "way/1534093779", "CORDON": "SI", "cord_estado ": "BUENO", "BANQUINA": "SI", "BANQ_ESTADO": "REGULAR", "BANQ_MAT": "TIERRA", "CUNETA": "SI", "CUN_MAT": "HORMIGON", "FECHA": "08-2026", "OBS": null }, "geometry": { "type": "LineString", "coordinates": [ [ -68.4734078, -33.1919038 ], [ -68.472901, -33.1920789 ], [ -68.472803, -33.1921128 ], [ -68.4726187, -33.1921765 ] ] } },
{ "type": "Feature", "properties": { "id": "way/1534093780", "@id": "way/1534093780", "CORDON": "SI", "cord_estado ": "BUENO", "BANQUINA": "SI", "BANQ_ESTADO": "REGULAR", "BANQ_MAT": "TIERRA", "CUNETA": "SI", "CUN_MAT": "HORMIGON", "FECHA": "08-2026", "OBS": null }, "geometry": { "type": "LineString", "coordinates": [ [ -68.4734741, -33.1920734 ], [ -68.4729346, -33.1922658 ], [ -68.4728346, -33.1923015 ], [ -68.4722854, -33.1924974 ] ] } },
{ "type": "Feature", "properties": { "id": "way/1534093781", "@id": "way/1534093781", "CORDON": "NO", "cord_estado ": "BUENO", "BANQUINA": "SI", "BANQ_ESTADO": "REGULAR", "BANQ_MAT": "TIERRA", "CUNETA": "SI", "CUN_MAT": "HORMIGON", "FECHA": "08-2026", "OBS": null }, "geometry": { "type": "LineString", "coordinates": [ [ -68.4713778, -33.1902847 ], [ -68.4706942, -33.1905207 ] ] } },
{ "type": "Feature", "properties": { "id": "way/1534093782", "@id": "way/1534093782", "CORDON": "NO", "cord_estado ": "BUENO", "BANQUINA": "SI", "BANQ_ESTADO": "REGULAR", "BANQ_MAT": "TIERRA", "CUNETA": "SI", "CUN_MAT": "HORMIGON", "FECHA": "08-2026", "OBS": null }, "geometry": { "type": "LineString", "coordinates": [ [ -68.4712643, -33.1901341 ], [ -68.4706039, -33.1903596 ] ] } },
{ "type": "Feature", "properties": { "id": "way/1534093783", "@id": "way/1534093783", "CORDON": "SI", "cord_estado ": "BUENO", "BANQUINA": "SI", "BANQ_ESTADO": "REGULAR", "BANQ_MAT": "TIERRA", "CUNETA": "NO", "CUN_MAT": "HORMIGON", "FECHA": "08-2026", "OBS": null }, "geometry": { "type": "LineString", "coordinates": [ [ -68.4709704, -33.1896783 ], [ -68.4702786, -33.1899211 ] ] } },
{ "type": "Feature", "properties": { "id": "way/1534093784", "@id": "way/1534093784", "CORDON": "SI", "cord_estado ": "BUENO", "BANQUINA": "SI", "BANQ_ESTADO": "REGULAR", "BANQ_MAT": "TIERRA", "CUNETA": "NO", "CUN_MAT": "HORMIGON", "FECHA": "08-2026", "OBS": null }, "geometry": { "type": "LineString", "coordinates": [ [ -68.4708549, -33.1895293 ], [ -68.4701497, -33.1897701 ] ] } },
{ "type": "Feature", "properties": { "id": "way/1534093785", "@id": "way/1534093785", "CORDON": "SI", "cord_estado ": "BUENO", "BANQUINA": "SI", "BANQ_ESTADO": "REGULAR", "BANQ_MAT": "TIERRA", "CUNETA": "NO", "CUN_MAT": "HORMIGON", "FECHA": "08-2026", "OBS": null }, "geometry": { "type": "LineString", "coordinates": [ [ -68.4705959, -33.1891266 ], [ -68.4698696, -33.1893711 ] ] } },
{ "type": "Feature", "properties": { "id": "way/1534093786", "@id": "way/1534093786", "CORDON": "SI", "cord_estado ": "BUENO", "BANQUINA": "SI", "BANQ_ESTADO": "REGULAR", "BANQ_MAT": "TIERRA", "CUNETA": "NO", "CUN_MAT": "HORMIGON", "FECHA": "08-2026", "OBS": null }, "geometry": { "type": "LineString", "coordinates": [ [ -68.4703567, -33.1890306 ], [ -68.4697816, -33.1892221 ] ] } },
{ "type": "Feature", "properties": { "id": "way/1534093787", "@id": "way/1534093787", "CORDON": "NO", "cord_estado ": "BUENO", "BANQUINA": "SI", "BANQ_ESTADO": "REGULAR", "BANQ_MAT": "TIERRA", "CUNETA": "SI", "CUN_MAT": "HORMIGON", "FECHA": "08-2026", "OBS": null }, "geometry": { "type": "LineString", "coordinates": [ [ -68.4724435, -33.1899156 ], [ -68.4717598, -33.1901555 ] ] } },
{ "type": "Feature", "properties": { "id": "way/1534093788", "@id": "way/1534093788", "CORDON": "NO", "cord_estado ": "BUENO", "BANQUINA": "SI", "BANQ_ESTADO": "REGULAR", "BANQ_MAT": "TIERRA", "CUNETA": "NO", "CUN_MAT": "HORMIGON", "FECHA": "08-2026", "OBS": null }, "geometry": { "type": "LineString", "coordinates": [ [ -68.4723323, -33.1897551 ], [ -68.4716578, -33.1899963 ] ] } },
{ "type": "Feature", "properties": { "id": "way/1534093789", "@id": "way/1534093789", "CORDON": "NO", "cord_estado ": "BUENO", "BANQUINA": "SI", "BANQ_ESTADO": "REGULAR", "BANQ_MAT": "TIERRA", "CUNETA": "NO", "CUN_MAT": "HORMIGON", "FECHA": "08-2026", "OBS": null }, "geometry": { "type": "LineString", "coordinates": [ [ -68.4720345, -33.1893189 ], [ -68.4713488, -33.1895571 ] ] } },
{ "type": "Feature", "properties": { "id": "way/1534093790", "@id": "way/1534093790", "CORDON": "NO", "cord_estado ": "BUENO", "BANQUINA": "SI", "BANQ_ESTADO": "REGULAR", "BANQ_MAT": "TIERRA", "CUNETA": "NO", "CUN_MAT": "HORMIGON", "FECHA": "08-2026", "OBS": null }, "geometry": { "type": "LineString", "coordinates": [ [ -68.4719091, -33.1891602 ], [ -68.4712205, -33.1893979 ] ] } },
{ "type": "Feature", "properties": { "id": "way/1534093791", "@id": "way/1534093791", "CORDON": "NO", "cord_estado ": "BUENO", "BANQUINA": "SI", "BANQ_ESTADO": "REGULAR", "BANQ_MAT": "TIERRA", "CUNETA": "NO", "CUN_MAT": "HORMIGON", "FECHA": "08-2026", "OBS": null }, "geometry": { "type": "LineString", "coordinates": [ [ -68.4716538, -33.1887607 ], [ -68.4709437, -33.1889972 ] ] } },
{ "type": "Feature", "properties": { "id": "way/1534093792", "@id": "way/1534093792", "CORDON": "NO", "cord_estado ": "BUENO", "BANQUINA": "SI", "BANQ_ESTADO": "REGULAR", "BANQ_MAT": "TIERRA", "CUNETA": "NO", "CUN_MAT": "HORMIGON", "FECHA": "08-2026", "OBS": null }, "geometry": { "type": "LineString", "coordinates": [ [ -68.4712662, -33.1887091 ], [ -68.47073, -33.1888924 ] ] } },
{ "type": "Feature", "properties": { "id": "way/1534093793", "@id": "way/1534093793", "CORDON": "SI", "cord_estado ": "BUENO", "BANQUINA": "SI", "BANQ_ESTADO": "REGULAR", "BANQ_MAT": "TIERRA", "CUNETA": "NO", "CUN_MAT": "HORMIGON", "FECHA": "08-2026", "OBS": null }, "geometry": { "type": "LineString", "coordinates": [ [ -68.4709333, -33.1883154 ], [ -68.4703757, -33.1884873 ] ] } },
{ "type": "Feature", "properties": { "id": "way/1534093794", "@id": "way/1534093794", "CORDON": "SI", "cord_estado ": "BUENO", "BANQUINA": "SI", "BANQ_ESTADO": "REGULAR", "BANQ_MAT": "TIERRA", "CUNETA": "NO", "CUN_MAT": "HORMIGON", "FECHA": "08-2026", "OBS": null }, "geometry": { "type": "LineString", "coordinates": [ [ -68.4707978, -33.1881941 ], [ -68.4702616, -33.188357 ] ] } },
{ "type": "Feature", "properties": { "id": "way/1534093795", "@id": "way/1534093795", "CORDON": "SI", "cord_estado ": "BUENO", "BANQUINA": "SI", "BANQ_ESTADO": "REGULAR", "BANQ_MAT": "TIERRA", "CUNETA": "NO", "CUN_MAT": "HORMIGON", "FECHA": "08-2026", "OBS": null }, "geometry": { "type": "LineString", "coordinates": [ [ -68.4705722, -33.1879359 ], [ -68.4700207, -33.1881367 ] ] } },
{ "type": "Feature", "properties": { "id": "way/1534093796", "@id": "way/1534093796", "CORDON": "SI", "cord_estado ": "BUENO", "BANQUINA": "SI", "BANQ_ESTADO": "REGULAR", "BANQ_MAT": "TIERRA", "CUNETA": "NO", "CUN_MAT": "HORMIGON", "FECHA": "08-2026", "OBS": null }, "geometry": { "type": "LineString", "coordinates": [ [ -68.4704427, -33.1878078 ], [ -68.4699025, -33.1879979 ] ] } },
{ "type": "Feature", "properties": { "id": "way/1534093797", "@id": "way/1534093797", "CORDON": "SI", "cord_estado ": "BUENO", "BANQUINA": "SI", "BANQ_ESTADO": "REGULAR", "BANQ_MAT": "TIERRA", "CUNETA": "NO", "CUN_MAT": "HORMIGON", "FECHA": "08-2026", "OBS": null }, "geometry": { "type": "LineString", "coordinates": [ [ -68.4698086, -33.1871123 ], [ -68.4693018, -33.1873352 ] ] } },
{ "type": "Feature", "properties": { "id": "way/1534093798", "@id": "way/1534093798", "CORDON": "SI", "cord_estado ": "BUENO", "BANQUINA": "SI", "BANQ_ESTADO": "REGULAR", "BANQ_MAT": "TIERRA", "CUNETA": "NO", "CUN_MAT": "HORMIGON", "FECHA": "08-2026", "OBS": null }, "geometry": { "type": "LineString", "coordinates": [ [ -68.4696873, -33.1869637 ], [ -68.4695707, -33.1870052 ], [ -68.4694623, -33.1870535 ], [ -68.4690343, -33.1872596 ], [ -68.4689452, -33.1873025 ], [ -68.4684746, -33.1875292 ], [ -68.4683602, -33.1875843 ], [ -68.468309, -33.1876058 ], [ -68.4682544, -33.1876241 ], [ -68.4673207, -33.1878675 ] ] } },
{ "type": "Feature", "properties": { "id": "way/1534093799", "@id": "way/1534093799", "CORDON": "SI", "cord_estado ": "BUENO", "BANQUINA": "SI", "BANQ_ESTADO": "REGULAR", "BANQ_MAT": "TIERRA", "CUNETA": "NO", "CUN_MAT": "HORMIGON", "FECHA": "08-2026", "OBS": null }, "geometry": { "type": "LineString", "coordinates": [ [ -68.469535, -33.1881191 ], [ -68.4691056, -33.1882589 ] ] } },
{ "type": "Feature", "properties": { "id": "way/1534093800", "@id": "way/1534093800", "CORDON": "SI", "cord_estado ": "BUENO", "BANQUINA": "SI", "BANQ_ESTADO": "REGULAR", "BANQ_MAT": "TIERRA", "CUNETA": "NO", "CUN_MAT": "HORMIGON", "FECHA": "08-2026", "OBS": null }, "geometry": { "type": "LineString", "coordinates": [ [ -68.4696584, -33.188261 ], [ -68.4692259, -33.1884039 ] ] } },
{ "type": "Feature", "properties": { "id": "way/1534093801", "@id": "way/1534093801", "CORDON": "SI", "cord_estado ": "BUENO", "BANQUINA": "SI", "BANQ_ESTADO": "REGULAR", "BANQ_MAT": "TIERRA", "CUNETA": "SI", "CUN_MAT": "HORMIGON", "FECHA": "08-2026", "OBS": null }, "geometry": { "type": "LineString", "coordinates": [ [ -68.4689632, -33.1875102 ], [ -68.4686801, -33.1876434 ] ] } },
{ "type": "Feature", "properties": { "id": "way/1534093802", "@id": "way/1534093802", "CORDON": "SI", "cord_estado ": "BUENO", "BANQUINA": "SI", "BANQ_ESTADO": "REGULAR", "BANQ_MAT": "TIERRA", "CUNETA": "SI", "CUN_MAT": "HORMIGON", "FECHA": "08-2026", "OBS": null }, "geometry": { "type": "LineString", "coordinates": [ [ -68.4687615, -33.1883743 ], [ -68.4684642, -33.1884766 ] ] } },
{ "type": "Feature", "properties": { "id": "way/1534093803", "@id": "way/1534093803", "CORDON": "SI", "cord_estado ": "BUENO", "BANQUINA": "SI", "BANQ_ESTADO": "REGULAR", "BANQ_MAT": "TIERRA", "CUNETA": "SI", "CUN_MAT": "HORMIGON", "FECHA": "08-2026", "OBS": null }, "geometry": { "type": "LineString", "coordinates": [ [ -68.4681651, -33.1886002 ], [ -68.4678557, -33.1886803 ] ] } },
{ "type": "Feature", "properties": { "id": "way/1534093804", "@id": "way/1534093804", "CORDON": "SI", "cord_estado ": "BUENO", "BANQUINA": "SI", "BANQ_ESTADO": "REGULAR", "BANQ_MAT": "TIERRA", "CUNETA": "SI", "CUN_MAT": "HORMIGON", "FECHA": "08-2026", "OBS": null }, "geometry": { "type": "LineString", "coordinates": [ [ -68.4688615, -33.1885372 ], [ -68.4685758, -33.188631 ] ] } },
{ "type": "Feature", "properties": { "id": "way/1534093805", "@id": "way/1534093805", "CORDON": "SI", "cord_estado ": "BUENO", "BANQUINA": "SI", "BANQ_ESTADO": "REGULAR", "BANQ_MAT": "TIERRA", "CUNETA": "SI", "CUN_MAT": "HORMIGON", "FECHA": "08-2026", "OBS": null }, "geometry": { "type": "LineString", "coordinates": [ [ -68.4682619, -33.1887352 ], [ -68.4679708, -33.1888375 ] ] } },
{ "type": "Feature", "properties": { "id": "way/1534093806", "@id": "way/1534093806", "CORDON": "SI", "cord_estado ": "BUENO", "BANQUINA": "SI", "BANQ_ESTADO": "REGULAR", "BANQ_MAT": "TIERRA", "CUNETA": "SI", "CUN_MAT": "HORMIGON", "FECHA": "08-2026", "OBS": null }, "geometry": { "type": "LineString", "coordinates": [ [ -68.4690338, -33.189415 ], [ -68.4685441, -33.1887222 ] ] } },
{ "type": "Feature", "properties": { "id": "way/1534093807", "@id": "way/1534093807", "CORDON": "SI", "cord_estado ": "BUENO", "BANQUINA": "SI", "BANQ_ESTADO": "REGULAR", "BANQ_MAT": "TIERRA", "CUNETA": "SI", "CUN_MAT": "HORMIGON", "FECHA": "08-2026", "OBS": null }, "geometry": { "type": "LineString", "coordinates": [ [ -68.4688787, -33.1894611 ], [ -68.4683885, -33.1887623 ] ] } },
{ "type": "Feature", "properties": { "id": "way/1534093808", "@id": "way/1534093808", "CORDON": "SI", "cord_estado ": "BUENO", "BANQUINA": "SI", "BANQ_ESTADO": "REGULAR", "BANQ_MAT": "TIERRA", "CUNETA": "NO", "CUN_MAT": "HORMIGON", "FECHA": "08-2026", "OBS": null }, "geometry": { "type": "LineString", "coordinates": [ [ -68.4694586, -33.1892512 ], [ -68.4689848, -33.188568 ] ] } },
{ "type": "Feature", "properties": { "id": "way/1534093809", "@id": "way/1534093809", "CORDON": "SI", "cord_estado ": "BUENO", "BANQUINA": "SI", "BANQ_ESTADO": "REGULAR", "BANQ_MAT": "TIERRA", "CUNETA": "NO", "CUN_MAT": "HORMIGON", "FECHA": "08-2026", "OBS": null }, "geometry": { "type": "LineString", "coordinates": [ [ -68.4696581, -33.1891913 ], [ -68.4691871, -33.1885103 ] ] } },
{ "type": "Feature", "properties": { "id": "way/1534093810", "@id": "way/1534093810", "CORDON": "SI", "cord_estado ": "BUENO", "BANQUINA": "SI", "BANQ_ESTADO": "REGULAR", "BANQ_MAT": "TIERRA", "CUNETA": "SI", "CUN_MAT": "HORMIGON", "FECHA": "08-2026", "OBS": null }, "geometry": { "type": "LineString", "coordinates": [ [ -68.4683481, -33.187791 ], [ -68.4680484, -33.1878632 ] ] } },
{ "type": "Feature", "properties": { "id": "way/1534093811", "@id": "way/1534093811", "CORDON": "SI", "cord_estado ": "BUENO", "BANQUINA": "SI", "BANQ_ESTADO": "REGULAR", "BANQ_MAT": "TIERRA", "CUNETA": "SI", "CUN_MAT": "HORMIGON", "FECHA": "08-2026", "OBS": null }, "geometry": { "type": "LineString", "coordinates": [ [ -68.4677182, -33.1879401 ], [ -68.4674131, -33.1880247 ] ] } },
{ "type": "Feature", "properties": { "id": "way/1534093812", "@id": "way/1534093812", "CORDON": "SI", "cord_estado ": "BUENO", "BANQUINA": "SI", "BANQ_ESTADO": "REGULAR", "BANQ_MAT": "TIERRA", "CUNETA": "NO", "CUN_MAT": "HORMIGON", "FECHA": "08-2026", "OBS": null }, "geometry": { "type": "LineString", "coordinates": [ [ -68.4703748, -33.1889218 ], [ -68.4697964, -33.188288 ] ] } },
{ "type": "Feature", "properties": { "id": "way/1534093813", "@id": "way/1534093813", "CORDON": "NO", "cord_estado ": "BUENO", "BANQUINA": "SI", "BANQ_ESTADO": "REGULAR", "BANQ_MAT": "TIERRA", "CUNETA": "SI", "CUN_MAT": "HORMIGON", "FECHA": "08-2026", "OBS": null }, "geometry": { "type": "LineString", "coordinates": [ [ -68.4719656, -33.191135 ], [ -68.4717756, -33.1912009 ] ] } },
{ "type": "Feature", "properties": { "id": "way/1534093814", "@id": "way/1534093814", "CORDON": "NO", "cord_estado ": "BUENO", "BANQUINA": "SI", "BANQ_ESTADO": "REGULAR", "BANQ_MAT": "TIERRA", "CUNETA": "SI", "CUN_MAT": "HORMIGON", "FECHA": "08-2026", "OBS": null }, "geometry": { "type": "LineString", "coordinates": [ [ -68.4715229, -33.1912886 ], [ -68.4712703, -33.1913763 ] ] } },
{ "type": "Feature", "properties": { "id": "way/1534093815", "@id": "way/1534093815", "CORDON": "NO", "cord_estado ": "BUENO", "BANQUINA": "SI", "BANQ_ESTADO": "REGULAR", "BANQ_MAT": "TIERRA", "CUNETA": "SI", "CUN_MAT": "HORMIGON", "FECHA": "08-2026", "OBS": null }, "geometry": { "type": "LineString", "coordinates": [ [ -68.4730132, -33.190759 ], [ -68.4723502, -33.1909948 ] ] } },
{ "type": "Feature", "properties": { "id": "way/1534093816", "@id": "way/1534093816", "CORDON": "SI", "cord_estado ": "BUENO", "BANQUINA": "SI", "BANQ_ESTADO": "REGULAR", "BANQ_MAT": "TIERRA", "CUNETA": "NO", "CUN_MAT": "HORMIGON", "FECHA": "08-2026", "OBS": null }, "geometry": { "type": "LineString", "coordinates": [ [ -68.4757598, -33.1937195 ], [ -68.4748923, -33.1940235 ] ] } },
{ "type": "Feature", "properties": { "id": "way/1534093817", "@id": "way/1534093817", "CORDON": "SI", "cord_estado ": "BUENO", "BANQUINA": "SI", "BANQ_ESTADO": "REGULAR", "BANQ_MAT": "TIERRA", "CUNETA": "NO", "CUN_MAT": "HORMIGON", "FECHA": "08-2026", "OBS": null }, "geometry": { "type": "LineString", "coordinates": [ [ -68.4752798, -33.1927832 ], [ -68.4744389, -33.1931133 ] ] } },
{ "type": "Feature", "properties": { "id": "way/1534093818", "@id": "way/1534093818", "CORDON": "SI", "cord_estado ": "BUENO", "BANQUINA": "SI", "BANQ_ESTADO": "REGULAR", "BANQ_MAT": "TIERRA", "CUNETA": "NO", "CUN_MAT": "HORMIGON", "FECHA": "08-2026", "OBS": null }, "geometry": { "type": "LineString", "coordinates": [ [ -68.4752018, -33.1926268 ], [ -68.4743903, -33.1929445 ] ] } },
{ "type": "Feature", "properties": { "id": "way/1534093819", "@id": "way/1534093819", "CORDON": "NO", "cord_estado ": "BUENO", "BANQUINA": "SI", "BANQ_ESTADO": "REGULAR", "BANQ_MAT": "TIERRA", "CUNETA": "SI", "CUN_MAT": "HORMIGON", "FECHA": "08-2026", "OBS": null }, "geometry": { "type": "LineString", "coordinates": [ [ -68.4746699, -33.1916592 ], [ -68.4738735, -33.1919394 ] ] } },
{ "type": "Feature", "properties": { "id": "way/1534093820", "@id": "way/1534093820", "CORDON": "NO", "cord_estado ": "BUENO", "BANQUINA": "SI", "BANQ_ESTADO": "REGULAR", "BANQ_MAT": "TIERRA", "CUNETA": "SI", "CUN_MAT": "HORMIGON", "FECHA": "08-2026", "OBS": null }, "geometry": { "type": "LineString", "coordinates": [ [ -68.4760419, -33.1909792 ], [ -68.474847, -33.1913993 ], [ -68.4747275, -33.1914413 ], [ -68.4737855, -33.1917725 ] ] } },
{ "type": "Feature", "properties": { "id": "way/1534093821", "@id": "way/1534093821", "CORDON": "SI", "cord_estado ": "BUENO", "BANQUINA": "SI", "BANQ_ESTADO": "REGULAR", "BANQ_MAT": "TIERRA", "CUNETA": "NO", "CUN_MAT": "HORMIGON", "FECHA": "08-2026", "OBS": null }, "geometry": { "type": "LineString", "coordinates": [ [ -68.4706737, -33.1876471 ], [ -68.4701528, -33.1870897 ] ] } },
{ "type": "Feature", "properties": { "id": "way/1534093822", "@id": "way/1534093822", "CORDON": "SI", "cord_estado ": "BUENO", "BANQUINA": "SI", "BANQ_ESTADO": "REGULAR", "BANQ_MAT": "TIERRA", "CUNETA": "NO", "CUN_MAT": "HORMIGON", "FECHA": "08-2026", "OBS": null }, "geometry": { "type": "LineString", "coordinates": [ [ -68.4704544, -33.1877008 ], [ -68.46995, -33.1871509 ] ] } },
{ "type": "Feature", "properties": { "id": "way/1534093823", "@id": "way/1534093823", "CORDON": "NO", "cord_estado ": "BUENO", "BANQUINA": "SI", "BANQ_ESTADO": "REGULAR", "BANQ_MAT": "TIERRA", "CUNETA": "NO", "CUN_MAT": "HORMIGON", "FECHA": "08-2026", "OBS": null }, "geometry": { "type": "LineString", "coordinates": [ [ -68.4712616, -33.187425 ], [ -68.4707513, -33.1868682 ] ] } },
{ "type": "Feature", "properties": { "id": "way/1534093824", "@id": "way/1534093824", "CORDON": "SI", "cord_estado ": "BUENO", "BANQUINA": "SI", "BANQ_ESTADO": "REGULAR", "BANQ_MAT": "TIERRA", "CUNETA": "NO", "CUN_MAT": "HORMIGON", "FECHA": "08-2026", "OBS": null }, "geometry": { "type": "LineString", "coordinates": [ [ -68.4710599, -33.1874922 ], [ -68.4705526, -33.1869361 ] ] } },
{ "type": "Feature", "properties": { "id": "way/1534093825", "@id": "way/1534093825", "CORDON": "NO", "cord_estado ": "BUENO", "BANQUINA": "SI", "BANQ_ESTADO": "REGULAR", "BANQ_MAT": "TIERRA", "CUNETA": "NO", "CUN_MAT": "HORMIGON", "FECHA": "08-2026", "OBS": null }, "geometry": { "type": "LineString", "coordinates": [ [ -68.4717977, -33.187223 ], [ -68.4712574, -33.1866742 ] ] } },
{ "type": "Feature", "properties": { "id": "way/1534093826", "@id": "way/1534093826", "CORDON": "NO", "cord_estado ": "BUENO", "BANQUINA": "SI", "BANQ_ESTADO": "REGULAR", "BANQ_MAT": "TIERRA", "CUNETA": "NO", "CUN_MAT": "HORMIGON", "FECHA": "08-2026", "OBS": null }, "geometry": { "type": "LineString", "coordinates": [ [ -68.4716426, -33.1872731 ], [ -68.471107, -33.1867192 ] ] } },
{ "type": "Feature", "properties": { "id": "way/1534093827", "@id": "way/1534093827", "CORDON": "SI", "cord_estado ": "BUENO", "BANQUINA": "SI", "BANQ_ESTADO": "REGULAR", "BANQ_MAT": "TIERRA", "CUNETA": "NO", "CUN_MAT": "HORMIGON", "FECHA": "08-2026", "OBS": null }, "geometry": { "type": "LineString", "coordinates": [ [ -68.4698981, -33.1868091 ], [ -68.4696271, -33.1865183 ] ] } },
{ "type": "Feature", "properties": { "id": "way/1534093828", "@id": "way/1534093828", "CORDON": "SI", "cord_estado ": "BUENO", "BANQUINA": "SI", "BANQ_ESTADO": "REGULAR", "BANQ_MAT": "TIERRA", "CUNETA": "NO", "CUN_MAT": "HORMIGON", "FECHA": "08-2026", "OBS": null }, "geometry": { "type": "LineString", "coordinates": [ [ -68.4696898, -33.1868587 ], [ -68.4693799, -33.1865243 ] ] } },
{ "type": "Feature", "properties": { "id": "way/1534093829", "@id": "way/1534093829", "CORDON": "SI", "cord_estado ": "BUENO", "BANQUINA": "SI", "BANQ_ESTADO": "REGULAR", "BANQ_MAT": "TIERRA", "CUNETA": "NO", "CUN_MAT": "HORMIGON", "FECHA": "08-2026", "OBS": null }, "geometry": { "type": "LineString", "coordinates": [ [ -68.47051, -33.186598 ], [ -68.4702335, -33.1862982 ] ] } },
{ "type": "Feature", "properties": { "id": "way/1534093830", "@id": "way/1534093830", "CORDON": "SI", "cord_estado ": "BUENO", "BANQUINA": "SI", "BANQ_ESTADO": "REGULAR", "BANQ_MAT": "TIERRA", "CUNETA": "NO", "CUN_MAT": "HORMIGON", "FECHA": "08-2026", "OBS": null }, "geometry": { "type": "LineString", "coordinates": [ [ -68.4702916, -33.1866514 ], [ -68.4700408, -33.1863677 ] ] } },
{ "type": "Feature", "properties": { "id": "way/1534093831", "@id": "way/1534093831", "CORDON": "SI", "cord_estado ": "BUENO", "BANQUINA": "SI", "BANQ_ESTADO": "REGULAR", "BANQ_MAT": "TIERRA", "CUNETA": "SI", "CUN_MAT": "HORMIGON", "FECHA": "08-2026", "OBS": null }, "geometry": { "type": "LineString", "coordinates": [ [ -68.4665963, -33.1873919 ], [ -68.4659468, -33.1876108 ] ] } },
{ "type": "Feature", "properties": { "id": "way/1534093832", "@id": "way/1534093832", "CORDON": "SI", "cord_estado ": "BUENO", "BANQUINA": "SI", "BANQ_ESTADO": "REGULAR", "BANQ_MAT": "TIERRA", "CUNETA": "NO", "CUN_MAT": "HORMIGON", "FECHA": "08-2026", "OBS": null }, "geometry": { "type": "LineString", "coordinates": [ [ -68.4692301, -33.1864892 ], [ -68.4681496, -33.1868575 ], [ -68.4680128, -33.1869041 ], [ -68.4668823, -33.1872899 ] ] } },
{ "type": "Feature", "properties": { "id": "way/1534093833", "@id": "way/1534093833", "CORDON": "SI", "cord_estado ": "BUENO", "BANQUINA": "SI", "BANQ_ESTADO": "REGULAR", "BANQ_MAT": "TIERRA", "CUNETA": "SI", "CUN_MAT": "HORMIGON", "FECHA": "08-2026", "OBS": null }, "geometry": { "type": "LineString", "coordinates": [ [ -68.4687515, -33.1864363 ], [ -68.4680715, -33.1866731 ] ] } },
{ "type": "Feature", "properties": { "id": "way/1534093834", "@id": "way/1534093834", "CORDON": "SI", "cord_estado ": "BUENO", "BANQUINA": "SI", "BANQ_ESTADO": "REGULAR", "BANQ_MAT": "TIERRA", "CUNETA": "SI", "CUN_MAT": "HORMIGON", "FECHA": "08-2026", "OBS": null }, "geometry": { "type": "LineString", "coordinates": [ [ -68.4678068, -33.1867764 ], [ -68.4668623, -33.1871164 ] ] } },
{ "type": "Feature", "properties": { "id": "way/1534093835", "@id": "way/1534093835", "CORDON": "SI", "cord_estado ": "BUENO", "BANQUINA": "SI", "BANQ_ESTADO": "REGULAR", "BANQ_MAT": "TIERRA", "CUNETA": "NO", "CUN_MAT": "HORMIGON", "FECHA": "08-2026", "OBS": null }, "geometry": { "type": "LineString", "coordinates": [ [ -68.4708091, -33.1857112 ], [ -68.4699487, -33.1860114 ], [ -68.4698365, -33.1860505 ], [ -68.4690883, -33.1863116 ] ] } },
{ "type": "Feature", "properties": { "id": "way/1534093836", "@id": "way/1534093836", "CORDON": "SI", "cord_estado ": "BUENO", "BANQUINA": "SI", "BANQ_ESTADO": "REGULAR", "BANQ_MAT": "TIERRA", "CUNETA": "NO", "CUN_MAT": "HORMIGON", "FECHA": "08-2026", "OBS": null }, "geometry": { "type": "LineString", "coordinates": [ [ -68.4699206, -33.1863326 ], [ -68.4696476, -33.1864347 ] ] } },
{ "type": "Feature", "properties": { "id": "way/1534093837", "@id": "way/1534093837", "CORDON": "SI", "cord_estado ": "BUENO", "BANQUINA": "SI", "BANQ_ESTADO": "REGULAR", "BANQ_MAT": "TIERRA", "CUNETA": "NO", "CUN_MAT": "HORMIGON", "FECHA": "08-2026", "OBS": null }, "geometry": { "type": "LineString", "coordinates": [ [ -68.4721787, -33.1854616 ], [ -68.4715826, -33.1856586 ], [ -68.4712399, -33.1857775 ], [ -68.4711441, -33.1858122 ], [ -68.470916, -33.1858948 ], [ -68.4706403, -33.1860011 ], [ -68.4702548, -33.1861831 ] ] } },
{ "type": "Feature", "properties": { "id": "way/1534093838", "@id": "way/1534093838", "CORDON": "SI", "cord_estado ": "BUENO", "BANQUINA": "SI", "BANQ_ESTADO": "REGULAR", "BANQ_MAT": "TIERRA", "CUNETA": "NO", "CUN_MAT": "HORMIGON", "FECHA": "08-2026", "OBS": null }, "geometry": { "type": "LineString", "coordinates": [ [ -68.4711763, -33.1877267 ], [ -68.4709425, -33.187811 ] ] } },
{ "type": "Feature", "properties": { "id": "way/1534093839", "@id": "way/1534093839", "CORDON": "SI", "cord_estado ": "BUENO", "BANQUINA": "SI", "BANQ_ESTADO": "REGULAR", "BANQ_MAT": "TIERRA", "CUNETA": "NO", "CUN_MAT": "HORMIGON", "FECHA": "08-2026", "OBS": null }, "geometry": { "type": "LineString", "coordinates": [ [ -68.4710517, -33.1875915 ], [ -68.4707916, -33.1876859 ] ] } },
{ "type": "Feature", "properties": { "id": "way/1534093840", "@id": "way/1534093840", "CORDON": "NO", "cord_estado ": "BUENO", "BANQUINA": "SI", "BANQ_ESTADO": "REGULAR", "BANQ_MAT": "TIERRA", "CUNETA": "NO", "CUN_MAT": "HORMIGON", "FECHA": "08-2026", "OBS": null }, "geometry": { "type": "LineString", "coordinates": [ [ -68.4716301, -33.1873727 ], [ -68.471377, -33.1874631 ] ] } },
{ "type": "Feature", "properties": { "id": "way/1534093841", "@id": "way/1534093841", "CORDON": "NO", "cord_estado ": "BUENO", "BANQUINA": "SI", "BANQ_ESTADO": "REGULAR", "BANQ_MAT": "TIERRA", "CUNETA": "NO", "CUN_MAT": "HORMIGON", "FECHA": "08-2026", "OBS": null }, "geometry": { "type": "LineString", "coordinates": [ [ -68.4722942, -33.1873224 ], [ -68.4719577, -33.1874432 ], [ -68.4718624, -33.1874774 ], [ -68.4715442, -33.1875916 ] ] } },
{ "type": "Feature", "properties": { "id": "way/1534093842", "@id": "way/1534093842", "CORDON": "NO", "cord_estado ": "BUENO", "BANQUINA": "SI", "BANQ_ESTADO": "REGULAR", "BANQ_MAT": "TIERRA", "CUNETA": "NO", "CUN_MAT": "HORMIGON", "FECHA": "08-2026", "OBS": null }, "geometry": { "type": "LineString", "coordinates": [ [ -68.4721403, -33.1871851 ], [ -68.4719246, -33.1872618 ] ] } },
{ "type": "Feature", "properties": { "id": "way/1534093843", "@id": "way/1534093843", "CORDON": "NO", "cord_estado ": "BUENO", "BANQUINA": "SI", "BANQ_ESTADO": "REGULAR", "BANQ_MAT": "TIERRA", "CUNETA": "NO", "CUN_MAT": "HORMIGON", "FECHA": "08-2026", "OBS": null }, "geometry": { "type": "LineString", "coordinates": [ [ -68.4731507, -33.1882406 ], [ -68.4727093, -33.1883904 ], [ -68.4726269, -33.1884184 ], [ -68.4720015, -33.1886307 ] ] } },
{ "type": "Feature", "properties": { "id": "way/1534093844", "@id": "way/1534093844", "CORDON": "NO", "cord_estado ": "BUENO", "BANQUINA": "SI", "BANQ_ESTADO": "REGULAR", "BANQ_MAT": "TIERRA", "CUNETA": "NO", "CUN_MAT": "HORMIGON", "FECHA": "08-2026", "OBS": null }, "geometry": { "type": "LineString", "coordinates": [ [ -68.473017, -33.1881204 ], [ -68.472625, -33.1882522 ], [ -68.4725414, -33.1882804 ], [ -68.4716502, -33.1885802 ] ] } },
{ "type": "Feature", "properties": { "id": "way/1534093845", "@id": "way/1534093845", "CORDON": "NO", "cord_estado ": "BUENO", "BANQUINA": "SI", "BANQ_ESTADO": "REGULAR", "BANQ_MAT": "TIERRA", "CUNETA": "NO", "CUN_MAT": "HORMIGON", "FECHA": "08-2026", "OBS": null }, "geometry": { "type": "LineString", "coordinates": [ [ -68.4715039, -33.1881093 ], [ -68.4712878, -33.1881862 ] ] } },
{ "type": "Feature", "properties": { "id": "way/1534093846", "@id": "way/1534093846", "CORDON": "NO", "cord_estado ": "BUENO", "BANQUINA": "SI", "BANQ_ESTADO": "REGULAR", "BANQ_MAT": "TIERRA", "CUNETA": "NO", "CUN_MAT": "HORMIGON", "FECHA": "08-2026", "OBS": null }, "geometry": { "type": "LineString", "coordinates": [ [ -68.4727825, -33.1878227 ], [ -68.4724041, -33.1879556 ], [ -68.4723222, -33.1879843 ], [ -68.4718394, -33.1881538 ], [ -68.4717538, -33.1881839 ], [ -68.4713853, -33.1883133 ] ] } },
{ "type": "Feature", "properties": { "id": "way/1534093847", "@id": "way/1534093847", "CORDON": "NO", "cord_estado ": "BUENO", "BANQUINA": "SI", "BANQ_ESTADO": "REGULAR", "BANQ_MAT": "TIERRA", "CUNETA": "NO", "CUN_MAT": "HORMIGON", "FECHA": "08-2026", "OBS": null }, "geometry": { "type": "LineString", "coordinates": [ [ -68.472678, -33.1877038 ], [ -68.4723251, -33.1878259 ], [ -68.4722452, -33.1878536 ], [ -68.4718955, -33.1879755 ] ] } },
{ "type": "Feature", "properties": { "id": "way/1534093848", "@id": "way/1534093848", "CORDON": "NO", "cord_estado ": "BUENO", "BANQUINA": "SI", "BANQ_ESTADO": "REGULAR", "BANQ_MAT": "TIERRA", "CUNETA": "NO", "CUN_MAT": "HORMIGON", "FECHA": "08-2026", "OBS": null }, "geometry": { "type": "LineString", "coordinates": [ [ -68.4712889, -33.1886147 ], [ -68.4710519, -33.1883503 ] ] } },
{ "type": "Feature", "properties": { "id": "way/1534093849", "@id": "way/1534093849", "CORDON": "SI", "cord_estado ": "BUENO", "BANQUINA": "SI", "BANQ_ESTADO": "REGULAR", "BANQ_MAT": "TIERRA", "CUNETA": "NO", "CUN_MAT": "HORMIGON", "FECHA": "08-2026", "OBS": null }, "geometry": { "type": "LineString", "coordinates": [ [ -68.4708313, -33.1880986 ], [ -68.4707055, -33.1879614 ] ] } },
{ "type": "Feature", "properties": { "id": "way/1534093850", "@id": "way/1534093850", "CORDON": "SI", "cord_estado ": "BUENO", "BANQUINA": "SI", "BANQ_ESTADO": "REGULAR", "BANQ_MAT": "TIERRA", "CUNETA": "NO", "CUN_MAT": "HORMIGON", "FECHA": "08-2026", "OBS": null }, "geometry": { "type": "LineString", "coordinates": [ [ -68.4774489, -33.1931182 ], [ -68.4761315, -33.1935898 ] ] } },
{ "type": "Feature", "properties": { "id": "way/1534093851", "@id": "way/1534093851", "CORDON": "SI", "cord_estado ": "BUENO", "BANQUINA": "SI", "BANQ_ESTADO": "REGULAR", "BANQ_MAT": "TIERRA", "CUNETA": "NO", "CUN_MAT": "HORMIGON", "FECHA": "08-2026", "OBS": null }, "geometry": { "type": "LineString", "coordinates": [ [ -68.4767303, -33.1920188 ], [ -68.4755551, -33.1924815 ] ] } },
{ "type": "Feature", "properties": { "id": "way/1534093852", "@id": "way/1534093852", "CORDON": "SI", "cord_estado ": "BUENO", "BANQUINA": "SI", "BANQ_ESTADO": "REGULAR", "BANQ_MAT": "TIERRA", "CUNETA": "NO", "CUN_MAT": "HORMIGON", "FECHA": "08-2026", "OBS": null }, "geometry": { "type": "LineString", "coordinates": [ [ -68.4768407, -33.1921749 ], [ -68.4756485, -33.1926487 ] ] } },
{ "type": "Feature", "properties": { "id": "way/1534093853", "@id": "way/1534093853", "CORDON": "NO", "cord_estado ": "BUENO", "BANQUINA": "SI", "BANQ_ESTADO": "REGULAR", "BANQ_MAT": "TIERRA", "CUNETA": "SI", "CUN_MAT": "HORMIGON", "FECHA": "08-2026", "OBS": null }, "geometry": { "type": "LineString", "coordinates": [ [ -68.4761654, -33.191145 ], [ -68.475083, -33.1915231 ] ] } },
{ "type": "Feature", "properties": { "id": "way/1534093854", "@id": "way/1534093854", "CORDON": "NO", "cord_estado ": "BUENO", "BANQUINA": "SI", "BANQ_ESTADO": "REGULAR", "BANQ_MAT": "TIERRA", "CUNETA": "SI", "CUN_MAT": "HORMIGON", "FECHA": "08-2026", "OBS": null }, "geometry": { "type": "LineString", "coordinates": [ [ -68.4760546, -33.1908535 ], [ -68.4755488, -33.1901397 ] ] } },
{ "type": "Feature", "properties": { "id": "way/1534093855", "@id": "way/1534093855", "CORDON": "NO", "cord_estado ": "BUENO", "BANQUINA": "SI", "BANQ_ESTADO": "REGULAR", "BANQ_MAT": "TIERRA", "CUNETA": "SI", "CUN_MAT": "HORMIGON", "FECHA": "08-2026", "OBS": null }, "geometry": { "type": "LineString", "coordinates": [ [ -68.4715919, -33.1914707 ], [ -68.4713, -33.191571 ], [ -68.4711933, -33.1916077 ], [ -68.4703011, -33.1919145 ] ] } },
{ "type": "Feature", "properties": { "id": "way/1534093856", "@id": "way/1534093856", "CORDON": "NO", "cord_estado ": "BUENO", "BANQUINA": "SI", "BANQ_ESTADO": "REGULAR", "BANQ_MAT": "TIERRA", "CUNETA": "SI", "CUN_MAT": "HORMIGON", "FECHA": "08-2026", "OBS": null }, "geometry": { "type": "LineString", "coordinates": [ [ -68.4729326, -33.1910038 ], [ -68.4723288, -33.1912115 ], [ -68.4722341, -33.1912441 ], [ -68.4719519, -33.1913412 ] ] } },
{ "type": "Feature", "properties": { "id": "way/1534093857", "@id": "way/1534093857", "CORDON": "NO", "cord_estado ": "BUENO", "BANQUINA": "SI", "BANQ_ESTADO": "REGULAR", "BANQ_MAT": "TIERRA", "CUNETA": "SI", "CUN_MAT": "HORMIGON", "FECHA": "08-2026", "OBS": null }, "geometry": { "type": "LineString", "coordinates": [ [ -68.4736442, -33.1917294 ], [ -68.4732242, -33.1909893 ] ] } },
{ "type": "Feature", "properties": { "id": "way/1534093858", "@id": "way/1534093858", "CORDON": "NO", "cord_estado ": "BUENO", "BANQUINA": "SI", "BANQ_ESTADO": "REGULAR", "BANQ_MAT": "TIERRA", "CUNETA": "SI", "CUN_MAT": "HORMIGON", "FECHA": "08-2026", "OBS": null }, "geometry": { "type": "LineString", "coordinates": [ [ -68.4734498, -33.1917976 ], [ -68.4730432, -33.1910434 ] ] } },
{ "type": "Feature", "properties": { "id": "way/1534093859", "@id": "way/1534093859", "CORDON": "NO", "cord_estado ": "BUENO", "BANQUINA": "SI", "BANQ_ESTADO": "REGULAR", "BANQ_MAT": "TIERRA", "CUNETA": "SI", "CUN_MAT": "HORMIGON", "FECHA": "08-2026", "OBS": null }, "geometry": { "type": "LineString", "coordinates": [ [ -68.4754185, -33.1901083 ], [ -68.4744713, -33.1905338 ], [ -68.4743498, -33.1905731 ], [ -68.4732897, -33.190879 ] ] } },
{ "type": "Feature", "properties": { "id": "way/1534093860", "@id": "way/1534093860", "CORDON": "NO", "cord_estado ": "BUENO", "BANQUINA": "SI", "BANQ_ESTADO": "REGULAR", "BANQ_MAT": "TIERRA", "CUNETA": "SI", "CUN_MAT": "HORMIGON", "FECHA": "08-2026", "OBS": null }, "geometry": { "type": "LineString", "coordinates": [ [ -68.4753107, -33.1899712 ], [ -68.4744059, -33.1903754 ], [ -68.4742991, -33.1904133 ], [ -68.4733984, -33.1906349 ] ] } },
{ "type": "Feature", "properties": { "id": "way/1534093861", "@id": "way/1534093861", "CORDON": "SI", "cord_estado ": "BUENO", "BANQUINA": "SI", "BANQ_ESTADO": "REGULAR", "BANQ_MAT": "TIERRA", "CUNETA": "NO", "CUN_MAT": "HORMIGON", "FECHA": "08-2026", "OBS": null }, "geometry": { "type": "LineString", "coordinates": [ [ -68.4705856, -33.1888581 ], [ -68.4703343, -33.1885891 ] ] } },
{ "type": "Feature", "properties": { "id": "way/1534093862", "@id": "way/1534093862", "CORDON": "SI", "cord_estado ": "BUENO", "BANQUINA": "SI", "BANQ_ESTADO": "REGULAR", "BANQ_MAT": "TIERRA", "CUNETA": "NO", "CUN_MAT": "HORMIGON", "FECHA": "08-2026", "OBS": null }, "geometry": { "type": "LineString", "coordinates": [ [ -68.4701059, -33.1883448 ], [ -68.4699968, -33.1882281 ] ] } },
{ "type": "Feature", "properties": { "id": "way/1534093863", "@id": "way/1534093863", "CORDON": "NO", "cord_estado ": "BUENO", "BANQUINA": "SI", "BANQ_ESTADO": "REGULAR", "BANQ_MAT": "TIERRA", "CUNETA": "NO", "CUN_MAT": "HORMIGON", "FECHA": "08-2026", "OBS": null }, "geometry": { "type": "LineString", "coordinates": [ [ -68.4714901, -33.188559 ], [ -68.4713502, -33.1884085 ] ] } },
{ "type": "Feature", "properties": { "id": "way/1534093864", "@id": "way/1534093864", "CORDON": "SI", "cord_estado ": "BUENO", "BANQUINA": "SI", "BANQ_ESTADO": "REGULAR", "BANQ_MAT": "TIERRA", "CUNETA": "NO", "CUN_MAT": "HORMIGON", "FECHA": "08-2026", "OBS": null }, "geometry": { "type": "LineString", "coordinates": [ [ -68.4711414, -33.1881642 ], [ -68.4709101, -33.1879171 ] ] } },
{ "type": "Feature", "properties": { "id": "way/1534093865", "@id": "way/1534093865", "CORDON": "NO", "cord_estado ": "BUENO", "BANQUINA": "SI", "BANQ_ESTADO": "REGULAR", "BANQ_MAT": "TIERRA", "CUNETA": "NO", "CUN_MAT": "HORMIGON", "FECHA": "08-2026", "OBS": null }, "geometry": { "type": "LineString", "coordinates": [ [ -68.4717446, -33.187944 ], [ -68.4715186, -33.1876998 ] ] } },
{ "type": "Feature", "properties": { "id": "way/1534093866", "@id": "way/1534093866", "CORDON": "NO", "cord_estado ": "BUENO", "BANQUINA": "SI", "BANQ_ESTADO": "REGULAR", "BANQ_MAT": "TIERRA", "CUNETA": "NO", "CUN_MAT": "HORMIGON", "FECHA": "08-2026", "OBS": null }, "geometry": { "type": "LineString", "coordinates": [ [ -68.4715354, -33.1880132 ], [ -68.4713168, -33.1877598 ] ] } },
{ "type": "Feature", "properties": { "id": "way/1534093867", "@id": "way/1534093867", "CORDON": "SI", "cord_estado ": "BUENO", "BANQUINA": "SI", "BANQ_ESTADO": "REGULAR", "BANQ_MAT": "TIERRA", "CUNETA": "NO", "CUN_MAT": "HORMIGON", "FECHA": "08-2026", "OBS": null }, "geometry": { "type": "LineString", "coordinates": [ [ -68.4704304, -33.1868969 ], [ -68.4701621, -33.1869846 ] ] } },
{ "type": "Feature", "properties": { "id": "way/1534093868", "@id": "way/1534093868", "CORDON": "SI", "cord_estado ": "BUENO", "BANQUINA": "SI", "BANQ_ESTADO": "REGULAR", "BANQ_MAT": "TIERRA", "CUNETA": "NO", "CUN_MAT": "HORMIGON", "FECHA": "08-2026", "OBS": null }, "geometry": { "type": "LineString", "coordinates": [ [ -68.4702896, -33.1867549 ], [ -68.4700356, -33.1868425 ] ] } },
{ "type": "Feature", "properties": { "id": "way/1534093869", "@id": "way/1534093869", "CORDON": "NO", "cord_estado ": "BUENO", "BANQUINA": "SI", "BANQ_ESTADO": "REGULAR", "BANQ_MAT": "TIERRA", "CUNETA": "NO", "CUN_MAT": "HORMIGON", "FECHA": "08-2026", "OBS": null }, "geometry": { "type": "LineString", "coordinates": [ [ -68.4715004, -33.1865106 ], [ -68.4712816, -33.1865886 ] ] } },
{ "type": "Feature", "properties": { "id": "way/1534093870", "@id": "way/1534093870", "CORDON": "SI", "cord_estado ": "BUENO", "BANQUINA": "SI", "BANQ_ESTADO": "REGULAR", "BANQ_MAT": "TIERRA", "CUNETA": "NO", "CUN_MAT": "HORMIGON", "FECHA": "08-2026", "OBS": null }, "geometry": { "type": "LineString", "coordinates": [ [ -68.4709942, -33.1866909 ], [ -68.4707687, -33.1867713 ] ] } },
{ "type": "Feature", "properties": { "id": "way/1534093871", "@id": "way/1534093871", "CORDON": "NO", "cord_estado ": "BUENO", "BANQUINA": "SI", "BANQ_ESTADO": "REGULAR", "BANQ_MAT": "TIERRA", "CUNETA": "NO", "CUN_MAT": "HORMIGON", "FECHA": "08-2026", "OBS": null }, "geometry": { "type": "LineString", "coordinates": [ [ -68.4715397, -33.1863139 ], [ -68.4710553, -33.1864816 ], [ -68.4709626, -33.1865137 ], [ -68.4706395, -33.1866255 ] ] } },
{ "type": "Feature", "properties": { "id": "way/1534093872", "@id": "way/1534093872", "CORDON": "NO", "cord_estado ": "BUENO", "BANQUINA": "SI", "BANQ_ESTADO": "REGULAR", "BANQ_MAT": "TIERRA", "CUNETA": "NO", "CUN_MAT": "HORMIGON", "FECHA": "08-2026", "OBS": null }, "geometry": { "type": "LineString", "coordinates": [ [ -68.4721577, -33.1870901 ], [ -68.4716174, -33.1865342 ] ] } },
{ "type": "Feature", "properties": { "id": "way/1534093873", "@id": "way/1534093873", "CORDON": "NO", "cord_estado ": "BUENO", "BANQUINA": "SI", "BANQ_ESTADO": "REGULAR", "BANQ_MAT": "TIERRA", "CUNETA": "NO", "CUN_MAT": "HORMIGON", "FECHA": "08-2026", "OBS": null }, "geometry": { "type": "LineString", "coordinates": [ [ -68.4723281, -33.187025 ], [ -68.4716758, -33.1863375 ] ] } },
{ "type": "Feature", "properties": { "id": "way/1534155754", "@id": "way/1534155754", "CORDON": "SI", "cord_estado ": "BUENO", "BANQUINA": "SI", "BANQ_ESTADO": "REGULAR", "BANQ_MAT": "TIERRA", "CUNETA": "SI", "CUN_MAT": "HORMIGON", "FECHA": "08-2026", "OBS": null }, "geometry": { "type": "LineString", "coordinates": [ [ -68.4582811, -33.1892438 ], [ -68.4580102, -33.1888668 ] ] } },
{ "type": "Feature", "properties": { "id": "way/1534155755", "@id": "way/1534155755", "CORDON": "SI", "cord_estado ": "BUENO", "BANQUINA": "SI", "BANQ_ESTADO": "REGULAR", "BANQ_MAT": "TIERRA", "CUNETA": "SI", "CUN_MAT": "HORMIGON", "FECHA": "08-2026", "OBS": null }, "geometry": { "type": "LineString", "coordinates": [ [ -68.4580715, -33.1893008 ], [ -68.4571396, -33.1879797 ] ] } },
{ "type": "Feature", "properties": { "id": "way/1534155756", "@id": "way/1534155756", "CORDON": "SI", "cord_estado ": "BUENO", "BANQUINA": "SI", "BANQ_ESTADO": "REGULAR", "BANQ_MAT": "TIERRA", "CUNETA": "SI", "CUN_MAT": "HORMIGON", "FECHA": "08-2026", "OBS": null }, "geometry": { "type": "LineString", "coordinates": [ [ -68.4578429, -33.1886216 ], [ -68.457352, -33.1879326 ] ] } },
{ "type": "Feature", "properties": { "id": "way/1534155757", "@id": "way/1534155757", "CORDON": "SI", "cord_estado ": "BUENO", "BANQUINA": "SI", "BANQ_ESTADO": "REGULAR", "BANQ_MAT": "TIERRA", "CUNETA": "SI", "CUN_MAT": "HORMIGON", "FECHA": "08-2026", "OBS": null }, "geometry": { "type": "LineString", "coordinates": [ [ -68.4571365, -33.1876151 ], [ -68.4566714, -33.1869363 ] ] } },
{ "type": "Feature", "properties": { "id": "way/1534155758", "@id": "way/1534155758", "CORDON": "SI", "cord_estado ": "BUENO", "BANQUINA": "SI", "BANQ_ESTADO": "REGULAR", "BANQ_MAT": "TIERRA", "CUNETA": "SI", "CUN_MAT": "HORMIGON", "FECHA": "08-2026", "OBS": null }, "geometry": { "type": "LineString", "coordinates": [ [ -68.4569207, -33.1876772 ], [ -68.4564694, -33.1869982 ] ] } },
{ "type": "Feature", "properties": { "id": "way/1534155759", "@id": "way/1534155759", "CORDON": "SI", "cord_estado ": "BUENO", "BANQUINA": "SI", "BANQ_ESTADO": "REGULAR", "BANQ_MAT": "TIERRA", "CUNETA": "SI", "CUN_MAT": "HORMIGON", "FECHA": "08-2026", "OBS": null }, "geometry": { "type": "LineString", "coordinates": [ [ -68.4562598, -33.1866831 ], [ -68.4558671, -33.1860712 ] ] } },
{ "type": "Feature", "properties": { "id": "way/1534155760", "@id": "way/1534155760", "CORDON": "SI", "cord_estado ": "BUENO", "BANQUINA": "SI", "BANQ_ESTADO": "REGULAR", "BANQ_MAT": "TIERRA", "CUNETA": "SI", "CUN_MAT": "HORMIGON", "FECHA": "08-2026", "OBS": null }, "geometry": { "type": "LineString", "coordinates": [ [ -68.4564602, -33.1866184 ], [ -68.4560598, -33.1860145 ] ] } },
{ "type": "Feature", "properties": { "id": "way/1534155761", "@id": "way/1534155761", "CORDON": "SI", "cord_estado ": "BUENO", "BANQUINA": "SI", "BANQ_ESTADO": "REGULAR", "BANQ_MAT": "TIERRA", "CUNETA": "SI", "CUN_MAT": "HORMIGON", "FECHA": "08-2026", "OBS": null }, "geometry": { "type": "LineString", "coordinates": [ [ -68.4576702, -33.1862244 ], [ -68.4572973, -33.1856259 ] ] } },
{ "type": "Feature", "properties": { "id": "way/1534155762", "@id": "way/1534155762", "CORDON": "SI", "cord_estado ": "BUENO", "BANQUINA": "SI", "BANQ_ESTADO": "REGULAR", "BANQ_MAT": "TIERRA", "CUNETA": "SI", "CUN_MAT": "HORMIGON", "FECHA": "08-2026", "OBS": null }, "geometry": { "type": "LineString", "coordinates": [ [ -68.4574753, -33.1862865 ], [ -68.4571036, -33.1856888 ] ] } },
{ "type": "Feature", "properties": { "id": "way/1534155763", "@id": "way/1534155763", "CORDON": "SI", "cord_estado ": "BUENO", "BANQUINA": "SI", "BANQ_ESTADO": "REGULAR", "BANQ_MAT": "TIERRA", "CUNETA": "SI", "CUN_MAT": "HORMIGON", "FECHA": "08-2026", "OBS": null }, "geometry": { "type": "LineString", "coordinates": [ [ -68.4583393, -33.187282 ], [ -68.4578784, -33.1865516 ] ] } },
{ "type": "Feature", "properties": { "id": "way/1534155764", "@id": "way/1534155764", "CORDON": "SI", "cord_estado ": "BUENO", "BANQUINA": "SI", "BANQ_ESTADO": "REGULAR", "BANQ_MAT": "TIERRA", "CUNETA": "SI", "CUN_MAT": "HORMIGON", "FECHA": "08-2026", "OBS": null }, "geometry": { "type": "LineString", "coordinates": [ [ -68.4581517, -33.1873342 ], [ -68.4576862, -33.186606 ] ] } },
{ "type": "Feature", "properties": { "id": "way/1534155765", "@id": "way/1534155765", "CORDON": "SI", "cord_estado ": "BUENO", "BANQUINA": "SI", "BANQ_ESTADO": "REGULAR", "BANQ_MAT": "TIERRA", "CUNETA": "SI", "CUN_MAT": "HORMIGON", "FECHA": "08-2026", "OBS": null }, "geometry": { "type": "LineString", "coordinates": [ [ -68.4594324, -33.1888905 ], [ -68.4585471, -33.1875933 ] ] } },
{ "type": "Feature", "properties": { "id": "way/1534155766", "@id": "way/1534155766", "CORDON": "SI", "cord_estado ": "BUENO", "BANQUINA": "SI", "BANQ_ESTADO": "REGULAR", "BANQ_MAT": "TIERRA", "CUNETA": "SI", "CUN_MAT": "HORMIGON", "FECHA": "08-2026", "OBS": null }, "geometry": { "type": "LineString", "coordinates": [ [ -68.4592196, -33.1889417 ], [ -68.4589539, -33.1885513 ] ] } },
{ "type": "Feature", "properties": { "id": "way/1534155767", "@id": "way/1534155767", "CORDON": "SI", "cord_estado ": "BUENO", "BANQUINA": "SI", "BANQ_ESTADO": "REGULAR", "BANQ_MAT": "TIERRA", "CUNETA": "SI", "CUN_MAT": "HORMIGON", "FECHA": "08-2026", "OBS": null }, "geometry": { "type": "LineString", "coordinates": [ [ -68.4587716, -33.1882834 ], [ -68.4583346, -33.1876413 ] ] } },
{ "type": "Feature", "properties": { "id": "way/1534155768", "@id": "way/1534155768", "CORDON": "SI", "cord_estado ": "BUENO", "BANQUINA": "SI", "BANQ_ESTADO": "REGULAR", "BANQ_MAT": "TIERRA", "CUNETA": "SI", "CUN_MAT": "HORMIGON", "FECHA": "08-2026", "OBS": null }, "geometry": { "type": "LineString", "coordinates": [ [ -68.4587572, -33.1884012 ], [ -68.4579867, -33.1886518 ] ] } },
{ "type": "Feature", "properties": { "id": "way/1534155769", "@id": "way/1534155769", "CORDON": "SI", "cord_estado ": "BUENO", "BANQUINA": "SI", "BANQ_ESTADO": "REGULAR", "BANQ_MAT": "TIERRA", "CUNETA": "SI", "CUN_MAT": "HORMIGON", "FECHA": "08-2026", "OBS": null }, "geometry": { "type": "LineString", "coordinates": [ [ -68.4562643, -33.1878814 ], [ -68.4558395, -33.1872139 ] ] } },
{ "type": "Feature", "properties": { "id": "way/1534155770", "@id": "way/1534155770", "CORDON": "SI", "cord_estado ": "BUENO", "BANQUINA": "SI", "BANQ_ESTADO": "REGULAR", "BANQ_MAT": "TIERRA", "CUNETA": "SI", "CUN_MAT": "HORMIGON", "FECHA": "08-2026", "OBS": null }, "geometry": { "type": "LineString", "coordinates": [ [ -68.4560646, -33.1879345 ], [ -68.4556536, -33.1872712 ] ] } },
{ "type": "Feature", "properties": { "id": "way/1534155771", "@id": "way/1534155771", "CORDON": "SI", "cord_estado ": "BUENO", "BANQUINA": "SI", "BANQ_ESTADO": "REGULAR", "BANQ_MAT": "TIERRA", "CUNETA": "SI", "CUN_MAT": "HORMIGON", "FECHA": "08-2026", "OBS": null }, "geometry": { "type": "LineString", "coordinates": [ [ -68.4554583, -33.1869691 ], [ -68.4550549, -33.1863325 ] ] } },
{ "type": "Feature", "properties": { "id": "way/1534155772", "@id": "way/1534155772", "CORDON": "SI", "cord_estado ": "BUENO", "BANQUINA": "SI", "BANQ_ESTADO": "REGULAR", "BANQ_MAT": "TIERRA", "CUNETA": "SI", "CUN_MAT": "HORMIGON", "FECHA": "08-2026", "OBS": null }, "geometry": { "type": "LineString", "coordinates": [ [ -68.4556561, -33.1869022 ], [ -68.4552507, -33.1862729 ] ] } }
]
}
