{
"type": "FeatureCollection",
"name": "cuneta",
"crs": { "type": "name", "properties": { "name": "urn:ogc:def:crs:OGC:1.3:CRS84" } },
"features": [
{ "type": "Feature", "properties": { "id_tramo": 2, "osm_id": "177321947", "zona": "URBANO", "km": 0.1316745174819805, "lado": null, "cuneta": "NO", "cun_mat": null, "km_cuneta": 0.1316745174819805, "fecha": "08-2026" }, "geometry": { "type": "LineString", "coordinates": [ [ -68.458170589966301, -33.1873256625815 ], [ -68.457705089853093, -33.186597462650028 ] ] } },
{ "type": "Feature", "properties": { "id_tramo": 3, "osm_id": "177321947", "zona": "URBANO", "km": 0.12053637539622541, "lado": null, "cuneta": "NO", "cun_mat": null, "km_cuneta": 0.12053637539622541, "fecha": "08-2026" }, "geometry": { "type": "LineString", "coordinates": [ [ -68.45941379884718, -33.188899475058392 ], [ -68.458528499034898, -33.187602274929823 ] ] } },
{ "type": "Feature", "properties": { "id_tramo": 5, "osm_id": "177321947", "zona": "URBANO", "km": 0.12053637539622541, "lado": null, "cuneta": "NO", "cun_mat": null, "km_cuneta": 0.12053637539622541, "fecha": "08-2026" }, "geometry": { "type": "LineString", "coordinates": [ [ -68.458752986209149, -33.188292356324617 ], [ -68.458315986302381, -33.187650256261115 ] ] } },
{ "type": "Feature", "properties": { "id_tramo": 6, "osm_id": "771230548", "zona": "URBANO", "km": 0.11779559404647701, "lado": null, "cuneta": "NO", "cun_mat": null, "km_cuneta": 0.11779559404647701, "fecha": "08-2026" }, "geometry": { "type": "LineString", "coordinates": [ [ -68.458764937091701, -33.188418018037972 ], [ -68.457994436965109, -33.188668618083916 ] ] } },
{ "type": "Feature", "properties": { "id_tramo": 7, "osm_id": "177321922", "zona": "URBANO", "km": 0.12392292397883316, "lado": null, "cuneta": "NO", "cun_mat": null, "km_cuneta": 0.12392292397883316, "fecha": "08-2026" }, "geometry": { "type": "LineString", "coordinates": [ [ -68.456283208927019, -33.18787289213325 ], [ -68.455858408822792, -33.187205392195828 ] ] } },
{ "type": "Feature", "properties": { "id_tramo": 8, "osm_id": "177321922", "zona": "URBANO", "km": 0.12392292397883316, "lado": null, "cuneta": "NO", "cun_mat": null, "km_cuneta": 0.12392292397883316, "fecha": "08-2026" }, "geometry": { "type": "LineString", "coordinates": [ [ -68.456083619391833, -33.187926168015984 ], [ -68.455672619285593, -33.187262868076843 ] ] } },
{ "type": "Feature", "properties": { "id_tramo": 11, "osm_id": "177322061", "zona": "URBANO", "km": 0.10614847704761934, "lado": null, "cuneta": "SI", "cun_mat": "HORMIGON", "km_cuneta": 0.10614847704761934, "fecha": "08-2026" }, "geometry": { "type": "LineString", "coordinates": [ [ -68.466558374487605, -33.19747964085294 ], [ -68.466041874609303, -33.19668424077711 ] ] } },
{ "type": "Feature", "properties": { "id_tramo": 14, "osm_id": "177322061", "zona": "URBANO", "km": 0.11644874142447516, "lado": null, "cuneta": "NO", "cun_mat": null, "km_cuneta": 0.11644874142447516, "fecha": "08-2026" }, "geometry": { "type": "LineString", "coordinates": [ [ -68.46764105565326, -33.199472105058689 ], [ -68.467232055555542, -33.198837905118808 ] ] } },
{ "type": "Feature", "properties": { "id_tramo": 15, "osm_id": "177322061", "zona": "URBANO", "km": 0.12579189980054314, "lado": null, "cuneta": "NO", "cun_mat": null, "km_cuneta": 0.12579189980054314, "fecha": "08-2026" }, "geometry": { "type": "LineString", "coordinates": [ [ -68.467191048979117, -33.198462201781879 ], [ -68.46677194907906, -33.197813001720291 ] ] } },
{ "type": "Feature", "properties": { "id_tramo": 17, "osm_id": "177322061", "zona": "URBANO", "km": 0.13744877826966284, "lado": null, "cuneta": "SI", "cun_mat": "HORMIGON", "km_cuneta": 0.13744877826966284, "fecha": "08-2026" }, "geometry": { "type": "LineString", "coordinates": [ [ -68.465020475231114, -33.195439036839645 ], [ -68.464494075104099, -33.194618836917087 ] ] } },
{ "type": "Feature", "properties": { "id_tramo": 20, "osm_id": "177321955", "zona": "URBANO", "km": 0.12677634088931433, "lado": null, "cuneta": "SI", "cun_mat": "HORMIGON", "km_cuneta": 0.12677634088931433, "fecha": "08-2026" }, "geometry": { "type": "LineString", "coordinates": [ [ -68.467744347460496, -33.194614951376472 ], [ -68.468176047362235, -33.195268851439621 ] ] } },
{ "type": "Feature", "properties": { "id_tramo": 21, "osm_id": "177322061", "zona": "URBANO", "km": 0.10614847704761934, "lado": null, "cuneta": "SI", "cun_mat": "HORMIGON", "km_cuneta": 0.10614847704761934, "fecha": "08-2026" }, "geometry": { "type": "LineString", "coordinates": [ [ -68.466187694829799, -33.197236912141527 ], [ -68.465866994755316, -33.19674651218854 ] ] } },
{ "type": "Feature", "properties": { "id_tramo": 22, "osm_id": "177322061", "zona": "URBANO", "km": 0.079714972804785927, "lado": null, "cuneta": "NO", "cun_mat": null, "km_cuneta": 0.079714972804785927, "fecha": "08-2026" }, "geometry": { "type": "LineString", "coordinates": [ [ -68.468853572715133, -33.201008139291147 ], [ -68.468623872769285, -33.200654339257419 ] ] } },
{ "type": "Feature", "properties": { "id_tramo": 23, "osm_id": "177322061", "zona": "URBANO", "km": 0.14218626832578768, "lado": null, "cuneta": "NO", "cun_mat": null, "km_cuneta": 0.14218626832578768, "fecha": "08-2026" }, "geometry": { "type": "LineString", "coordinates": [ [ -68.464448652456213, -33.194260308434515 ], [ -68.463918752571018, -33.193476208357374 ] ] } },
{ "type": "Feature", "properties": { "id_tramo": 26, "osm_id": "177321929", "zona": "URBANO", "km": 0.14160821460137962, "lado": null, "cuneta": "SI", "cun_mat": "HORMIGON", "km_cuneta": 0.14160821460137962, "fecha": "08-2026" }, "geometry": { "type": "LineString", "coordinates": [ [ -68.467616710273319, -33.196980635876443 ], [ -68.467098210152045, -33.196184935952495 ] ] } },
{ "type": "Feature", "properties": { "id_tramo": 28, "osm_id": "177322061", "zona": "URBANO", "km": 0.12174503373044805, "lado": null, "cuneta": "NO", "cun_mat": null, "km_cuneta": 0.12174503373044805, "fecha": "08-2026" }, "geometry": { "type": "LineString", "coordinates": [ [ -68.469049098294505, -33.20163401599774 ], [ -68.46838680097126, -33.200620720425896 ], [ -68.468322703781183, -33.20052252476296 ], [ -68.46782999780217, -33.199768715856969 ] ] } },
{ "type": "Feature", "properties": { "id_tramo": 29, "osm_id": "257781715", "zona": "URBANO", "km": 0.13189811360883458, "lado": null, "cuneta": "SI", "cun_mat": "HORMIGON", "km_cuneta": 0.13189811360883458, "fecha": "08-2026" }, "geometry": { "type": "LineString", "coordinates": [ [ -68.466919414434315, -33.196128022602892 ], [ -68.466062314542981, -33.196526822533457 ] ] } },
{ "type": "Feature", "properties": { "id_tramo": 30, "osm_id": "177322061", "zona": "URBANO", "km": 0.074628874259865696, "lado": null, "cuneta": "NO", "cun_mat": null, "km_cuneta": 0.074628874259865696, "fecha": "08-2026" }, "geometry": { "type": "LineString", "coordinates": [ [ -68.469252243470009, -33.201606894292674 ], [ -68.469008743528221, -33.201229294256883 ] ] } },
{ "type": "Feature", "properties": { "id_tramo": 34, "osm_id": "642762562", "zona": "URBANO", "km": 0.13250647336788154, "lado": null, "cuneta": "NO", "cun_mat": null, "km_cuneta": 0.13250647336788154, "fecha": "08-2026" }, "geometry": { "type": "LineString", "coordinates": [ [ -68.464819824387817, -33.192949226357896 ], [ -68.463977724497582, -33.193330826291124 ] ] } },
{ "type": "Feature", "properties": { "id_tramo": 36, "osm_id": "177322007", "zona": "URBANO", "km": 0.11719964625374088, "lado": null, "cuneta": "SI", "cun_mat": "HORMIGON", "km_cuneta": 0.11719964625374088, "fecha": "08-2026" }, "geometry": { "type": "LineString", "coordinates": [ [ -68.467428366836032, -33.194584398379519 ], [ -68.466605866941052, -33.194964598313234 ] ] } },
{ "type": "Feature", "properties": { "id_tramo": 37, "osm_id": "924950738", "zona": "URBANO", "km": 0.090478863782391131, "lado": null, "cuneta": "NO", "cun_mat": null, "km_cuneta": 0.090478863782391131, "fecha": "08-2026" }, "geometry": { "type": "LineString", "coordinates": [ [ -68.473511663704656, -33.201043097844902 ], [ -68.473217599708164, -33.201200817621782 ], [ -68.473006889500056, -33.201304779924378 ], [ -68.472938582099644, -33.201332526794531 ], [ -68.472865924181903, -33.201348961323191 ], [ -68.46957814291973, -33.201813817276147 ] ] } },
{ "type": "Feature", "properties": { "id_tramo": 38, "osm_id": "924950738", "zona": "URBANO", "km": 0.067350997066728979, "lado": null, "cuneta": "NO", "cun_mat": null, "km_cuneta": 0.067350997066728979, "fecha": "08-2026" }, "geometry": { "type": "LineString", "coordinates": [ [ -68.469786329825666, -33.201601113798468 ], [ -68.469415429752132, -33.201650113807524 ] ] } },
{ "type": "Feature", "properties": { "id_tramo": 39, "osm_id": "924950738", "zona": "URBANO", "km": 0.065089714399036228, "lado": null, "cuneta": "NO", "cun_mat": null, "km_cuneta": 0.065089714399036228, "fecha": "08-2026" }, "geometry": { "type": "LineString", "coordinates": [ [ -68.4703480021942, -33.20151038297076 ], [ -68.470050902136592, -33.201560282980061 ] ] } },
{ "type": "Feature", "properties": { "id_tramo": 40, "osm_id": "924950738", "zona": "URBANO", "km": 0.1351767432586464, "lado": null, "cuneta": "NO", "cun_mat": null, "km_cuneta": 0.1351767432586464, "fecha": "08-2026" }, "geometry": { "type": "LineString", "coordinates": [ [ -68.471809389505736, -33.201308478121298 ], [ -68.470733689293724, -33.20146197814978 ] ] } },
{ "type": "Feature", "properties": { "id_tramo": 41, "osm_id": "924950738", "zona": "URBANO", "km": 0.090478863782391131, "lado": null, "cuneta": "NO", "cun_mat": null, "km_cuneta": 0.090478863782391131, "fecha": "08-2026" }, "geometry": { "type": "LineString", "coordinates": [ [ -68.472756311282055, -33.201173560441468 ], [ -68.47260261125183, -33.201196260445684 ], [ -68.472602317003435, -33.201196302131436 ], [ -68.472195416922943, -33.201251502141666 ] ] } },
{ "type": "Feature", "properties": { "id_tramo": 42, "osm_id": "924950738", "zona": "URBANO", "km": 0.067632642262032319, "lado": null, "cuneta": "NO", "cun_mat": null, "km_cuneta": 0.067632642262032319, "fecha": "08-2026" }, "geometry": { "type": "LineString", "coordinates": [ [ -68.473396506121603, -33.200829638204645 ], [ -68.473061506154991, -33.201015038173665 ] ] } },
{ "type": "Feature", "properties": { "id_tramo": 43, "osm_id": "183315905", "zona": "URBANO", "km": 0.13211010216076335, "lado": null, "cuneta": "NO", "cun_mat": null, "km_cuneta": 0.13211010216076335, "fecha": "08-2026" }, "geometry": { "type": "LineString", "coordinates": [ [ -68.467636409169913, -33.197280324991063 ], [ -68.466811209274468, -33.197664524924171 ] ] } },
{ "type": "Feature", "properties": { "id_tramo": 44, "osm_id": "183315905", "zona": "URBANO", "km": 0.13211010216076335, "lado": null, "cuneta": "NO", "cun_mat": null, "km_cuneta": 0.13211010216076335, "fecha": "08-2026" }, "geometry": { "type": "LineString", "coordinates": [ [ -68.467563787608867, -33.197154476500778 ], [ -68.466744487505025, -33.197535776567193 ] ] } },
{ "type": "Feature", "properties": { "id_tramo": 46, "osm_id": "257800486", "zona": "URBANO", "km": 0.13248637230550045, "lado": null, "cuneta": "NO", "cun_mat": null, "km_cuneta": 0.13248637230550045, "fecha": "08-2026" }, "geometry": { "type": "LineString", "coordinates": [ [ -68.468819815406363, -33.199047663643981 ], [ -68.467966715298616, -33.199446063713324 ] ] } },
{ "type": "Feature", "properties": { "id_tramo": 49, "osm_id": "257800489", "zona": "URBANO", "km": 0.068444022201126928, "lado": null, "cuneta": "NO", "cun_mat": null, "km_cuneta": 0.068444022201126928, "fecha": "08-2026" }, "geometry": { "type": "LineString", "coordinates": [ [ -68.469411272794687, -33.200949471551198 ], [ -68.469051272843672, -33.201105471523661 ] ] } },
{ "type": "Feature", "properties": { "id_tramo": 50, "osm_id": "257800489", "zona": "URBANO", "km": 0.068444022201126928, "lado": null, "cuneta": "NO", "cun_mat": null, "km_cuneta": 0.068444022201126928, "fecha": "08-2026" }, "geometry": { "type": "LineString", "coordinates": [ [ -68.469886881327113, -33.200678160984125 ], [ -68.469040481214066, -33.201052261049938 ] ] } },
{ "type": "Feature", "properties": { "id_tramo": 51, "osm_id": "177321929", "zona": "URBANO", "km": 0.12708970675820089, "lado": null, "cuneta": "SI", "cun_mat": "HORMIGON", "km_cuneta": 0.12708970675820089, "fecha": "08-2026" }, "geometry": { "type": "LineString", "coordinates": [ [ -68.467039428434489, -33.195786922870816 ], [ -68.466591028537493, -33.195104822805156 ] ] } },
{ "type": "Feature", "properties": { "id_tramo": 54, "osm_id": "257800489", "zona": "URBANO", "km": 0.060954248411662956, "lado": null, "cuneta": "NO", "cun_mat": null, "km_cuneta": 0.060954248411662956, "fecha": "08-2026" }, "geometry": { "type": "LineString", "coordinates": [ [ -68.469923352399277, -33.200742470066629 ], [ -68.469637652440241, -33.200858770045862 ] ] } },
{ "type": "Feature", "properties": { "id_tramo": 56, "osm_id": "177170643", "zona": "URBANO", "km": 0.13420208494874841, "lado": null, "cuneta": "NO", "cun_mat": null, "km_cuneta": 0.13420208494874841, "fecha": "08-2026" }, "geometry": { "type": "LineString", "coordinates": [ [ -68.468196609659373, -33.198092119312676 ], [ -68.467361809555342, -33.19848661938115 ] ] } },
{ "type": "Feature", "properties": { "id_tramo": 57, "osm_id": "177322007", "zona": "URBANO", "km": 0.11719964625374088, "lado": null, "cuneta": "SI", "cun_mat": "HORMIGON", "km_cuneta": 0.11719964625374088, "fecha": "08-2026" }, "geometry": { "type": "LineString", "coordinates": [ [ -68.46734620133364, -33.194479569966525 ], [ -68.466559901234177, -33.194846170030331 ] ] } },
{ "type": "Feature", "properties": { "id_tramo": 58, "osm_id": "257781715", "zona": "URBANO", "km": 0.11903446662486011, "lado": null, "cuneta": "SI", "cun_mat": "HORMIGON", "km_cuneta": 0.11903446662486011, "fecha": "08-2026" }, "geometry": { "type": "LineString", "coordinates": [ [ -68.467998843127305, -33.195458550482961 ], [ -68.467235843031332, -33.195816150545134 ] ] } },
{ "type": "Feature", "properties": { "id_tramo": 61, "osm_id": "177170643", "zona": "URBANO", "km": 0.11811697323981549, "lado": null, "cuneta": "NO", "cun_mat": null, "km_cuneta": 0.11811697323981549, "fecha": "08-2026" }, "geometry": { "type": "LineString", "coordinates": [ [ -68.469426151240583, -33.197700459407379 ], [ -68.468670651338115, -33.198045959347006 ] ] } },
{ "type": "Feature", "properties": { "id_tramo": 62, "osm_id": "177170643", "zona": "URBANO", "km": 0.11811697323981549, "lado": null, "cuneta": "NO", "cun_mat": null, "km_cuneta": 0.11811697323981549, "fecha": "08-2026" }, "geometry": { "type": "LineString", "coordinates": [ [ -68.46934013095148, -33.197563309211198 ], [ -68.468579530856985, -33.197923709273716 ] ] } },
{ "type": "Feature", "properties": { "id_tramo": 64, "osm_id": "257800486", "zona": "URBANO", "km": 0.12078861214294849, "lado": null, "cuneta": "NO", "cun_mat": null, "km_cuneta": 0.12078861214294849, "fecha": "08-2026" }, "geometry": { "type": "LineString", "coordinates": [ [ -68.469942467146382, -33.198524132216498 ], [ -68.469209867052015, -33.198859932275177 ] ] } },
{ "type": "Feature", "properties": { "id_tramo": 68, "osm_id": "257800489", "zona": "URBANO", "km": 0.12446550062383251, "lado": null, "cuneta": "NO", "cun_mat": null, "km_cuneta": 0.12446550062383251, "fecha": "08-2026" }, "geometry": { "type": "LineString", "coordinates": [ [ -68.471076471812097, -33.200137230162206 ], [ -68.470225871702581, -33.200527330230322 ] ] } },
{ "type": "Feature", "properties": { "id_tramo": 73, "osm_id": "847833489", "zona": "URBANO", "km": 0.13297649763172564, "lado": null, "cuneta": "SI", "cun_mat": "HORMIGON", "km_cuneta": 0.13297649763172564, "fecha": "08-2026" }, "geometry": { "type": "LineString", "coordinates": [ [ -68.466194789733336, -33.195023528547999 ], [ -68.465340789626609, -33.195426128617889 ] ] } },
{ "type": "Feature", "properties": { "id_tramo": 74, "osm_id": "257781723", "zona": "URBANO", "km": 0.13206321462352291, "lado": null, "cuneta": "NO", "cun_mat": null, "km_cuneta": 0.13206321462352291, "fecha": "08-2026" }, "geometry": { "type": "LineString", "coordinates": [ [ -68.465545335722837, -33.194057231811229 ], [ -68.464707435834953, -33.19442683174622 ] ] } },
{ "type": "Feature", "properties": { "id_tramo": 76, "osm_id": "642762562", "zona": "URBANO", "km": 0.13250647336788154, "lado": null, "cuneta": "NO", "cun_mat": null, "km_cuneta": 0.13250647336788154, "fecha": "08-2026" }, "geometry": { "type": "LineString", "coordinates": [ [ -68.46472178985033, -33.192826775223736 ], [ -68.463922789749105, -33.193198775288515 ] ] } },
{ "type": "Feature", "properties": { "id_tramo": 78, "osm_id": "183312754", "zona": "URBANO", "km": 0.12393348550353563, "lado": null, "cuneta": "NO", "cun_mat": null, "km_cuneta": 0.12393348550353563, "fecha": "08-2026" }, "geometry": { "type": "LineString", "coordinates": [ [ -68.463629715825988, -33.193494475868214 ], [ -68.462840015927497, -33.193857275804902 ] ] } },
{ "type": "Feature", "properties": { "id_tramo": 80, "osm_id": "183315837", "zona": "URBANO", "km": 0.1223611659920292, "lado": null, "cuneta": "NO", "cun_mat": null, "km_cuneta": 0.1223611659920292, "fecha": "08-2026" }, "geometry": { "type": "LineString", "coordinates": [ [ -68.464255604658931, -33.194473137896836 ], [ -68.463480404553209, -33.194808137955981 ] ] } },
{ "type": "Feature", "properties": { "id_tramo": 81, "osm_id": "257781709", "zona": "URBANO", "km": 0.12072849318932621, "lado": null, "cuneta": "SI", "cun_mat": "HORMIGON", "km_cuneta": 0.12072849318932621, "fecha": "08-2026" }, "geometry": { "type": "LineString", "coordinates": [ [ -68.465026699879388, -33.19571112940784 ], [ -68.464280799973764, -33.196058829347308 ] ] } },
{ "type": "Feature", "properties": { "id_tramo": 82, "osm_id": "257781709", "zona": "URBANO", "km": 0.12072849318932621, "lado": null, "cuneta": "SI", "cun_mat": "HORMIGON", "km_cuneta": 0.12072849318932621, "fecha": "08-2026" }, "geometry": { "type": "LineString", "coordinates": [ [ -68.464977284895696, -33.195582677674842 ], [ -68.464224584800263, -33.1959328777358 ] ] } },
{ "type": "Feature", "properties": { "id_tramo": 83, "osm_id": "183315928", "zona": "URBANO", "km": 0.11976751966257937, "lado": null, "cuneta": "SI", "cun_mat": "HORMIGON", "km_cuneta": 0.11976751966257937, "fecha": "08-2026" }, "geometry": { "type": "LineString", "coordinates": [ [ -68.465693318523577, -33.196684439280929 ], [ -68.464961718621311, -33.197007839224042 ] ] } },
{ "type": "Feature", "properties": { "id_tramo": 84, "osm_id": "183315928", "zona": "URBANO", "km": 0.11976751966257937, "lado": null, "cuneta": "SI", "cun_mat": "HORMIGON", "km_cuneta": 0.11976751966257937, "fecha": "08-2026" }, "geometry": { "type": "LineString", "coordinates": [ [ -68.465608400321983, -33.19657599640157 ], [ -68.464886300224606, -33.196891896457252 ] ] } },
{ "type": "Feature", "properties": { "id_tramo": 85, "osm_id": "183315904", "zona": "URBANO", "km": 0.11948651864527335, "lado": null, "cuneta": "NO", "cun_mat": null, "km_cuneta": 0.11948651864527335, "fecha": "08-2026" }, "geometry": { "type": "LineString", "coordinates": [ [ -68.466236527026851, -33.197481562976535 ], [ -68.465419127155968, -33.197768862924264 ] ] } },
{ "type": "Feature", "properties": { "id_tramo": 86, "osm_id": "183315904", "zona": "URBANO", "km": 0.11948651864527335, "lado": null, "cuneta": "NO", "cun_mat": null, "km_cuneta": 0.11948651864527335, "fecha": "08-2026" }, "geometry": { "type": "LineString", "coordinates": [ [ -68.466123041531048, -33.197368448046056 ], [ -68.465367141411363, -33.19763294809421 ] ] } },
{ "type": "Feature", "properties": { "id_tramo": 87, "osm_id": "257800487", "zona": "URBANO", "km": 0.11789701270868833, "lado": null, "cuneta": "NO", "cun_mat": null, "km_cuneta": 0.11789701270868833, "fecha": "08-2026" }, "geometry": { "type": "LineString", "coordinates": [ [ -68.467068838374544, -33.198773911342144 ], [ -68.466299638472393, -33.199130711279977 ] ] } },
{ "type": "Feature", "properties": { "id_tramo": 90, "osm_id": "183315930", "zona": "URBANO", "km": 0.11679670207879136, "lado": null, "cuneta": "NO", "cun_mat": null, "km_cuneta": 0.11679670207879136, "fecha": "08-2026" }, "geometry": { "type": "LineString", "coordinates": [ [ -68.467581553895101, -33.199611345653011 ], [ -68.466869153805618, -33.199945645711125 ] ] } },
{ "type": "Feature", "properties": { "id_tramo": 91, "osm_id": "183312795", "zona": "URBANO", "km": 0.14835465627699823, "lado": null, "cuneta": "NO", "cun_mat": null, "km_cuneta": 0.14835465627699823, "fecha": "08-2026" }, "geometry": { "type": "LineString", "coordinates": [ [ -68.469139997092071, -33.201987031603764 ], [ -68.469001697063732, -33.201985931603254 ], [ -68.468999094512199, -33.201985777500852 ], [ -68.468831394478826, -33.201967177496776 ], [ -68.468829576317418, -33.201966908471064 ], [ -68.468048276169441, -33.201821908440948 ] ] } },
{ "type": "Feature", "properties": { "id_tramo": 92, "osm_id": "183312795", "zona": "URBANO", "km": 0.14835465627699823, "lado": null, "cuneta": "NO", "cun_mat": null, "km_cuneta": 0.14835465627699823, "fecha": "08-2026" }, "geometry": { "type": "LineString", "coordinates": [ [ -68.469002742419306, -33.201721303883993 ], [ -68.468946542410706, -33.201742103887753 ], [ -68.468942540951744, -33.201743205258559 ], [ -68.468938360664438, -33.201743628251684 ], [ -68.468934162626482, -33.20174335656808 ], [ -68.468801062600562, -33.20172355656387 ], [ -68.468799580956627, -33.201723290469893 ], [ -68.46784178077931, -33.201521290428509 ] ] } },
{ "type": "Feature", "properties": { "id_tramo": 93, "osm_id": "177170612", "zona": "URBANO", "km": 0.064878914467588866, "lado": null, "cuneta": "NO", "cun_mat": null, "km_cuneta": 0.064878914467588866, "fecha": "08-2026" }, "geometry": { "type": "LineString", "coordinates": [ [ -68.480461323521936, -33.194451939488488 ], [ -68.481357223650619, -33.19408833942358 ] ] } },
{ "type": "Feature", "properties": { "id_tramo": 96, "osm_id": "177170587", "zona": "URBANO", "km": 0.13521338771139896, "lado": null, "cuneta": "NO", "cun_mat": null, "km_cuneta": 0.13521338771139896, "fecha": "08-2026" }, "geometry": { "type": "LineString", "coordinates": [ [ -68.480348397237293, -33.194495769076283 ], [ -68.479146697059022, -33.194962669160191 ] ] } },
{ "type": "Feature", "properties": { "id_tramo": 99, "osm_id": "177322061", "zona": "URBANO", "km": 0.17026837875038159, "lado": null, "cuneta": "NO", "cun_mat": null, "km_cuneta": 0.17026837875038159, "fecha": "08-2026" }, "geometry": { "type": "LineString", "coordinates": [ [ -68.462884155710512, -33.192174007583944 ], [ -68.462209255549112, -33.191127007683136 ] ] } },
{ "type": "Feature", "properties": { "id_tramo": 101, "osm_id": "177321969", "zona": "URBANO", "km": 0.13174065963779324, "lado": null, "cuneta": "NO", "cun_mat": null, "km_cuneta": 0.13174065963779324, "fecha": "08-2026" }, "geometry": { "type": "LineString", "coordinates": [ [ -68.462005222844482, -33.195287455775613 ], [ -68.46155922273951, -33.194600955841054 ] ] } },
{ "type": "Feature", "properties": { "id_tramo": 102, "osm_id": "177321929", "zona": "URBANO", "km": 0.12201432960340199, "lado": null, "cuneta": "NO", "cun_mat": null, "km_cuneta": 0.12201432960340199, "fecha": "08-2026" }, "geometry": { "type": "LineString", "coordinates": [ [ -68.468410602478158, -33.197876383955645 ], [ -68.467999502573747, -33.197247383895366 ] ] } },
{ "type": "Feature", "properties": { "id_tramo": 103, "osm_id": "177321929", "zona": "URBANO", "km": 0.12201432960340199, "lado": null, "cuneta": "NO", "cun_mat": null, "km_cuneta": 0.12201432960340199, "fecha": "08-2026" }, "geometry": { "type": "LineString", "coordinates": [ [ -68.468263788830299, -33.1979441027352 ], [ -68.467843288732922, -33.197302002796839 ] ] } },
{ "type": "Feature", "properties": { "id_tramo": 105, "osm_id": "177321955", "zona": "URBANO", "km": 0.11830365422451675, "lado": null, "cuneta": "NO", "cun_mat": null, "km_cuneta": 0.11830365422451675, "fecha": "08-2026" }, "geometry": { "type": "LineString", "coordinates": [ [ -68.469391788697394, -33.197431502693938 ], [ -68.468971288600045, -33.196789402755549 ] ] } },
{ "type": "Feature", "properties": { "id_tramo": 107, "osm_id": "177321929", "zona": "URBANO", "km": 0.11805152682518301, "lado": null, "cuneta": "NO", "cun_mat": null, "km_cuneta": 0.11805152682518301, "fecha": "08-2026" }, "geometry": { "type": "LineString", "coordinates": [ [ -68.469035318888274, -33.198820509325017 ], [ -68.468628618982095, -33.198200609265442 ] ] } },
{ "type": "Feature", "properties": { "id_tramo": 108, "osm_id": "177321955", "zona": "URBANO", "km": 0.12157712411691127, "lado": null, "cuneta": "NO", "cun_mat": null, "km_cuneta": 0.12157712411691127, "fecha": "08-2026" }, "geometry": { "type": "LineString", "coordinates": [ [ -68.470005425240473, -33.198363858420663 ], [ -68.469607125146666, -33.19775055847915 ] ] } },
{ "type": "Feature", "properties": { "id_tramo": 109, "osm_id": "177321955", "zona": "URBANO", "km": 0.12157712411691127, "lado": null, "cuneta": "NO", "cun_mat": null, "km_cuneta": 0.12157712411691127, "fecha": "08-2026" }, "geometry": { "type": "LineString", "coordinates": [ [ -68.470150800106708, -33.19830068047186 ], [ -68.469753500199161, -33.197692480413608 ] ] } },
{ "type": "Feature", "properties": { "id_tramo": 113, "osm_id": "257800486", "zona": "URBANO", "km": 0.13679051606795067, "lado": null, "cuneta": "NO", "cun_mat": null, "km_cuneta": 0.13679051606795067, "fecha": "08-2026" }, "geometry": { "type": "LineString", "coordinates": [ [ -68.471253618143763, -33.197924408737443 ], [ -68.470352318028461, -33.198340208809967 ] ] } },
{ "type": "Feature", "properties": { "id_tramo": 117, "osm_id": "183315905", "zona": "URBANO", "km": 0.13304019974754897, "lado": null, "cuneta": "NO", "cun_mat": null, "km_cuneta": 0.13304019974754897, "fecha": "08-2026" }, "geometry": { "type": "LineString", "coordinates": [ [ -68.46994447332662, -33.196032383088763 ], [ -68.469080673216936, -33.196433683158659 ] ] } },
{ "type": "Feature", "properties": { "id_tramo": 119, "osm_id": "257781715", "zona": "URBANO", "km": 0.13012043563787221, "lado": null, "cuneta": "NO", "cun_mat": null, "km_cuneta": 0.13012043563787221, "fecha": "08-2026" }, "geometry": { "type": "LineString", "coordinates": [ [ -68.46914301522763, -33.194925016511533 ], [ -68.468339315127537, -33.195305116577487 ] ] } },
{ "type": "Feature", "properties": { "id_tramo": 120, "osm_id": "642762562", "zona": "URBANO", "km": 0.1206166541042847, "lado": null, "cuneta": "NO", "cun_mat": null, "km_cuneta": 0.1206166541042847, "fecha": "08-2026" }, "geometry": { "type": "LineString", "coordinates": [ [ -68.467052077068843, -33.191922793790724 ], [ -68.46632387716194, -33.192258993732118 ] ] } },
{ "type": "Feature", "properties": { "id_tramo": 121, "osm_id": "642762562", "zona": "URBANO", "km": 0.1206166541042847, "lado": null, "cuneta": "NO", "cun_mat": null, "km_cuneta": 0.1206166541042847, "fecha": "08-2026" }, "geometry": { "type": "LineString", "coordinates": [ [ -68.46697684640958, -33.191789595345497 ], [ -68.466241946315932, -33.192129895404804 ] ] } },
{ "type": "Feature", "properties": { "id_tramo": 123, "osm_id": "177321929", "zona": "URBANO", "km": 0.1336508810188532, "lado": null, "cuneta": "SI", "cun_mat": "HORMIGON", "km_cuneta": 0.1336508810188532, "fecha": "08-2026" }, "geometry": { "type": "LineString", "coordinates": [ [ -68.466238041984042, -33.194869885420403 ], [ -68.465733941864329, -33.194090485494456 ] ] } },
{ "type": "Feature", "properties": { "id_tramo": 126, "osm_id": "177321947", "zona": "URBANO", "km": 0.14170905610841289, "lado": null, "cuneta": "NO", "cun_mat": null, "km_cuneta": 0.14170905610841289, "fecha": "08-2026" }, "geometry": { "type": "LineString", "coordinates": [ [ -68.464069736319416, -33.195887534874167 ], [ -68.463525236444042, -33.195060734794467 ] ] } },
{ "type": "Feature", "properties": { "id_tramo": 128, "osm_id": "177321947", "zona": "URBANO", "km": 0.17299215923182168, "lado": null, "cuneta": "NO", "cun_mat": null, "km_cuneta": 0.17299215923182168, "fecha": "08-2026" }, "geometry": { "type": "LineString", "coordinates": [ [ -68.46606760246388, -33.198952929494361 ], [ -68.465401002626379, -33.197909029396186 ] ] } },
{ "type": "Feature", "properties": { "id_tramo": 131, "osm_id": "177321947", "zona": "URBANO", "km": 0.094678300027835019, "lado": null, "cuneta": "NO", "cun_mat": null, "km_cuneta": 0.094678300027835019, "fecha": "08-2026" }, "geometry": { "type": "LineString", "coordinates": [ [ -68.465028676560763, -33.197646133568782 ], [ -68.464753576500357, -33.19723653360888 ] ] } },
{ "type": "Feature", "properties": { "id_tramo": 134, "osm_id": "183315928", "zona": "URBANO", "km": 0.11569010199266319, "lado": null, "cuneta": "NO", "cun_mat": null, "km_cuneta": 0.11569010199266319, "fecha": "08-2026" }, "geometry": { "type": "LineString", "coordinates": [ [ -68.464574807225858, -33.197209133930755 ], [ -68.463816807324449, -33.197553333870516 ] ] } },
{ "type": "Feature", "properties": { "id_tramo": 141, "osm_id": "423678382", "zona": "URBANO", "km": 0.11797961425116797, "lado": null, "cuneta": "NO", "cun_mat": null, "km_cuneta": 0.11797961425116797, "fecha": "08-2026" }, "geometry": { "type": "LineString", "coordinates": [ [ -68.466184721709311, -33.199664813694199 ], [ -68.465447921617624, -33.200013513754719 ] ] } },
{ "type": "Feature", "properties": { "id_tramo": 143, "osm_id": "177321947", "zona": "URBANO", "km": 0.057092998562798994, "lado": null, "cuneta": "NO", "cun_mat": null, "km_cuneta": 0.057092998562798994, "fecha": "08-2026" }, "geometry": { "type": "LineString", "coordinates": [ [ -68.466695717515279, -33.199928007580965 ], [ -68.466266817614283, -33.199274107518129 ] ] } },
{ "type": "Feature", "properties": { "id_tramo": 144, "osm_id": "177321929", "zona": "URBANO", "km": 0.12249198221521236, "lado": null, "cuneta": "NO", "cun_mat": null, "km_cuneta": 0.12249198221521236, "fecha": "08-2026" }, "geometry": { "type": "LineString", "coordinates": [ [ -68.469667777791329, -33.199777498815706 ], [ -68.469250277884981, -33.199149598754715 ] ] } },
{ "type": "Feature", "properties": { "id_tramo": 145, "osm_id": "177321929", "zona": "URBANO", "km": 0.12249198221521236, "lado": null, "cuneta": "NO", "cun_mat": null, "km_cuneta": 0.12249198221521236, "fecha": "08-2026" }, "geometry": { "type": "LineString", "coordinates": [ [ -68.469514202275377, -33.199845671248966 ], [ -68.469095302182311, -33.199218471310125 ] ] } },
{ "type": "Feature", "properties": { "id_tramo": 146, "osm_id": "177321955", "zona": "URBANO", "km": 0.11986038137525021, "lado": null, "cuneta": "NO", "cun_mat": null, "km_cuneta": 0.11986038137525021, "fecha": "08-2026" }, "geometry": { "type": "LineString", "coordinates": [ [ -68.470780037066547, -33.199236487210293 ], [ -68.470378837154058, -33.198640987151833 ] ] } },
{ "type": "Feature", "properties": { "id_tramo": 147, "osm_id": "177321955", "zona": "URBANO", "km": 0.11986038137525021, "lado": null, "cuneta": "NO", "cun_mat": null, "km_cuneta": 0.11986038137525021, "fecha": "08-2026" }, "geometry": { "type": "LineString", "coordinates": [ [ -68.470622501547197, -33.199311521726266 ], [ -68.470221801453874, -33.198697921785019 ] ] } },
{ "type": "Feature", "properties": { "id_tramo": 148, "osm_id": "177170544", "zona": "URBANO", "km": 0.12252021303880956, "lado": null, "cuneta": "NO", "cun_mat": null, "km_cuneta": 0.12252021303880956, "fecha": "08-2026" }, "geometry": { "type": "LineString", "coordinates": [ [ -68.472072044664884, -33.19863179829516 ], [ -68.471666744752966, -33.198031198236109 ] ] } },
{ "type": "Feature", "properties": { "id_tramo": 149, "osm_id": "177170544", "zona": "URBANO", "km": 0.12252021303880956, "lado": null, "cuneta": "NO", "cun_mat": null, "km_cuneta": 0.12252021303880956, "fecha": "08-2026" }, "geometry": { "type": "LineString", "coordinates": [ [ -68.471922315383111, -33.198696342738423 ], [ -68.471511615295526, -33.198093042798114 ] ] } },
{ "type": "Feature", "properties": { "id_tramo": 150, "osm_id": "177170544", "zona": "URBANO", "km": 0.12753872624913992, "lado": null, "cuneta": "NO", "cun_mat": null, "km_cuneta": 0.12753872624913992, "fecha": "08-2026" }, "geometry": { "type": "LineString", "coordinates": [ [ -68.468759445437826, -33.194130388469858 ], [ -68.469195345532157, -33.194775088406416 ] ] } },
{ "type": "Feature", "properties": { "id_tramo": 151, "osm_id": "177322007", "zona": "URBANO", "km": 0.08079793582489353, "lado": null, "cuneta": "NO", "cun_mat": null, "km_cuneta": 0.08079793582489353, "fecha": "08-2026" }, "geometry": { "type": "LineString", "coordinates": [ [ -68.46857125690849, -33.194093796735167 ], [ -68.467783857006154, -33.194467496670349 ] ] } },
{ "type": "Feature", "properties": { "id_tramo": 152, "osm_id": "257781723", "zona": "URBANO", "km": 0.077765633370882964, "lado": null, "cuneta": "NO", "cun_mat": null, "km_cuneta": 0.077765633370882964, "fecha": "08-2026" }, "geometry": { "type": "LineString", "coordinates": [ [ -68.467742549057334, -33.192899340208001 ], [ -68.466997448961152, -33.193240140267527 ] ] } },
{ "type": "Feature", "properties": { "id_tramo": 153, "osm_id": "257781723", "zona": "URBANO", "km": 0.11782918284134855, "lado": null, "cuneta": "NO", "cun_mat": null, "km_cuneta": 0.11782918284134855, "fecha": "08-2026" }, "geometry": { "type": "LineString", "coordinates": [ [ -68.466670880220931, -33.193553946393799 ], [ -68.465939680315685, -33.193887146335541 ] ] } },
{ "type": "Feature", "properties": { "id_tramo": 154, "osm_id": "257781723", "zona": "URBANO", "km": 0.11782918284134855, "lado": null, "cuneta": "NO", "cun_mat": null, "km_cuneta": 0.11782918284134855, "fecha": "08-2026" }, "geometry": { "type": "LineString", "coordinates": [ [ -68.466590402653495, -33.1934131613937 ], [ -68.465844202556582, -33.193752461453059 ] ] } },
{ "type": "Feature", "properties": { "id_tramo": 157, "osm_id": "177170544", "zona": "URBANO", "km": 0.14079031070093914, "lado": null, "cuneta": "NO", "cun_mat": null, "km_cuneta": 0.14079031070093914, "fecha": "08-2026" }, "geometry": { "type": "LineString", "coordinates": [ [ -68.46795227619198, -33.192662731191049 ], [ -68.467410776297427, -33.191898731113049 ] ] } },
{ "type": "Feature", "properties": { "id_tramo": 159, "osm_id": "257781709", "zona": "URBANO", "km": 0.1150611970838564, "lado": null, "cuneta": "NO", "cun_mat": null, "km_cuneta": 0.1150611970838564, "fecha": "08-2026" }, "geometry": { "type": "LineString", "coordinates": [ [ -68.463931638084432, -33.196228053442034 ], [ -68.463184438175531, -33.196587953379847 ] ] } },
{ "type": "Feature", "properties": { "id_tramo": 160, "osm_id": "257781709", "zona": "URBANO", "km": 0.1150611970838564, "lado": null, "cuneta": "NO", "cun_mat": null, "km_cuneta": 0.1150611970838564, "fecha": "08-2026" }, "geometry": { "type": "LineString", "coordinates": [ [ -68.463844036654891, -33.196103058698107 ], [ -68.463110936565158, -33.196455058758986 ] ] } },
{ "type": "Feature", "properties": { "id_tramo": 161, "osm_id": "183315837", "zona": "URBANO", "km": 0.11449253332866767, "lado": null, "cuneta": "NO", "cun_mat": null, "km_cuneta": 0.11449253332866767, "fecha": "08-2026" }, "geometry": { "type": "LineString", "coordinates": [ [ -68.463183658767093, -33.195088150158583 ], [ -68.46240135887696, -33.195414850100548 ] ] } },
{ "type": "Feature", "properties": { "id_tramo": 164, "osm_id": "183312754", "zona": "URBANO", "km": 0.11367000251798036, "lado": null, "cuneta": "NO", "cun_mat": null, "km_cuneta": 0.11367000251798036, "fecha": "08-2026" }, "geometry": { "type": "LineString", "coordinates": [ [ -68.462402258413405, -33.193904443215708 ], [ -68.46166715832112, -33.194249643275683 ] ] } },
{ "type": "Feature", "properties": { "id_tramo": 166, "osm_id": "177321947", "zona": "URBANO", "km": 0.11079938071131154, "lado": null, "cuneta": "NO", "cun_mat": null, "km_cuneta": 0.11079938071131154, "fecha": "08-2026" }, "geometry": { "type": "LineString", "coordinates": [ [ -68.462475887460428, -33.193765002025231 ], [ -68.462063287364927, -33.193135002085675 ] ] } },
{ "type": "Feature", "properties": { "id_tramo": 169, "osm_id": "177321969", "zona": "URBANO", "km": 0.11383721534657842, "lado": null, "cuneta": "NO", "cun_mat": null, "km_cuneta": 0.11383721534657842, "fecha": "08-2026" }, "geometry": { "type": "LineString", "coordinates": [ [ -68.461490409915598, -33.194223439552097 ], [ -68.461061110019926, -33.193552139488894 ] ] } },
{ "type": "Feature", "properties": { "id_tramo": 171, "osm_id": "177321922", "zona": "URBANO", "km": 0.13154320230914038, "lado": null, "cuneta": "NO", "cun_mat": null, "km_cuneta": 0.13154320230914038, "fecha": "08-2026" }, "geometry": { "type": "LineString", "coordinates": [ [ -68.460446557598644, -33.194667009698577 ], [ -68.459975357485874, -33.193935809767822 ] ] } },
{ "type": "Feature", "properties": { "id_tramo": 173, "osm_id": "177321922", "zona": "URBANO", "km": 0.1245405438027694, "lado": null, "cuneta": "NO", "cun_mat": null, "km_cuneta": 0.1245405438027694, "fecha": "08-2026" }, "geometry": { "type": "LineString", "coordinates": [ [ -68.461254767635424, -33.195599482153412 ], [ -68.460829967731229, -33.194958982091329 ] ] } },
{ "type": "Feature", "properties": { "id_tramo": 174, "osm_id": "177321922", "zona": "URBANO", "km": 0.1245405438027694, "lado": null, "cuneta": "NO", "cun_mat": null, "km_cuneta": 0.1245405438027694, "fecha": "08-2026" }, "geometry": { "type": "LineString", "coordinates": [ [ -68.46109106337606, -33.195664718336033 ], [ -68.460677363276801, -33.195021918396861 ] ] } },
{ "type": "Feature", "properties": { "id_tramo": 175, "osm_id": "177321969", "zona": "URBANO", "km": 0.14670575258180937, "lado": null, "cuneta": "NO", "cun_mat": null, "km_cuneta": 0.14670575258180937, "fecha": "08-2026" }, "geometry": { "type": "LineString", "coordinates": [ [ -68.462911699700143, -33.196434124306535 ], [ -68.462364699833699, -33.195576824225952 ] ] } },
{ "type": "Feature", "properties": { "id_tramo": 176, "osm_id": "177321969", "zona": "URBANO", "km": 0.14670575258180937, "lado": null, "cuneta": "NO", "cun_mat": null, "km_cuneta": 0.14670575258180937, "fecha": "08-2026" }, "geometry": { "type": "LineString", "coordinates": [ [ -68.462767773634809, -33.196495034011299 ], [ -68.462209873500299, -33.195626134093381 ] ] } },
{ "type": "Feature", "properties": { "id_tramo": 178, "osm_id": "177321922", "zona": "URBANO", "km": 0.15363153886000303, "lado": null, "cuneta": "NO", "cun_mat": null, "km_cuneta": 0.15363153886000303, "fecha": "08-2026" }, "geometry": { "type": "LineString", "coordinates": [ [ -68.461874773694944, -33.196872891587233 ], [ -68.461331273557562, -33.196005991667548 ] ] } },
{ "type": "Feature", "properties": { "id_tramo": 179, "osm_id": "177321969", "zona": "URBANO", "km": 0.12374233265743566, "lado": null, "cuneta": "NO", "cun_mat": null, "km_cuneta": 0.12374233265743566, "fecha": "08-2026" }, "geometry": { "type": "LineString", "coordinates": [ [ -68.463549399080563, -33.197375329970491 ], [ -68.463129299173914, -33.196746429909176 ] ] } },
{ "type": "Feature", "properties": { "id_tramo": 180, "osm_id": "177321969", "zona": "URBANO", "km": 0.12374233265743566, "lado": null, "cuneta": "NO", "cun_mat": null, "km_cuneta": 0.12374233265743566, "fecha": "08-2026" }, "geometry": { "type": "LineString", "coordinates": [ [ -68.46338881047258, -33.197443936049019 ], [ -68.462977510376348, -33.196812736109337 ] ] } },
{ "type": "Feature", "properties": { "id_tramo": 182, "osm_id": "177321969", "zona": "URBANO", "km": 0.081645901493550721, "lado": null, "cuneta": "NO", "cun_mat": null, "km_cuneta": 0.081645901493550721, "fecha": "08-2026" }, "geometry": { "type": "LineString", "coordinates": [ [ -68.463822235848696, -33.198091474891335 ], [ -68.463620435800905, -33.197779974920969 ] ] } },
{ "type": "Feature", "properties": { "id_tramo": 183, "osm_id": "183315917", "zona": "URBANO", "km": 0.12064741410601487, "lado": null, "cuneta": "NO", "cun_mat": null, "km_cuneta": 0.12064741410601487, "fecha": "08-2026" }, "geometry": { "type": "LineString", "coordinates": [ [ -68.462903396358769, -33.192447025685617 ], [ -68.462161696449982, -33.192801725624221 ] ] } },
{ "type": "Feature", "properties": { "id_tramo": 184, "osm_id": "183315917", "zona": "URBANO", "km": 0.12064741410601487, "lado": null, "cuneta": "NO", "cun_mat": null, "km_cuneta": 0.12064741410601487, "fecha": "08-2026" }, "geometry": { "type": "LineString", "coordinates": [ [ -68.462838916354741, -33.192315515822536 ], [ -68.46208971626146, -33.192669915884025 ] ] } },
{ "type": "Feature", "properties": { "id_tramo": 185, "osm_id": "257781702", "zona": "URBANO", "km": 0.13142493264650001, "lado": null, "cuneta": "NO", "cun_mat": null, "km_cuneta": 0.13142493264650001, "fecha": "08-2026" }, "geometry": { "type": "LineString", "coordinates": [ [ -68.464229098377658, -33.192024914569664 ], [ -68.46332159853209, -33.192296914519446 ] ] } },
{ "type": "Feature", "properties": { "id_tramo": 187, "osm_id": "177321929", "zona": "URBANO", "km": 0.11272024013389523, "lado": null, "cuneta": "NO", "cun_mat": null, "km_cuneta": 0.11272024013389523, "fecha": "08-2026" }, "geometry": { "type": "LineString", "coordinates": [ [ -68.464943534861021, -33.19261617792634 ], [ -68.464574334949674, -33.192042177872032 ] ] } },
{ "type": "Feature", "properties": { "id_tramo": 189, "osm_id": "257781702", "zona": "URBANO", "km": 0.1225169386765699, "lado": null, "cuneta": "NO", "cun_mat": null, "km_cuneta": 0.1225169386765699, "fecha": "08-2026" }, "geometry": { "type": "LineString", "coordinates": [ [ -68.464638196874162, -33.191900115022186 ], [ -68.465457396734806, -33.191654515067533 ] ] } },
{ "type": "Feature", "properties": { "id_tramo": 190, "osm_id": "257781702", "zona": "URBANO", "km": 0.1225169386765699, "lado": null, "cuneta": "NO", "cun_mat": null, "km_cuneta": 0.1225169386765699, "fecha": "08-2026" }, "geometry": { "type": "LineString", "coordinates": [ [ -68.464542270616548, -33.191771694695973 ], [ -68.465362970756459, -33.191526894650764 ] ] } },
{ "type": "Feature", "properties": { "id_tramo": 191, "osm_id": "257781702", "zona": "URBANO", "km": 0.11899045298557792, "lado": null, "cuneta": "NO", "cun_mat": null, "km_cuneta": 0.11899045298557792, "fecha": "08-2026" }, "geometry": { "type": "LineString", "coordinates": [ [ -68.466623024654567, -33.191276029896443 ], [ -68.46583862478488, -33.191525029850673 ] ] } },
{ "type": "Feature", "properties": { "id_tramo": 192, "osm_id": "257781702", "zona": "URBANO", "km": 0.11899045298557792, "lado": null, "cuneta": "NO", "cun_mat": null, "km_cuneta": 0.11899045298557792, "fecha": "08-2026" }, "geometry": { "type": "LineString", "coordinates": [ [ -68.466529156425523, -33.191104942229423 ], [ -68.466352836528287, -33.191191820208459 ], [ -68.46594841187644, -33.191283590433493 ], [ -68.465944406491744, -33.191284872222596 ], [ -68.465728006521957, -33.19137587220645 ] ] } },
{ "type": "Feature", "properties": { "id_tramo": 193, "osm_id": "177321947", "zona": "URBANO", "km": 0.17187865362465737, "lado": null, "cuneta": "NO", "cun_mat": null, "km_cuneta": 0.17187865362465737, "fecha": "08-2026" }, "geometry": { "type": "LineString", "coordinates": [ [ -68.461908811734133, -33.192634596372621 ], [ -68.46123291189069, -33.191602296273594 ] ] } },
{ "type": "Feature", "properties": { "id_tramo": 196, "osm_id": "183312785", "zona": "URBANO", "km": 0.11899737225041418, "lado": null, "cuneta": "NO", "cun_mat": null, "km_cuneta": 0.11899737225041418, "fecha": "08-2026" }, "geometry": { "type": "LineString", "coordinates": [ [ -68.461958150564527, -33.190970093366559 ], [ -68.461197750467676, -33.191322393427932 ] ] } },
{ "type": "Feature", "properties": { "id_tramo": 197, "osm_id": "183312785", "zona": "URBANO", "km": 0.11716011991358356, "lado": null, "cuneta": "NO", "cun_mat": null, "km_cuneta": 0.11716011991358356, "fecha": "08-2026" }, "geometry": { "type": "LineString", "coordinates": [ [ -68.460899243080746, -33.191615856207385 ], [ -68.460227943165023, -33.191931056152619 ] ] } },
{ "type": "Feature", "properties": { "id_tramo": 198, "osm_id": "183312785", "zona": "URBANO", "km": 0.11716011991358356, "lado": null, "cuneta": "NO", "cun_mat": null, "km_cuneta": 0.11716011991358356, "fecha": "08-2026" }, "geometry": { "type": "LineString", "coordinates": [ [ -68.460816905999778, -33.191491020668458 ], [ -68.460167505918818, -33.191797820721682 ] ] } },
{ "type": "Feature", "properties": { "id_tramo": 199, "osm_id": "177170650", "zona": "URBANO", "km": 0.13738909632647059, "lado": null, "cuneta": "NO", "cun_mat": null, "km_cuneta": 0.13738909632647059, "fecha": "08-2026" }, "geometry": { "type": "LineString", "coordinates": [ [ -68.463328857718764, -33.190602787677093 ], [ -68.462412257862724, -33.190928187617935 ] ] } },
{ "type": "Feature", "properties": { "id_tramo": 201, "osm_id": "177321929", "zona": "URBANO", "km": 0.17740175143075157, "lado": null, "cuneta": "NO", "cun_mat": null, "km_cuneta": 0.17740175143075157, "fecha": "08-2026" }, "geometry": { "type": "LineString", "coordinates": [ [ -68.46440254426652, -33.191703046559958 ], [ -68.463690544088962, -33.190575046665032 ] ] } },
{ "type": "Feature", "properties": { "id_tramo": 202, "osm_id": "177321929", "zona": "URBANO", "km": 0.17740175143075157, "lado": null, "cuneta": "NO", "cun_mat": null, "km_cuneta": 0.17740175143075157, "fecha": "08-2026" }, "geometry": { "type": "LineString", "coordinates": [ [ -68.464202837346974, -33.191762395680406 ], [ -68.463511937166899, -33.190642695782799 ] ] } },
{ "type": "Feature", "properties": { "id_tramo": 204, "osm_id": "177321955", "zona": "URBANO", "km": 0.093908470058396726, "lado": null, "cuneta": "NO", "cun_mat": null, "km_cuneta": 0.093908470058396726, "fecha": "08-2026" }, "geometry": { "type": "LineString", "coordinates": [ [ -68.465929462200378, -33.192154313939021 ], [ -68.465622862133486, -33.191699113983674 ] ] } },
{ "type": "Feature", "properties": { "id_tramo": 205, "osm_id": "177170650", "zona": "URBANO", "km": 0.12008635725489474, "lado": null, "cuneta": "NO", "cun_mat": null, "km_cuneta": 0.12008635725489474, "fecha": "08-2026" }, "geometry": { "type": "LineString", "coordinates": [ [ -68.463728491240119, -33.190447735591626 ], [ -68.464523991122221, -33.190138135647196 ] ] } },
{ "type": "Feature", "properties": { "id_tramo": 206, "osm_id": "177170650", "zona": "URBANO", "km": 0.12008635725489474, "lado": null, "cuneta": "NO", "cun_mat": null, "km_cuneta": 0.12008635725489474, "fecha": "08-2026" }, "geometry": { "type": "LineString", "coordinates": [ [ -68.463638781273815, -33.190320613593627 ], [ -68.464470081398474, -33.190002613536379 ] ] } },
{ "type": "Feature", "properties": { "id_tramo": 214, "osm_id": "183312754", "zona": "URBANO", "km": 0.093737762335040969, "lado": null, "cuneta": "NO", "cun_mat": null, "km_cuneta": 0.093737762335040969, "fecha": "08-2026" }, "geometry": { "type": "LineString", "coordinates": [ [ -68.461405993249429, -33.19455438620588 ], [ -68.460882893316466, -33.194795386163861 ] ] } },
{ "type": "Feature", "properties": { "id_tramo": 216, "osm_id": "183312786", "zona": "URBANO", "km": 0.093257794228154028, "lado": null, "cuneta": "NO", "cun_mat": null, "km_cuneta": 0.093257794228154028, "fecha": "08-2026" }, "geometry": { "type": "LineString", "coordinates": [ [ -68.460718753940711, -33.193464958408043 ], [ -68.460162554012555, -33.193719258363579 ] ] } },
{ "type": "Feature", "properties": { "id_tramo": 217, "osm_id": "183312786", "zona": "URBANO", "km": 0.093257794228154028, "lado": null, "cuneta": "NO", "cun_mat": null, "km_cuneta": 0.093257794228154028, "fecha": "08-2026" }, "geometry": { "type": "LineString", "coordinates": [ [ -68.460616904157007, -33.193318635528854 ], [ -68.46006640422857, -33.193568735485101 ] ] } },
{ "type": "Feature", "properties": { "id_tramo": 219, "osm_id": "177321945", "zona": "URBANO", "km": 0.13217028893069901, "lado": null, "cuneta": "NO", "cun_mat": null, "km_cuneta": 0.13217028893069901, "fecha": "08-2026" }, "geometry": { "type": "LineString", "coordinates": [ [ -68.459304874078668, -33.195164835160476 ], [ -68.458841573966907, -33.194443135228624 ] ] } },
{ "type": "Feature", "properties": { "id_tramo": 220, "osm_id": "177321969", "zona": "URBANO", "km": 0.1737551437891523, "lado": null, "cuneta": "NO", "cun_mat": null, "km_cuneta": 0.1737551437891523, "fecha": "08-2026" }, "geometry": { "type": "LineString", "coordinates": [ [ -68.460680591148076, -33.193205882962054 ], [ -68.460032890974887, -33.192142083058265 ] ] } },
{ "type": "Feature", "properties": { "id_tramo": 224, "osm_id": "177321955", "zona": "URBANO", "km": 0.19150876244277595, "lado": null, "cuneta": "NO", "cun_mat": null, "km_cuneta": 0.19150876244277595, "fecha": "08-2026" }, "geometry": { "type": "LineString", "coordinates": [ [ -68.465618733624794, -33.191346021963398 ], [ -68.464898333418589, -33.190118222071099 ] ] } },
{ "type": "Feature", "properties": { "id_tramo": 225, "osm_id": "177321955", "zona": "URBANO", "km": 0.19150876244277595, "lado": null, "cuneta": "NO", "cun_mat": null, "km_cuneta": 0.19150876244277595, "fecha": "08-2026" }, "geometry": { "type": "LineString", "coordinates": [ [ -68.465418914226646, -33.191398188969536 ], [ -68.464705714024376, -33.190188889076062 ] ] } },
{ "type": "Feature", "properties": { "id_tramo": 227, "osm_id": "177170650", "zona": "URBANO", "km": 0.11012814118062146, "lado": null, "cuneta": "NO", "cun_mat": null, "km_cuneta": 0.11012814118062146, "fecha": "08-2026" }, "geometry": { "type": "LineString", "coordinates": [ [ -68.465504395703391, -33.189608508047009 ], [ -68.46485239560576, -33.189858408091972 ] ] } },
{ "type": "Feature", "properties": { "id_tramo": 229, "osm_id": "177321922", "zona": "URBANO", "km": 0.17670917833561159, "lado": null, "cuneta": "NO", "cun_mat": null, "km_cuneta": 0.17670917833561159, "fecha": "08-2026" }, "geometry": { "type": "LineString", "coordinates": [ [ -68.459740447390786, -33.19361845088082 ], [ -68.459081947226323, -33.192574550978009 ] ] } },
{ "type": "Feature", "properties": { "id_tramo": 233, "osm_id": "177170544", "zona": "URBANO", "km": 0.20124559697399363, "lado": null, "cuneta": "NO", "cun_mat": null, "km_cuneta": 0.20124559697399363, "fecha": "08-2026" }, "geometry": { "type": "LineString", "coordinates": [ [ -68.46655971970435, -33.19100080022465 ], [ -68.465752619523386, -33.189787000342527 ] ] } },
{ "type": "Feature", "properties": { "id_tramo": 236, "osm_id": "177170544", "zona": "URBANO", "km": 0.11285173242552837, "lado": null, "cuneta": "NO", "cun_mat": null, "km_cuneta": 0.11285173242552837, "fecha": "08-2026" }, "geometry": { "type": "LineString", "coordinates": [ [ -68.468538661144564, -33.193822261919848 ], [ -68.468026461027478, -33.193044861994821 ] ] } },
{ "type": "Feature", "properties": { "id_tramo": 237, "osm_id": "177170544", "zona": "URBANO", "km": 0.11285173242552837, "lado": null, "cuneta": "NO", "cun_mat": null, "km_cuneta": 0.11285173242552837, "fecha": "08-2026" }, "geometry": { "type": "LineString", "coordinates": [ [ -68.468521027877372, -33.193502818906857 ], [ -68.468197127945061, -33.193031318859866 ] ] } },
{ "type": "Feature", "properties": { "id_tramo": 239, "osm_id": "177170544", "zona": "URBANO", "km": 0.023355013398660331, "lado": null, "cuneta": "NO", "cun_mat": null, "km_cuneta": 0.023355013398660331, "fecha": "08-2026" }, "geometry": { "type": "LineString", "coordinates": [ [ -68.468733505563691, -33.193814931154336 ], [ -68.469502705408786, -33.194916231265495 ] ] } },
{ "type": "Feature", "properties": { "id_tramo": 244, "osm_id": "177170544", "zona": "URBANO", "km": 0.10091476026067428, "lado": null, "cuneta": "NO", "cun_mat": null, "km_cuneta": 0.10091476026067428, "fecha": "08-2026" }, "geometry": { "type": "LineString", "coordinates": [ [ -68.470649375891199, -33.196819300317237 ], [ -68.470203475806386, -33.196196500381319 ] ] } },
{ "type": "Feature", "properties": { "id_tramo": 245, "osm_id": "177322007", "zona": "URBANO", "km": 0.08079793582489353, "lado": null, "cuneta": "NO", "cun_mat": null, "km_cuneta": 0.08079793582489353, "fecha": "08-2026" }, "geometry": { "type": "LineString", "coordinates": [ [ -68.468483940192385, -33.193970144316452 ], [ -68.467718940093519, -33.194319644377536 ] ] } },
{ "type": "Feature", "properties": { "id_tramo": 247, "osm_id": "257800488", "zona": "URBANO", "km": 0.066723743759036239, "lado": null, "cuneta": "NO", "cun_mat": null, "km_cuneta": 0.066723743759036239, "fecha": "08-2026" }, "geometry": { "type": "LineString", "coordinates": [ [ -68.472996522346122, -33.200359581862294 ], [ -68.472661522390339, -33.200509481835979 ] ] } },
{ "type": "Feature", "properties": { "id_tramo": 249, "osm_id": "257800489", "zona": "URBANO", "km": 0.063790154094678794, "lado": null, "cuneta": "NO", "cun_mat": null, "km_cuneta": 0.063790154094678794, "fecha": "08-2026" }, "geometry": { "type": "LineString", "coordinates": [ [ -68.472505690356797, -33.199640380585194 ], [ -68.472175990397886, -33.199796180558138 ] ] } },
{ "type": "Feature", "properties": { "id_tramo": 253, "osm_id": "177170501", "zona": "URBANO", "km": 0.060868495969855309, "lado": null, "cuneta": "NO", "cun_mat": null, "km_cuneta": 0.060868495969855309, "fecha": "08-2026" }, "geometry": { "type": "LineString", "coordinates": [ [ -68.472001940100341, -33.19899389865116 ], [ -68.471698440061616, -33.199134298675631 ] ] } },
{ "type": "Feature", "properties": { "id_tramo": 255, "osm_id": "257951210", "zona": "URBANO", "km": 0.12091960837065351, "lado": null, "cuneta": "NO", "cun_mat": null, "km_cuneta": 0.12091960837065351, "fecha": "08-2026" }, "geometry": { "type": "LineString", "coordinates": [ [ -68.461416307611501, -33.19013011508666 ], [ -68.460637007730369, -33.190420615034192 ] ] } },
{ "type": "Feature", "properties": { "id_tramo": 258, "osm_id": "183315893", "zona": "URBANO", "km": 0.12506313219221957, "lado": null, "cuneta": "NO", "cun_mat": null, "km_cuneta": 0.12506313219221957, "fecha": "08-2026" }, "geometry": { "type": "LineString", "coordinates": [ [ -68.460482203962968, -33.188658623732046 ], [ -68.459593403813656, -33.188933523782659 ] ] } },
{ "type": "Feature", "properties": { "id_tramo": 260, "osm_id": "257781725", "zona": "URBANO", "km": 0.13206757348813675, "lado": null, "cuneta": "NO", "cun_mat": null, "km_cuneta": 0.13206757348813675, "fecha": "08-2026" }, "geometry": { "type": "LineString", "coordinates": [ [ -68.45947050114107, -33.187065173278299 ], [ -68.458501900973303, -33.187341973329545 ] ] } },
{ "type": "Feature", "properties": { "id_tramo": 261, "osm_id": "257781706", "zona": "URBANO", "km": 0.13483655389080801, "lado": null, "cuneta": "NO", "cun_mat": null, "km_cuneta": 0.13483655389080801, "fecha": "08-2026" }, "geometry": { "type": "LineString", "coordinates": [ [ -68.458855751134095, -33.186116953511927 ], [ -68.457930851286974, -33.186413853457445 ] ] } },
{ "type": "Feature", "properties": { "id_tramo": 262, "osm_id": "257781706", "zona": "URBANO", "km": 0.13483655389080801, "lado": null, "cuneta": "NO", "cun_mat": null, "km_cuneta": 0.13483655389080801, "fecha": "08-2026" }, "geometry": { "type": "LineString", "coordinates": [ [ -68.458770717320974, -33.185984524396282 ], [ -68.457836417167243, -33.186287524451842 ] ] } },
{ "type": "Feature", "properties": { "id_tramo": 263, "osm_id": "642762566", "zona": "URBANO", "km": 0.13818915971427118, "lado": null, "cuneta": "NO", "cun_mat": null, "km_cuneta": 0.13818915971427118, "fecha": "08-2026" }, "geometry": { "type": "LineString", "coordinates": [ [ -68.45828546913441, -33.185189880022023 ], [ -68.457365069285672, -33.185488979967204 ] ] } },
{ "type": "Feature", "properties": { "id_tramo": 268, "osm_id": "177322011", "zona": "URBANO", "km": 0.13834200708862371, "lado": null, "cuneta": "NO", "cun_mat": null, "km_cuneta": 0.13834200708862371, "fecha": "08-2026" }, "geometry": { "type": "LineString", "coordinates": [ [ -68.456719714429013, -33.182901172168286 ], [ -68.455794914322325, -33.183366672247892 ] ] } },
{ "type": "Feature", "properties": { "id_tramo": 269, "osm_id": "177322064", "zona": "URBANO", "km": 0.14014492788068314, "lado": null, "cuneta": "NO", "cun_mat": null, "km_cuneta": 0.14014492788068314, "fecha": "08-2026" }, "geometry": { "type": "LineString", "coordinates": [ [ -68.45606549329861, -33.181935524002782 ], [ -68.455112393408697, -33.182414823920801 ] ] } },
{ "type": "Feature", "properties": { "id_tramo": 271, "osm_id": "177322060", "zona": "URBANO", "km": 0.14306063870292796, "lado": null, "cuneta": "NO", "cun_mat": null, "km_cuneta": 0.14306063870292796, "fecha": "08-2026" }, "geometry": { "type": "LineString", "coordinates": [ [ -68.455298596707024, -33.180819304559023 ], [ -68.454342296860005, -33.181147504499215 ] ] } },
{ "type": "Feature", "properties": { "id_tramo": 272, "osm_id": "177322060", "zona": "URBANO", "km": 0.14306063870292796, "lado": null, "cuneta": "NO", "cun_mat": null, "km_cuneta": 0.14306063870292796, "fecha": "08-2026" }, "geometry": { "type": "LineString", "coordinates": [ [ -68.455216844849375, -33.180693749196969 ], [ -68.454236844690769, -33.181022449257007 ] ] } },
{ "type": "Feature", "properties": { "id_tramo": 273, "osm_id": "177322071", "zona": "URBANO", "km": 0.1564969068118516, "lado": null, "cuneta": "NO", "cun_mat": null, "km_cuneta": 0.1564969068118516, "fecha": "08-2026" }, "geometry": { "type": "LineString", "coordinates": [ [ -68.454728791157464, -33.179984550595485 ], [ -68.453584091370402, -33.180235450548615 ] ] } },
{ "type": "Feature", "properties": { "id_tramo": 274, "osm_id": "177322071", "zona": "URBANO", "km": 0.1564969068118516, "lado": null, "cuneta": "NO", "cun_mat": null, "km_cuneta": 0.1564969068118516, "fecha": "08-2026" }, "geometry": { "type": "LineString", "coordinates": [ [ -68.454640494018662, -33.179852308070217 ], [ -68.453448293798573, -33.180123208120776 ] ] } },
{ "type": "Feature", "properties": { "id_tramo": 275, "osm_id": "177322049", "zona": "URBANO", "km": 0.1625435541459401, "lado": null, "cuneta": "NO", "cun_mat": null, "km_cuneta": 0.1625435541459401, "fecha": "08-2026" }, "geometry": { "type": "LineString", "coordinates": [ [ -68.454405214122389, -33.179487103488384 ], [ -68.453215413902896, -33.179758503539034 ] ] } },
{ "type": "Feature", "properties": { "id_tramo": 276, "osm_id": "177322049", "zona": "URBANO", "km": 0.1625435541459401, "lado": null, "cuneta": "NO", "cun_mat": null, "km_cuneta": 0.1625435541459401, "fecha": "08-2026" }, "geometry": { "type": "LineString", "coordinates": [ [ -68.454288131984271, -33.179327722075946 ], [ -68.45303573175245, -33.179608922128445 ] ] } },
{ "type": "Feature", "properties": { "id_tramo": 281, "osm_id": "658283843", "zona": "URBANO", "km": 0.1359875809187297, "lado": null, "cuneta": "NO", "cun_mat": null, "km_cuneta": 0.1359875809187297, "fecha": "08-2026" }, "geometry": { "type": "LineString", "coordinates": [ [ -68.462091426939679, -33.188636371016351 ], [ -68.461160927083057, -33.188977570954613 ] ] } },
{ "type": "Feature", "properties": { "id_tramo": 283, "osm_id": "177170619", "zona": "URBANO", "km": 0.13689988171433903, "lado": null, "cuneta": "NO", "cun_mat": null, "km_cuneta": 0.13689988171433903, "fecha": "08-2026" }, "geometry": { "type": "LineString", "coordinates": [ [ -68.460937600651263, -33.18678608427782 ], [ -68.459952100819976, -33.187076784224097 ] ] } },
{ "type": "Feature", "properties": { "id_tramo": 289, "osm_id": "177322005", "zona": "URBANO", "km": 0.13813066562101589, "lado": null, "cuneta": "NO", "cun_mat": null, "km_cuneta": 0.13813066562101589, "fecha": "08-2026" }, "geometry": { "type": "LineString", "coordinates": [ [ -68.459306415154174, -33.184184132604017 ], [ -68.458328615309611, -33.184523632542223 ] ] } },
{ "type": "Feature", "properties": { "id_tramo": 290, "osm_id": "177322005", "zona": "URBANO", "km": 0.13813066562101589, "lado": null, "cuneta": "NO", "cun_mat": null, "km_cuneta": 0.13813066562101589, "fecha": "08-2026" }, "geometry": { "type": "LineString", "coordinates": [ [ -68.459266972123416, -33.184116806217475 ], [ -68.458262671962373, -33.184459906280047 ] ] } },
{ "type": "Feature", "properties": { "id_tramo": 294, "osm_id": "177322071", "zona": "URBANO", "km": 0.11630990344317783, "lado": null, "cuneta": "NO", "cun_mat": null, "km_cuneta": 0.11630990344317783, "fecha": "08-2026" }, "geometry": { "type": "LineString", "coordinates": [ [ -68.455786388767535, -33.179332180682486 ], [ -68.455043988676124, -33.179686680743814 ] ] } },
{ "type": "Feature", "properties": { "id_tramo": 297, "osm_id": "183312743", "zona": "URBANO", "km": 0.11726576620340798, "lado": null, "cuneta": "NO", "cun_mat": null, "km_cuneta": 0.11726576620340798, "fecha": "08-2026" }, "geometry": { "type": "LineString", "coordinates": [ [ -68.45980526328006, -33.189903140183461 ], [ -68.459090863167162, -33.190153940229088 ] ] } },
{ "type": "Feature", "properties": { "id_tramo": 298, "osm_id": "183312743", "zona": "URBANO", "km": 0.11726576620340798, "lado": null, "cuneta": "NO", "cun_mat": null, "km_cuneta": 0.11726576620340798, "fecha": "08-2026" }, "geometry": { "type": "LineString", "coordinates": [ [ -68.459702049794444, -33.189733909618511 ], [ -68.45897524968035, -33.189992209665441 ] ] } },
{ "type": "Feature", "properties": { "id_tramo": 300, "osm_id": "183315893", "zona": "URBANO", "km": 0.11526468143710325, "lado": null, "cuneta": "NO", "cun_mat": null, "km_cuneta": 0.11526468143710325, "fecha": "08-2026" }, "geometry": { "type": "LineString", "coordinates": [ [ -68.459211542518361, -33.189051516289709 ], [ -68.458462542395353, -33.18929531633438 ] ] } },
{ "type": "Feature", "properties": { "id_tramo": 301, "osm_id": "771230548", "zona": "URBANO", "km": 0.11779559404647701, "lado": null, "cuneta": "NO", "cun_mat": null, "km_cuneta": 0.11779559404647701, "fecha": "08-2026" }, "geometry": { "type": "LineString", "coordinates": [ [ -68.45882531479603, -33.188489065148282 ], [ -68.458029314927302, -33.188745965101162 ] ] } },
{ "type": "Feature", "properties": { "id_tramo": 302, "osm_id": "257781725", "zona": "URBANO", "km": 0.12299785009572237, "lado": null, "cuneta": "NO", "cun_mat": null, "km_cuneta": 0.12299785009572237, "fecha": "08-2026" }, "geometry": { "type": "LineString", "coordinates": [ [ -68.45820739777669, -33.18758428511515 ], [ -68.457410397913151, -33.187819485071721 ] ] } },
{ "type": "Feature", "properties": { "id_tramo": 306, "osm_id": "257781719", "zona": "URBANO", "km": 0.12134655071793794, "lado": null, "cuneta": "NO", "cun_mat": null, "km_cuneta": 0.12134655071793794, "fecha": "08-2026" }, "geometry": { "type": "LineString", "coordinates": [ [ -68.456946363509246, -33.185628486432691 ], [ -68.456137963644764, -33.185879786386465 ] ] } },
{ "type": "Feature", "properties": { "id_tramo": 308, "osm_id": "177322022", "zona": "URBANO", "km": 0.11374799396415805, "lado": null, "cuneta": "NO", "cun_mat": null, "km_cuneta": 0.11374799396415805, "fecha": "08-2026" }, "geometry": { "type": "LineString", "coordinates": [ [ -68.456237649302977, -33.184769795766222 ], [ -68.455587449378783, -33.185094495710608 ] ] } },
{ "type": "Feature", "properties": { "id_tramo": 309, "osm_id": "177322022", "zona": "URBANO", "km": 0.11374799396415805, "lado": null, "cuneta": "NO", "cun_mat": null, "km_cuneta": 0.11374799396415805, "fecha": "08-2026" }, "geometry": { "type": "LineString", "coordinates": [ [ -68.456159215121332, -33.184630318088423 ], [ -68.455519515051279, -33.184964418145043 ] ] } },
{ "type": "Feature", "properties": { "id_tramo": 311, "osm_id": "177322011", "zona": "URBANO", "km": 0.10996557834779751, "lado": null, "cuneta": "NO", "cun_mat": null, "km_cuneta": 0.10996557834779751, "fecha": "08-2026" }, "geometry": { "type": "LineString", "coordinates": [ [ -68.455448863936979, -33.183544147208067 ], [ -68.454795263862195, -33.18387514726458 ] ] } },
{ "type": "Feature", "properties": { "id_tramo": 312, "osm_id": "177322064", "zona": "URBANO", "km": 0.10645289262746727, "lado": null, "cuneta": "NO", "cun_mat": null, "km_cuneta": 0.10645289262746727, "fecha": "08-2026" }, "geometry": { "type": "LineString", "coordinates": [ [ -68.454773514366252, -33.182574863854811 ], [ -68.45413841443866, -33.182897363799782 ] ] } },
{ "type": "Feature", "properties": { "id_tramo": 318, "osm_id": "257781722", "zona": "URBANO", "km": 0.10547095445468346, "lado": null, "cuneta": "NO", "cun_mat": null, "km_cuneta": 0.10547095445468346, "fecha": "08-2026" }, "geometry": { "type": "LineString", "coordinates": [ [ -68.464993450986086, -33.188792874143886 ], [ -68.464345451083545, -33.18903967409944 ] ] } },
{ "type": "Feature", "properties": { "id_tramo": 319, "osm_id": "257781722", "zona": "URBANO", "km": 0.10547095445468346, "lado": null, "cuneta": "NO", "cun_mat": null, "km_cuneta": 0.10547095445468346, "fecha": "08-2026" }, "geometry": { "type": "LineString", "coordinates": [ [ -68.46492265728412, -33.188663784309149 ], [ -68.464270657187043, -33.188915784354442 ] ] } },
{ "type": "Feature", "properties": { "id_tramo": 325, "osm_id": "183315851", "zona": "URBANO", "km": 0.12016607748091876, "lado": null, "cuneta": "NO", "cun_mat": null, "km_cuneta": 0.12016607748091876, "fecha": "08-2026" }, "geometry": { "type": "LineString", "coordinates": [ [ -68.461774283408616, -33.187335649622057 ], [ -68.462600283550955, -33.187096449577815 ] ] } },
{ "type": "Feature", "properties": { "id_tramo": 326, "osm_id": "177170619", "zona": "URBANO", "km": 0.11764066775930962, "lado": null, "cuneta": "NO", "cun_mat": null, "km_cuneta": 0.11764066775930962, "fecha": "08-2026" }, "geometry": { "type": "LineString", "coordinates": [ [ -68.461357164737151, -33.186654936503523 ], [ -68.462137364602313, -33.186430736545027 ] ] } },
{ "type": "Feature", "properties": { "id_tramo": 328, "osm_id": "177170619", "zona": "URBANO", "km": 0.10392011093391763, "lado": null, "cuneta": "NO", "cun_mat": null, "km_cuneta": 0.10392011093391763, "fecha": "08-2026" }, "geometry": { "type": "LineString", "coordinates": [ [ -68.46320841002975, -33.18612625230012 ], [ -68.462531610146357, -33.18632245226383 ] ] } },
{ "type": "Feature", "properties": { "id_tramo": 329, "osm_id": "177170619", "zona": "URBANO", "km": 0.10392011093391763, "lado": null, "cuneta": "NO", "cun_mat": null, "km_cuneta": 0.10392011093391763, "fecha": "08-2026" }, "geometry": { "type": "LineString", "coordinates": [ [ -68.463115312297305, -33.186002911886526 ], [ -68.462455612184471, -33.186197911922569 ] ] } },
{ "type": "Feature", "properties": { "id_tramo": 330, "osm_id": "177170628", "zona": "URBANO", "km": 0.10268703014683979, "lado": null, "cuneta": "NO", "cun_mat": null, "km_cuneta": 0.10268703014683979, "fecha": "08-2026" }, "geometry": { "type": "LineString", "coordinates": [ [ -68.462384922360016, -33.184962395636177 ], [ -68.461738822463559, -33.185183295595891 ] ] } },
{ "type": "Feature", "properties": { "id_tramo": 332, "osm_id": "177170628", "zona": "URBANO", "km": 0.11267137035504726, "lado": null, "cuneta": "NO", "cun_mat": null, "km_cuneta": 0.11267137035504726, "fecha": "08-2026" }, "geometry": { "type": "LineString", "coordinates": [ [ -68.460629419402238, -33.185545796228809 ], [ -68.461346019284875, -33.185311196271762 ] ] } },
{ "type": "Feature", "properties": { "id_tramo": 333, "osm_id": "177170628", "zona": "URBANO", "km": 0.11267137035504726, "lado": null, "cuneta": "NO", "cun_mat": null, "km_cuneta": 0.11267137035504726, "fecha": "08-2026" }, "geometry": { "type": "LineString", "coordinates": [ [ -68.460569243361221, -33.185414615923975 ], [ -68.461256943474154, -33.185190715882953 ] ] } },
{ "type": "Feature", "properties": { "id_tramo": 335, "osm_id": "177170633", "zona": "URBANO", "km": 0.10650828673057861, "lado": null, "cuneta": "NO", "cun_mat": null, "km_cuneta": 0.10650828673057861, "fecha": "08-2026" }, "geometry": { "type": "LineString", "coordinates": [ [ -68.461675154735474, -33.183886879324312 ], [ -68.461050354633699, -33.184093679362157 ] ] } },
{ "type": "Feature", "properties": { "id_tramo": 337, "osm_id": "177170633", "zona": "URBANO", "km": 0.10545725592742032, "lado": null, "cuneta": "NO", "cun_mat": null, "km_cuneta": 0.10545725592742032, "fecha": "08-2026" }, "geometry": { "type": "LineString", "coordinates": [ [ -68.459967089841598, -33.184470365670244 ], [ -68.460637089948065, -33.184237565627853 ] ] } },
{ "type": "Feature", "properties": { "id_tramo": 341, "osm_id": "177321963", "zona": "URBANO", "km": 0.10544392795212904, "lado": null, "cuneta": "NO", "cun_mat": null, "km_cuneta": 0.10544392795212904, "fecha": "08-2026" }, "geometry": { "type": "LineString", "coordinates": [ [ -68.459208930101681, -33.183350686304536 ], [ -68.459817330198803, -33.183141086266332 ] ] } },
{ "type": "Feature", "properties": { "id_tramo": 342, "osm_id": "177321944", "zona": "URBANO", "km": 0.10543895019876111, "lado": null, "cuneta": "NO", "cun_mat": null, "km_cuneta": 0.10543895019876111, "fecha": "08-2026" }, "geometry": { "type": "LineString", "coordinates": [ [ -68.458997319621673, -33.182979329209303 ], [ -68.459581219526726, -33.182785329244801 ] ] } },
{ "type": "Feature", "properties": { "id_tramo": 343, "osm_id": "177321944", "zona": "URBANO", "km": 0.10543895019876111, "lado": null, "cuneta": "NO", "cun_mat": null, "km_cuneta": 0.10543895019876111, "fecha": "08-2026" }, "geometry": { "type": "LineString", "coordinates": [ [ -68.45890194106704, -33.182852283810007 ], [ -68.459491341163172, -33.18265758377435 ] ] } },
{ "type": "Feature", "properties": { "id_tramo": 346, "osm_id": "177321963", "zona": "URBANO", "km": 0.10865749518805978, "lado": null, "cuneta": "NO", "cun_mat": null, "km_cuneta": 0.10865749518805978, "fecha": "08-2026" }, "geometry": { "type": "LineString", "coordinates": [ [ -68.461016528787496, -33.182886859588038 ], [ -68.46029982890326, -33.183128159543969 ] ] } },
{ "type": "Feature", "properties": { "id_tramo": 347, "osm_id": "177321963", "zona": "URBANO", "km": 0.10865749518805978, "lado": null, "cuneta": "NO", "cun_mat": null, "km_cuneta": 0.10865749518805978, "fecha": "08-2026" }, "geometry": { "type": "LineString", "coordinates": [ [ -68.460934608048305, -33.182766894692961 ], [ -68.460211207930058, -33.183004694736525 ] ] } },
{ "type": "Feature", "properties": { "id_tramo": 351, "osm_id": "612824076", "zona": "URBANO", "km": 0.11377880908902206, "lado": null, "cuneta": "NO", "cun_mat": null, "km_cuneta": 0.11377880908902206, "fecha": "08-2026" }, "geometry": { "type": "LineString", "coordinates": [ [ -68.460227172513569, -33.181669971601508 ], [ -68.459474472393822, -33.181930871649023 ] ] } },
{ "type": "Feature", "properties": { "id_tramo": 352, "osm_id": "177322061", "zona": "URBANO", "km": 0.11923066504120082, "lado": null, "cuneta": "NO", "cun_mat": null, "km_cuneta": 0.11923066504120082, "fecha": "08-2026" }, "geometry": { "type": "LineString", "coordinates": [ [ -68.462002997624552, -33.190824773382793 ], [ -68.461589997523816, -33.1901776734436 ] ] } },
{ "type": "Feature", "properties": { "id_tramo": 353, "osm_id": "177322061", "zona": "URBANO", "km": 0.11923066504120082, "lado": null, "cuneta": "NO", "cun_mat": null, "km_cuneta": 0.11923066504120082, "fecha": "08-2026" }, "geometry": { "type": "LineString", "coordinates": [ [ -68.462130856559483, -33.190765210952748 ], [ -68.461722656656548, -33.190133710892766 ] ] } },
{ "type": "Feature", "properties": { "id_tramo": 355, "osm_id": "177321947", "zona": "URBANO", "km": 0.12687084371936405, "lado": null, "cuneta": "NO", "cun_mat": null, "km_cuneta": 0.12687084371936405, "fecha": "08-2026" }, "geometry": { "type": "LineString", "coordinates": [ [ -68.461024879485365, -33.191283190802693 ], [ -68.460574179596506, -33.190573190736266 ] ] } },
{ "type": "Feature", "properties": { "id_tramo": 356, "osm_id": "177321929", "zona": "URBANO", "km": 0.12135300550371417, "lado": null, "cuneta": "NO", "cun_mat": null, "km_cuneta": 0.12135300550371417, "fecha": "08-2026" }, "geometry": { "type": "LineString", "coordinates": [ [ -68.463301958150552, -33.190320869068849 ], [ -68.462917358054, -33.189709469125617 ] ] } },
{ "type": "Feature", "properties": { "id_tramo": 357, "osm_id": "177321929", "zona": "URBANO", "km": 0.12135300550371417, "lado": null, "cuneta": "NO", "cun_mat": null, "km_cuneta": 0.12135300550371417, "fecha": "08-2026" }, "geometry": { "type": "LineString", "coordinates": [ [ -68.463450104851773, -33.19026298508809 ], [ -68.463054004943842, -33.189656985030041 ] ] } },
{ "type": "Feature", "properties": { "id_tramo": 358, "osm_id": "177321929", "zona": "URBANO", "km": 0.024432750485039824, "lado": null, "cuneta": "NO", "cun_mat": null, "km_cuneta": 0.024432750485039824, "fecha": "08-2026" }, "geometry": { "type": "LineString", "coordinates": [ [ -68.462701603656313, -33.1893805421374 ], [ -68.462266203544601, -33.188680642201831 ] ] } },
{ "type": "Feature", "properties": { "id_tramo": 359, "osm_id": "177321929", "zona": "URBANO", "km": 0.099888351716544532, "lado": null, "cuneta": "NO", "cun_mat": null, "km_cuneta": 0.099888351716544532, "fecha": "08-2026" }, "geometry": { "type": "LineString", "coordinates": [ [ -68.462903740566418, -33.189312241518657 ], [ -68.462595040489546, -33.188823541564204 ] ] } },
{ "type": "Feature", "properties": { "id_tramo": 361, "osm_id": "177321955", "zona": "URBANO", "km": 0.11874362340605961, "lado": null, "cuneta": "NO", "cun_mat": null, "km_cuneta": 0.11874362340605961, "fecha": "08-2026" }, "geometry": { "type": "LineString", "coordinates": [ [ -68.464515611903209, -33.189871218314018 ], [ -68.464139211801566, -33.189249618369992 ] ] } },
{ "type": "Feature", "properties": { "id_tramo": 363, "osm_id": "177170544", "zona": "URBANO", "km": 0.11493175041606978, "lado": null, "cuneta": "NO", "cun_mat": null, "km_cuneta": 0.11493175041606978, "fecha": "08-2026" }, "geometry": { "type": "LineString", "coordinates": [ [ -68.465554972869228, -33.189468435144668 ], [ -68.465146072770651, -33.188831435204825 ] ] } },
{ "type": "Feature", "properties": { "id_tramo": 364, "osm_id": "177321955", "zona": "URBANO", "km": 0.094447991627026759, "lado": null, "cuneta": "NO", "cun_mat": null, "km_cuneta": 0.094447991627026759, "fecha": "08-2026" }, "geometry": { "type": "LineString", "coordinates": [ [ -68.463936621810603, -33.188925235037686 ], [ -68.463665921737174, -33.188477035077952 ] ] } },
{ "type": "Feature", "properties": { "id_tramo": 365, "osm_id": "177321955", "zona": "URBANO", "km": 0.094447991627026759, "lado": null, "cuneta": "NO", "cun_mat": null, "km_cuneta": 0.094447991627026759, "fecha": "08-2026" }, "geometry": { "type": "LineString", "coordinates": [ [ -68.464124527681619, -33.188855344789829 ], [ -68.463864727610925, -33.188424544828486 ] ] } },
{ "type": "Feature", "properties": { "id_tramo": 366, "osm_id": "177321969", "zona": "URBANO", "km": 0.13643469710400694, "lado": null, "cuneta": "NO", "cun_mat": null, "km_cuneta": 0.13643469710400694, "fecha": "08-2026" }, "geometry": { "type": "LineString", "coordinates": [ [ -68.460019585430814, -33.191741674100697 ], [ -68.459538185302421, -33.190952074172209 ] ] } },
{ "type": "Feature", "properties": { "id_tramo": 368, "osm_id": "257951210", "zona": "URBANO", "km": 0.092090911628723474, "lado": null, "cuneta": "NO", "cun_mat": null, "km_cuneta": 0.092090911628723474, "fecha": "08-2026" }, "geometry": { "type": "LineString", "coordinates": [ [ -68.459168557814323, -33.190969423392914 ], [ -68.458538057912563, -33.191196423351741 ] ] } },
{ "type": "Feature", "properties": { "id_tramo": 370, "osm_id": "177321922", "zona": "URBANO", "km": 0.14430354173196949, "lado": null, "cuneta": "NO", "cun_mat": null, "km_cuneta": 0.14430354173196949, "fecha": "08-2026" }, "geometry": { "type": "LineString", "coordinates": [ [ -68.459071256670398, -33.192201626940452 ], [ -68.458526056526964, -33.191313827021297 ] ] } },
{ "type": "Feature", "properties": { "id_tramo": 371, "osm_id": "183312743", "zona": "URBANO", "km": 0.091733782882579953, "lado": null, "cuneta": "NO", "cun_mat": null, "km_cuneta": 0.091733782882579953, "fecha": "08-2026" }, "geometry": { "type": "LineString", "coordinates": [ [ -68.458666248953264, -33.190263537043037 ], [ -68.458078149042493, -33.190484537003165 ] ] } },
{ "type": "Feature", "properties": { "id_tramo": 373, "osm_id": "183315904", "zona": "URBANO", "km": 0.096389270710260849, "lado": null, "cuneta": "NO", "cun_mat": null, "km_cuneta": 0.096389270710260849, "fecha": "08-2026" }, "geometry": { "type": "LineString", "coordinates": [ [ -68.463865339620611, -33.198352329704385 ], [ -68.463290639710038, -33.198559729666769 ] ] } },
{ "type": "Feature", "properties": { "id_tramo": 379, "osm_id": "423678382", "zona": "URBANO", "km": 0.096956530366531443, "lado": null, "cuneta": "NO", "cun_mat": null, "km_cuneta": 0.096956530366531443, "fecha": "08-2026" }, "geometry": { "type": "LineString", "coordinates": [ [ -68.465125136019793, -33.200276675771427 ], [ -68.464594336089974, -33.20051377572981 ] ] } },
{ "type": "Feature", "properties": { "id_tramo": 380, "osm_id": "423678382", "zona": "URBANO", "km": 0.096956530366531443, "lado": null, "cuneta": "NO", "cun_mat": null, "km_cuneta": 0.096956530366531443, "fecha": "08-2026" }, "geometry": { "type": "LineString", "coordinates": [ [ -68.465063265354686, -33.20019222360952 ], [ -68.46454106528563, -33.20042552365048 ] ] } },
{ "type": "Feature", "properties": { "id_tramo": 382, "osm_id": "177170544", "zona": "URBANO", "km": 0.091110150237536269, "lado": null, "cuneta": "NO", "cun_mat": null, "km_cuneta": 0.091110150237536269, "fecha": "08-2026" }, "geometry": { "type": "LineString", "coordinates": [ [ -68.464949433921731, -33.188532931262934 ], [ -68.464695233858649, -33.188131131300416 ] ] } },
{ "type": "Feature", "properties": { "id_tramo": 384, "osm_id": "177322061", "zona": "URBANO", "km": 0.19149019234769699, "lado": null, "cuneta": "NO", "cun_mat": null, "km_cuneta": 0.19149019234769699, "fecha": "08-2026" }, "geometry": { "type": "LineString", "coordinates": [ [ -68.460524275157326, -33.18852139678939 ], [ -68.459722374954325, -33.187241196907884 ] ] } },
{ "type": "Feature", "properties": { "id_tramo": 385, "osm_id": "177322061", "zona": "URBANO", "km": 0.12778156619041653, "lado": null, "cuneta": "NO", "cun_mat": null, "km_cuneta": 0.12778156619041653, "fecha": "08-2026" }, "geometry": { "type": "LineString", "coordinates": [ [ -68.461575957413629, -33.189796828984541 ], [ -68.461148257301062, -33.189100129047986 ] ] } },
{ "type": "Feature", "properties": { "id_tramo": 390, "osm_id": "177321929", "zona": "URBANO", "km": 0.14099397227739915, "lado": null, "cuneta": "NO", "cun_mat": null, "km_cuneta": 0.14099397227739915, "fecha": "08-2026" }, "geometry": { "type": "LineString", "coordinates": [ [ -68.461083077471372, -33.186470186004733 ], [ -68.460593277592324, -33.185697985932542 ] ] } },
{ "type": "Feature", "properties": { "id_tramo": 391, "osm_id": "177321929", "zona": "URBANO", "km": 0.14099397227739915, "lado": null, "cuneta": "NO", "cun_mat": null, "km_cuneta": 0.14099397227739915, "fecha": "08-2026" }, "geometry": { "type": "LineString", "coordinates": [ [ -68.460920966995687, -33.186519784455641 ], [ -68.460441266874724, -33.18575538452648 ] ] } },
{ "type": "Feature", "properties": { "id_tramo": 392, "osm_id": "177322061", "zona": "URBANO", "km": 0.12964903548346235, "lado": null, "cuneta": "NO", "cun_mat": null, "km_cuneta": 0.12964903548346235, "fecha": "08-2026" }, "geometry": { "type": "LineString", "coordinates": [ [ -68.459695278703478, -33.186892043841759 ], [ -68.45925577880692, -33.186215443777293 ] ] } },
{ "type": "Feature", "properties": { "id_tramo": 399, "osm_id": "177321955", "zona": "URBANO", "km": 0.15341168777670403, "lado": null, "cuneta": "NO", "cun_mat": null, "km_cuneta": 0.15341168777670403, "fecha": "08-2026" }, "geometry": { "type": "LineString", "coordinates": [ [ -68.463430651186144, -33.188184594475651 ], [ -68.462805951309306, -33.187298394385614 ] ] } },
{ "type": "Feature", "properties": { "id_tramo": 401, "osm_id": "177321955", "zona": "URBANO", "km": 0.070594349314835839, "lado": null, "cuneta": "NO", "cun_mat": null, "km_cuneta": 0.070594349314835839, "fecha": "08-2026" }, "geometry": { "type": "LineString", "coordinates": [ [ -68.462624192241279, -33.186957311541597 ], [ -68.462317692170117, -33.186488611586505 ] ] } },
{ "type": "Feature", "properties": { "id_tramo": 405, "osm_id": "177321955", "zona": "URBANO", "km": 0.11632194387775543, "lado": null, "cuneta": "NO", "cun_mat": null, "km_cuneta": 0.11632194387775543, "fecha": "08-2026" }, "geometry": { "type": "LineString", "coordinates": [ [ -68.461275273722563, -33.185064887963435 ], [ -68.460861573815677, -33.184441587903031 ] ] } },
{ "type": "Feature", "properties": { "id_tramo": 407, "osm_id": "183315893", "zona": "URBANO", "km": 0.091662262370330427, "lado": null, "cuneta": "NO", "cun_mat": null, "km_cuneta": 0.091662262370330427, "fecha": "08-2026" }, "geometry": { "type": "LineString", "coordinates": [ [ -68.458067410256064, -33.189421290600372 ], [ -68.457491610159991, -33.189602290633644 ] ] } },
{ "type": "Feature", "properties": { "id_tramo": 408, "osm_id": "257781725", "zona": "URBANO", "km": 0.082083468040654833, "lado": null, "cuneta": "NO", "cun_mat": null, "km_cuneta": 0.082083468040654833, "fecha": "08-2026" }, "geometry": { "type": "LineString", "coordinates": [ [ -68.456971407817974, -33.187927811847359 ], [ -68.45649030789987, -33.188071811820784 ] ] } },
{ "type": "Feature", "properties": { "id_tramo": 409, "osm_id": "257781725", "zona": "URBANO", "km": 0.082083468040654833, "lado": null, "cuneta": "NO", "cun_mat": null, "km_cuneta": 0.082083468040654833, "fecha": "08-2026" }, "geometry": { "type": "LineString", "coordinates": [ [ -68.456888836992832, -33.18781610459741 ], [ -68.456411636911326, -33.187957704623543 ] ] } },
{ "type": "Feature", "properties": { "id_tramo": 410, "osm_id": "257781706", "zona": "URBANO", "km": 0.078523228878752488, "lado": null, "cuneta": "NO", "cun_mat": null, "km_cuneta": 0.078523228878752488, "fecha": "08-2026" }, "geometry": { "type": "LineString", "coordinates": [ [ -68.456312505864716, -33.186939733683047 ], [ -68.455869705936678, -33.187087133656092 ] ] } },
{ "type": "Feature", "properties": { "id_tramo": 411, "osm_id": "257781706", "zona": "URBANO", "km": 0.078523228878752488, "lado": null, "cuneta": "NO", "cun_mat": null, "km_cuneta": 0.078523228878752488, "fecha": "08-2026" }, "geometry": { "type": "LineString", "coordinates": [ [ -68.456233009804166, -33.186823061091218 ], [ -68.455808609735286, -33.186964661117095 ] ] } },
{ "type": "Feature", "properties": { "id_tramo": 416, "osm_id": "177322011", "zona": "URBANO", "km": 0.075415878424288804, "lado": null, "cuneta": "NO", "cun_mat": null, "km_cuneta": 0.075415878424288804, "fecha": "08-2026" }, "geometry": { "type": "LineString", "coordinates": [ [ -68.454524397108145, -33.184173034918118 ], [ -68.454165597145362, -33.184367134885505 ] ] } },
{ "type": "Feature", "properties": { "id_tramo": 418, "osm_id": "177322064", "zona": "URBANO", "km": 0.075045929328273642, "lado": null, "cuneta": "NO", "cun_mat": null, "km_cuneta": 0.075045929328273642, "fecha": "08-2026" }, "geometry": { "type": "LineString", "coordinates": [ [ -68.453807445432261, -33.183049355476896 ], [ -68.453452645470136, -33.1832378554451 ] ] } },
{ "type": "Feature", "properties": { "id_tramo": 419, "osm_id": "257793190", "zona": "URBANO", "km": 0.18267761504156663, "lado": null, "cuneta": "NO", "cun_mat": null, "km_cuneta": 0.18267761504156663, "fecha": "08-2026" }, "geometry": { "type": "LineString", "coordinates": [ [ -68.453527633538428, -33.180819291955913 ], [ -68.452106333766409, -33.181304491867436 ] ] } },
{ "type": "Feature", "properties": { "id_tramo": 420, "osm_id": "257793190", "zona": "URBANO", "km": 0.18267761504156663, "lado": null, "cuneta": "NO", "cun_mat": null, "km_cuneta": 0.18267761504156663, "fecha": "08-2026" }, "geometry": { "type": "LineString", "coordinates": [ [ -68.453451297530577, -33.180727397410465 ], [ -68.452034897303903, -33.181213097498983 ] ] } },
{ "type": "Feature", "properties": { "id_tramo": 427, "osm_id": "183315837", "zona": "URBANO", "km": 0.12068371358112871, "lado": null, "cuneta": "NO", "cun_mat": null, "km_cuneta": 0.12068371358112871, "fecha": "08-2026" }, "geometry": { "type": "LineString", "coordinates": [ [ -68.461142493223818, -33.195954477615274 ], [ -68.460383693329661, -33.196274077558591 ] ] } },
{ "type": "Feature", "properties": { "id_tramo": 431, "osm_id": "183312786", "zona": "URBANO", "km": 0.12231329638999677, "lado": null, "cuneta": "NO", "cun_mat": null, "km_cuneta": 0.12231329638999677, "fecha": "08-2026" }, "geometry": { "type": "LineString", "coordinates": [ [ -68.459685695235081, -33.193732131690282 ], [ -68.458933195330218, -33.194083131629206 ] ] } },
{ "type": "Feature", "properties": { "id_tramo": 432, "osm_id": "183312785", "zona": "URBANO", "km": 0.12401716285376682, "lado": null, "cuneta": "NO", "cun_mat": null, "km_cuneta": 0.12401716285376682, "fecha": "08-2026" }, "geometry": { "type": "LineString", "coordinates": [ [ -68.45891603516101, -33.192531567056385 ], [ -68.458144935260364, -33.192884966994669 ] ] } },
{ "type": "Feature", "properties": { "id_tramo": 435, "osm_id": "183315836", "zona": "URBANO", "km": 0.063316375184934978, "lado": null, "cuneta": "NO", "cun_mat": null, "km_cuneta": 0.063316375184934978, "fecha": "08-2026" }, "geometry": { "type": "LineString", "coordinates": [ [ -68.458136835325519, -33.191341495628244 ], [ -68.457869235367482, -33.19143679561094 ] ] } },
{ "type": "Feature", "properties": { "id_tramo": 439, "osm_id": "257781725", "zona": "URBANO", "km": 0.12874742293322775, "lado": null, "cuneta": "NO", "cun_mat": null, "km_cuneta": 0.12874742293322775, "fecha": "08-2026" }, "geometry": { "type": "LineString", "coordinates": [ [ -68.456114576421967, -33.188174162042785 ], [ -68.455271176566995, -33.18841996199734 ] ] } },
{ "type": "Feature", "properties": { "id_tramo": 440, "osm_id": "257781725", "zona": "URBANO", "km": 0.12874742293322775, "lado": null, "cuneta": "NO", "cun_mat": null, "km_cuneta": 0.12874742293322775, "fecha": "08-2026" }, "geometry": { "type": "LineString", "coordinates": [ [ -68.456037442835807, -33.188060172931372 ], [ -68.455185242691172, -33.188317272978793 ] ] } },
{ "type": "Feature", "properties": { "id_tramo": 441, "osm_id": "257781706", "zona": "URBANO", "km": 0.12386366617706933, "lado": null, "cuneta": "NO", "cun_mat": null, "km_cuneta": 0.12386366617706933, "fecha": "08-2026" }, "geometry": { "type": "LineString", "coordinates": [ [ -68.455515258198332, -33.187216849600055 ], [ -68.454696358330949, -33.187491349549902 ] ] } },
{ "type": "Feature", "properties": { "id_tramo": 444, "osm_id": "257781719", "zona": "URBANO", "km": 0.13353697913827192, "lado": null, "cuneta": "NO", "cun_mat": null, "km_cuneta": 0.13353697913827192, "fecha": "08-2026" }, "geometry": { "type": "LineString", "coordinates": [ [ -68.454830560332823, -33.186139642794977 ], [ -68.453873668703537, -33.18644734010897 ], [ -68.453764159756005, -33.186482642986704 ], [ -68.452688359578289, -33.186828543050161 ] ] } },
{ "type": "Feature", "properties": { "id_tramo": 445, "osm_id": "257781719", "zona": "URBANO", "km": 0.13353697913827192, "lado": null, "cuneta": "NO", "cun_mat": null, "km_cuneta": 0.13353697913827192, "fecha": "08-2026" }, "geometry": { "type": "LineString", "coordinates": [ [ -68.453696276453641, -33.186644777617595 ], [ -68.452753276608703, -33.186950877561486 ] ] } },
{ "type": "Feature", "properties": { "id_tramo": 446, "osm_id": "183312797", "zona": "URBANO", "km": 0.073298754036241018, "lado": null, "cuneta": "NO", "cun_mat": null, "km_cuneta": 0.073298754036241018, "fecha": "08-2026" }, "geometry": { "type": "LineString", "coordinates": [ [ -68.454197643701448, -33.187510749767668 ], [ -68.453314543558477, -33.187806849821769 ] ] } },
{ "type": "Feature", "properties": { "id_tramo": 447, "osm_id": "183312797", "zona": "URBANO", "km": 0.056457598095132649, "lado": null, "cuneta": "NO", "cun_mat": null, "km_cuneta": 0.056457598095132649, "fecha": "08-2026" }, "geometry": { "type": "LineString", "coordinates": [ [ -68.454317433246814, -33.187622224572401 ], [ -68.454056833289243, -33.187708624556599 ] ] } },
{ "type": "Feature", "properties": { "id_tramo": 449, "osm_id": "257781725", "zona": "URBANO", "km": 0.052412404913273591, "lado": null, "cuneta": "NO", "cun_mat": null, "km_cuneta": 0.052412404913273591, "fecha": "08-2026" }, "geometry": { "type": "LineString", "coordinates": [ [ -68.454894500925874, -33.188542169636911 ], [ -68.454672800962399, -33.188613869623758 ] ] } },
{ "type": "Feature", "properties": { "id_tramo": 454, "osm_id": "183312743", "zona": "URBANO", "km": 0.11915872055373031, "lado": null, "cuneta": "NO", "cun_mat": null, "km_cuneta": 0.11915872055373031, "fecha": "08-2026" }, "geometry": { "type": "LineString", "coordinates": [ [ -68.456404603109732, -33.190954280929979 ], [ -68.455604202987757, -33.191253080983934 ] ] } },
{ "type": "Feature", "properties": { "id_tramo": 456, "osm_id": "183315836", "zona": "URBANO", "km": 0.11811992237762498, "lado": null, "cuneta": "NO", "cun_mat": null, "km_cuneta": 0.11811992237762498, "fecha": "08-2026" }, "geometry": { "type": "LineString", "coordinates": [ [ -68.456858052116942, -33.19164979992437 ], [ -68.45607735199745, -33.191939199976659 ] ] } },
{ "type": "Feature", "properties": { "id_tramo": 457, "osm_id": "183315921", "zona": "URBANO", "km": 0.12162950730335212, "lado": null, "cuneta": "NO", "cun_mat": null, "km_cuneta": 0.12162950730335212, "fecha": "08-2026" }, "geometry": { "type": "LineString", "coordinates": [ [ -68.462702085481993, -33.198377976743984 ], [ -68.461921685596522, -33.198685976688793 ] ] } },
{ "type": "Feature", "properties": { "id_tramo": 458, "osm_id": "183315921", "zona": "URBANO", "km": 0.12162950730335212, "lado": null, "cuneta": "NO", "cun_mat": null, "km_cuneta": 0.12162950730335212, "fecha": "08-2026" }, "geometry": { "type": "LineString", "coordinates": [ [ -68.462633600172339, -33.198258728907113 ], [ -68.461831900054506, -33.198574528963725 ] ] } },
{ "type": "Feature", "properties": { "id_tramo": 459, "osm_id": "183315919", "zona": "URBANO", "km": 0.12287751174687804, "lado": null, "cuneta": "NO", "cun_mat": null, "km_cuneta": 0.12287751174687804, "fecha": "08-2026" }, "geometry": { "type": "LineString", "coordinates": [ [ -68.463083304636797, -33.198954201298214 ], [ -68.462246304770844, -33.199241001245881 ] ] } },
{ "type": "Feature", "properties": { "id_tramo": 460, "osm_id": "183315919", "zona": "URBANO", "km": 0.12287751174687804, "lado": null, "cuneta": "NO", "cun_mat": null, "km_cuneta": 0.12287751174687804, "fecha": "08-2026" }, "geometry": { "type": "LineString", "coordinates": [ [ -68.463025083059577, -33.198833136868856 ], [ -68.462182082923434, -33.199117336920807 ] ] } },
{ "type": "Feature", "properties": { "id_tramo": 461, "osm_id": "257800487", "zona": "URBANO", "km": 0.061284353134948545, "lado": null, "cuneta": "NO", "cun_mat": null, "km_cuneta": 0.061284353134948545, "fecha": "08-2026" }, "geometry": { "type": "LineString", "coordinates": [ [ -68.463928821453663, -33.200240365906929 ], [ -68.463681321484643, -33.200356865886683 ] ] } },
{ "type": "Feature", "properties": { "id_tramo": 463, "osm_id": "257800487", "zona": "URBANO", "km": 0.060155348113770497, "lado": null, "cuneta": "NO", "cun_mat": null, "km_cuneta": 0.060155348113770497, "fecha": "08-2026" }, "geometry": { "type": "LineString", "coordinates": [ [ -68.463294837381298, -33.200359606300744 ], [ -68.463064337352662, -33.200468906319699 ] ] } },
{ "type": "Feature", "properties": { "id_tramo": 464, "osm_id": "257800487", "zona": "URBANO", "km": 0.061284353134948545, "lado": null, "cuneta": "NO", "cun_mat": null, "km_cuneta": 0.061284353134948545, "fecha": "08-2026" }, "geometry": { "type": "LineString", "coordinates": [ [ -68.463837378255732, -33.200107980996904 ], [ -68.46359577822507, -33.200220281016463 ] ] } },
{ "type": "Feature", "properties": { "id_tramo": 468, "osm_id": "771230553", "zona": "URBANO", "km": 0.077089260263013715, "lado": null, "cuneta": "NO", "cun_mat": null, "km_cuneta": 0.077089260263013715, "fecha": "08-2026" }, "geometry": { "type": "LineString", "coordinates": [ [ -68.458083677751929, -33.191901944012507 ], [ -68.457847277807602, -33.191538043977836 ] ] } },
{ "type": "Feature", "properties": { "id_tramo": 469, "osm_id": "177321945", "zona": "URBANO", "km": 0.15388462922442828, "lado": null, "cuneta": "NO", "cun_mat": null, "km_cuneta": 0.15388462922442828, "fecha": "08-2026" }, "geometry": { "type": "LineString", "coordinates": [ [ -68.457494604340084, -33.192096136143526 ], [ -68.457271904389472, -33.191763036111048 ] ] } },
{ "type": "Feature", "properties": { "id_tramo": 471, "osm_id": "177321922", "zona": "URBANO", "km": 0.14430354173196949, "lado": null, "cuneta": "NO", "cun_mat": null, "km_cuneta": 0.14430354173196949, "fecha": "08-2026" }, "geometry": { "type": "LineString", "coordinates": [ [ -68.458891356840383, -33.1922694663416 ], [ -68.458676756786531, -33.191928466373291 ] ] } },
{ "type": "Feature", "properties": { "id_tramo": 472, "osm_id": "177321945", "zona": "URBANO", "km": 0.15388462922442828, "lado": null, "cuneta": "NO", "cun_mat": null, "km_cuneta": 0.15388462922442828, "fecha": "08-2026" }, "geometry": { "type": "LineString", "coordinates": [ [ -68.457897774345739, -33.192707291326229 ], [ -68.457628274406332, -33.192301491286855 ] ] } },
{ "type": "Feature", "properties": { "id_tramo": 475, "osm_id": "177321945", "zona": "URBANO", "km": 0.17493824703318972, "lado": null, "cuneta": "NO", "cun_mat": null, "km_cuneta": 0.17493824703318972, "fecha": "08-2026" }, "geometry": { "type": "LineString", "coordinates": [ [ -68.458799995888839, -33.194084472587932 ], [ -68.458107896050336, -33.193023672486476 ] ] } },
{ "type": "Feature", "properties": { "id_tramo": 478, "osm_id": "183312767", "zona": "URBANO", "km": 0.050858363937310608, "lado": null, "cuneta": "NO", "cun_mat": null, "km_cuneta": 0.050858363937310608, "fecha": "08-2026" }, "geometry": { "type": "LineString", "coordinates": [ [ -68.455527249345366, -33.189576100963109 ], [ -68.455308949308105, -33.189641000975094 ] ] } },
{ "type": "Feature", "properties": { "id_tramo": 479, "osm_id": "257781725", "zona": "URBANO", "km": 0.052412404913273591, "lado": null, "cuneta": "NO", "cun_mat": null, "km_cuneta": 0.052412404913273591, "fecha": "08-2026" }, "geometry": { "type": "LineString", "coordinates": [ [ -68.454785087518061, -33.188414468554718 ], [ -68.454572787483542, -33.18848506856763 ] ] } },
{ "type": "Feature", "properties": { "id_tramo": 480, "osm_id": "257781725", "zona": "URBANO", "km": 0.070135147130473308, "lado": null, "cuneta": "NO", "cun_mat": null, "km_cuneta": 0.070135147130473308, "fecha": "08-2026" }, "geometry": { "type": "LineString", "coordinates": [ [ -68.454211619557213, -33.18859841888758 ], [ -68.453886819502699, -33.188699118906115 ] ] } },
{ "type": "Feature", "properties": { "id_tramo": 483, "osm_id": "177322029", "zona": "URBANO", "km": 0.26188276586143122, "lado": null, "cuneta": "NO", "cun_mat": null, "km_cuneta": 0.26188276586143122, "fecha": "08-2026" }, "geometry": { "type": "LineString", "coordinates": [ [ -68.453826277981577, -33.184536547899491 ], [ -68.452838178109573, -33.184987047820783 ], [ -68.452838057268437, -33.184987103337441 ], [ -68.452727538013193, -33.185038265956003 ], [ -68.452370318570146, -33.185200284056592 ], [ -68.452203518554271, -33.185274039842305 ], [ -68.452203208623686, -33.185274179627186 ], [ -68.452108150360601, -33.185317900491867 ], [ -68.452027546376684, -33.1853457526611 ], [ -68.451755745742091, -33.185434387645493 ] ] } },
{ "type": "Feature", "properties": { "id_tramo": 484, "osm_id": "177322029", "zona": "URBANO", "km": 0.26188276586143122, "lado": null, "cuneta": "NO", "cun_mat": null, "km_cuneta": 0.26188276586143122, "fecha": "08-2026" }, "geometry": { "type": "LineString", "coordinates": [ [ -68.453732333244503, -33.18441645966238 ], [ -68.452785233128552, -33.18487115974095 ], [ -68.452784731851864, -33.184871392989528 ], [ -68.45267713183776, -33.184919892998032 ], [ -68.452676846420189, -33.184920019333767 ], [ -68.452011846329938, -33.185209019384686 ], [ -68.452010484082535, -33.185209561275613 ], [ -68.451934284070717, -33.185237161280625 ], [ -68.451932739396383, -33.18523766225875 ], [ -68.451677139352199, -33.185311162272335 ] ] } },
{ "type": "Feature", "properties": { "id_tramo": 485, "osm_id": "177322064", "zona": "URBANO", "km": 0.24972990182873764, "lado": null, "cuneta": "NO", "cun_mat": null, "km_cuneta": 0.24972990182873764, "fecha": "08-2026" }, "geometry": { "type": "LineString", "coordinates": [ [ -68.453146149266274, -33.183437099715292 ], [ -68.452206349149833, -33.18388359979263 ], [ -68.452205726785252, -33.183883884177071 ], [ -68.452093319875942, -33.183933243302036 ], [ -68.451364612404859, -33.184260901710928 ], [ -68.451360776759302, -33.184262242737823 ], [ -68.451265976742334, -33.184286642742371 ], [ -68.451260690671631, -33.184287413173145 ], [ -68.451106390640106, -33.184293413174053 ] ] } },
{ "type": "Feature", "properties": { "id_tramo": 486, "osm_id": "1238394593", "zona": "URBANO", "km": 0.06461501183724995, "lado": null, "cuneta": "NO", "cun_mat": null, "km_cuneta": 0.06461501183724995, "fecha": "08-2026" }, "geometry": { "type": "LineString", "coordinates": [ [ -68.461143739484498, -33.199388730253304 ], [ -68.461002139520062, -33.199163630232398 ] ] } },
{ "type": "Feature", "properties": { "id_tramo": 488, "osm_id": "177322061", "zona": "URBANO", "km": 0.07429539834117263, "lado": null, "cuneta": "NO", "cun_mat": null, "km_cuneta": 0.07429539834117263, "fecha": "08-2026" }, "geometry": { "type": "LineString", "coordinates": [ [ -68.458205183300834, -33.184942651010608 ], [ -68.457685583411845, -33.184178550935123 ] ] } },
{ "type": "Feature", "properties": { "id_tramo": 490, "osm_id": "177322061", "zona": "URBANO", "km": 0.062819679113116825, "lado": null, "cuneta": "NO", "cun_mat": null, "km_cuneta": 0.062819679113116825, "fecha": "08-2026" }, "geometry": { "type": "LineString", "coordinates": [ [ -68.458415342206678, -33.184871237062211 ], [ -68.458255142239949, -33.184638637039008 ] ] } },
{ "type": "Feature", "properties": { "id_tramo": 491, "osm_id": "177322061", "zona": "URBANO", "km": 0.14013802213501961, "lado": null, "cuneta": "NO", "cun_mat": null, "km_cuneta": 0.14013802213501961, "fecha": "08-2026" }, "geometry": { "type": "LineString", "coordinates": [ [ -68.457454243483369, -33.183860691859778 ], [ -68.456937843595838, -33.183094591784609 ] ] } },
{ "type": "Feature", "properties": { "id_tramo": 492, "osm_id": "177322061", "zona": "URBANO", "km": 0.13861267469544714, "lado": null, "cuneta": "NO", "cun_mat": null, "km_cuneta": 0.13861267469544714, "fecha": "08-2026" }, "geometry": { "type": "LineString", "coordinates": [ [ -68.456713492160446, -33.182757163345137 ], [ -68.456191592271509, -33.181991063269351 ] ] } },
{ "type": "Feature", "properties": { "id_tramo": 493, "osm_id": "177322061", "zona": "URBANO", "km": 0.14013802213501961, "lado": null, "cuneta": "NO", "cun_mat": null, "km_cuneta": 0.14013802213501961, "fecha": "08-2026" }, "geometry": { "type": "LineString", "coordinates": [ [ -68.457750800793335, -33.183918221307771 ], [ -68.457028500939288, -33.182882421203395 ], [ -68.457028214424739, -33.182881997294679 ], [ -68.456971333987639, -33.182795127143557 ], [ -68.456372353805989, -33.181888456848405 ] ] } },
{ "type": "Feature", "properties": { "id_tramo": 496, "osm_id": "177322061", "zona": "URBANO", "km": 0.10769414270474009, "lado": null, "cuneta": "NO", "cun_mat": null, "km_cuneta": 0.10769414270474009, "fecha": "08-2026" }, "geometry": { "type": "LineString", "coordinates": [ [ -68.455423265600601, -33.180505423538996 ], [ -68.455065965677619, -33.17997782348705 ] ] } },
{ "type": "Feature", "properties": { "id_tramo": 497, "osm_id": "177322061", "zona": "URBANO", "km": 0.10769414270474009, "lado": null, "cuneta": "NO", "cun_mat": null, "km_cuneta": 0.10769414270474009, "fecha": "08-2026" }, "geometry": { "type": "LineString", "coordinates": [ [ -68.455226090514913, -33.180573560248156 ], [ -68.454862890592281, -33.180040160195432 ] ] } },
{ "type": "Feature", "properties": { "id_tramo": 498, "osm_id": "177322061", "zona": "URBANO", "km": 0.035360567463777963, "lado": null, "cuneta": "NO", "cun_mat": null, "km_cuneta": 0.035360567463777963, "fecha": "08-2026" }, "geometry": { "type": "LineString", "coordinates": [ [ -68.45435195826839, -33.17921016232232 ], [ -68.454200058233667, -33.178979562344544 ] ] } },
{ "type": "Feature", "properties": { "id_tramo": 501, "osm_id": "177322061", "zona": "URBANO", "km": 0.10285329983173347, "lado": null, "cuneta": "NO", "cun_mat": null, "km_cuneta": 0.10285329983173347, "fecha": "08-2026" }, "geometry": { "type": "LineString", "coordinates": [ [ -68.453993234041548, -33.178721176210139 ], [ -68.453691434107597, -33.178272376166206 ] ] } },
{ "type": "Feature", "properties": { "id_tramo": 502, "osm_id": "545997175", "zona": "URBANO", "km": 0.16648214525164043, "lado": null, "cuneta": "NO", "cun_mat": null, "km_cuneta": 0.16648214525164043, "fecha": "08-2026" }, "geometry": { "type": "LineString", "coordinates": [ [ -68.454364904439032, -33.178934180157903 ], [ -68.453916504533922, -33.178277580092825 ] ] } },
{ "type": "Feature", "properties": { "id_tramo": 505, "osm_id": "177321952", "zona": "URBANO", "km": 0.13344868425141354, "lado": null, "cuneta": "NO", "cun_mat": null, "km_cuneta": 0.13344868425141354, "fecha": "08-2026" }, "geometry": { "type": "LineString", "coordinates": [ [ -68.458642948630654, -33.195498853393829 ], [ -68.458152148742371, -33.194755653322048 ] ] } },
{ "type": "Feature", "properties": { "id_tramo": 506, "osm_id": "177321943", "zona": "URBANO", "km": 0.13397813721539847, "lado": null, "cuneta": "NO", "cun_mat": null, "km_cuneta": 0.13397813721539847, "fecha": "08-2026" }, "geometry": { "type": "LineString", "coordinates": [ [ -68.458170361548326, -33.195709572655382 ], [ -68.457714961433823, -33.194985272722619 ] ] } },
{ "type": "Feature", "properties": { "id_tramo": 512, "osm_id": "177321952", "zona": "URBANO", "km": 0.11890447832836394, "lado": null, "cuneta": "NO", "cun_mat": null, "km_cuneta": 0.11890447832836394, "fecha": "08-2026" }, "geometry": { "type": "LineString", "coordinates": [ [ -68.459259836175676, -33.196461881221154 ], [ -68.458877436267471, -33.195867681164941 ] ] } },
{ "type": "Feature", "properties": { "id_tramo": 514, "osm_id": "177322006", "zona": "URBANO", "km": 0.15053793610638841, "lado": null, "cuneta": "NO", "cun_mat": null, "km_cuneta": 0.15053793610638841, "fecha": "08-2026" }, "geometry": { "type": "LineString", "coordinates": [ [ -68.46166971338468, -33.198530246413718 ], [ -68.461115813519029, -33.19766504633219 ] ] } },
{ "type": "Feature", "properties": { "id_tramo": 515, "osm_id": "177322006", "zona": "URBANO", "km": 0.15053793610638841, "lado": null, "cuneta": "NO", "cun_mat": null, "km_cuneta": 0.15053793610638841, "fecha": "08-2026" }, "geometry": { "type": "LineString", "coordinates": [ [ -68.461510631900182, -33.198570668651719 ], [ -68.460955631768996, -33.197714768733185 ] ] } },
{ "type": "Feature", "properties": { "id_tramo": 518, "osm_id": "1238956367", "zona": "URBANO", "km": 0.063149804147355812, "lado": null, "cuneta": "NO", "cun_mat": null, "km_cuneta": 0.063149804147355812, "fecha": "08-2026" }, "geometry": { "type": "LineString", "coordinates": [ [ -68.460672396047855, -33.1995501132754 ], [ -68.460542996017793, -33.199352213294375 ] ] } },
{ "type": "Feature", "properties": { "id_tramo": 519, "osm_id": "177321969", "zona": "URBANO", "km": 0.12613571457732631, "lado": null, "cuneta": "NO", "cun_mat": null, "km_cuneta": 0.12613571457732631, "fecha": "08-2026" }, "geometry": { "type": "LineString", "coordinates": [ [ -68.464496728501146, -33.199120963218292 ], [ -68.464034528392105, -33.198408763286146 ] ] } },
{ "type": "Feature", "properties": { "id_tramo": 520, "osm_id": "177321969", "zona": "URBANO", "km": 0.060757241965825798, "lado": null, "cuneta": "NO", "cun_mat": null, "km_cuneta": 0.060757241965825798, "fecha": "08-2026" }, "geometry": { "type": "LineString", "coordinates": [ [ -68.464780400616746, -33.199554420247445 ], [ -68.464648000585939, -33.199351720266847 ] ] } },
{ "type": "Feature", "properties": { "id_tramo": 523, "osm_id": "177321922", "zona": "URBANO", "km": 0.063580907611580195, "lado": null, "cuneta": "NO", "cun_mat": null, "km_cuneta": 0.063580907611580195, "fecha": "08-2026" }, "geometry": { "type": "LineString", "coordinates": [ [ -68.463887921675408, -33.199958152437183 ], [ -68.463262721528366, -33.198996352528951 ] ] } },
{ "type": "Feature", "properties": { "id_tramo": 528, "osm_id": "177321972", "zona": "URBANO", "km": 0.17268775917220619, "lado": null, "cuneta": "NO", "cun_mat": null, "km_cuneta": 0.17268775917220619, "fecha": "08-2026" }, "geometry": { "type": "LineString", "coordinates": [ [ -68.456906810615934, -33.194944295393157 ], [ -68.456219010775314, -33.193893695292388 ] ] } },
{ "type": "Feature", "properties": { "id_tramo": 532, "osm_id": "177321972", "zona": "URBANO", "km": 0.13845888485513433, "lado": null, "cuneta": "NO", "cun_mat": null, "km_cuneta": 0.13845888485513433, "fecha": "08-2026" }, "geometry": { "type": "LineString", "coordinates": [ [ -68.459563345447918, -33.199348789328837 ], [ -68.459070245330608, -33.19858598940128 ] ] } },
{ "type": "Feature", "properties": { "id_tramo": 533, "osm_id": "177321972", "zona": "URBANO", "km": 0.13845888485513433, "lado": null, "cuneta": "NO", "cun_mat": null, "km_cuneta": 0.13845888485513433, "fecha": "08-2026" }, "geometry": { "type": "LineString", "coordinates": [ [ -68.459722740541409, -33.199296688942816 ], [ -68.459226740660199, -33.198526888869914 ] ] } },
{ "type": "Feature", "properties": { "id_tramo": 534, "osm_id": "177321972", "zona": "URBANO", "km": 0.16475531760520368, "lado": null, "cuneta": "NO", "cun_mat": null, "km_cuneta": 0.16475531760520368, "fecha": "08-2026" }, "geometry": { "type": "LineString", "coordinates": [ [ -68.459035354484826, -33.198223963128505 ], [ -68.458373854634928, -33.197223763031772 ] ] } },
{ "type": "Feature", "properties": { "id_tramo": 535, "osm_id": "177322037", "zona": "URBANO", "km": 0.10475160377115224, "lado": null, "cuneta": "NO", "cun_mat": null, "km_cuneta": 0.10475160377115224, "fecha": "08-2026" }, "geometry": { "type": "LineString", "coordinates": [ [ -68.45716663589667, -33.197294462726468 ], [ -68.456849135980477, -33.196776662679362 ] ] } },
{ "type": "Feature", "properties": { "id_tramo": 536, "osm_id": "177322037", "zona": "URBANO", "km": 0.10475160377115224, "lado": null, "cuneta": "NO", "cun_mat": null, "km_cuneta": 0.10475160377115224, "fecha": "08-2026" }, "geometry": { "type": "LineString", "coordinates": [ [ -68.457388783858207, -33.197230499675271 ], [ -68.457063883938133, -33.196719399627383 ] ] } },
{ "type": "Feature", "properties": { "id_tramo": 541, "osm_id": "183312754", "zona": "URBANO", "km": 0.088349106318036524, "lado": null, "cuneta": "NO", "cun_mat": null, "km_cuneta": 0.088349106318036524, "fecha": "08-2026" }, "geometry": { "type": "LineString", "coordinates": [ [ -68.459390581491121, -33.195507685031458 ], [ -68.458917981549945, -33.195731284992654 ] ] } },
{ "type": "Feature", "properties": { "id_tramo": 543, "osm_id": "183315837", "zona": "URBANO", "km": 0.089276541845243085, "lado": null, "cuneta": "NO", "cun_mat": null, "km_cuneta": 0.089276541845243085, "fecha": "08-2026" }, "geometry": { "type": "LineString", "coordinates": [ [ -68.459975124312081, -33.196439549526914 ], [ -68.45950452437647, -33.196642149491126 ] ] } },
{ "type": "Feature", "properties": { "id_tramo": 544, "osm_id": "183315837", "zona": "URBANO", "km": 0.089276541845243085, "lado": null, "cuneta": "NO", "cun_mat": null, "km_cuneta": 0.089276541845243085, "fecha": "08-2026" }, "geometry": { "type": "LineString", "coordinates": [ [ -68.459893363019034, -33.19630049862019 ], [ -68.45942386295394, -33.196499698655458 ] ] } },
{ "type": "Feature", "properties": { "id_tramo": 545, "osm_id": "257781709", "zona": "URBANO", "km": 0.091133402440245342, "lado": null, "cuneta": "NO", "cun_mat": null, "km_cuneta": 0.091133402440245342, "fecha": "08-2026" }, "geometry": { "type": "LineString", "coordinates": [ [ -68.460792093706402, -33.197675232193149 ], [ -68.460307193767719, -33.197901432153778 ] ] } },
{ "type": "Feature", "properties": { "id_tramo": 548, "osm_id": "183315919", "zona": "URBANO", "km": 0.088605589740216983, "lado": null, "cuneta": "NO", "cun_mat": null, "km_cuneta": 0.088605589740216983, "fecha": "08-2026" }, "geometry": { "type": "LineString", "coordinates": [ [ -68.461894164520572, -33.199373820705908 ], [ -68.46138056460066, -33.199558520672369 ] ] } },
{ "type": "Feature", "properties": { "id_tramo": 549, "osm_id": "183315919", "zona": "URBANO", "km": 0.088605589740216983, "lado": null, "cuneta": "NO", "cun_mat": null, "km_cuneta": 0.088605589740216983, "fecha": "08-2026" }, "geometry": { "type": "LineString", "coordinates": [ [ -68.461793854661636, -33.199243399249077 ], [ -68.461311054587725, -33.199422399281438 ] ] } },
{ "type": "Feature", "properties": { "id_tramo": 551, "osm_id": "183312781", "zona": "URBANO", "km": 0.037714190428316016, "lado": null, "cuneta": "NO", "cun_mat": null, "km_cuneta": 0.037714190428316016, "fecha": "08-2026" }, "geometry": { "type": "LineString", "coordinates": [ [ -68.456772526763473, -33.189952000351063 ], [ -68.456331926827758, -33.190127300319688 ] ] } },
{ "type": "Feature", "properties": { "id_tramo": 552, "osm_id": "177321969", "zona": "URBANO", "km": 0.09045135665344016, "lado": null, "cuneta": "NO", "cun_mat": null, "km_cuneta": 0.09045135665344016, "fecha": "08-2026" }, "geometry": { "type": "LineString", "coordinates": [ [ -68.459085389743279, -33.190712462264671 ], [ -68.458819789799833, -33.190322562226093 ] ] } },
{ "type": "Feature", "properties": { "id_tramo": 553, "osm_id": "177321969", "zona": "URBANO", "km": 0.09045135665344016, "lado": null, "cuneta": "NO", "cun_mat": null, "km_cuneta": 0.09045135665344016, "fecha": "08-2026" }, "geometry": { "type": "LineString", "coordinates": [ [ -68.459283508708637, -33.190640634667119 ], [ -68.45901650876236, -33.190258534628548 ] ] } },
{ "type": "Feature", "properties": { "id_tramo": 556, "osm_id": "177321922", "zona": "URBANO", "km": 0.099405209721718166, "lado": null, "cuneta": "NO", "cun_mat": null, "km_cuneta": 0.099405209721718166, "fecha": "08-2026" }, "geometry": { "type": "LineString", "coordinates": [ [ -68.457817799406342, -33.190320676746275 ], [ -68.457476899485783, -33.189798476696311 ] ] } },
{ "type": "Feature", "properties": { "id_tramo": 557, "osm_id": "177321922", "zona": "URBANO", "km": 0.099405209721718166, "lado": null, "cuneta": "NO", "cun_mat": null, "km_cuneta": 0.099405209721718166, "fecha": "08-2026" }, "geometry": { "type": "LineString", "coordinates": [ [ -68.457671435854877, -33.190375177467551 ], [ -68.457284735763238, -33.189777977524315 ], [ -68.457228434460063, -33.189691075540686 ], [ -68.456286335308334, -33.188236177333692 ] ] } },
{ "type": "Feature", "properties": { "id_tramo": 558, "osm_id": "177321922", "zona": "URBANO", "km": 0.20476779371609491, "lado": null, "cuneta": "NO", "cun_mat": null, "km_cuneta": 0.20476779371609491, "fecha": "08-2026" }, "geometry": { "type": "LineString", "coordinates": [ [ -68.45732913939608, -33.189556937475636 ], [ -68.456442439598874, -33.188210937345929 ] ] } },
{ "type": "Feature", "properties": { "id_tramo": 559, "osm_id": "177321945", "zona": "URBANO", "km": 0.1019590520762929, "lado": null, "cuneta": "NO", "cun_mat": null, "km_cuneta": 0.1019590520762929, "fecha": "08-2026" }, "geometry": { "type": "LineString", "coordinates": [ [ -68.456622332129385, -33.190781573032126 ], [ -68.456290432209244, -33.190265172983317 ] ] } },
{ "type": "Feature", "properties": { "id_tramo": 560, "osm_id": "177321922", "zona": "URBANO", "km": 0.090818562552815105, "lado": null, "cuneta": "NO", "cun_mat": null, "km_cuneta": 0.090818562552815105, "fecha": "08-2026" }, "geometry": { "type": "LineString", "coordinates": [ [ -68.458280841045308, -33.191019840453855 ], [ -68.458017341105489, -33.190620040415304 ] ] } },
{ "type": "Feature", "properties": { "id_tramo": 562, "osm_id": "177321945", "zona": "URBANO", "km": 0.091978473966515609, "lado": null, "cuneta": "NO", "cun_mat": null, "km_cuneta": 0.091978473966515609, "fecha": "08-2026" }, "geometry": { "type": "LineString", "coordinates": [ [ -68.457087636678295, -33.191460431035608 ], [ -68.456813536735382, -33.191062130995874 ] ] } },
{ "type": "Feature", "properties": { "id_tramo": 563, "osm_id": "177321945", "zona": "URBANO", "km": 0.091978473966515609, "lado": null, "cuneta": "NO", "cun_mat": null, "km_cuneta": 0.091978473966515609, "fecha": "08-2026" }, "geometry": { "type": "LineString", "coordinates": [ [ -68.456906536916534, -33.191519278733935 ], [ -68.456645436854643, -33.191115978772267 ] ] } },
{ "type": "Feature", "properties": { "id_tramo": 564, "osm_id": "177321945", "zona": "URBANO", "km": 0.1019590520762929, "lado": null, "cuneta": "NO", "cun_mat": null, "km_cuneta": 0.1019590520762929, "fecha": "08-2026" }, "geometry": { "type": "LineString", "coordinates": [ [ -68.456464090903609, -33.190823208266671 ], [ -68.456127590825531, -33.19030890831597 ] ] } },
{ "type": "Feature", "properties": { "id_tramo": 567, "osm_id": "177322059", "zona": "URBANO", "km": 0.091779174669816846, "lado": null, "cuneta": "NO", "cun_mat": null, "km_cuneta": 0.091779174669816846, "fecha": "08-2026" }, "geometry": { "type": "LineString", "coordinates": [ [ -68.455890088709836, -33.191900412655031 ], [ -68.455635588766697, -33.191518412617881 ] ] } },
{ "type": "Feature", "properties": { "id_tramo": 569, "osm_id": "183315836", "zona": "URBANO", "km": 0.11811992237762498, "lado": null, "cuneta": "NO", "cun_mat": null, "km_cuneta": 0.11811992237762498, "fecha": "08-2026" }, "geometry": { "type": "LineString", "coordinates": [ [ -68.457121196179031, -33.193083016376825 ], [ -68.456810396113312, -33.192628216421951 ], [ -68.456808110933025, -33.192625491253338 ], [ -68.456805268051284, -33.192623166428916 ], [ -68.456801964671556, -33.192621321438807 ], [ -68.456798313742681, -33.192620019366707 ], [ -68.456794440096715, -33.192619304732901 ], [ -68.456790476180899, -33.192619201972029 ], [ -68.456786557528957, -33.192619714597726 ], [ -68.456472489651233, -33.192686280249823 ], [ -68.456128485804172, -33.192184001492336 ] ] } },
{ "type": "Feature", "properties": { "id_tramo": 572, "osm_id": "177321972", "zona": "URBANO", "km": 0.17261976822118322, "lado": null, "cuneta": "NO", "cun_mat": null, "km_cuneta": 0.17261976822118322, "fecha": "08-2026" }, "geometry": { "type": "LineString", "coordinates": [ [ -68.455843841721901, -33.19364028546584 ], [ -68.45514624155615, -33.192561685568272 ] ] } },
{ "type": "Feature", "properties": { "id_tramo": 574, "osm_id": "177321972", "zona": "URBANO", "km": 0.09208011869971304, "lado": null, "cuneta": "NO", "cun_mat": null, "km_cuneta": 0.09208011869971304, "fecha": "08-2026" }, "geometry": { "type": "LineString", "coordinates": [ [ -68.455085166647009, -33.192200079549579 ], [ -68.454829466704737, -33.191814379512223 ] ] } },
{ "type": "Feature", "properties": { "id_tramo": 577, "osm_id": "177321947", "zona": "URBANO", "km": 0.05995946902598577, "lado": null, "cuneta": "NO", "cun_mat": null, "km_cuneta": 0.05995946902598577, "fecha": "08-2026" }, "geometry": { "type": "LineString", "coordinates": [ [ -68.466554209814007, -33.199982734195444 ], [ -68.466418109782197, -33.199773934215422 ] ] } },
{ "type": "Feature", "properties": { "id_tramo": 578, "osm_id": "177321969", "zona": "URBANO", "km": 0.059998778140488387, "lado": null, "cuneta": "NO", "cun_mat": null, "km_cuneta": 0.059998778140488387, "fecha": "08-2026" }, "geometry": { "type": "LineString", "coordinates": [ [ -68.465412670889805, -33.200510224229134 ], [ -68.465280170860794, -33.20031322424844 ] ] } },
{ "type": "Feature", "properties": { "id_tramo": 583, "osm_id": "177321947", "zona": "URBANO", "km": 0.1879444834031147, "lado": null, "cuneta": "NO", "cun_mat": null, "km_cuneta": 0.1879444834031147, "fecha": "08-2026" }, "geometry": { "type": "LineString", "coordinates": [ [ -68.467448390931139, -33.201342053821243 ], [ -68.467102790854753, -33.200825953871671 ], [ -68.467032190151428, -33.200720552854946 ], [ -68.466738890725637, -33.200282553852048 ] ] } },
{ "type": "Feature", "properties": { "id_tramo": 585, "osm_id": "183312795", "zona": "URBANO", "km": 0.068246769233606008, "lado": null, "cuneta": "NO", "cun_mat": null, "km_cuneta": 0.068246769233606008, "fecha": "08-2026" }, "geometry": { "type": "LineString", "coordinates": [ [ -68.467352950703798, -33.201450628427182 ], [ -68.467041650639999, -33.201456128427658 ] ] } },
{ "type": "Feature", "properties": { "id_tramo": 589, "osm_id": "183315919", "zona": "URBANO", "km": 0.078796260587969402, "lado": null, "cuneta": "NO", "cun_mat": null, "km_cuneta": 0.078796260587969402, "fecha": "08-2026" }, "geometry": { "type": "LineString", "coordinates": [ [ -68.459884972622433, -33.200073912268039 ], [ -68.459511672682069, -33.200202412244607 ] ] } },
{ "type": "Feature", "properties": { "id_tramo": 590, "osm_id": "183315857", "zona": "URBANO", "km": 0.15424012679826021, "lado": null, "cuneta": "NO", "cun_mat": null, "km_cuneta": 0.15424012679826021, "fecha": "08-2026" }, "geometry": { "type": "LineString", "coordinates": [ [ -68.466891867213391, -33.201378030924808 ], [ -68.466603965119276, -33.20093402754717 ], [ -68.466537666323461, -33.200831729371259 ], [ -68.46631466754441, -33.200487831140094 ] ] } },
{ "type": "Feature", "properties": { "id_tramo": 592, "osm_id": "177321922", "zona": "URBANO", "km": 0.059512436336344614, "lado": null, "cuneta": "NO", "cun_mat": null, "km_cuneta": 0.059512436336344614, "fecha": "08-2026" }, "geometry": { "type": "LineString", "coordinates": [ [ -68.464711312668584, -33.200842943403629 ], [ -68.46456891269716, -33.200639443383061 ] ] } },
{ "type": "Feature", "properties": { "id_tramo": 593, "osm_id": "177321922", "zona": "URBANO", "km": 0.056331110014085466, "lado": null, "cuneta": "NO", "cun_mat": null, "km_cuneta": 0.056331110014085466, "fecha": "08-2026" }, "geometry": { "type": "LineString", "coordinates": [ [ -68.464386130445831, -33.200396227407019 ], [ -68.464256530475552, -33.200199227388033 ] ] } },
{ "type": "Feature", "properties": { "id_tramo": 596, "osm_id": "183315872", "zona": "URBANO", "km": 0.14913143055713621, "lado": null, "cuneta": "NO", "cun_mat": null, "km_cuneta": 0.14913143055713621, "fecha": "08-2026" }, "geometry": { "type": "LineString", "coordinates": [ [ -68.464059049157271, -33.201350594388572 ], [ -68.463535049032444, -33.200539394465572 ] ] } },
{ "type": "Feature", "properties": { "id_tramo": 598, "osm_id": "177322006", "zona": "URBANO", "km": 0.1751743620557171, "lado": null, "cuneta": "NO", "cun_mat": null, "km_cuneta": 0.1751743620557171, "fecha": "08-2026" }, "geometry": { "type": "LineString", "coordinates": [ [ -68.463291537873189, -33.201311576959014 ], [ -68.462900937780631, -33.200708477016391 ], [ -68.462838037388309, -33.200611376442843 ], [ -68.462065437755584, -33.199418377406175 ] ] } },
{ "type": "Feature", "properties": { "id_tramo": 600, "osm_id": "177322006", "zona": "URBANO", "km": 0.1751743620557171, "lado": null, "cuneta": "NO", "cun_mat": null, "km_cuneta": 0.1751743620557171, "fecha": "08-2026" }, "geometry": { "type": "LineString", "coordinates": [ [ -68.462908132398056, -33.200446030383638 ], [ -68.46220713255876, -33.199380930281002 ] ] } },
{ "type": "Feature", "properties": { "id_tramo": 601, "osm_id": "183315872", "zona": "URBANO", "km": 0.088894281339753273, "lado": null, "cuneta": "NO", "cun_mat": null, "km_cuneta": 0.088894281339753273, "fecha": "08-2026" }, "geometry": { "type": "LineString", "coordinates": [ [ -68.463458011378975, -33.200202843846846 ], [ -68.463152811453071, -33.199725943801909 ] ] } },
{ "type": "Feature", "properties": { "id_tramo": 602, "osm_id": "183315872", "zona": "URBANO", "km": 0.088894281339753273, "lado": null, "cuneta": "NO", "cun_mat": null, "km_cuneta": 0.088894281339753273, "fecha": "08-2026" }, "geometry": { "type": "LineString", "coordinates": [ [ -68.463345051420447, -33.200249498260128 ], [ -68.463027751344768, -33.199757998306758 ] ] } },
{ "type": "Feature", "properties": { "id_tramo": 603, "osm_id": "1238956367", "zona": "URBANO", "km": 0.053553226631943111, "lado": null, "cuneta": "NO", "cun_mat": null, "km_cuneta": 0.053553226631943111, "fecha": "08-2026" }, "geometry": { "type": "LineString", "coordinates": [ [ -68.461750724925054, -33.20124841277692 ], [ -68.461631624895645, -33.201060712794494 ], [ -68.461569723950305, -33.200963211337651 ], [ -68.460865625184269, -33.199853413660534 ] ] } },
{ "type": "Feature", "properties": { "id_tramo": 604, "osm_id": "177321972", "zona": "URBANO", "km": 0.19183555296548918, "lado": null, "cuneta": "NO", "cun_mat": null, "km_cuneta": 0.19183555296548918, "fecha": "08-2026" }, "geometry": { "type": "LineString", "coordinates": [ [ -68.460771542953822, -33.201251641254487 ], [ -68.460060342776657, -33.200125941359438 ] ] } },
{ "type": "Feature", "properties": { "id_tramo": 605, "osm_id": "177321972", "zona": "URBANO", "km": 0.19183555296548918, "lado": null, "cuneta": "NO", "cun_mat": null, "km_cuneta": 0.19183555296548918, "fecha": "08-2026" }, "geometry": { "type": "LineString", "coordinates": [ [ -68.460989729675106, -33.201289772724877 ], [ -68.460216229861246, -33.200086372611118 ] ] } },
{ "type": "Feature", "properties": { "id_tramo": 606, "osm_id": "1238394593", "zona": "URBANO", "km": 0.073940654091806376, "lado": null, "cuneta": "NO", "cun_mat": null, "km_cuneta": 0.073940654091806376, "fecha": "08-2026" }, "geometry": { "type": "LineString", "coordinates": [ [ -68.462385016977819, -33.201321852958316 ], [ -68.462142514444309, -33.200943448876437 ], [ -68.462081415357304, -33.200848050269826 ], [ -68.46134131644709, -33.199692951581994 ] ] } },
{ "type": "Feature", "properties": { "id_tramo": 607, "osm_id": "183315919", "zona": "URBANO", "km": 0.080228665574877317, "lado": null, "cuneta": "NO", "cun_mat": null, "km_cuneta": 0.080228665574877317, "fecha": "08-2026" }, "geometry": { "type": "LineString", "coordinates": [ [ -68.460693536020656, -33.199803059759439 ], [ -68.46026933608772, -33.19995195973236 ] ] } },
{ "type": "Feature", "properties": { "id_tramo": 608, "osm_id": "183315919", "zona": "URBANO", "km": 0.080228665574877317, "lado": null, "cuneta": "NO", "cun_mat": null, "km_cuneta": 0.080228665574877317, "fecha": "08-2026" }, "geometry": { "type": "LineString", "coordinates": [ [ -68.460619029643993, -33.199667752258691 ], [ -68.460180729574517, -33.199820852286557 ] ] } },
{ "type": "Feature", "properties": { "id_tramo": 610, "osm_id": "183315921", "zona": "URBANO", "km": 0.080020290178950654, "lado": null, "cuneta": "NO", "cun_mat": null, "km_cuneta": 0.080020290178950654, "fecha": "08-2026" }, "geometry": { "type": "LineString", "coordinates": [ [ -68.460392944517181, -33.199312553506346 ], [ -68.45996694458006, -33.19947935347642 ] ] } },
{ "type": "Feature", "properties": { "id_tramo": 613, "osm_id": "177322037", "zona": "URBANO", "km": 0.13692249118418456, "lado": null, "cuneta": "NO", "cun_mat": null, "km_cuneta": 0.13692249118418456, "fecha": "08-2026" }, "geometry": { "type": "LineString", "coordinates": [ [ -68.45680794313995, -33.19635539198778 ], [ -68.456328943254547, -33.195612291917378 ] ] } },
{ "type": "Feature", "properties": { "id_tramo": 614, "osm_id": "177322037", "zona": "URBANO", "km": 0.13692249118418456, "lado": null, "cuneta": "NO", "cun_mat": null, "km_cuneta": 0.13692249118418456, "fecha": "08-2026" }, "geometry": { "type": "LineString", "coordinates": [ [ -68.456669008711472, -33.196429388916222 ], [ -68.456179008591349, -33.195659888988416 ] ] } },
{ "type": "Feature", "properties": { "id_tramo": 615, "osm_id": "257781709", "zona": "URBANO", "km": 0.077998303469815691, "lado": null, "cuneta": "NO", "cun_mat": null, "km_cuneta": 0.077998303469815691, "fecha": "08-2026" }, "geometry": { "type": "LineString", "coordinates": [ [ -68.459667282400005, -33.198207045183125 ], [ -68.459271682451302, -33.198387245151615 ] ] } },
{ "type": "Feature", "properties": { "id_tramo": 616, "osm_id": "257781709", "zona": "URBANO", "km": 0.077998303469815691, "lado": null, "cuneta": "NO", "cun_mat": null, "km_cuneta": 0.077998303469815691, "fecha": "08-2026" }, "geometry": { "type": "LineString", "coordinates": [ [ -68.459591427939472, -33.198076004195848 ], [ -68.459193727888632, -33.19825970422788 ] ] } },
{ "type": "Feature", "properties": { "id_tramo": 617, "osm_id": "183315837", "zona": "URBANO", "km": 0.080842832317823354, "lado": null, "cuneta": "NO", "cun_mat": null, "km_cuneta": 0.080842832317823354, "fecha": "08-2026" }, "geometry": { "type": "LineString", "coordinates": [ [ -68.458797396245942, -33.196919618683097 ], [ -68.458399996300784, -33.197089118653111 ] ] } },
{ "type": "Feature", "properties": { "id_tramo": 618, "osm_id": "183315837", "zona": "URBANO", "km": 0.080842832317823354, "lado": null, "cuneta": "NO", "cun_mat": null, "km_cuneta": 0.080842832317823354, "fecha": "08-2026" }, "geometry": { "type": "LineString", "coordinates": [ [ -68.458718277915111, -33.196782834547406 ], [ -68.458329577860709, -33.196945934576362 ] ] } },
{ "type": "Feature", "properties": { "id_tramo": 619, "osm_id": "183312754", "zona": "URBANO", "km": 0.080752646154569382, "lado": null, "cuneta": "NO", "cun_mat": null, "km_cuneta": 0.080752646154569382, "fecha": "08-2026" }, "geometry": { "type": "LineString", "coordinates": [ [ -68.458257370298739, -33.19605444322054 ], [ -68.457879070346422, -33.196231443189767 ] ] } },
{ "type": "Feature", "properties": { "id_tramo": 621, "osm_id": "183312786", "zona": "URBANO", "km": 0.080747951255568232, "lado": null, "cuneta": "NO", "cun_mat": null, "km_cuneta": 0.080747951255568232, "fecha": "08-2026" }, "geometry": { "type": "LineString", "coordinates": [ [ -68.457534559034627, -33.194941756012547 ], [ -68.457159859083077, -33.19511295598263 ] ] } },
{ "type": "Feature", "properties": { "id_tramo": 623, "osm_id": "183312785", "zona": "URBANO", "km": 0.080752220438064778, "lado": null, "cuneta": "NO", "cun_mat": null, "km_cuneta": 0.080752220438064778, "fecha": "08-2026" }, "geometry": { "type": "LineString", "coordinates": [ [ -68.456649870660144, -33.193559743187365 ], [ -68.456252770710194, -33.193745543155067 ] ] } },
{ "type": "Feature", "properties": { "id_tramo": 625, "osm_id": "183315836", "zona": "URBANO", "km": 0.080653793915562141, "lado": null, "cuneta": "NO", "cun_mat": null, "km_cuneta": 0.080653793915562141, "fecha": "08-2026" }, "geometry": { "type": "LineString", "coordinates": [ [ -68.45575945507845, -33.192220360615124 ], [ -68.45536435513948, -33.192364660589 ] ] } },
{ "type": "Feature", "properties": { "id_tramo": 629, "osm_id": "177322037", "zona": "URBANO", "km": 0.092260202959027232, "lado": null, "cuneta": "NO", "cun_mat": null, "km_cuneta": 0.092260202959027232, "fecha": "08-2026" }, "geometry": { "type": "LineString", "coordinates": [ [ -68.45509624419708, -33.194003636246499 ], [ -68.454280746369761, -33.192770639930501 ], [ -68.454214589941202, -33.192670505912545 ], [ -68.453883230500722, -33.192159468634287 ] ] } },
{ "type": "Feature", "properties": { "id_tramo": 630, "osm_id": "177322037", "zona": "URBANO", "km": 0.18023309126050097, "lado": null, "cuneta": "NO", "cun_mat": null, "km_cuneta": 0.18023309126050097, "fecha": "08-2026" }, "geometry": { "type": "LineString", "coordinates": [ [ -68.455242387227628, -33.193950559240278 ], [ -68.454510587399142, -33.192826659132969 ] ] } },
{ "type": "Feature", "properties": { "id_tramo": 631, "osm_id": "177322037", "zona": "URBANO", "km": 0.092260202959027232, "lado": null, "cuneta": "NO", "cun_mat": null, "km_cuneta": 0.092260202959027232, "fecha": "08-2026" }, "geometry": { "type": "LineString", "coordinates": [ [ -68.454293065751443, -33.192490278287941 ], [ -68.454045565807348, -33.192116878251781 ] ] } },
{ "type": "Feature", "properties": { "id_tramo": 633, "osm_id": "177322037", "zona": "URBANO", "km": 0.10367536204975034, "lado": null, "cuneta": "NO", "cun_mat": null, "km_cuneta": 0.10367536204975034, "fecha": "08-2026" }, "geometry": { "type": "LineString", "coordinates": [ [ -68.453677019124527, -33.191842206849245 ], [ -68.453354619045044, -33.191334506896752 ] ] } },
{ "type": "Feature", "properties": { "id_tramo": 637, "osm_id": "183315919", "zona": "URBANO", "km": 0.078796260587969402, "lado": null, "cuneta": "NO", "cun_mat": null, "km_cuneta": 0.078796260587969402, "fecha": "08-2026" }, "geometry": { "type": "LineString", "coordinates": [ [ -68.459801150072479, -33.199939679902357 ], [ -68.459412850010523, -33.200073779926804 ] ] } },
{ "type": "Feature", "properties": { "id_tramo": 639, "osm_id": "183315921", "zona": "URBANO", "km": 0.079206338859175815, "lado": null, "cuneta": "NO", "cun_mat": null, "km_cuneta": 0.079206338859175815, "fecha": "08-2026" }, "geometry": { "type": "LineString", "coordinates": [ [ -68.459530306786817, -33.199488846427897 ], [ -68.459129706729144, -33.199651046456836 ] ] } },
{ "type": "Feature", "properties": { "id_tramo": 640, "osm_id": "257781709", "zona": "URBANO", "km": 0.082087076424543048, "lado": null, "cuneta": "NO", "cun_mat": null, "km_cuneta": 0.082087076424543048, "fecha": "08-2026" }, "geometry": { "type": "LineString", "coordinates": [ [ -68.458898265806923, -33.198557598669773 ], [ -68.458495465858377, -33.19874379863731 ] ] } },
{ "type": "Feature", "properties": { "id_tramo": 642, "osm_id": "183315837", "zona": "URBANO", "km": 0.083031586143941002, "lado": null, "cuneta": "NO", "cun_mat": null, "km_cuneta": 0.083031586143941002, "fecha": "08-2026" }, "geometry": { "type": "LineString", "coordinates": [ [ -68.458048052701898, -33.19722859467938 ], [ -68.45763875275874, -33.197401894648692 ] ] } },
{ "type": "Feature", "properties": { "id_tramo": 645, "osm_id": "183312754", "zona": "URBANO", "km": 0.083937810239562649, "lado": null, "cuneta": "NO", "cun_mat": null, "km_cuneta": 0.083937810239562649, "fecha": "08-2026" }, "geometry": { "type": "LineString", "coordinates": [ [ -68.457380214198295, -33.196200056258803 ], [ -68.45699061414777, -33.196377456289838 ] ] } },
{ "type": "Feature", "properties": { "id_tramo": 646, "osm_id": "183312786", "zona": "URBANO", "km": 0.085637273347803161, "lado": null, "cuneta": "NO", "cun_mat": null, "km_cuneta": 0.085637273347803161, "fecha": "08-2026" }, "geometry": { "type": "LineString", "coordinates": [ [ -68.456772823664963, -33.195288781557124 ], [ -68.456373223717719, -33.195467581525783 ] ] } },
{ "type": "Feature", "properties": { "id_tramo": 648, "osm_id": "183312785", "zona": "URBANO", "km": 0.087559144599575575, "lado": null, "cuneta": "NO", "cun_mat": null, "km_cuneta": 0.087559144599575575, "fecha": "08-2026" }, "geometry": { "type": "LineString", "coordinates": [ [ -68.455892000036542, -33.193929283125534 ], [ -68.455491200087963, -33.19411378309335 ] ] } },
{ "type": "Feature", "properties": { "id_tramo": 650, "osm_id": "183315836", "zona": "URBANO", "km": 0.089150578425346724, "lado": null, "cuneta": "NO", "cun_mat": null, "km_cuneta": 0.089150578425346724, "fecha": "08-2026" }, "geometry": { "type": "LineString", "coordinates": [ [ -68.454969107196177, -33.192526478152914 ], [ -68.454555407259846, -33.192678578125395 ] ] } },
{ "type": "Feature", "properties": { "id_tramo": 651, "osm_id": "183315836", "zona": "URBANO", "km": 0.089150578425346724, "lado": null, "cuneta": "NO", "cun_mat": null, "km_cuneta": 0.089150578425346724, "fecha": "08-2026" }, "geometry": { "type": "LineString", "coordinates": [ [ -68.45488477411962, -33.19238752870227 ], [ -68.45447627405666, -33.192537328729358 ] ] } },
{ "type": "Feature", "properties": { "id_tramo": 653, "osm_id": "183312743", "zona": "URBANO", "km": 0.088651296468989144, "lado": null, "cuneta": "NO", "cun_mat": null, "km_cuneta": 0.088651296468989144, "fecha": "08-2026" }, "geometry": { "type": "LineString", "coordinates": [ [ -68.454420486739181, -33.191684524046089 ], [ -68.453995286673717, -33.191840724074339 ] ] } },
{ "type": "Feature", "properties": { "id_tramo": 655, "osm_id": "183312781", "zona": "URBANO", "km": 0.087265711393229972, "lado": null, "cuneta": "NO", "cun_mat": null, "km_cuneta": 0.087265711393229972, "fecha": "08-2026" }, "geometry": { "type": "LineString", "coordinates": [ [ -68.45389433087837, -33.19087495578006 ], [ -68.453461630814346, -33.191043855810356 ] ] } },
{ "type": "Feature", "properties": { "id_tramo": 656, "osm_id": "257781725", "zona": "URBANO", "km": 0.083493451840368799, "lado": null, "cuneta": "NO", "cun_mat": null, "km_cuneta": 0.083493451840368799, "fecha": "08-2026" }, "geometry": { "type": "LineString", "coordinates": [ [ -68.453603521402925, -33.188954695868674 ], [ -68.453207221466457, -33.189090195843967 ] ] } },
{ "type": "Feature", "properties": { "id_tramo": 658, "osm_id": "183312797", "zona": "URBANO", "km": 0.077317789965998224, "lado": null, "cuneta": "NO", "cun_mat": null, "km_cuneta": 0.077317789965998224, "fecha": "08-2026" }, "geometry": { "type": "LineString", "coordinates": [ [ -68.453025476349765, -33.188055052999943 ], [ -68.452625676411643, -33.18820065297357 ] ] } },
{ "type": "Feature", "properties": { "id_tramo": 660, "osm_id": "257781719", "zona": "URBANO", "km": 0.081559627213188352, "lado": null, "cuneta": "NO", "cun_mat": null, "km_cuneta": 0.081559627213188352, "fecha": "08-2026" }, "geometry": { "type": "LineString", "coordinates": [ [ -68.452360412582294, -33.187070764953219 ], [ -68.45193871265036, -33.187213064927235 ] ] } },
{ "type": "Feature", "properties": { "id_tramo": 661, "osm_id": "257781719", "zona": "URBANO", "km": 0.081559627213188352, "lado": null, "cuneta": "NO", "cun_mat": null, "km_cuneta": 0.081559627213188352, "fecha": "08-2026" }, "geometry": { "type": "LineString", "coordinates": [ [ -68.452291554900526, -33.186954912185314 ], [ -68.451875754832287, -33.187090512210155 ] ] } },
{ "type": "Feature", "properties": { "id_tramo": 668, "osm_id": "257781725", "zona": "URBANO", "km": 0.085724127308337977, "lado": null, "cuneta": "NO", "cun_mat": null, "km_cuneta": 0.085724127308337977, "fecha": "08-2026" }, "geometry": { "type": "LineString", "coordinates": [ [ -68.452798773852848, -33.189224011110632 ], [ -68.452393073919097, -33.189357711086153 ] ] } },
{ "type": "Feature", "properties": { "id_tramo": 669, "osm_id": "183312797", "zona": "URBANO", "km": 0.086586631314204812, "lado": null, "cuneta": "NO", "cun_mat": null, "km_cuneta": 0.086586631314204812, "fecha": "08-2026" }, "geometry": { "type": "LineString", "coordinates": [ [ -68.452133405831475, -33.188225128856267 ], [ -68.451747105769201, -33.18835582888012 ] ] } },
{ "type": "Feature", "properties": { "id_tramo": 672, "osm_id": "257781719", "zona": "URBANO", "km": 0.079894387506276601, "lado": null, "cuneta": "NO", "cun_mat": null, "km_cuneta": 0.079894387506276601, "fecha": "08-2026" }, "geometry": { "type": "LineString", "coordinates": [ [ -68.451565549840296, -33.187338890657976 ], [ -68.451165549907302, -33.187463490635054 ] ] } },
{ "type": "Feature", "properties": { "id_tramo": 673, "osm_id": "177322026", "zona": "URBANO", "km": 0.075104439906180209, "lado": null, "cuneta": "NO", "cun_mat": null, "km_cuneta": 0.075104439906180209, "fecha": "08-2026" }, "geometry": { "type": "LineString", "coordinates": [ [ -68.451009429335045, -33.186458720491203 ], [ -68.450634529273401, -33.186580520513523 ] ] } },
{ "type": "Feature", "properties": { "id_tramo": 674, "osm_id": "177322026", "zona": "URBANO", "km": 0.075104439906180209, "lado": null, "cuneta": "NO", "cun_mat": null, "km_cuneta": 0.075104439906180209, "fecha": "08-2026" }, "geometry": { "type": "LineString", "coordinates": [ [ -68.451088676373416, -33.186577010354405 ], [ -68.450719276433759, -33.186698710332131 ] ] } },
{ "type": "Feature", "properties": { "id_tramo": 680, "osm_id": "183312765", "zona": "URBANO", "km": 0.1371942358733485, "lado": null, "cuneta": "NO", "cun_mat": null, "km_cuneta": 0.1371942358733485, "fecha": "08-2026" }, "geometry": { "type": "LineString", "coordinates": [ [ -68.45259334020713, -33.196571387489357 ], [ -68.452071440332162, -33.19576118741265 ] ] } },
{ "type": "Feature", "properties": { "id_tramo": 683, "osm_id": "183312759", "zona": "URBANO", "km": 0.085974768845802532, "lado": null, "cuneta": "NO", "cun_mat": null, "km_cuneta": 0.085974768845802532, "fecha": "08-2026" }, "geometry": { "type": "LineString", "coordinates": [ [ -68.457092880214219, -33.198874750081899 ], [ -68.456856180269853, -33.198510750047163 ] ] } },
{ "type": "Feature", "properties": { "id_tramo": 685, "osm_id": "257781709", "zona": "URBANO", "km": 0.12753301113039114, "lado": null, "cuneta": "NO", "cun_mat": null, "km_cuneta": 0.12753301113039114, "fecha": "08-2026" }, "geometry": { "type": "LineString", "coordinates": [ [ -68.45814132705533, -33.198856308361997 ], [ -68.45719552722305, -33.199108008315207 ], [ -68.457088222433455, -33.199136609589623 ], [ -68.456040227146332, -33.199415508332997 ] ] } },
{ "type": "Feature", "properties": { "id_tramo": 689, "osm_id": "183312783", "zona": "URBANO", "km": 0.057269399173016412, "lado": null, "cuneta": "NO", "cun_mat": null, "km_cuneta": 0.057269399173016412, "fecha": "08-2026" }, "geometry": { "type": "LineString", "coordinates": [ [ -68.457681774570503, -33.198173569606901 ], [ -68.45690637470905, -33.198374769569455 ] ] } },
{ "type": "Feature", "properties": { "id_tramo": 690, "osm_id": "183312783", "zona": "URBANO", "km": 0.12646888271245488, "lado": null, "cuneta": "NO", "cun_mat": null, "km_cuneta": 0.12646888271245488, "fecha": "08-2026" }, "geometry": { "type": "LineString", "coordinates": [ [ -68.456507736122902, -33.198480705960613 ], [ -68.455602636283501, -33.198721205915909 ] ] } },
{ "type": "Feature", "properties": { "id_tramo": 691, "osm_id": "183312768", "zona": "URBANO", "km": 0.08814176406803384, "lado": null, "cuneta": "NO", "cun_mat": null, "km_cuneta": 0.08814176406803384, "fecha": "08-2026" }, "geometry": { "type": "LineString", "coordinates": [ [ -68.455772799499002, -33.199244337095315 ], [ -68.455544499563302, -33.198858837061245 ] ] } },
{ "type": "Feature", "properties": { "id_tramo": 694, "osm_id": "177322037", "zona": "URBANO", "km": 0.13252986938081393, "lado": null, "cuneta": "NO", "cun_mat": null, "km_cuneta": 0.13252986938081393, "fecha": "08-2026" }, "geometry": { "type": "LineString", "coordinates": [ [ -68.458816936366034, -33.199650873389452 ], [ -68.458306036255948, -33.198896973463761 ] ] } },
{ "type": "Feature", "properties": { "id_tramo": 695, "osm_id": "177322037", "zona": "URBANO", "km": 0.089073758802749842, "lado": null, "cuneta": "NO", "cun_mat": null, "km_cuneta": 0.089073758802749842, "fecha": "08-2026" }, "geometry": { "type": "LineString", "coordinates": [ [ -68.457657400910335, -33.197947276163227 ], [ -68.457422800853038, -33.197579576197775 ] ] } },
{ "type": "Feature", "properties": { "id_tramo": 700, "osm_id": "183312761", "zona": "URBANO", "km": 0.079059082302050374, "lado": null, "cuneta": "NO", "cun_mat": null, "km_cuneta": 0.079059082302050374, "fecha": "08-2026" }, "geometry": { "type": "LineString", "coordinates": [ [ -68.455405014709186, -33.19856032852136 ], [ -68.455172614771158, -33.198179328486859 ] ] } },
{ "type": "Feature", "properties": { "id_tramo": 701, "osm_id": "183312743", "zona": "URBANO", "km": 0.094336618824133384, "lado": null, "cuneta": "NO", "cun_mat": null, "km_cuneta": 0.094336618824133384, "fecha": "08-2026" }, "geometry": { "type": "LineString", "coordinates": [ [ -68.453701744703537, -33.192115001245483 ], [ -68.453086944797647, -33.192343001204293 ] ] } },
{ "type": "Feature", "properties": { "id_tramo": 703, "osm_id": "183312785", "zona": "URBANO", "km": 0.082120247840966526, "lado": null, "cuneta": "NO", "cun_mat": null, "km_cuneta": 0.082120247840966526, "fecha": "08-2026" }, "geometry": { "type": "LineString", "coordinates": [ [ -68.455128809827869, -33.194274478605188 ], [ -68.454636809891085, -33.194500678565731 ] ] } },
{ "type": "Feature", "properties": { "id_tramo": 705, "osm_id": "183312750", "zona": "URBANO", "km": 0.091491021556806384, "lado": null, "cuneta": "NO", "cun_mat": null, "km_cuneta": 0.091491021556806384, "fecha": "08-2026" }, "geometry": { "type": "LineString", "coordinates": [ [ -68.453134176080809, -33.191176300289229 ], [ -68.452390975964391, -33.191441400337325 ] ] } },
{ "type": "Feature", "properties": { "id_tramo": 707, "osm_id": "183312791", "zona": "URBANO", "km": 0.1057380406147035, "lado": null, "cuneta": "NO", "cun_mat": null, "km_cuneta": 0.1057380406147035, "fecha": "08-2026" }, "geometry": { "type": "LineString", "coordinates": [ [ -68.45237948856807, -33.190081432166686 ], [ -68.451601788408738, -33.190078032164358 ] ] } },
{ "type": "Feature", "properties": { "id_tramo": 708, "osm_id": "612824072", "zona": "URBANO", "km": 0.10485127620128223, "lado": null, "cuneta": "NO", "cun_mat": null, "km_cuneta": 0.10485127620128223, "fecha": "08-2026" }, "geometry": { "type": "LineString", "coordinates": [ [ -68.452830295783755, -33.192176098795635 ], [ -68.452445895844747, -33.191676798741447 ] ] } },
{ "type": "Feature", "properties": { "id_tramo": 710, "osm_id": "183312786", "zona": "URBANO", "km": 0.084687796051267542, "lado": null, "cuneta": "NO", "cun_mat": null, "km_cuneta": 0.084687796051267542, "fecha": "08-2026" }, "geometry": { "type": "LineString", "coordinates": [ [ -68.455931264140247, -33.195489174899279 ], [ -68.455418964058609, -33.195666474931578 ] ] } },
{ "type": "Feature", "properties": { "id_tramo": 711, "osm_id": "183312776", "zona": "URBANO", "km": 0.14727968198044064, "lado": null, "cuneta": "NO", "cun_mat": null, "km_cuneta": 0.14727968198044064, "fecha": "08-2026" }, "geometry": { "type": "LineString", "coordinates": [ [ -68.453656324998875, -33.196205606586723 ], [ -68.453054024863476, -33.195299006674688 ] ] } },
{ "type": "Feature", "properties": { "id_tramo": 712, "osm_id": "183312776", "zona": "URBANO", "km": 0.14727968198044064, "lado": null, "cuneta": "NO", "cun_mat": null, "km_cuneta": 0.14727968198044064, "fecha": "08-2026" }, "geometry": { "type": "LineString", "coordinates": [ [ -68.453761612719973, -33.196174398991808 ], [ -68.453158912859493, -33.195254298903528 ] ] } },
{ "type": "Feature", "properties": { "id_tramo": 713, "osm_id": "177321972", "zona": "URBANO", "km": 0.059635755538023638, "lado": null, "cuneta": "NO", "cun_mat": null, "km_cuneta": 0.059635755538023638, "fecha": "08-2026" }, "geometry": { "type": "LineString", "coordinates": [ [ -68.459822814054036, -33.199849561865854 ], [ -68.459716814083677, -33.199671261850035 ] ] } },
{ "type": "Feature", "properties": { "id_tramo": 714, "osm_id": "177322037", "zona": "URBANO", "km": 0.056297201996012548, "lado": null, "cuneta": "NO", "cun_mat": null, "km_cuneta": 0.056297201996012548, "fecha": "08-2026" }, "geometry": { "type": "LineString", "coordinates": [ [ -68.459272764324481, -33.200050827753088 ], [ -68.45916926434677, -33.199898127738017 ] ] } },
{ "type": "Feature", "properties": { "id_tramo": 715, "osm_id": "177322037", "zona": "URBANO", "km": 0.15748560795735519, "lado": null, "cuneta": "NO", "cun_mat": null, "km_cuneta": 0.15748560795735519, "fecha": "08-2026" }, "geometry": { "type": "LineString", "coordinates": [ [ -68.460066472158474, -33.201255290769829 ], [ -68.459464972293802, -33.200349590681945 ] ] } },
{ "type": "Feature", "properties": { "id_tramo": 716, "osm_id": "183312795", "zona": "URBANO", "km": 0.085869655417799326, "lado": null, "cuneta": "NO", "cun_mat": null, "km_cuneta": 0.085869655417799326, "fecha": "08-2026" }, "geometry": { "type": "LineString", "coordinates": [ [ -68.46068579634246, -33.201365216384666 ], [ -68.460209096245094, -33.201348316380248 ] ] } },
{ "type": "Feature", "properties": { "id_tramo": 717, "osm_id": "642762563", "zona": "URBANO", "km": 0.11828604065373767, "lado": null, "cuneta": "NO", "cun_mat": null, "km_cuneta": 0.11828604065373767, "fecha": "08-2026" }, "geometry": { "type": "LineString", "coordinates": [ [ -68.453147920720781, -33.198515900021576 ], [ -68.452750620821504, -33.197881399962867 ] ] } },
{ "type": "Feature", "properties": { "id_tramo": 718, "osm_id": "642762563", "zona": "URBANO", "km": 0.07108941804099235, "lado": null, "cuneta": "NO", "cun_mat": null, "km_cuneta": 0.07108941804099235, "fecha": "08-2026" }, "geometry": { "type": "LineString", "coordinates": [ [ -68.453524321119588, -33.199075458630354 ], [ -68.453352621161102, -33.198807758605085 ] ] } },
{ "type": "Feature", "properties": { "id_tramo": 719, "osm_id": "642762563", "zona": "URBANO", "km": 0.07205118844760483, "lado": null, "cuneta": "NO", "cun_mat": null, "km_cuneta": 0.07205118844760483, "fecha": "08-2026" }, "geometry": { "type": "LineString", "coordinates": [ [ -68.453888478273598, -33.199672529214808 ], [ -68.453707778327555, -33.199357329187684 ] ] } },
{ "type": "Feature", "properties": { "id_tramo": 721, "osm_id": "612824066", "zona": "URBANO", "km": 0.16065533557623626, "lado": null, "cuneta": "NO", "cun_mat": null, "km_cuneta": 0.16065533557623626, "fecha": "08-2026" }, "geometry": { "type": "LineString", "coordinates": [ [ -68.455276700216373, -33.195629131082264 ], [ -68.45461790036272, -33.19464303098615 ] ] } },
{ "type": "Feature", "properties": { "id_tramo": 722, "osm_id": "612824068", "zona": "URBANO", "km": 0.12603250197396501, "lado": null, "cuneta": "NO", "cun_mat": null, "km_cuneta": 0.12603250197396501, "fecha": "08-2026" }, "geometry": { "type": "LineString", "coordinates": [ [ -68.45331598612627, -33.192875974870248 ], [ -68.453062386058605, -33.192459974907891 ] ] } },
{ "type": "Feature", "properties": { "id_tramo": 723, "osm_id": "612824068", "zona": "URBANO", "km": 0.12603250197396501, "lado": null, "cuneta": "NO", "cun_mat": null, "km_cuneta": 0.12603250197396501, "fecha": "08-2026" }, "geometry": { "type": "LineString", "coordinates": [ [ -68.453136265271269, -33.192932475591221 ], [ -68.452894965201125, -33.19251777562733 ] ] } },
{ "type": "Feature", "properties": { "id_tramo": 724, "osm_id": "612824066", "zona": "URBANO", "km": 0.059093098190134891, "lado": null, "cuneta": "NO", "cun_mat": null, "km_cuneta": 0.059093098190134891, "fecha": "08-2026" }, "geometry": { "type": "LineString", "coordinates": [ [ -68.455534681439715, -33.196289665968465 ], [ -68.455327181384476, -33.195949765999259 ] ] } },
{ "type": "Feature", "properties": { "id_tramo": 728, "osm_id": "183312783", "zona": "URBANO", "km": 0.050358686399056128, "lado": null, "cuneta": "NO", "cun_mat": null, "km_cuneta": 0.050358686399056128, "fecha": "08-2026" }, "geometry": { "type": "LineString", "coordinates": [ [ -68.455204390377233, -33.198787670684013 ], [ -68.454863690442707, -33.198849270672525 ], [ -68.454860319558449, -33.198850128810143 ], [ -68.454476726996376, -33.198977526337316 ], [ -68.45437353439867, -33.199011723883537 ], [ -68.453773518582082, -33.199211029127135 ] ] } },
{ "type": "Feature", "properties": { "id_tramo": 730, "osm_id": "183312762", "zona": "URBANO", "km": 0.13764029552340137, "lado": null, "cuneta": "NO", "cun_mat": null, "km_cuneta": 0.13764029552340137, "fecha": "08-2026" }, "geometry": { "type": "LineString", "coordinates": [ [ -68.454767553516461, -33.198072212931685 ], [ -68.454062244621113, -33.198302115833712 ], [ -68.453968249501401, -33.198332714245595 ], [ -68.453309054285825, -33.198547612689978 ] ] } },
{ "type": "Feature", "properties": { "id_tramo": 732, "osm_id": "183315880", "zona": "URBANO", "km": 0.097695572917991164, "lado": null, "cuneta": "NO", "cun_mat": null, "km_cuneta": 0.097695572917991164, "fecha": "08-2026" }, "geometry": { "type": "LineString", "coordinates": [ [ -68.466688719109797, -33.202553110667168 ], [ -68.466896319193921, -33.202990010635261 ] ] } },
{ "type": "Feature", "properties": { "id_tramo": 733, "osm_id": "183312754", "zona": "RURAL", "km": 0.41882186423636519, "lado": null, "cuneta": "NO", "cun_mat": null, "km_cuneta": 0.41882186423636519, "fecha": "08-2026" }, "geometry": { "type": "LineString", "coordinates": [ [ -68.456604590600605, -33.196563086889675 ], [ -68.455670280564931, -33.196812489568487 ], [ -68.455559584958706, -33.196841988397871 ], [ -68.454564385845956, -33.197107588163092 ], [ -68.454446288124473, -33.197139087555634 ], [ -68.453648687073567, -33.19735198783772 ], [ -68.453527988075635, -33.197384187570663 ], [ -68.452743688888702, -33.197593487355498 ] ] } },
{ "type": "Feature", "properties": { "id_tramo": 738, "osm_id": "183312780", "zona": "URBANO", "km": 0.059548185848275384, "lado": null, "cuneta": "NO", "cun_mat": null, "km_cuneta": 0.059548185848275384, "fecha": "08-2026" }, "geometry": { "type": "LineString", "coordinates": [ [ -68.449822046045838, -33.194506395851555 ], [ -68.449379346151659, -33.193819995786534 ] ] } },
{ "type": "Feature", "properties": { "id_tramo": 739, "osm_id": "183312786", "zona": "URBANO", "km": 0.055701657318076449, "lado": null, "cuneta": "NO", "cun_mat": null, "km_cuneta": 0.055701657318076449, "fecha": "08-2026" }, "geometry": { "type": "LineString", "coordinates": [ [ -68.455158744963882, -33.195910656752496 ], [ -68.454274545103758, -33.196220656696092 ], [ -68.454157943009236, -33.196261557429501 ], [ -68.453251544675055, -33.196579356837901 ], [ -68.453250905082029, -33.196579591427778 ], [ -68.453154959531219, -33.196616355609876 ], [ -68.452336019728236, -33.196900430656079 ] ] } },
{ "type": "Feature", "properties": { "id_tramo": 741, "osm_id": "183312786", "zona": "URBANO", "km": 0.062435087904483065, "lado": null, "cuneta": "NO", "cun_mat": null, "km_cuneta": 0.062435087904483065, "fecha": "08-2026" }, "geometry": { "type": "LineString", "coordinates": [ [ -68.452988067263902, -33.196524803598926 ], [ -68.452734567224155, -33.196615103615315 ] ] } },
{ "type": "Feature", "properties": { "id_tramo": 742, "osm_id": "183312786", "zona": "URBANO", "km": 0.055693668122122203, "lado": null, "cuneta": "NO", "cun_mat": null, "km_cuneta": 0.055693668122122203, "fecha": "08-2026" }, "geometry": { "type": "LineString", "coordinates": [ [ -68.453593521213605, -33.196308755085184 ], [ -68.453294021166087, -33.196413255104211 ] ] } },
{ "type": "Feature", "properties": { "id_tramo": 745, "osm_id": "183312785", "zona": "URBANO", "km": 0.057573667933262199, "lado": null, "cuneta": "NO", "cun_mat": null, "km_cuneta": 0.057573667933262199, "fecha": "08-2026" }, "geometry": { "type": "LineString", "coordinates": [ [ -68.451747950412084, -33.195634885144749 ], [ -68.451554450386752, -33.195722285160045 ] ] } },
{ "type": "Feature", "properties": { "id_tramo": 746, "osm_id": "183312785", "zona": "URBANO", "km": 0.05874294751081411, "lado": null, "cuneta": "NO", "cun_mat": null, "km_cuneta": 0.05874294751081411, "fecha": "08-2026" }, "geometry": { "type": "LineString", "coordinates": [ [ -68.452842403850113, -33.195140515138959 ], [ -68.452587703817457, -33.19525781515943 ] ] } },
{ "type": "Feature", "properties": { "id_tramo": 749, "osm_id": "183312785", "zona": "URBANO", "km": 0.05874294751081411, "lado": null, "cuneta": "NO", "cun_mat": null, "km_cuneta": 0.05874294751081411, "fecha": "08-2026" }, "geometry": { "type": "LineString", "coordinates": [ [ -68.452911911659967, -33.195264377717599 ], [ -68.452656711692768, -33.195381677697128 ] ] } },
{ "type": "Feature", "properties": { "id_tramo": 750, "osm_id": "183312785", "zona": "URBANO", "km": 0.15109136547625548, "lado": null, "cuneta": "NO", "cun_mat": null, "km_cuneta": 0.15109136547625548, "fecha": "08-2026" }, "geometry": { "type": "LineString", "coordinates": [ [ -68.454333051371833, -33.194639369218777 ], [ -68.453580151471584, -33.194975069159874 ], [ -68.453580117971967, -33.194975084128309 ], [ -68.453490117983847, -33.19501538412122 ], [ -68.453212816004765, -33.195139585002138 ] ] } },
{ "type": "Feature", "properties": { "id_tramo": 753, "osm_id": "183312795", "zona": "RURAL", "km": 0.44581295855396086, "lado": null, "cuneta": "NO", "cun_mat": null, "km_cuneta": 0.44581295855396086, "fecha": "08-2026" }, "geometry": { "type": "LineString", "coordinates": [ [ -68.459787268616083, -33.201293133321208 ], [ -68.459654355925821, -33.201273735788973 ], [ -68.458294300060174, -33.200916289051335 ], [ -68.458246388282276, -33.200903738348877 ], [ -68.458194599667891, -33.200889197699794 ], [ -68.456454205190056, -33.200399699266043 ], [ -68.456326802169571, -33.2003638984175 ], [ -68.45510940503263, -33.200021499231951 ], [ -68.45510910619609, -33.200021417222999 ], [ -68.454977376027827, -33.199986162675565 ], [ -68.454053845072309, -33.199724710538483 ] ] } },
{ "type": "Feature", "properties": { "id_tramo": 757, "osm_id": "1238394594", "zona": "URBANO", "km": 0.15825689855674654, "lado": null, "cuneta": "NO", "cun_mat": null, "km_cuneta": 0.15825689855674654, "fecha": "08-2026" }, "geometry": { "type": "LineString", "coordinates": [ [ -68.460062704845242, -33.197734432788188 ], [ -68.459466504990459, -33.196801232700395 ] ] } },
{ "type": "Feature", "properties": { "id_tramo": 758, "osm_id": "183312795", "zona": "URBANO", "km": 0.068246769233606008, "lado": null, "cuneta": "NO", "cun_mat": null, "km_cuneta": 0.068246769233606008, "fecha": "08-2026" }, "geometry": { "type": "LineString", "coordinates": [ [ -68.467545685747865, -33.201689468268 ], [ -68.467298485798523, -33.201687668268882 ] ] } },
{ "type": "Feature", "properties": { "id_tramo": 760, "osm_id": "183312795", "zona": "URBANO", "km": 0.11062759994662703, "lado": null, "cuneta": "NO", "cun_mat": null, "km_cuneta": 0.11062759994662703, "fecha": "08-2026" }, "geometry": { "type": "LineString", "coordinates": [ [ -68.466161410911781, -33.20168416829538 ], [ -68.465378511072288, -33.201689968295845 ] ] } },
{ "type": "Feature", "properties": { "id_tramo": 761, "osm_id": "183312795", "zona": "URBANO", "km": 0.072817621912601771, "lado": null, "cuneta": "NO", "cun_mat": null, "km_cuneta": 0.072817621912601771, "fecha": "08-2026" }, "geometry": { "type": "LineString", "coordinates": [ [ -68.464915004207981, -33.201676991507533 ], [ -68.464543504283753, -33.201660891511537 ] ] } },
{ "type": "Feature", "properties": { "id_tramo": 762, "osm_id": "183315869", "zona": "URBANO", "km": 0.063435193763255293, "lado": null, "cuneta": "NO", "cun_mat": null, "km_cuneta": 0.063435193763255293, "fecha": "08-2026" }, "geometry": { "type": "LineString", "coordinates": [ [ -68.464316613364133, -33.201961729620159 ], [ -68.464188213387786, -33.201934129625812 ], [ -68.464187524381572, -33.201933991668604 ], [ -68.464058224406045, -33.201909991673581 ], [ -68.464057296859465, -33.201909837448355 ], [ -68.463905696889015, -33.201887537453096 ] ] } },
{ "type": "Feature", "properties": { "id_tramo": 763, "osm_id": "183315865", "zona": "URBANO", "km": 0.09928578779666046, "lado": null, "cuneta": "NO", "cun_mat": null, "km_cuneta": 0.09928578779666046, "fecha": "08-2026" }, "geometry": { "type": "LineString", "coordinates": [ [ -68.466532663426733, -33.202486147403114 ], [ -68.465884263531819, -33.202703247363402 ] ] } },
{ "type": "Feature", "properties": { "id_tramo": 764, "osm_id": "183315865", "zona": "URBANO", "km": 0.09928578779666046, "lado": null, "cuneta": "NO", "cun_mat": null, "km_cuneta": 0.09928578779666046, "fecha": "08-2026" }, "geometry": { "type": "LineString", "coordinates": [ [ -68.466481720168929, -33.202379291238472 ], [ -68.465835520063351, -33.202591991277458 ] ] } },
{ "type": "Feature", "properties": { "id_tramo": 765, "osm_id": "183315922", "zona": "URBANO", "km": 0.06688953114481612, "lado": null, "cuneta": "NO", "cun_mat": null, "km_cuneta": 0.06688953114481612, "fecha": "08-2026" }, "geometry": { "type": "LineString", "coordinates": [ [ -68.466773076976864, -33.203106731427781 ], [ -68.466075476833893, -33.203100631425109 ] ] } },
{ "type": "Feature", "properties": { "id_tramo": 767, "osm_id": "183315922", "zona": "URBANO", "km": 0.071577919452601557, "lado": null, "cuneta": "NO", "cun_mat": null, "km_cuneta": 0.071577919452601557, "fecha": "08-2026" }, "geometry": { "type": "LineString", "coordinates": [ [ -68.465653149542973, -33.203095031962015 ], [ -68.465363049483486, -33.203096731961743 ] ] } },
{ "type": "Feature", "properties": { "id_tramo": 768, "osm_id": "183315922", "zona": "URBANO", "km": 0.071577919452601557, "lado": null, "cuneta": "NO", "cun_mat": null, "km_cuneta": 0.071577919452601557, "fecha": "08-2026" }, "geometry": { "type": "LineString", "coordinates": [ [ -68.465785360469013, -33.203240768929518 ], [ -68.465471960533222, -33.20323756893081 ] ] } },
{ "type": "Feature", "properties": { "id_tramo": 769, "osm_id": "183315918", "zona": "URBANO", "km": 0.066237367786744952, "lado": null, "cuneta": "NO", "cun_mat": null, "km_cuneta": 0.066237367786744952, "fecha": "08-2026" }, "geometry": { "type": "LineString", "coordinates": [ [ -68.466419609913387, -33.204389119528138 ], [ -68.466186809884348, -33.204499119547243 ] ] } },
{ "type": "Feature", "properties": { "id_tramo": 770, "osm_id": "183315918", "zona": "URBANO", "km": 0.060348944193707454, "lado": null, "cuneta": "NO", "cun_mat": null, "km_cuneta": 0.060348944193707454, "fecha": "08-2026" }, "geometry": { "type": "LineString", "coordinates": [ [ -68.466963962308029, -33.203999289143489 ], [ -68.466723962297394, -33.204172289169932 ] ] } },
{ "type": "Feature", "properties": { "id_tramo": 772, "osm_id": "183315885", "zona": "URBANO", "km": 0.19841163603859605, "lado": null, "cuneta": "NO", "cun_mat": null, "km_cuneta": 0.19841163603859605, "fecha": "08-2026" }, "geometry": { "type": "LineString", "coordinates": [ [ -68.467211217365261, -33.201809665242635 ], [ -68.467755817148969, -33.202940865326269 ] ] } },
{ "type": "Feature", "properties": { "id_tramo": 776, "osm_id": "183315880", "zona": "URBANO", "km": 0.093294818525034517, "lado": null, "cuneta": "NO", "cun_mat": null, "km_cuneta": 0.093294818525034517, "fecha": "08-2026" }, "geometry": { "type": "LineString", "coordinates": [ [ -68.466316516726053, -33.201770306026567 ], [ -68.46653721681534, -33.202234405992634 ] ] } },
{ "type": "Feature", "properties": { "id_tramo": 777, "osm_id": "183315908", "zona": "URBANO", "km": 0.14104369948564582, "lado": null, "cuneta": "NO", "cun_mat": null, "km_cuneta": 0.14104369948564582, "fecha": "08-2026" }, "geometry": { "type": "LineString", "coordinates": [ [ -68.465055641019077, -33.201758481484191 ], [ -68.465726941231523, -33.202969181382919 ] ] } },
{ "type": "Feature", "properties": { "id_tramo": 778, "osm_id": "183315908", "zona": "URBANO", "km": 0.14104369948564582, "lado": null, "cuneta": "NO", "cun_mat": null, "km_cuneta": 0.14104369948564582, "fecha": "08-2026" }, "geometry": { "type": "LineString", "coordinates": [ [ -68.465272340678567, -33.201813185439299 ], [ -68.46567254055077, -33.202538785499726 ] ] } },
{ "type": "Feature", "properties": { "id_tramo": 779, "osm_id": "183315908", "zona": "URBANO", "km": 0.054983435226373063, "lado": null, "cuneta": "NO", "cun_mat": null, "km_cuneta": 0.054983435226373063, "fecha": "08-2026" }, "geometry": { "type": "LineString", "coordinates": [ [ -68.465814557872392, -33.202820567797623 ], [ -68.465930857838998, -33.203019067815013 ] ] } },
{ "type": "Feature", "properties": { "id_tramo": 787, "osm_id": "183315885", "zona": "URBANO", "km": 0.19841163603859605, "lado": null, "cuneta": "NO", "cun_mat": null, "km_cuneta": 0.19841163603859605, "fecha": "08-2026" }, "geometry": { "type": "LineString", "coordinates": [ [ -68.467931078826609, -33.20187428466906 ], [ -68.468298178677728, -33.20264748472551 ] ] } },
{ "type": "Feature", "properties": { "id_tramo": 788, "osm_id": "183312795", "zona": "URBANO", "km": 0.066433849434078471, "lado": null, "cuneta": "NO", "cun_mat": null, "km_cuneta": 0.066433849434078471, "fecha": "08-2026" }, "geometry": { "type": "LineString", "coordinates": [ [ -68.462910736575012, -33.20161557324441 ], [ -68.462126541211234, -33.201599073343552 ], [ -68.462000345692843, -33.201596373439678 ], [ -68.461162042834559, -33.201578673380048 ], [ -68.461026847097685, -33.201575773471738 ], [ -68.460379135620443, -33.201562173229455 ] ] } },
{ "type": "Feature", "properties": { "id_tramo": 789, "osm_id": "183315881", "zona": "URBANO", "km": 0.081581593308842515, "lado": null, "cuneta": "NO", "cun_mat": null, "km_cuneta": 0.081581593308842515, "fecha": "08-2026" }, "geometry": { "type": "LineString", "coordinates": [ [ -68.463720618514216, -33.202464528965258 ], [ -68.463275618422983, -33.202471828965834 ] ] } },
{ "type": "Feature", "properties": { "id_tramo": 793, "osm_id": "183315916", "zona": "URBANO", "km": 0.073616580562694586, "lado": null, "cuneta": "NO", "cun_mat": null, "km_cuneta": 0.073616580562694586, "fecha": "08-2026" }, "geometry": { "type": "LineString", "coordinates": [ [ -68.4644462357967, -33.202038321699924 ], [ -68.464613135844473, -33.20232272167496 ] ] } },
{ "type": "Feature", "properties": { "id_tramo": 794, "osm_id": "183315850", "zona": "URBANO", "km": 0.071981535758323348, "lado": null, "cuneta": "NO", "cun_mat": null, "km_cuneta": 0.071981535758323348, "fecha": "08-2026" }, "geometry": { "type": "LineString", "coordinates": [ [ -68.463699054202209, -33.201985235439288 ], [ -68.463822454282933, -33.202355535419905 ] ] } },
{ "type": "Feature", "properties": { "id_tramo": 796, "osm_id": "183315907", "zona": "URBANO", "km": 0.072904911018814925, "lado": null, "cuneta": "NO", "cun_mat": null, "km_cuneta": 0.072904911018814925, "fecha": "08-2026" }, "geometry": { "type": "LineString", "coordinates": [ [ -68.463170650552314, -33.202073890018511 ], [ -68.463170450478231, -33.202377690017734 ] ] } },
{ "type": "Feature", "properties": { "id_tramo": 797, "osm_id": "183315869", "zona": "URBANO", "km": 0.062335008408580576, "lado": null, "cuneta": "NO", "cun_mat": null, "km_cuneta": 0.062335008408580576, "fecha": "08-2026" }, "geometry": { "type": "LineString", "coordinates": [ [ -68.463568348829639, -33.201921678193656 ], [ -68.463251148890535, -33.201979578182829 ] ] } },
{ "type": "Feature", "properties": { "id_tramo": 800, "osm_id": "183312791", "zona": "URBANO", "km": 0.049143929159022673, "lado": null, "cuneta": "NO", "cun_mat": null, "km_cuneta": 0.049143929159022673, "fecha": "08-2026" }, "geometry": { "type": "LineString", "coordinates": [ [ -68.451183353244488, -33.190083531947195 ], [ -68.450317353066993, -33.190088731946418 ] ] } },
{ "type": "Feature", "properties": { "id_tramo": 801, "osm_id": "183312791", "zona": "URBANO", "km": 0.11427173484245902, "lado": null, "cuneta": "NO", "cun_mat": null, "km_cuneta": 0.11427173484245902, "fecha": "08-2026" }, "geometry": { "type": "LineString", "coordinates": [ [ -68.449885941412106, -33.19008763237116 ], [ -68.449083641247682, -33.190088932369733 ] ] } },
{ "type": "Feature", "properties": { "id_tramo": 802, "osm_id": "183312791", "zona": "URBANO", "km": 0.11427173484245902, "lado": null, "cuneta": "NO", "cun_mat": null, "km_cuneta": 0.11427173484245902, "fecha": "08-2026" }, "geometry": { "type": "LineString", "coordinates": [ [ -68.449909017352397, -33.19024506772957 ], [ -68.449013017536018, -33.190247967730905 ], [ -68.448862515796193, -33.1902484677369 ], [ -68.44807211617676, -33.190251067737329 ] ] } },
{ "type": "Feature", "properties": { "id_tramo": 804, "osm_id": "183312797", "zona": "URBANO", "km": 0.098002414373924249, "lado": null, "cuneta": "NO", "cun_mat": null, "km_cuneta": 0.098002414373924249, "fecha": "08-2026" }, "geometry": { "type": "LineString", "coordinates": [ [ -68.448284879748371, -33.189559512562433 ], [ -68.447741079839062, -33.189730712530967 ] ] } },
{ "type": "Feature", "properties": { "id_tramo": 805, "osm_id": "183312797", "zona": "URBANO", "km": 0.10593956423127708, "lado": null, "cuneta": "NO", "cun_mat": null, "km_cuneta": 0.10593956423127708, "fecha": "08-2026" }, "geometry": { "type": "LineString", "coordinates": [ [ -68.449418930019391, -33.189201128283607 ], [ -68.448710230137195, -33.189425928242336 ] ] } },
{ "type": "Feature", "properties": { "id_tramo": 806, "osm_id": "257781719", "zona": "URBANO", "km": 0.10119012004910741, "lado": null, "cuneta": "NO", "cun_mat": null, "km_cuneta": 0.10119012004910741, "fecha": "08-2026" }, "geometry": { "type": "LineString", "coordinates": [ [ -68.447654130836284, -33.188567996565979 ], [ -68.447122430925234, -33.188734096535427 ] ] } },
{ "type": "Feature", "properties": { "id_tramo": 808, "osm_id": "183312797", "zona": "URBANO", "km": 0.10623069735312012, "lado": null, "cuneta": "NO", "cun_mat": null, "km_cuneta": 0.10623069735312012, "fecha": "08-2026" }, "geometry": { "type": "LineString", "coordinates": [ [ -68.450415418612209, -33.188905178966252 ], [ -68.449727618730094, -33.189107478928889 ] ] } },
{ "type": "Feature", "properties": { "id_tramo": 811, "osm_id": "1165526541", "zona": "URBANO", "km": 0.10681848030635474, "lado": null, "cuneta": "NO", "cun_mat": null, "km_cuneta": 0.10681848030635474, "fecha": "08-2026" }, "geometry": { "type": "LineString", "coordinates": [ [ -68.458817816299842, -33.199907309046452 ], [ -68.457973516443701, -33.200159608999861 ] ] } },
{ "type": "Feature", "properties": { "id_tramo": 813, "osm_id": "177170650", "zona": "URBANO", "km": 0.11084570306618734, "lado": null, "cuneta": "NO", "cun_mat": null, "km_cuneta": 0.11084570306618734, "fecha": "08-2026" }, "geometry": { "type": "LineString", "coordinates": [ [ -68.466593753796801, -33.189164626930399 ], [ -68.46591575369969, -33.189440926979643 ] ] } },
{ "type": "Feature", "properties": { "id_tramo": 817, "osm_id": "360738024", "zona": "URBANO", "km": 0.11402914554933526, "lado": null, "cuneta": "NO", "cun_mat": null, "km_cuneta": 0.11402914554933526, "fecha": "08-2026" }, "geometry": { "type": "LineString", "coordinates": [ [ -68.468084622451528, -33.191275906398907 ], [ -68.467363322359333, -33.191608906456977 ] ] } },
{ "type": "Feature", "properties": { "id_tramo": 819, "osm_id": "177170655", "zona": "URBANO", "km": 0.117396692814753, "lado": null, "cuneta": "NO", "cun_mat": null, "km_cuneta": 0.117396692814753, "fecha": "08-2026" }, "geometry": { "type": "LineString", "coordinates": [ [ -68.469473123552021, -33.193290654214501 ], [ -68.468711923431357, -33.193556354262874 ] ] } },
{ "type": "Feature", "properties": { "id_tramo": 820, "osm_id": "177170511", "zona": "URBANO", "km": 0.11859041308576093, "lado": null, "cuneta": "NO", "cun_mat": null, "km_cuneta": 0.11859041308576093, "fecha": "08-2026" }, "geometry": { "type": "LineString", "coordinates": [ [ -68.470537434537732, -33.194796123914934 ], [ -68.469754434665234, -33.195055623867411 ] ] } },
{ "type": "Feature", "properties": { "id_tramo": 822, "osm_id": "177170661", "zona": "URBANO", "km": 0.11597176971209129, "lado": null, "cuneta": "NO", "cun_mat": null, "km_cuneta": 0.11597176971209129, "fecha": "08-2026" }, "geometry": { "type": "LineString", "coordinates": [ [ -68.470982441462439, -33.195448777036297 ], [ -68.4702048413413, -33.195728677087097 ] ] } },
{ "type": "Feature", "properties": { "id_tramo": 823, "osm_id": "257956897", "zona": "URBANO", "km": 0.095501870477349649, "lado": null, "cuneta": "NO", "cun_mat": null, "km_cuneta": 0.095501870477349649, "fecha": "08-2026" }, "geometry": { "type": "LineString", "coordinates": [ [ -68.471575810731537, -33.196744389216043 ], [ -68.471044310811209, -33.196947889179405 ] ] } },
{ "type": "Feature", "properties": { "id_tramo": 825, "osm_id": "177170501", "zona": "URBANO", "km": 0.055551799951387454, "lado": null, "cuneta": "NO", "cun_mat": null, "km_cuneta": 0.055551799951387454, "fecha": "08-2026" }, "geometry": { "type": "LineString", "coordinates": [ [ -68.472479675367424, -33.198619280882141 ], [ -68.472231175324325, -33.198689980895239 ] ] } },
{ "type": "Feature", "properties": { "id_tramo": 830, "osm_id": "177170527", "zona": "URBANO", "km": 0.075447016552996127, "lado": null, "cuneta": "NO", "cun_mat": null, "km_cuneta": 0.075447016552996127, "fecha": "08-2026" }, "geometry": { "type": "LineString", "coordinates": [ [ -68.472541041678383, -33.198481860282612 ], [ -68.472364443927745, -33.198106965238708 ], [ -68.472332046237383, -33.198038070183578 ], [ -68.472212043159914, -33.197783163766111 ] ] } },
{ "type": "Feature", "properties": { "id_tramo": 833, "osm_id": "177170500", "zona": "URBANO", "km": 0.088563342097380884, "lado": null, "cuneta": "NO", "cun_mat": null, "km_cuneta": 0.088563342097380884, "fecha": "08-2026" }, "geometry": { "type": "LineString", "coordinates": [ [ -68.466202074322595, -33.188134584550284 ], [ -68.465910274382253, -33.187713884508064 ] ] } },
{ "type": "Feature", "properties": { "id_tramo": 834, "osm_id": "177170500", "zona": "URBANO", "km": 0.11376334779519248, "lado": null, "cuneta": "NO", "cun_mat": null, "km_cuneta": 0.11376334779519248, "fecha": "08-2026" }, "geometry": { "type": "LineString", "coordinates": [ [ -68.466796680558474, -33.188972136260595 ], [ -68.466404880634613, -33.188419736204182 ] ] } },
{ "type": "Feature", "properties": { "id_tramo": 835, "osm_id": "257793192", "zona": "URBANO", "km": 0.063723130360308314, "lado": null, "cuneta": "NO", "cun_mat": null, "km_cuneta": 0.063723130360308314, "fecha": "08-2026" }, "geometry": { "type": "LineString", "coordinates": [ [ -68.465601256760266, -33.187724083818203 ], [ -68.464919556869816, -33.187955983775886 ] ] } },
{ "type": "Feature", "properties": { "id_tramo": 836, "osm_id": "658283842", "zona": "URBANO", "km": 0.1061515189212611, "lado": null, "cuneta": "NO", "cun_mat": null, "km_cuneta": 0.1061515189212611, "fecha": "08-2026" }, "geometry": { "type": "LineString", "coordinates": [ [ -68.467720989600593, -33.188645948905275 ], [ -68.467361789670107, -33.188140448853574 ] ] } },
{ "type": "Feature", "properties": { "id_tramo": 844, "osm_id": "177170500", "zona": "URBANO", "km": 0.070660721883745517, "lado": null, "cuneta": "NO", "cun_mat": null, "km_cuneta": 0.070660721883745517, "fecha": "08-2026" }, "geometry": { "type": "LineString", "coordinates": [ [ -68.467691208188626, -33.190520708212517 ], [ -68.467443512253922, -33.190179351726776 ], [ -68.46739221315535, -33.190105596819407 ], [ -68.467101612235425, -33.189687895623777 ], [ -68.467051112632802, -33.189615296217113 ], [ -68.466860309153105, -33.18934119129964 ] ] } },
{ "type": "Feature", "properties": { "id_tramo": 846, "osm_id": "177170500", "zona": "URBANO", "km": 0.070660721883745517, "lado": null, "cuneta": "NO", "cun_mat": null, "km_cuneta": 0.070660721883745517, "fecha": "08-2026" }, "geometry": { "type": "LineString", "coordinates": [ [ -68.467861862713178, -33.190479511503028 ], [ -68.467665962751553, -33.190202311474778 ] ] } },
{ "type": "Feature", "properties": { "id_tramo": 848, "osm_id": "177170500", "zona": "URBANO", "km": 0.067067248400619631, "lado": null, "cuneta": "NO", "cun_mat": null, "km_cuneta": 0.067067248400619631, "fecha": "08-2026" }, "geometry": { "type": "LineString", "coordinates": [ [ -68.467490629034771, -33.18995806352364 ], [ -68.467329229066934, -33.189728063500347 ] ] } },
{ "type": "Feature", "properties": { "id_tramo": 849, "osm_id": "177170500", "zona": "URBANO", "km": 0.058893029519481895, "lado": null, "cuneta": "NO", "cun_mat": null, "km_cuneta": 0.058893029519481895, "fecha": "08-2026" }, "geometry": { "type": "LineString", "coordinates": [ [ -68.467139548613019, -33.189455991216008 ], [ -68.467020048636613, -33.189286391198785 ] ] } },
{ "type": "Feature", "properties": { "id_tramo": 853, "osm_id": "319005278", "zona": "URBANO", "km": 0.1089486640435471, "lado": null, "cuneta": "NO", "cun_mat": null, "km_cuneta": 0.1089486640435471, "fecha": "08-2026" }, "geometry": { "type": "LineString", "coordinates": [ [ -68.469819450744424, -33.191376694819525 ], [ -68.469564950794606, -33.19101569478282 ] ] } },
{ "type": "Feature", "properties": { "id_tramo": 854, "osm_id": "177170502", "zona": "URBANO", "km": 0.050514314844638593, "lado": null, "cuneta": "NO", "cun_mat": null, "km_cuneta": 0.050514314844638593, "fecha": "08-2026" }, "geometry": { "type": "LineString", "coordinates": [ [ -68.470060286505813, -33.191723003188514 ], [ -68.469974386523262, -33.191599503176086 ] ] } },
{ "type": "Feature", "properties": { "id_tramo": 856, "osm_id": "177170595", "zona": "URBANO", "km": 0.071859624138383871, "lado": null, "cuneta": "NO", "cun_mat": null, "km_cuneta": 0.071859624138383871, "fecha": "08-2026" }, "geometry": { "type": "LineString", "coordinates": [ [ -68.470741548633384, -33.191040547722778 ], [ -68.470488748581118, -33.190674347759412 ] ] } },
{ "type": "Feature", "properties": { "id_tramo": 857, "osm_id": "658283842", "zona": "URBANO", "km": 0.055897284937320088, "lado": null, "cuneta": "NO", "cun_mat": null, "km_cuneta": 0.055897284937320088, "fecha": "08-2026" }, "geometry": { "type": "LineString", "coordinates": [ [ -68.46840831519944, -33.189624443683321 ], [ -68.468183021377257, -33.189302452415603 ], [ -68.468131327531296, -33.189228761166248 ], [ -68.468131251266328, -33.189228651567937 ], [ -68.467930251307877, -33.188937451538827 ] ] } },
{ "type": "Feature", "properties": { "id_tramo": 859, "osm_id": "658283842", "zona": "URBANO", "km": 0.055897284937320088, "lado": null, "cuneta": "NO", "cun_mat": null, "km_cuneta": 0.055897284937320088, "fecha": "08-2026" }, "geometry": { "type": "LineString", "coordinates": [ [ -68.467895263811471, -33.189119917274773 ], [ -68.467785263787462, -33.188956517290777 ] ] } },
{ "type": "Feature", "properties": { "id_tramo": 860, "osm_id": "177170650", "zona": "URBANO", "km": 0.093451876522301025, "lado": null, "cuneta": "NO", "cun_mat": null, "km_cuneta": 0.093451876522301025, "fecha": "08-2026" }, "geometry": { "type": "LineString", "coordinates": [ [ -68.467644086561947, -33.188921560616429 ], [ -68.467050186651562, -33.189146660575872 ] ] } },
{ "type": "Feature", "properties": { "id_tramo": 866, "osm_id": "177170657", "zona": "URBANO", "km": 0.1051736688055712, "lado": null, "cuneta": "NO", "cun_mat": null, "km_cuneta": 0.1051736688055712, "fecha": "08-2026" }, "geometry": { "type": "LineString", "coordinates": [ [ -68.468799741098806, -33.190408558243746 ], [ -68.468127641205044, -33.190644358200828 ] ] } },
{ "type": "Feature", "properties": { "id_tramo": 867, "osm_id": "177170657", "zona": "URBANO", "km": 0.1051736688055712, "lado": null, "cuneta": "NO", "cun_mat": null, "km_cuneta": 0.1051736688055712, "fecha": "08-2026" }, "geometry": { "type": "LineString", "coordinates": [ [ -68.468697410402314, -33.19028022361649 ], [ -68.468026810296749, -33.190517223659576 ] ] } },
{ "type": "Feature", "properties": { "id_tramo": 868, "osm_id": "319005278", "zona": "URBANO", "km": 0.10531868160885191, "lado": null, "cuneta": "NO", "cun_mat": null, "km_cuneta": 0.10531868160885191, "fecha": "08-2026" }, "geometry": { "type": "LineString", "coordinates": [ [ -68.469676651141086, -33.19159538568536 ], [ -68.468939051262169, -33.191835685641308 ] ] } },
{ "type": "Feature", "properties": { "id_tramo": 870, "osm_id": "177170647", "zona": "URBANO", "km": 0.10585196445230943, "lado": null, "cuneta": "NO", "cun_mat": null, "km_cuneta": 0.10585196445230943, "fecha": "08-2026" }, "geometry": { "type": "LineString", "coordinates": [ [ -68.469967320929399, -33.19199843034469 ], [ -68.469237621045465, -33.19225153029857 ] ] } },
{ "type": "Feature", "properties": { "id_tramo": 871, "osm_id": "177170647", "zona": "URBANO", "km": 0.10585196445230943, "lado": null, "cuneta": "NO", "cun_mat": null, "km_cuneta": 0.10585196445230943, "fecha": "08-2026" }, "geometry": { "type": "LineString", "coordinates": [ [ -68.46987492254425, -33.191881054524927 ], [ -68.46914802242901, -33.192134754571121 ] ] } },
{ "type": "Feature", "properties": { "id_tramo": 872, "osm_id": "177170655", "zona": "URBANO", "km": 0.10629481966340737, "lado": null, "cuneta": "NO", "cun_mat": null, "km_cuneta": 0.10629481966340737, "fecha": "08-2026" }, "geometry": { "type": "LineString", "coordinates": [ [ -68.470646364885198, -33.193040715114201 ], [ -68.469934664998789, -33.193286015069482 ] ] } },
{ "type": "Feature", "properties": { "id_tramo": 874, "osm_id": "183315906", "zona": "URBANO", "km": 0.11440484923239813, "lado": null, "cuneta": "NO", "cun_mat": null, "km_cuneta": 0.11440484923239813, "fecha": "08-2026" }, "geometry": { "type": "LineString", "coordinates": [ [ -68.471130620077943, -33.19363816220001 ], [ -68.470379920199193, -33.193891162153761 ] ] } },
{ "type": "Feature", "properties": { "id_tramo": 877, "osm_id": "177170660", "zona": "URBANO", "km": 0.11882589936829598, "lado": null, "cuneta": "NO", "cun_mat": null, "km_cuneta": 0.11882589936829598, "fecha": "08-2026" }, "geometry": { "type": "LineString", "coordinates": [ [ -68.471404088859529, -33.194001768297248 ], [ -68.470624088732734, -33.194261168344745 ] ] } },
{ "type": "Feature", "properties": { "id_tramo": 880, "osm_id": "183315866", "zona": "URBANO", "km": 0.10564037046979653, "lado": null, "cuneta": "NO", "cun_mat": null, "km_cuneta": 0.10564037046979653, "fecha": "08-2026" }, "geometry": { "type": "LineString", "coordinates": [ [ -68.473283963414275, -33.197778349248843 ], [ -68.472609963525812, -33.19799424920916 ] ] } },
{ "type": "Feature", "properties": { "id_tramo": 881, "osm_id": "183315866", "zona": "URBANO", "km": 0.10564037046979653, "lado": null, "cuneta": "NO", "cun_mat": null, "km_cuneta": 0.10564037046979653, "fecha": "08-2026" }, "geometry": { "type": "LineString", "coordinates": [ [ -68.473260425437516, -33.197720389394512 ], [ -68.472582625326822, -33.197943689435441 ] ] } },
{ "type": "Feature", "properties": { "id_tramo": 882, "osm_id": "177170501", "zona": "URBANO", "km": 0.10741107194274134, "lado": null, "cuneta": "NO", "cun_mat": null, "km_cuneta": 0.10741107194274134, "fecha": "08-2026" }, "geometry": { "type": "LineString", "coordinates": [ [ -68.473531096786459, -33.198282995077108 ], [ -68.472847496672316, -33.198497395116597 ] ] } },
{ "type": "Feature", "properties": { "id_tramo": 883, "osm_id": "177170500", "zona": "URBANO", "km": 0.029349365739109276, "lado": null, "cuneta": "NO", "cun_mat": null, "km_cuneta": 0.029349365739109276, "fecha": "08-2026" }, "geometry": { "type": "LineString", "coordinates": [ [ -68.469736558094255, -33.19347071710596 ], [ -68.470501358245613, -33.194557416995629 ] ] } },
{ "type": "Feature", "properties": { "id_tramo": 885, "osm_id": "177170500", "zona": "URBANO", "km": 0.029349365739109276, "lado": null, "cuneta": "NO", "cun_mat": null, "km_cuneta": 0.029349365739109276, "fecha": "08-2026" }, "geometry": { "type": "LineString", "coordinates": [ [ -68.471209026030124, -33.19527306083878 ], [ -68.470694826132657, -33.194540060764545 ] ] } },
{ "type": "Feature", "properties": { "id_tramo": 887, "osm_id": "177170544", "zona": "URBANO", "km": 0.042896268107885223, "lado": null, "cuneta": "NO", "cun_mat": null, "km_cuneta": 0.042896268107885223, "fecha": "08-2026" }, "geometry": { "type": "LineString", "coordinates": [ [ -68.469967606145772, -33.195885230058551 ], [ -68.469843206119336, -33.195702830076641 ] ] } },
{ "type": "Feature", "properties": { "id_tramo": 888, "osm_id": "391480877", "zona": "URBANO", "km": 0.060542342055896134, "lado": null, "cuneta": "NO", "cun_mat": null, "km_cuneta": 0.060542342055896134, "fecha": "08-2026" }, "geometry": { "type": "LineString", "coordinates": [ [ -68.469729449108712, -33.195676770141553 ], [ -68.469363749157125, -33.195839870112898 ] ] } },
{ "type": "Feature", "properties": { "id_tramo": 893, "osm_id": "177170500", "zona": "URBANO", "km": 0.13677791049198723, "lado": null, "cuneta": "NO", "cun_mat": null, "km_cuneta": 0.13677791049198723, "fecha": "08-2026" }, "geometry": { "type": "LineString", "coordinates": [ [ -68.469691651008702, -33.193112005955527 ], [ -68.469202351114774, -33.192387705884286 ] ] } },
{ "type": "Feature", "properties": { "id_tramo": 894, "osm_id": "257781723", "zona": "URBANO", "km": 0.11991571311927915, "lado": null, "cuneta": "NO", "cun_mat": null, "km_cuneta": 0.11991571311927915, "fecha": "08-2026" }, "geometry": { "type": "LineString", "coordinates": [ [ -68.468863729201772, -33.192389270047698 ], [ -68.468707129225919, -33.192446670037292 ], [ -68.468703939468085, -33.192448120395746 ], [ -68.468701085928203, -33.192450001860195 ], [ -68.468698650185246, -33.192452260642064 ], [ -68.468337011738214, -33.192850707766475 ], [ -68.468236482626651, -33.192895355361593 ] ] } },
{ "type": "Feature", "properties": { "id_tramo": 898, "osm_id": "177170558", "zona": "URBANO", "km": 0.095356417072608765, "lado": null, "cuneta": "NO", "cun_mat": null, "km_cuneta": 0.095356417072608765, "fecha": "08-2026" }, "geometry": { "type": "LineString", "coordinates": [ [ -68.46708565568629, -33.188119310518864 ], [ -68.466462655794501, -33.18829571048618 ] ] } },
{ "type": "Feature", "properties": { "id_tramo": 899, "osm_id": "177170558", "zona": "URBANO", "km": 0.095356417072608765, "lado": null, "cuneta": "NO", "cun_mat": null, "km_cuneta": 0.095356417072608765, "fecha": "08-2026" }, "geometry": { "type": "LineString", "coordinates": [ [ -68.466974774724662, -33.187993509070871 ], [ -68.466367874618811, -33.18816340910238 ] ] } },
{ "type": "Feature", "properties": { "id_tramo": 901, "osm_id": "658283842", "zona": "URBANO", "km": 0.09405504315686472, "lado": null, "cuneta": "NO", "cun_mat": null, "km_cuneta": 0.09405504315686472, "fecha": "08-2026" }, "geometry": { "type": "LineString", "coordinates": [ [ -68.467041892548394, -33.18786911262827 ], [ -68.466730392482631, -33.18741351267348 ] ] } },
{ "type": "Feature", "properties": { "id_tramo": 902, "osm_id": "360738024", "zona": "URBANO", "km": 0.10525414599764368, "lado": null, "cuneta": "NO", "cun_mat": null, "km_cuneta": 0.10525414599764368, "fecha": "08-2026" }, "geometry": { "type": "LineString", "coordinates": [ [ -68.46924959257575, -33.191014571565347 ], [ -68.468557492687268, -33.191248771522567 ] ] } },
{ "type": "Feature", "properties": { "id_tramo": 903, "osm_id": "360738024", "zona": "URBANO", "km": 0.10525414599764368, "lado": null, "cuneta": "NO", "cun_mat": null, "km_cuneta": 0.10525414599764368, "fecha": "08-2026" }, "geometry": { "type": "LineString", "coordinates": [ [ -68.469155748817556, -33.190880348178197 ], [ -68.468454148704012, -33.191115748221236 ] ] } },
{ "type": "Feature", "properties": { "id_tramo": 904, "osm_id": "183312765", "zona": "URBANO", "km": 0.10264252257473246, "lado": null, "cuneta": "NO", "cun_mat": null, "km_cuneta": 0.10264252257473246, "fecha": "08-2026" }, "geometry": { "type": "LineString", "coordinates": [ [ -68.451767171031591, -33.195502487855194 ], [ -68.451038073730174, -33.194340192558492 ], [ -68.450971176594322, -33.194233397167814 ], [ -68.450722454230132, -33.193836799458865 ], [ -68.450490880180723, -33.19338733229614 ] ] } },
{ "type": "Feature", "properties": { "id_tramo": 906, "osm_id": "183312743", "zona": "URBANO", "km": 0.037115025461495317, "lado": null, "cuneta": "NO", "cun_mat": null, "km_cuneta": 0.037115025461495317, "fecha": "08-2026" }, "geometry": { "type": "LineString", "coordinates": [ [ -68.452653122980792, -33.192333173540504 ], [ -68.451641425030502, -33.192711872783988 ], [ -68.451559727369997, -33.192742471908595 ], [ -68.451385127797366, -33.192807871750382 ] ] } },
{ "type": "Feature", "properties": { "id_tramo": 907, "osm_id": "183312743", "zona": "URBANO", "km": 0.020186516581322856, "lado": null, "cuneta": "NO", "cun_mat": null, "km_cuneta": 0.020186516581322856, "fecha": "08-2026" }, "geometry": { "type": "LineString", "coordinates": [ [ -68.451480163838241, -33.192919994136673 ], [ -68.451214663878943, -33.193018194118928 ] ] } },
{ "type": "Feature", "properties": { "id_tramo": 908, "osm_id": "183312743", "zona": "URBANO", "km": 0.057076570447172591, "lado": null, "cuneta": "NO", "cun_mat": null, "km_cuneta": 0.057076570447172591, "fecha": "08-2026" }, "geometry": { "type": "LineString", "coordinates": [ [ -68.450915406450108, -33.193128215441249 ], [ -68.450647706490955, -33.193228015423237 ] ] } },
{ "type": "Feature", "properties": { "id_tramo": 909, "osm_id": "183312743", "zona": "URBANO", "km": 0.057076570447172591, "lado": null, "cuneta": "NO", "cun_mat": null, "km_cuneta": 0.057076570447172591, "fecha": "08-2026" }, "geometry": { "type": "LineString", "coordinates": [ [ -68.450978980288113, -33.192960452022412 ], [ -68.450488872808194, -33.193145354848255 ], [ -68.450389376108873, -33.193182853605357 ], [ -68.450007379390513, -33.193326952371585 ] ] } },
{ "type": "Feature", "properties": { "id_tramo": 912, "osm_id": "183312772", "zona": "URBANO", "km": 0.15107389170539268, "lado": null, "cuneta": "NO", "cun_mat": null, "km_cuneta": 0.15107389170539268, "fecha": "08-2026" }, "geometry": { "type": "LineString", "coordinates": [ [ -68.450588500715568, -33.192080567567068 ], [ -68.450050087638544, -33.192289872652736 ], [ -68.449949594144925, -33.192328870129096 ], [ -68.449466500587647, -33.192516667630365 ] ] } },
{ "type": "Feature", "properties": { "id_tramo": 913, "osm_id": "612824072", "zona": "URBANO", "km": 0.10485127620128223, "lado": null, "cuneta": "NO", "cun_mat": null, "km_cuneta": 0.10485127620128223, "fecha": "08-2026" }, "geometry": { "type": "LineString", "coordinates": [ [ -68.452693607423015, -33.192215405358503 ], [ -68.452308207361753, -33.191714505412847 ] ] } },
{ "type": "Feature", "properties": { "id_tramo": 917, "osm_id": "183312772", "zona": "URBANO", "km": 0.15107389170539268, "lado": null, "cuneta": "NO", "cun_mat": null, "km_cuneta": 0.15107389170539268, "fecha": "08-2026" }, "geometry": { "type": "LineString", "coordinates": [ [ -68.450635438879388, -33.192193256006021 ], [ -68.450088647524154, -33.192407552611229 ], [ -68.449999656109611, -33.19244234925312 ], [ -68.449999635794114, -33.192442357207554 ], [ -68.44953263586298, -33.192625457174728 ] ] } },
{ "type": "Feature", "properties": { "id_tramo": 921, "osm_id": "183312789", "zona": "URBANO", "km": 0.14668794094550569, "lado": null, "cuneta": "NO", "cun_mat": null, "km_cuneta": 0.14668794094550569, "fecha": "08-2026" }, "geometry": { "type": "LineString", "coordinates": [ [ -68.450325050599574, -33.194585453489324 ], [ -68.449912550667776, -33.194717853465015 ], [ -68.449830346505777, -33.194744254800831 ], [ -68.449500052100703, -33.194850353001662 ], [ -68.449395558836926, -33.19488385084162 ], [ -68.448536846204917, -33.195159654889927 ] ] } },
{ "type": "Feature", "properties": { "id_tramo": 922, "osm_id": "183312789", "zona": "URBANO", "km": 0.065722591898831506, "lado": null, "cuneta": "NO", "cun_mat": null, "km_cuneta": 0.065722591898831506, "fecha": "08-2026" }, "geometry": { "type": "LineString", "coordinates": [ [ -68.450251834689922, -33.194466518956325 ], [ -68.44997713464474, -33.194555818972688 ] ] } },
{ "type": "Feature", "properties": { "id_tramo": 923, "osm_id": "183312789", "zona": "URBANO", "km": 0.14668794094550569, "lado": null, "cuneta": "NO", "cun_mat": null, "km_cuneta": 0.14668794094550569, "fecha": "08-2026" }, "geometry": { "type": "LineString", "coordinates": [ [ -68.449631381389651, -33.194665203726096 ], [ -68.44944228809679, -33.194727101531768 ], [ -68.449348691459974, -33.194757800429002 ], [ -68.44847749131732, -33.195043400481296 ] ] } },
{ "type": "Feature", "properties": { "id_tramo": 924, "osm_id": "183312780", "zona": "URBANO", "km": 0.063358079616260346, "lado": null, "cuneta": "NO", "cun_mat": null, "km_cuneta": 0.063358079616260346, "fecha": "08-2026" }, "geometry": { "type": "LineString", "coordinates": [ [ -68.449685187382016, -33.194542414311563 ], [ -68.449547487346948, -33.194322014331917 ] ] } },
{ "type": "Feature", "properties": { "id_tramo": 925, "osm_id": "183312778", "zona": "URBANO", "km": 0.1481748313759681, "lado": null, "cuneta": "NO", "cun_mat": null, "km_cuneta": 0.1481748313759681, "fecha": "08-2026" }, "geometry": { "type": "LineString", "coordinates": [ [ -68.449391884188998, -33.194275607580586 ], [ -68.449168192422391, -33.194349204870264 ], [ -68.449064000635673, -33.194383402173877 ], [ -68.448241489562108, -33.194653805806084 ] ] } },
{ "type": "Feature", "properties": { "id_tramo": 926, "osm_id": "183312778", "zona": "URBANO", "km": 0.1481748313759681, "lado": null, "cuneta": "NO", "cun_mat": null, "km_cuneta": 0.1481748313759681, "fecha": "08-2026" }, "geometry": { "type": "LineString", "coordinates": [ [ -68.448962238564491, -33.194287151664149 ], [ -68.448157138434041, -33.194556851713429 ] ] } },
{ "type": "Feature", "properties": { "id_tramo": 931, "osm_id": "183312743", "zona": "URBANO", "km": 0.063989514901300767, "lado": null, "cuneta": "NO", "cun_mat": null, "km_cuneta": 0.063989514901300767, "fecha": "08-2026" }, "geometry": { "type": "LineString", "coordinates": [ [ -68.449606731258754, -33.193464086178899 ], [ -68.449331531214796, -33.193558886196186 ] ] } },
{ "type": "Feature", "properties": { "id_tramo": 932, "osm_id": "183312743", "zona": "URBANO", "km": 0.063989514901300767, "lado": null, "cuneta": "NO", "cun_mat": null, "km_cuneta": 0.063989514901300767, "fecha": "08-2026" }, "geometry": { "type": "LineString", "coordinates": [ [ -68.449699536792053, -33.193589024847761 ], [ -68.449419236836718, -33.193686024830114 ] ] } },
{ "type": "Feature", "properties": { "id_tramo": 933, "osm_id": "319047715", "zona": "URBANO", "km": 0.14880687474294388, "lado": null, "cuneta": "NO", "cun_mat": null, "km_cuneta": 0.14880687474294388, "fecha": "08-2026" }, "geometry": { "type": "LineString", "coordinates": [ [ -68.448812370970799, -33.193349853143118 ], [ -68.448586671008911, -33.193418853130417 ], [ -68.448481463198476, -33.19345105551912 ], [ -68.447599062957877, -33.193721155588584 ] ] } },
{ "type": "Feature", "properties": { "id_tramo": 935, "osm_id": "183312780", "zona": "URBANO", "km": 0.054922303251334549, "lado": null, "cuneta": "NO", "cun_mat": null, "km_cuneta": 0.054922303251334549, "fecha": "08-2026" }, "geometry": { "type": "LineString", "coordinates": [ [ -68.449085893476749, -33.193584024407002 ], [ -68.448961693445042, -33.193384924425366 ] ] } },
{ "type": "Feature", "properties": { "id_tramo": 936, "osm_id": "183312787", "zona": "URBANO", "km": 0.052651615810156913, "lado": null, "cuneta": "NO", "cun_mat": null, "km_cuneta": 0.052651615810156913, "fecha": "08-2026" }, "geometry": { "type": "LineString", "coordinates": [ [ -68.447713370294693, -33.194068777191184 ], [ -68.447556070333661, -33.193820477168003 ] ] } },
{ "type": "Feature", "properties": { "id_tramo": 937, "osm_id": "183312742", "zona": "URBANO", "km": 0.10765407655990085, "lado": null, "cuneta": "NO", "cun_mat": null, "km_cuneta": 0.10765407655990085, "fecha": "08-2026" }, "geometry": { "type": "LineString", "coordinates": [ [ -68.449669693732631, -33.19334042489853 ], [ -68.449518993694141, -33.19309882492081 ] ] } },
{ "type": "Feature", "properties": { "id_tramo": 941, "osm_id": "183312746", "zona": "URBANO", "km": 0.19421276257210729, "lado": null, "cuneta": "NO", "cun_mat": null, "km_cuneta": 0.19421276257210729, "fecha": "08-2026" }, "geometry": { "type": "LineString", "coordinates": [ [ -68.451736909697686, -33.195229781255932 ], [ -68.451159511232092, -33.194304983392449 ], [ -68.451092908833161, -33.194198379512883 ], [ -68.45083530889886, -33.1937856794748 ], [ -68.450834741110157, -33.193784698838002 ], [ -68.450602441188195, -33.193350598802802 ] ] } },
{ "type": "Feature", "properties": { "id_tramo": 944, "osm_id": "177170502", "zona": "URBANO", "km": 0.13260733606829686, "lado": null, "cuneta": "NO", "cun_mat": null, "km_cuneta": 0.13260733606829686, "fecha": "08-2026" }, "geometry": { "type": "LineString", "coordinates": [ [ -68.472002721038109, -33.194958069687488 ], [ -68.471635721183645, -33.194196269631142 ] ] } },
{ "type": "Feature", "properties": { "id_tramo": 946, "osm_id": "177170505", "zona": "URBANO", "km": 0.12917266198553079, "lado": null, "cuneta": "NO", "cun_mat": null, "km_cuneta": 0.12917266198553079, "fecha": "08-2026" }, "geometry": { "type": "LineString", "coordinates": [ [ -68.472662086119001, -33.194730145288048 ], [ -68.472305785977142, -33.193988645342777 ] ] } },
{ "type": "Feature", "properties": { "id_tramo": 947, "osm_id": "177170585", "zona": "URBANO", "km": 0.1267446216179331, "lado": null, "cuneta": "NO", "cun_mat": null, "km_cuneta": 0.1267446216179331, "fecha": "08-2026" }, "geometry": { "type": "LineString", "coordinates": [ [ -68.473398880336859, -33.194474591175222 ], [ -68.47303648046892, -33.193762191119887 ] ] } },
{ "type": "Feature", "properties": { "id_tramo": 949, "osm_id": "177170514", "zona": "URBANO", "km": 0.1283395033506613, "lado": null, "cuneta": "NO", "cun_mat": null, "km_cuneta": 0.1283395033506613, "fecha": "08-2026" }, "geometry": { "type": "LineString", "coordinates": [ [ -68.473961480394479, -33.194284891316258 ], [ -68.47360148053275, -33.193552991261107 ] ] } },
{ "type": "Feature", "properties": { "id_tramo": 951, "osm_id": "612824061", "zona": "URBANO", "km": 0.13270858078579567, "lado": null, "cuneta": "NO", "cun_mat": null, "km_cuneta": 0.13270858078579567, "fecha": "08-2026" }, "geometry": { "type": "LineString", "coordinates": [ [ -68.474753067476811, -33.193987864863125 ], [ -68.474386067618738, -33.193238364806881 ] ] } },
{ "type": "Feature", "properties": { "id_tramo": 954, "osm_id": "177170576", "zona": "URBANO", "km": 0.13469472720791972, "lado": null, "cuneta": "NO", "cun_mat": null, "km_cuneta": 0.13469472720791972, "fecha": "08-2026" }, "geometry": { "type": "LineString", "coordinates": [ [ -68.475823366033353, -33.193601201054847 ], [ -68.475432965887578, -33.192821801114547 ] ] } },
{ "type": "Feature", "properties": { "id_tramo": 955, "osm_id": "258345452", "zona": "URBANO", "km": 0.13849434004009076, "lado": null, "cuneta": "NO", "cun_mat": null, "km_cuneta": 0.13849434004009076, "fecha": "08-2026" }, "geometry": { "type": "LineString", "coordinates": [ [ -68.47752700615581, -33.192996079201301 ], [ -68.476994106037154, -33.192197179279106 ] ] } },
{ "type": "Feature", "properties": { "id_tramo": 958, "osm_id": "177170585", "zona": "URBANO", "km": 0.061970703380731941, "lado": null, "cuneta": "NO", "cun_mat": null, "km_cuneta": 0.061970703380731941, "fecha": "08-2026" }, "geometry": { "type": "LineString", "coordinates": [ [ -68.472667274912851, -33.193260552514531 ], [ -68.47284577488837, -33.193480852539373 ] ] } },
{ "type": "Feature", "properties": { "id_tramo": 959, "osm_id": "177170585", "zona": "URBANO", "km": 0.08418809647578164, "lado": null, "cuneta": "NO", "cun_mat": null, "km_cuneta": 0.08418809647578164, "fecha": "08-2026" }, "geometry": { "type": "LineString", "coordinates": [ [ -68.472056803148703, -33.192647581665589 ], [ -68.472336903205345, -33.193049381625102 ] ] } },
{ "type": "Feature", "properties": { "id_tramo": 961, "osm_id": "177170502", "zona": "URBANO", "km": 0.065740980680016825, "lado": null, "cuneta": "NO", "cun_mat": null, "km_cuneta": 0.065740980680016825, "fecha": "08-2026" }, "geometry": { "type": "LineString", "coordinates": [ [ -68.471276257657465, -33.193674043769718 ], [ -68.471457657680205, -33.193891443744725 ] ] } },
{ "type": "Feature", "properties": { "id_tramo": 963, "osm_id": "177170514", "zona": "URBANO", "km": 0.049974929751798375, "lado": null, "cuneta": "NO", "cun_mat": null, "km_cuneta": 0.049974929751798375, "fecha": "08-2026" }, "geometry": { "type": "LineString", "coordinates": [ [ -68.473234991442936, -33.193067252255332 ], [ -68.473337091481568, -33.193272852239701 ] ] } },
{ "type": "Feature", "properties": { "id_tramo": 966, "osm_id": "177170576", "zona": "URBANO", "km": 0.13694321107676352, "lado": null, "cuneta": "NO", "cun_mat": null, "km_cuneta": 0.13694321107676352, "fecha": "08-2026" }, "geometry": { "type": "LineString", "coordinates": [ [ -68.475000940206527, -33.191640306518778 ], [ -68.475422140057674, -33.192452606582911 ] ] } },
{ "type": "Feature", "properties": { "id_tramo": 968, "osm_id": "258345452", "zona": "URBANO", "km": 0.13654890008821952, "lado": null, "cuneta": "NO", "cun_mat": null, "km_cuneta": 0.13654890008821952, "fecha": "08-2026" }, "geometry": { "type": "LineString", "coordinates": [ [ -68.47632385834963, -33.191172258499712 ], [ -68.476800058458323, -33.191894658430009 ] ] } },
{ "type": "Feature", "properties": { "id_tramo": 969, "osm_id": "177170502", "zona": "URBANO", "km": 0.13551134893809275, "lado": null, "cuneta": "NO", "cun_mat": null, "km_cuneta": 0.13551134893809275, "fecha": "08-2026" }, "geometry": { "type": "LineString", "coordinates": [ [ -68.470752935130946, -33.192750329237022 ], [ -68.470251935235297, -33.192022129164371 ] ] } },
{ "type": "Feature", "properties": { "id_tramo": 970, "osm_id": "177170502", "zona": "URBANO", "km": 0.13551134893809275, "lado": null, "cuneta": "NO", "cun_mat": null, "km_cuneta": 0.13551134893809275, "fecha": "08-2026" }, "geometry": { "type": "LineString", "coordinates": [ [ -68.470611034356807, -33.192800872506588 ], [ -68.470105734248037, -33.192055272580099 ] ] } },
{ "type": "Feature", "properties": { "id_tramo": 973, "osm_id": "183315891", "zona": "URBANO", "km": 0.060145357778895424, "lado": null, "cuneta": "NO", "cun_mat": null, "km_cuneta": 0.060145357778895424, "fecha": "08-2026" }, "geometry": { "type": "LineString", "coordinates": [ [ -68.472019911365535, -33.191007293956517 ], [ -68.471537911267674, -33.190314594026219 ] ] } },
{ "type": "Feature", "properties": { "id_tramo": 974, "osm_id": "183315891", "zona": "URBANO", "km": 0.064061235747241249, "lado": null, "cuneta": "NO", "cun_mat": null, "km_cuneta": 0.064061235747241249, "fecha": "08-2026" }, "geometry": { "type": "LineString", "coordinates": [ [ -68.47222709849413, -33.190942175502563 ], [ -68.4717522983983, -33.1902616755712 ] ] } },
{ "type": "Feature", "properties": { "id_tramo": 976, "osm_id": "183315891", "zona": "URBANO", "km": 0.044602707690942309, "lado": null, "cuneta": "NO", "cun_mat": null, "km_cuneta": 0.044602707690942309, "fecha": "08-2026" }, "geometry": { "type": "LineString", "coordinates": [ [ -68.473031860631892, -33.190659319435163 ], [ -68.472568060731973, -33.189974119367669 ] ] } },
{ "type": "Feature", "properties": { "id_tramo": 980, "osm_id": "177170661", "zona": "URBANO", "km": 0.060192299371310751, "lado": null, "cuneta": "NO", "cun_mat": null, "km_cuneta": 0.060192299371310751, "fecha": "08-2026" }, "geometry": { "type": "LineString", "coordinates": [ [ -68.473195355055026, -33.194658278055762 ], [ -68.472916455010576, -33.194754678073323 ] ] } },
{ "type": "Feature", "properties": { "id_tramo": 982, "osm_id": "183315906", "zona": "URBANO", "km": 0.11995551289168274, "lado": null, "cuneta": "NO", "cun_mat": null, "km_cuneta": 0.11995551289168274, "fecha": "08-2026" }, "geometry": { "type": "LineString", "coordinates": [ [ -68.472287442658882, -33.193167911860343 ], [ -68.471410542511933, -33.193440711910597 ] ] } },
{ "type": "Feature", "properties": { "id_tramo": 983, "osm_id": "177170655", "zona": "URBANO", "km": 0.040321803117960422, "lado": null, "cuneta": "NO", "cun_mat": null, "km_cuneta": 0.040321803117960422, "fecha": "08-2026" }, "geometry": { "type": "MultiLineString", "coordinates": [ [ [ -68.47223762216872, -33.192340254674981 ], [ -68.472018423957451, -33.192416754052523 ], [ -68.471909023269575, -33.192454954293453 ] ], [ [ -68.471909023269575, -33.192454954293453 ], [ -68.470928923114215, -33.192797054355765 ] ] ] } },
{ "type": "Feature", "properties": { "id_tramo": 987, "osm_id": "360738024", "zona": "URBANO", "km": 0.11022230405742134, "lado": null, "cuneta": "NO", "cun_mat": null, "km_cuneta": 0.11022230405742134, "fecha": "08-2026" }, "geometry": { "type": "LineString", "coordinates": [ [ -68.470211808324237, -33.190517459443051 ], [ -68.469509008212711, -33.190762259487656 ] ] } },
{ "type": "Feature", "properties": { "id_tramo": 990, "osm_id": "177170649", "zona": "URBANO", "km": 0.051132652715390296, "lado": null, "cuneta": "NO", "cun_mat": null, "km_cuneta": 0.051132652715390296, "fecha": "08-2026" }, "geometry": { "type": "LineString", "coordinates": [ [ -68.468847604741185, -33.189567160659458 ], [ -68.468568704696921, -33.189664260677134 ] ] } },
{ "type": "Feature", "properties": { "id_tramo": 991, "osm_id": "177170647", "zona": "URBANO", "km": 0.10839687580895796, "lado": null, "cuneta": "NO", "cun_mat": null, "km_cuneta": 0.10839687580895796, "fecha": "08-2026" }, "geometry": { "type": "LineString", "coordinates": [ [ -68.470959917810319, -33.191500524934433 ], [ -68.470198917687796, -33.19175842498155 ] ] } },
{ "type": "Feature", "properties": { "id_tramo": 995, "osm_id": "177170595", "zona": "URBANO", "km": 0.080589192557896427, "lado": null, "cuneta": "NO", "cun_mat": null, "km_cuneta": 0.080589192557896427, "fecha": "08-2026" }, "geometry": { "type": "LineString", "coordinates": [ [ -68.470455571803214, -33.190340964114874 ], [ -68.47022467184614, -33.190021464081767 ] ] } },
{ "type": "Feature", "properties": { "id_tramo": 998, "osm_id": "177170621", "zona": "URBANO", "km": 0.0787916610436626, "lado": null, "cuneta": "NO", "cun_mat": null, "km_cuneta": 0.0787916610436626, "fecha": "08-2026" }, "geometry": { "type": "LineString", "coordinates": [ [ -68.471498069687556, -33.189972378441873 ], [ -68.47128136973194, -33.189659678410493 ] ] } },
{ "type": "Feature", "properties": { "id_tramo": 1002, "osm_id": "183315894", "zona": "URBANO", "km": 0.077791553781878062, "lado": null, "cuneta": "NO", "cun_mat": null, "km_cuneta": 0.077791553781878062, "fecha": "08-2026" }, "geometry": { "type": "LineString", "coordinates": [ [ -68.472558395808704, -33.189601415923278 ], [ -68.472355895849688, -33.189310815894004 ] ] } },
{ "type": "Feature", "properties": { "id_tramo": 1005, "osm_id": "183315894", "zona": "URBANO", "km": 0.072016053244700562, "lado": null, "cuneta": "NO", "cun_mat": null, "km_cuneta": 0.072016053244700562, "fecha": "08-2026" }, "geometry": { "type": "LineString", "coordinates": [ [ -68.471983097692728, -33.189046919773418 ], [ -68.471804697654989, -33.188785719799327 ] ] } },
{ "type": "Feature", "properties": { "id_tramo": 1006, "osm_id": "177170661", "zona": "URBANO", "km": 0.060174980331797794, "lado": null, "cuneta": "NO", "cun_mat": null, "km_cuneta": 0.060174980331797794, "fecha": "08-2026" }, "geometry": { "type": "LineString", "coordinates": [ [ -68.47382030906536, -33.194427952559735 ], [ -68.473531909020693, -33.194532752578752 ] ] } },
{ "type": "Feature", "properties": { "id_tramo": 1008, "osm_id": "177170660", "zona": "URBANO", "km": 0.078128473320754024, "lado": null, "cuneta": "NO", "cun_mat": null, "km_cuneta": 0.078128473320754024, "fecha": "08-2026" }, "geometry": { "type": "LineString", "coordinates": [ [ -68.474019171092735, -33.19310487915125 ], [ -68.473566671025452, -33.193280079182749 ] ] } },
{ "type": "Feature", "properties": { "id_tramo": 1009, "osm_id": "177170660", "zona": "URBANO", "km": 0.062828848530189371, "lado": null, "cuneta": "NO", "cun_mat": null, "km_cuneta": 0.062828848530189371, "fecha": "08-2026" }, "geometry": { "type": "LineString", "coordinates": [ [ -68.473277774467675, -33.193353041996332 ], [ -68.472952674515767, -33.193479841973556 ] ] } },
{ "type": "Feature", "properties": { "id_tramo": 1010, "osm_id": "183315906", "zona": "URBANO", "km": 0.070795914170243265, "lado": null, "cuneta": "NO", "cun_mat": null, "km_cuneta": 0.070795914170243265, "fecha": "08-2026" }, "geometry": { "type": "LineString", "coordinates": [ [ -68.473177547525481, -33.192896647120321 ], [ -68.472639047436445, -33.193069447152055 ] ] } },
{ "type": "Feature", "properties": { "id_tramo": 1012, "osm_id": "177170660", "zona": "URBANO", "km": 0.062828848530189371, "lado": null, "cuneta": "NO", "cun_mat": null, "km_cuneta": 0.062828848530189371, "fecha": "08-2026" }, "geometry": { "type": "LineString", "coordinates": [ [ -68.473359193292737, -33.193537546612866 ], [ -68.473084193335353, -33.193637446594785 ] ] } },
{ "type": "Feature", "properties": { "id_tramo": 1013, "osm_id": "183315906", "zona": "URBANO", "km": 0.070795914170243265, "lado": null, "cuneta": "NO", "cun_mat": null, "km_cuneta": 0.070795914170243265, "fecha": "08-2026" }, "geometry": { "type": "LineString", "coordinates": [ [ -68.473091419258381, -33.193024608280382 ], [ -68.472694419326004, -33.193143208258455 ] ] } },
{ "type": "Feature", "properties": { "id_tramo": 1014, "osm_id": "177170655", "zona": "URBANO", "km": 0.1185158252712292, "lado": null, "cuneta": "NO", "cun_mat": null, "km_cuneta": 0.1185158252712292, "fecha": "08-2026" }, "geometry": { "type": "LineString", "coordinates": [ [ -68.473415951731781, -33.191920479124313 ], [ -68.472909155882377, -33.192095577694289 ], [ -68.472811154374995, -33.192129478215698 ], [ -68.472626854345634, -33.192193178227313 ] ] } },
{ "type": "Feature", "properties": { "id_tramo": 1015, "osm_id": "177170655", "zona": "URBANO", "km": 0.040321803117960422, "lado": null, "cuneta": "NO", "cun_mat": null, "km_cuneta": 0.040321803117960422, "fecha": "08-2026" }, "geometry": { "type": "LineString", "coordinates": [ [ -68.473465725240914, -33.192056799165471 ], [ -68.472926225325395, -33.192249199130522 ], [ -68.472826220782679, -33.192284900749961 ], [ -68.472277023810392, -33.192480799665049 ] ] } },
{ "type": "Feature", "properties": { "id_tramo": 1016, "osm_id": "360738024", "zona": "URBANO", "km": 0.10652571480563393, "lado": null, "cuneta": "NO", "cun_mat": null, "km_cuneta": 0.10652571480563393, "fecha": "08-2026" }, "geometry": { "type": "LineString", "coordinates": [ [ -68.471369653985874, -33.190268018953425 ], [ -68.470686054094884, -33.190504018910403 ] ] } },
{ "type": "Feature", "properties": { "id_tramo": 1018, "osm_id": "177170657", "zona": "URBANO", "km": 0.10777488384609682, "lado": null, "cuneta": "NO", "cun_mat": null, "km_cuneta": 0.10777488384609682, "fecha": "08-2026" }, "geometry": { "type": "LineString", "coordinates": [ [ -68.470962138662429, -33.189661659116481 ], [ -68.470270338771741, -33.189904459072302 ] ] } },
{ "type": "Feature", "properties": { "id_tramo": 1027, "osm_id": "177170649", "zona": "URBANO", "km": 0.076135203754385719, "lado": null, "cuneta": "NO", "cun_mat": null, "km_cuneta": 0.076135203754385719, "fecha": "08-2026" }, "geometry": { "type": "LineString", "coordinates": [ [ -68.471274277316766, -33.188725804601624 ], [ -68.47073807723082, -33.188909104635087 ] ] } },
{ "type": "Feature", "properties": { "id_tramo": 1029, "osm_id": "183315840", "zona": "URBANO", "km": 0.091442212897938094, "lado": null, "cuneta": "NO", "cun_mat": null, "km_cuneta": 0.091442212897938094, "fecha": "08-2026" }, "geometry": { "type": "LineString", "coordinates": [ [ -68.47080508776385, -33.188211059365301 ], [ -68.470268887673143, -33.188373959395371 ] ] } },
{ "type": "Feature", "properties": { "id_tramo": 1035, "osm_id": "177170650", "zona": "URBANO", "km": 0.07972426773954823, "lado": null, "cuneta": "NO", "cun_mat": null, "km_cuneta": 0.07972426773954823, "fecha": "08-2026" }, "geometry": { "type": "LineString", "coordinates": [ [ -68.469666243508456, -33.188277783172488 ], [ -68.469233743437954, -33.188420683198665 ] ] } },
{ "type": "Feature", "properties": { "id_tramo": 1037, "osm_id": "177170650", "zona": "URBANO", "km": 0.063734866452027958, "lado": null, "cuneta": "NO", "cun_mat": null, "km_cuneta": 0.063734866452027958, "fecha": "08-2026" }, "geometry": { "type": "LineString", "coordinates": [ [ -68.46876962272438, -33.188390989012731 ], [ -68.468472322676902, -33.188493289031392 ] ] } },
{ "type": "Feature", "properties": { "id_tramo": 1038, "osm_id": "177170650", "zona": "URBANO", "km": 0.060739983104762842, "lado": null, "cuneta": "NO", "cun_mat": null, "km_cuneta": 0.060739983104762842, "fecha": "08-2026" }, "geometry": { "type": "LineString", "coordinates": [ [ -68.468171410910969, -33.188617434027122 ], [ -68.467862010855669, -33.188697534042049 ] ] } },
{ "type": "Feature", "properties": { "id_tramo": 1040, "osm_id": "177170650", "zona": "URBANO", "km": 0.060739983104762842, "lado": null, "cuneta": "NO", "cun_mat": null, "km_cuneta": 0.060739983104762842, "fecha": "08-2026" }, "geometry": { "type": "LineString", "coordinates": [ [ -68.468253629712862, -33.188718562294198 ], [ -68.467962529758822, -33.188820862275577 ] ] } },
{ "type": "Feature", "properties": { "id_tramo": 1044, "osm_id": "183315853", "zona": "URBANO", "km": 0.1242931482118379, "lado": null, "cuneta": "NO", "cun_mat": null, "km_cuneta": 0.1242931482118379, "fecha": "08-2026" }, "geometry": { "type": "LineString", "coordinates": [ [ -68.469639560659232, -33.189200365159834 ], [ -68.46916856075616, -33.188519365091629 ] ] } },
{ "type": "Feature", "properties": { "id_tramo": 1045, "osm_id": "177170653", "zona": "URBANO", "km": 0.065858044885143116, "lado": null, "cuneta": "NO", "cun_mat": null, "km_cuneta": 0.065858044885143116, "fecha": "08-2026" }, "geometry": { "type": "LineString", "coordinates": [ [ -68.4683421931163, -33.187773665029006 ], [ -68.468042493170898, -33.187845865015525 ] ] } },
{ "type": "Feature", "properties": { "id_tramo": 1046, "osm_id": "177170653", "zona": "URBANO", "km": 0.060774470921905958, "lado": null, "cuneta": "NO", "cun_mat": null, "km_cuneta": 0.060774470921905958, "fecha": "08-2026" }, "geometry": { "type": "LineString", "coordinates": [ [ -68.467711483370067, -33.187922974742257 ], [ -68.467406383423452, -33.188007574726555 ] ] } },
{ "type": "Feature", "properties": { "id_tramo": 1049, "osm_id": "177170647", "zona": "URBANO", "km": 0.055662134003922732, "lado": null, "cuneta": "NO", "cun_mat": null, "km_cuneta": 0.055662134003922732, "fecha": "08-2026" }, "geometry": { "type": "LineString", "coordinates": [ [ -68.471531085633174, -33.191305267360384 ], [ -68.471278485593018, -33.191392967376366 ] ] } },
{ "type": "Feature", "properties": { "id_tramo": 1053, "osm_id": "177170660", "zona": "URBANO", "km": 0.12561072898353956, "lado": null, "cuneta": "NO", "cun_mat": null, "km_cuneta": 0.12561072898353956, "fecha": "08-2026" }, "geometry": { "type": "LineString", "coordinates": [ [ -68.475192746713532, -33.192610452865338 ], [ -68.474381246833261, -33.192928152808335 ] ] } },
{ "type": "Feature", "properties": { "id_tramo": 1056, "osm_id": "177170613", "zona": "URBANO", "km": 0.11500851296318879, "lado": null, "cuneta": "NO", "cun_mat": null, "km_cuneta": 0.11500851296318879, "fecha": "08-2026" }, "geometry": { "type": "LineString", "coordinates": [ [ -68.47065683718354, -33.187658241406908 ], [ -68.470135937226374, -33.187100841337752 ] ] } },
{ "type": "Feature", "properties": { "id_tramo": 1062, "osm_id": "177170613", "zona": "URBANO", "km": 0.088313032355718829, "lado": null, "cuneta": "NO", "cun_mat": null, "km_cuneta": 0.088313032355718829, "fecha": "08-2026" }, "geometry": { "type": "LineString", "coordinates": [ [ -68.469881219431699, -33.186820222211537 ], [ -68.469610219454282, -33.186529422175532 ] ] } },
{ "type": "Feature", "properties": { "id_tramo": 1063, "osm_id": "177170613", "zona": "URBANO", "km": 0.088313032355718829, "lado": null, "cuneta": "NO", "cun_mat": null, "km_cuneta": 0.088313032355718829, "fecha": "08-2026" }, "geometry": { "type": "LineString", "coordinates": [ [ -68.469706716265051, -33.186847616192701 ], [ -68.4693968162386, -33.18651321623399 ] ] } },
{ "type": "Feature", "properties": { "id_tramo": 1064, "osm_id": "177170618", "zona": "URBANO", "km": 0.086766252660487334, "lado": null, "cuneta": "NO", "cun_mat": null, "km_cuneta": 0.086766252660487334, "fecha": "08-2026" }, "geometry": { "type": "LineString", "coordinates": [ [ -68.470493053076638, -33.186609050596786 ], [ -68.470216553100713, -33.186309250559923 ] ] } },
{ "type": "Feature", "properties": { "id_tramo": 1065, "osm_id": "177170618", "zona": "URBANO", "km": 0.086766252660487334, "lado": null, "cuneta": "NO", "cun_mat": null, "km_cuneta": 0.086766252660487334, "fecha": "08-2026" }, "geometry": { "type": "LineString", "coordinates": [ [ -68.470308811472322, -33.186640642357439 ], [ -68.470058011446511, -33.186356942391377 ] ] } },
{ "type": "Feature", "properties": { "id_tramo": 1067, "osm_id": "257793192", "zona": "URBANO", "km": 0.11980010561564962, "lado": null, "cuneta": "NO", "cun_mat": null, "km_cuneta": 0.11980010561564962, "fecha": "08-2026" }, "geometry": { "type": "LineString", "coordinates": [ [ -68.469222043081786, -33.186472488503654 ], [ -68.468141545394431, -33.186840787707268 ], [ -68.468004747559249, -33.186887386968813 ], [ -68.466874234983933, -33.187273191247854 ] ] } },
{ "type": "Feature", "properties": { "id_tramo": 1068, "osm_id": "257793192", "zona": "URBANO", "km": 0.099647252281267529, "lado": null, "cuneta": "NO", "cun_mat": null, "km_cuneta": 0.099647252281267529, "fecha": "08-2026" }, "geometry": { "type": "LineString", "coordinates": [ [ -68.468759705889354, -33.186452960166683 ], [ -68.46807970578142, -33.186689760209816 ] ] } },
{ "type": "Feature", "properties": { "id_tramo": 1069, "osm_id": "257793192", "zona": "URBANO", "km": 0.11980010561564962, "lado": null, "cuneta": "NO", "cun_mat": null, "km_cuneta": 0.11980010561564962, "fecha": "08-2026" }, "geometry": { "type": "LineString", "coordinates": [ [ -68.467815240433595, -33.186792977123673 ], [ -68.466870740286467, -33.187132977185371 ] ] } },
{ "type": "Feature", "properties": { "id_tramo": 1070, "osm_id": "257793192", "zona": "URBANO", "km": 0.041512836870587377, "lado": null, "cuneta": "NO", "cun_mat": null, "km_cuneta": 0.041512836870587377, "fecha": "08-2026" }, "geometry": { "type": "LineString", "coordinates": [ [ -68.4708173192994, -33.185727855475172 ], [ -68.469956910773291, -33.1860280584553 ], [ -68.469844715686364, -33.186067156744087 ], [ -68.469096520500401, -33.186328255070258 ] ] } },
{ "type": "Feature", "properties": { "id_tramo": 1073, "osm_id": "177170650", "zona": "URBANO", "km": 0.060618460244576636, "lado": null, "cuneta": "NO", "cun_mat": null, "km_cuneta": 0.060618460244576636, "fecha": "08-2026" }, "geometry": { "type": "LineString", "coordinates": [ [ -68.471167847872252, -33.187710127052135 ], [ -68.470934047908628, -33.187794427036849 ] ] } },
{ "type": "Feature", "properties": { "id_tramo": 1075, "osm_id": "177170650", "zona": "URBANO", "km": 0.054954575901386957, "lado": null, "cuneta": "NO", "cun_mat": null, "km_cuneta": 0.054954575901386957, "fecha": "08-2026" }, "geometry": { "type": "LineString", "coordinates": [ [ -68.471638484730988, -33.187389297124753 ], [ -68.471385384691402, -33.187479697141164 ] ] } },
{ "type": "Feature", "properties": { "id_tramo": 1080, "osm_id": "183315867", "zona": "URBANO", "km": 0.060601403293502304, "lado": null, "cuneta": "NO", "cun_mat": null, "km_cuneta": 0.060601403293502304, "fecha": "08-2026" }, "geometry": { "type": "LineString", "coordinates": [ [ -68.471512258637603, -33.188125906450139 ], [ -68.471296158603721, -33.188202806464112 ] ] } },
{ "type": "Feature", "properties": { "id_tramo": 1081, "osm_id": "183315867", "zona": "URBANO", "km": 0.11170883879059448, "lado": null, "cuneta": "NO", "cun_mat": null, "km_cuneta": 0.11170883879059448, "fecha": "08-2026" }, "geometry": { "type": "LineString", "coordinates": [ [ -68.472774234066094, -33.187806060782464 ], [ -68.472395841996004, -33.187938957994177 ], [ -68.472313949892964, -33.187967655226174 ], [ -68.471831136880624, -33.188137159786208 ], [ -68.471745530446299, -33.188167262044864 ], [ -68.471377035312003, -33.188296660333137 ] ] } },
{ "type": "Feature", "properties": { "id_tramo": 1083, "osm_id": "177170613", "zona": "URBANO", "km": 0.057615331112594509, "lado": null, "cuneta": "NO", "cun_mat": null, "km_cuneta": 0.057615331112594509, "fecha": "08-2026" }, "geometry": { "type": "LineString", "coordinates": [ [ -68.471306026560441, -33.188603846540836 ], [ -68.471069026537307, -33.188339446572769 ] ] } },
{ "type": "Feature", "properties": { "id_tramo": 1084, "osm_id": "177170613", "zona": "URBANO", "km": 0.052416566005988229, "lado": null, "cuneta": "NO", "cun_mat": null, "km_cuneta": 0.052416566005988229, "fecha": "08-2026" }, "geometry": { "type": "LineString", "coordinates": [ [ -68.470848284416945, -33.188087589864246 ], [ -68.470722484405698, -33.187950389881081 ] ] } },
{ "type": "Feature", "properties": { "id_tramo": 1085, "osm_id": "177170661", "zona": "URBANO", "km": 0.18192950444509629, "lado": null, "cuneta": "NO", "cun_mat": null, "km_cuneta": 0.18192950444509629, "fecha": "08-2026" }, "geometry": { "type": "LineString", "coordinates": [ [ -68.477457301908004, -33.193134791176142 ], [ -68.47613990170214, -33.19360639126181 ] ] } },
{ "type": "Feature", "properties": { "id_tramo": 1086, "osm_id": "177170660", "zona": "URBANO", "km": 0.16144079701615174, "lado": null, "cuneta": "NO", "cun_mat": null, "km_cuneta": 0.16144079701615174, "fecha": "08-2026" }, "geometry": { "type": "LineString", "coordinates": [ [ -68.476721204605013, -33.192002469417361 ], [ -68.475546004777669, -33.192465169334376 ] ] } },
{ "type": "Feature", "properties": { "id_tramo": 1087, "osm_id": "177170660", "zona": "URBANO", "km": 0.16144079701615174, "lado": null, "cuneta": "NO", "cun_mat": null, "km_cuneta": 0.16144079701615174, "fecha": "08-2026" }, "geometry": { "type": "LineString", "coordinates": [ [ -68.476831534719011, -33.192158597056171 ], [ -68.475639334893017, -33.19263239697132 ] ] } },
{ "type": "Feature", "properties": { "id_tramo": 1089, "osm_id": "258345452", "zona": "URBANO", "km": 0.070932577377618031, "lado": null, "cuneta": "NO", "cun_mat": null, "km_cuneta": 0.070932577377618031, "fecha": "08-2026" }, "geometry": { "type": "LineString", "coordinates": [ [ -68.476073024490134, -33.190844270271079 ], [ -68.475567224391654, -33.190130470343931 ] ] } },
{ "type": "Feature", "properties": { "id_tramo": 1091, "osm_id": "320867672", "zona": "URBANO", "km": 0.054308309300433816, "lado": null, "cuneta": "NO", "cun_mat": null, "km_cuneta": 0.054308309300433816, "fecha": "08-2026" }, "geometry": { "type": "LineString", "coordinates": [ [ -68.472924478987892, -33.190987110312989 ], [ -68.472320679084362, -33.191194810275107 ], [ -68.472225975475979, -33.191227411515868 ], [ -68.471943777123627, -33.191324510946707 ] ] } },
{ "type": "Feature", "properties": { "id_tramo": 1093, "osm_id": "612824061", "zona": "URBANO", "km": 0.13047179676169229, "lado": null, "cuneta": "NO", "cun_mat": null, "km_cuneta": 0.13047179676169229, "fecha": "08-2026" }, "geometry": { "type": "LineString", "coordinates": [ [ -68.473469333848342, -33.191790155245918 ], [ -68.473062733713533, -33.191035955307505 ] ] } },
{ "type": "Feature", "properties": { "id_tramo": 1094, "osm_id": "320867672", "zona": "URBANO", "km": 0.23478443794827558, "lado": null, "cuneta": "NO", "cun_mat": null, "km_cuneta": 0.23478443794827558, "fecha": "08-2026" }, "geometry": { "type": "LineString", "coordinates": [ [ -68.475408393606301, -33.190092395243923 ], [ -68.474462362677798, -33.190517370063461 ], [ -68.474342466421675, -33.190556151320315 ], [ -68.473282738305329, -33.190861944004602 ] ] } },
{ "type": "Feature", "properties": { "id_tramo": 1096, "osm_id": "177170530", "zona": "URBANO", "km": 0.069690256005904977, "lado": null, "cuneta": "NO", "cun_mat": null, "km_cuneta": 0.069690256005904977, "fecha": "08-2026" }, "geometry": { "type": "LineString", "coordinates": [ [ -68.470568734653042, -33.188869238944541 ], [ -68.470317434673746, -33.188600238911178 ] ] } },
{ "type": "Feature", "properties": { "id_tramo": 1097, "osm_id": "177170530", "zona": "URBANO", "km": 0.054734136828080197, "lado": null, "cuneta": "NO", "cun_mat": null, "km_cuneta": 0.054734136828080197, "fecha": "08-2026" }, "geometry": { "type": "LineString", "coordinates": [ [ -68.470089039425488, -33.188355943945375 ], [ -68.469979939434467, -33.188239243930894 ] ] } },
{ "type": "Feature", "properties": { "id_tramo": 1099, "osm_id": "177170613", "zona": "URBANO", "km": 0.052416566005988229, "lado": null, "cuneta": "NO", "cun_mat": null, "km_cuneta": 0.052416566005988229, "fecha": "08-2026" }, "geometry": { "type": "LineString", "coordinates": [ [ -68.471124547628335, -33.188175352680858 ], [ -68.47089324764724, -33.18792825265016 ] ] } },
{ "type": "Feature", "properties": { "id_tramo": 1101, "osm_id": "177170618", "zona": "URBANO", "km": 0.070325493939701653, "lado": null, "cuneta": "NO", "cun_mat": null, "km_cuneta": 0.070325493939701653, "fecha": "08-2026" }, "geometry": { "type": "LineString", "coordinates": [ [ -68.47155275997946, -33.188002612100526 ], [ -68.471334159954921, -33.187749212130335 ] ] } },
{ "type": "Feature", "properties": { "id_tramo": 1105, "osm_id": "177170653", "zona": "URBANO", "km": 0.052704075619337751, "lado": null, "cuneta": "NO", "cun_mat": null, "km_cuneta": 0.052704075619337751, "fecha": "08-2026" }, "geometry": { "type": "LineString", "coordinates": [ [ -68.470985827931372, -33.186674298379899 ], [ -68.470760327966687, -33.186754698365299 ] ] } },
{ "type": "Feature", "properties": { "id_tramo": 1106, "osm_id": "177170653", "zona": "URBANO", "km": 0.053077690675584481, "lado": null, "cuneta": "NO", "cun_mat": null, "km_cuneta": 0.053077690675584481, "fecha": "08-2026" }, "geometry": { "type": "LineString", "coordinates": [ [ -68.471547864888805, -33.186330574405503 ], [ -68.471063465536531, -33.186498274185119 ], [ -68.470970761303633, -33.186530375650968 ], [ -68.470647661252201, -33.186642175671352 ] ] } },
{ "type": "Feature", "properties": { "id_tramo": 1107, "osm_id": "183315903", "zona": "URBANO", "km": 0.11705292466881624, "lado": null, "cuneta": "NO", "cun_mat": null, "km_cuneta": 0.11705292466881624, "fecha": "08-2026" }, "geometry": { "type": "LineString", "coordinates": [ [ -68.47217430573842, -33.187078688969926 ], [ -68.471634005701574, -33.186522789040637 ] ] } },
{ "type": "Feature", "properties": { "id_tramo": 1110, "osm_id": "177321969", "zona": "URBANO", "km": 0.12755197609452087, "lado": null, "cuneta": "NO", "cun_mat": null, "km_cuneta": 0.12755197609452087, "fecha": "08-2026" }, "geometry": { "type": "LineString", "coordinates": [ [ -68.458053054173945, -33.189309999023564 ], [ -68.457121154357438, -33.187988898889252 ] ] } },
{ "type": "Feature", "properties": { "id_tramo": 1113, "osm_id": "177321969", "zona": "URBANO", "km": 0.12702552573021575, "lado": null, "cuneta": "NO", "cun_mat": null, "km_cuneta": 0.12702552573021575, "fecha": "08-2026" }, "geometry": { "type": "LineString", "coordinates": [ [ -68.456939420729583, -33.187668402869484 ], [ -68.456488120628293, -33.186989402935374 ] ] } },
{ "type": "Feature", "properties": { "id_tramo": 1116, "osm_id": "177321947", "zona": "URBANO", "km": 0.11917427163506264, "lado": null, "cuneta": "NO", "cun_mat": null, "km_cuneta": 0.11917427163506264, "fecha": "08-2026" }, "geometry": { "type": "LineString", "coordinates": [ [ -68.457689196459043, -33.18621603169268 ], [ -68.457316296363672, -33.185617531747837 ] ] } },
{ "type": "Feature", "properties": { "id_tramo": 1117, "osm_id": "177321947", "zona": "URBANO", "km": 0.11917427163506264, "lado": null, "cuneta": "NO", "cun_mat": null, "km_cuneta": 0.11917427163506264, "fecha": "08-2026" }, "geometry": { "type": "LineString", "coordinates": [ [ -68.457494304179491, -33.186278144074919 ], [ -68.457122604084077, -33.185680444129908 ] ] } },
{ "type": "Feature", "properties": { "id_tramo": 1, "osm_id": "183312743", "zona": "URBANO", "km": 0.12265088701552483, "lado": null, "cuneta": "SI", "cun_mat": "HORMIGON", "km_cuneta": 0.12265088701552483, "fecha": "08-2026" }, "geometry": { "type": "LineString", "coordinates": [ [ -68.452737160893363, -33.19246637027053 ], [ -68.451833961029351, -33.192809870208656 ] ] } },
{ "type": "Feature", "properties": { "id_tramo": 4, "osm_id": "177321947", "zona": "URBANO", "km": 0.076735696240249812, "lado": null, "cuneta": "SI", "cun_mat": "TIERRA", "km_cuneta": 0.076735696240249812, "fecha": "08-2026" }, "geometry": { "type": "LineString", "coordinates": [ [ -68.459200986050405, -33.188950656296903 ], [ -68.458935286107092, -33.188560256258299 ] ] } },
{ "type": "Feature", "properties": { "id_tramo": 9, "osm_id": "177321922", "zona": "URBANO", "km": 0.12076120997625059, "lado": null, "cuneta": "SI", "cun_mat": "TIERRA", "km_cuneta": 0.12076120997625059, "fecha": "08-2026" }, "geometry": { "type": "LineString", "coordinates": [ [ -68.455477226700907, -33.186960620432764 ], [ -68.45507382660108, -33.186324020492215 ] ] } },
{ "type": "Feature", "properties": { "id_tramo": 10, "osm_id": "177321922", "zona": "URBANO", "km": 0.12076120997625059, "lado": null, "cuneta": "SI", "cun_mat": "TIERRA", "km_cuneta": 0.12076120997625059, "fecha": "08-2026" }, "geometry": { "type": "LineString", "coordinates": [ [ -68.455637243041934, -33.186910788702704 ], [ -68.455231843138989, -33.186281488643132 ] ] } },
{ "type": "Feature", "properties": { "id_tramo": 12, "osm_id": "177322061", "zona": "URBANO", "km": 0.12174503373044805, "lado": null, "cuneta": "SI", "cun_mat": "TIERRA", "km_cuneta": 0.12174503373044805, "fecha": "08-2026" }, "geometry": { "type": "LineString", "coordinates": [ [ -68.468416495732598, -33.200345574432085 ], [ -68.468004795828605, -33.199714774371706 ] ] } },
{ "type": "Feature", "properties": { "id_tramo": 13, "osm_id": "177322061", "zona": "URBANO", "km": 0.12537114988633544, "lado": null, "cuneta": "SI", "cun_mat": "HORMIGON", "km_cuneta": 0.12537114988633544, "fecha": "08-2026" }, "geometry": { "type": "LineString", "coordinates": [ [ -68.465669280201084, -33.196422939373655 ], [ -68.465213980100927, -33.195744439440041 ] ] } },
{ "type": "Feature", "properties": { "id_tramo": 16, "osm_id": "177321955", "zona": "URBANO", "km": 0.12677634088931433, "lado": null, "cuneta": "SI", "cun_mat": "HORMIGON", "km_cuneta": 0.12677634088931433, "fecha": "08-2026" }, "geometry": { "type": "LineString", "coordinates": [ [ -68.467577191398092, -33.194641662333169 ], [ -68.468013091504076, -33.195323462268966 ] ] } },
{ "type": "Feature", "properties": { "id_tramo": 18, "osm_id": "177322061", "zona": "URBANO", "km": 0.14218626832578768, "lado": null, "cuneta": "SI", "cun_mat": "HORMIGON", "km_cuneta": 0.14218626832578768, "fecha": "08-2026" }, "geometry": { "type": "LineString", "coordinates": [ [ -68.464299532514616, -33.194317470985759 ], [ -68.463782932392462, -33.193520471061611 ] ] } },
{ "type": "Feature", "properties": { "id_tramo": 19, "osm_id": "177322061", "zona": "URBANO", "km": 0.13744877826966284, "lado": null, "cuneta": "SI", "cun_mat": "HORMIGON", "km_cuneta": 0.13744877826966284, "fecha": "08-2026" }, "geometry": { "type": "LineString", "coordinates": [ [ -68.46517530391867, -33.195379972105833 ], [ -68.46465650405122, -33.194547872029091 ] ] } },
{ "type": "Feature", "properties": { "id_tramo": 24, "osm_id": "177322061", "zona": "URBANO", "km": 0.11644874142447516, "lado": null, "cuneta": "SI", "cun_mat": "TIERRA", "km_cuneta": 0.11644874142447516, "fecha": "08-2026" }, "geometry": { "type": "LineString", "coordinates": [ [ -68.467801472353699, -33.199409490507513 ], [ -68.467380772448323, -33.198775990446045 ] ] } },
{ "type": "Feature", "properties": { "id_tramo": 25, "osm_id": "177321929", "zona": "URBANO", "km": 0.14160821460137962, "lado": null, "cuneta": "SI", "cun_mat": "HORMIGON", "km_cuneta": 0.14160821460137962, "fecha": "08-2026" }, "geometry": { "type": "LineString", "coordinates": [ [ -68.467782197119064, -33.196904875431564 ], [ -68.467269997238475, -33.196120175356455 ] ] } },
{ "type": "Feature", "properties": { "id_tramo": 27, "osm_id": "177322061", "zona": "URBANO", "km": 0.03551978122093119, "lado": null, "cuneta": "SI", "cun_mat": "TIERRA", "km_cuneta": 0.03551978122093119, "fecha": "08-2026" }, "geometry": { "type": "LineString", "coordinates": [ [ -68.46703134515387, -33.198531489111296 ], [ -68.466385545000293, -33.197532489206182 ] ] } },
{ "type": "Feature", "properties": { "id_tramo": 31, "osm_id": "177322061", "zona": "URBANO", "km": 0.13333951304007483, "lado": null, "cuneta": "SI", "cun_mat": "TIERRA", "km_cuneta": 0.13333951304007483, "fecha": "08-2026" }, "geometry": { "type": "LineString", "coordinates": [ [ -68.463550140391177, -33.193248790237597 ], [ -68.463052140499684, -33.192509890165049 ] ] } },
{ "type": "Feature", "properties": { "id_tramo": 32, "osm_id": "177322061", "zona": "URBANO", "km": 0.13333951304007483, "lado": null, "cuneta": "SI", "cun_mat": "HORMIGON", "km_cuneta": 0.13333951304007483, "fecha": "08-2026" }, "geometry": { "type": "LineString", "coordinates": [ [ -68.463730967370509, -33.193163780985969 ], [ -68.463254267478064, -33.19244488091632 ] ] } },
{ "type": "Feature", "properties": { "id_tramo": 33, "osm_id": "257781715", "zona": "URBANO", "km": 0.11903446662486011, "lado": null, "cuneta": "SI", "cun_mat": "HORMIGON", "km_cuneta": 0.11903446662486011, "fecha": "08-2026" }, "geometry": { "type": "LineString", "coordinates": [ [ -68.468062566383296, -33.195586445054502 ], [ -68.467284766481242, -33.195950544991177 ] ] } },
{ "type": "Feature", "properties": { "id_tramo": 35, "osm_id": "642762562", "zona": "URBANO", "km": 0.11707442007635591, "lado": null, "cuneta": "SI", "cun_mat": "TIERRA", "km_cuneta": 0.11707442007635591, "fecha": "08-2026" }, "geometry": { "type": "LineString", "coordinates": [ [ -68.46519625669265, -33.192773011756479 ], [ -68.465955156593338, -33.192430511816497 ] ] } },
{ "type": "Feature", "properties": { "id_tramo": 45, "osm_id": "257800486", "zona": "URBANO", "km": 0.13248637230550045, "lado": null, "cuneta": "SI", "cun_mat": "HORMIGON", "km_cuneta": 0.13248637230550045, "fecha": "08-2026" }, "geometry": { "type": "LineString", "coordinates": [ [ -68.468924947261627, -33.199173515689189 ], [ -68.468058347374921, -33.199565015620607 ] ] } },
{ "type": "Feature", "properties": { "id_tramo": 47, "osm_id": "177170501", "zona": "URBANO", "km": 0.13266484614288995, "lado": null, "cuneta": "SI", "cun_mat": "TIERRA", "km_cuneta": 0.13266484614288995, "fecha": "08-2026" }, "geometry": { "type": "LineString", "coordinates": [ [ -68.469560346693925, -33.20013650188492 ], [ -68.468675646584245, -33.20055650195777 ] ] } },
{ "type": "Feature", "properties": { "id_tramo": 48, "osm_id": "177170501", "zona": "URBANO", "km": 0.13266484614288995, "lado": null, "cuneta": "SI", "cun_mat": "TIERRA", "km_cuneta": 0.13266484614288995, "fecha": "08-2026" }, "geometry": { "type": "LineString", "coordinates": [ [ -68.469434356665786, -33.199992837090804 ], [ -68.468581256555737, -33.200383337159032 ] ] } },
{ "type": "Feature", "properties": { "id_tramo": 52, "osm_id": "177321955", "zona": "URBANO", "km": 0.14156284582329437, "lado": null, "cuneta": "SI", "cun_mat": "HORMIGON", "km_cuneta": 0.14156284582329437, "fecha": "08-2026" }, "geometry": { "type": "LineString", "coordinates": [ [ -68.468918840642687, -33.196398891619815 ], [ -68.468362340763889, -33.195573391538765 ] ] } },
{ "type": "Feature", "properties": { "id_tramo": 53, "osm_id": "177321955", "zona": "URBANO", "km": 0.14156284582329437, "lado": null, "cuneta": "SI", "cun_mat": "HORMIGON", "km_cuneta": 0.14156284582329437, "fecha": "08-2026" }, "geometry": { "type": "LineString", "coordinates": [ [ -68.468760423136033, -33.196467955808124 ], [ -68.468218723008547, -33.195634155887632 ] ] } },
{ "type": "Feature", "properties": { "id_tramo": 55, "osm_id": "177170643", "zona": "URBANO", "km": 0.13420208494874841, "lado": null, "cuneta": "SI", "cun_mat": "HORMIGON", "km_cuneta": 0.13420208494874841, "fecha": "08-2026" }, "geometry": { "type": "LineString", "coordinates": [ [ -68.468272953196063, -33.198231351091721 ], [ -68.467430053302024, -33.198626551023018 ] ] } },
{ "type": "Feature", "properties": { "id_tramo": 59, "osm_id": "183315905", "zona": "URBANO", "km": 0.1196860337814363, "lado": null, "cuneta": "SI", "cun_mat": "HORMIGON", "km_cuneta": 0.1196860337814363, "fecha": "08-2026" }, "geometry": { "type": "LineString", "coordinates": [ [ -68.468798447952196, -33.196745960961451 ], [ -68.468029948051395, -33.197097560900026 ] ] } },
{ "type": "Feature", "properties": { "id_tramo": 60, "osm_id": "183315905", "zona": "URBANO", "km": 0.1196860337814363, "lado": null, "cuneta": "SI", "cun_mat": "HORMIGON", "km_cuneta": 0.1196860337814363, "fecha": "08-2026" }, "geometry": { "type": "LineString", "coordinates": [ [ -68.46871307204907, -33.196615183709802 ], [ -68.467976571955532, -33.196957283769393 ] ] } },
{ "type": "Feature", "properties": { "id_tramo": 63, "osm_id": "257800486", "zona": "URBANO", "km": 0.12078861214294849, "lado": null, "cuneta": "SI", "cun_mat": "HORMIGON", "km_cuneta": 0.12078861214294849, "fecha": "08-2026" }, "geometry": { "type": "LineString", "coordinates": [ [ -68.470043131567422, -33.198648914500623 ], [ -68.469282131664102, -33.199002214439084 ] ] } },
{ "type": "Feature", "properties": { "id_tramo": 65, "osm_id": "177170501", "zona": "URBANO", "km": 0.12135410793595812, "lado": null, "cuneta": "SI", "cun_mat": "HORMIGON", "km_cuneta": 0.12135410793595812, "fecha": "08-2026" }, "geometry": { "type": "LineString", "coordinates": [ [ -68.470666512114818, -33.199642702642386 ], [ -68.469914012015948, -33.199980902701689 ] ] } },
{ "type": "Feature", "properties": { "id_tramo": 66, "osm_id": "177170501", "zona": "URBANO", "km": 0.12135410793595812, "lado": null, "cuneta": "SI", "cun_mat": "TIERRA", "km_cuneta": 0.12135410793595812, "fecha": "08-2026" }, "geometry": { "type": "LineString", "coordinates": [ [ -68.470560789151463, -33.199470575911285 ], [ -68.469815289056982, -33.199817575971721 ] ] } },
{ "type": "Feature", "properties": { "id_tramo": 67, "osm_id": "257800489", "zona": "URBANO", "km": 0.12446550062383251, "lado": null, "cuneta": "SI", "cun_mat": "TIERRA", "km_cuneta": 0.12446550062383251, "fecha": "08-2026" }, "geometry": { "type": "LineString", "coordinates": [ [ -68.471141519054385, -33.200272562375076 ], [ -68.470294919157311, -33.200681262304442 ] ] } },
{ "type": "Feature", "properties": { "id_tramo": 69, "osm_id": "177321947", "zona": "URBANO", "km": 0.13640703484320302, "lado": null, "cuneta": "SI", "cun_mat": "TIERRA", "km_cuneta": 0.13640703484320302, "fecha": "08-2026" }, "geometry": { "type": "LineString", "coordinates": [ [ -68.463320910704695, -33.194754495494848 ], [ -68.462840110816089, -33.194020095424392 ] ] } },
{ "type": "Feature", "properties": { "id_tramo": 70, "osm_id": "177321947", "zona": "URBANO", "km": 0.13640703484320302, "lado": null, "cuneta": "SI", "cun_mat": "HORMIGON", "km_cuneta": 0.13640703484320302, "fecha": "08-2026" }, "geometry": { "type": "LineString", "coordinates": [ [ -68.463156069133291, -33.194808873760103 ], [ -68.462671669022129, -33.194072373831027 ] ] } },
{ "type": "Feature", "properties": { "id_tramo": 71, "osm_id": "177321929", "zona": "URBANO", "km": 0.14516812517431904, "lado": null, "cuneta": "SI", "cun_mat": "HORMIGON", "km_cuneta": 0.14516812517431904, "fecha": "08-2026" }, "geometry": { "type": "LineString", "coordinates": [ [ -68.465682345251395, -33.193714197599427 ], [ -68.46514304536862, -33.192914897520907 ] ] } },
{ "type": "Feature", "properties": { "id_tramo": 72, "osm_id": "177321929", "zona": "URBANO", "km": 0.14516812517431904, "lado": null, "cuneta": "SI", "cun_mat": "TIERRA", "km_cuneta": 0.14516812517431904, "fecha": "08-2026" }, "geometry": { "type": "LineString", "coordinates": [ [ -68.46552619491662, -33.193769613405117 ], [ -68.465002694795018, -33.192968913481842 ] ] } },
{ "type": "Feature", "properties": { "id_tramo": 75, "osm_id": "257781723", "zona": "URBANO", "km": 0.13206321462352291, "lado": null, "cuneta": "SI", "cun_mat": "TIERRA", "km_cuneta": 0.13206321462352291, "fecha": "08-2026" }, "geometry": { "type": "LineString", "coordinates": [ [ -68.465477832982018, -33.193916747599381 ], [ -68.464612232870039, -33.194311847668452 ] ] } },
{ "type": "Feature", "properties": { "id_tramo": 77, "osm_id": "183312754", "zona": "URBANO", "km": 0.12393348550353563, "lado": null, "cuneta": "SI", "cun_mat": "HORMIGON", "km_cuneta": 0.12393348550353563, "fecha": "08-2026" }, "geometry": { "type": "LineString", "coordinates": [ [ -68.463535904601727, -33.193377314727698 ], [ -68.46277950450478, -33.193725714788457 ] ] } },
{ "type": "Feature", "properties": { "id_tramo": 79, "osm_id": "183315837", "zona": "URBANO", "km": 0.1223611659920292, "lado": null, "cuneta": "SI", "cun_mat": "HORMIGON", "km_cuneta": 0.1223611659920292, "fecha": "08-2026" }, "geometry": { "type": "LineString", "coordinates": [ [ -68.464326080501991, -33.194588168515857 ], [ -68.463550280607606, -33.194924068456558 ] ] } },
{ "type": "Feature", "properties": { "id_tramo": 88, "osm_id": "257800487", "zona": "URBANO", "km": 0.11789701270868833, "lado": null, "cuneta": "SI", "cun_mat": "HORMIGON", "km_cuneta": 0.11789701270868833, "fecha": "08-2026" }, "geometry": { "type": "LineString", "coordinates": [ [ -68.466979702516511, -33.198664161720416 ], [ -68.466256702422569, -33.198992861777938 ] ] } },
{ "type": "Feature", "properties": { "id_tramo": 89, "osm_id": "183315930", "zona": "URBANO", "km": 0.11679670207879136, "lado": null, "cuneta": "SI", "cun_mat": "TIERRA", "km_cuneta": 0.11679670207879136, "fecha": "08-2026" }, "geometry": { "type": "LineString", "coordinates": [ [ -68.467659687417139, -33.199743435002851 ], [ -68.466921087510457, -33.200088234942847 ] ] } },
{ "type": "Feature", "properties": { "id_tramo": 94, "osm_id": "177170612", "zona": "URBANO", "km": 0.059680608992196155, "lado": null, "cuneta": "SI", "cun_mat": "HORMIGON", "km_cuneta": 0.059680608992196155, "fecha": "08-2026" }, "geometry": { "type": "LineString", "coordinates": [ [ -68.480531023547584, -33.194584339483583 ], [ -68.481426923676281, -33.194220739418668 ] ] } },
{ "type": "Feature", "properties": { "id_tramo": 95, "osm_id": "177170587", "zona": "URBANO", "km": 0.13521338771139896, "lado": null, "cuneta": "SI", "cun_mat": "TIERRA", "km_cuneta": 0.13521338771139896, "fecha": "08-2026" }, "geometry": { "type": "LineString", "coordinates": [ [ -68.480397174049472, -33.194582121161993 ], [ -68.479198274223393, -33.195062421076074 ] ] } },
{ "type": "Feature", "properties": { "id_tramo": 97, "osm_id": "642762562", "zona": "URBANO", "km": 0.11707442007635591, "lado": null, "cuneta": "SI", "cun_mat": "TIERRA", "km_cuneta": 0.11707442007635591, "fecha": "08-2026" }, "geometry": { "type": "LineString", "coordinates": [ [ -68.465108716408395, -33.192648009251521 ], [ -68.465876316506609, -33.192293909189765 ] ] } },
{ "type": "Feature", "properties": { "id_tramo": 98, "osm_id": "177322061", "zona": "URBANO", "km": 0.17026837875038159, "lado": null, "cuneta": "SI", "cun_mat": "TIERRA", "km_cuneta": 0.17026837875038159, "fecha": "08-2026" }, "geometry": { "type": "LineString", "coordinates": [ [ -68.463027982958081, -33.192113052112283 ], [ -68.462354283116241, -33.191077252013443 ] ] } },
{ "type": "Feature", "properties": { "id_tramo": 100, "osm_id": "177321969", "zona": "URBANO", "km": 0.13174065963779324, "lado": null, "cuneta": "SI", "cun_mat": "HORMIGON", "km_cuneta": 0.13174065963779324, "fecha": "08-2026" }, "geometry": { "type": "LineString", "coordinates": [ [ -68.462138597805719, -33.195244775918027 ], [ -68.461686097911198, -33.194551575851683 ] ] } },
{ "type": "Feature", "properties": { "id_tramo": 104, "osm_id": "177321955", "zona": "URBANO", "km": 0.11830365422451675, "lado": null, "cuneta": "SI", "cun_mat": "TIERRA", "km_cuneta": 0.11830365422451675, "fecha": "08-2026" }, "geometry": { "type": "LineString", "coordinates": [ [ -68.469533182986666, -33.197363753903183 ], [ -68.46912198308317, -33.196731753842833 ] ] } },
{ "type": "Feature", "properties": { "id_tramo": 106, "osm_id": "177321929", "zona": "URBANO", "km": 0.11805152682518301, "lado": null, "cuneta": "SI", "cun_mat": "HORMIGON", "km_cuneta": 0.11805152682518301, "fecha": "08-2026" }, "geometry": { "type": "LineString", "coordinates": [ [ -68.468873556215371, -33.198897406115279 ], [ -68.468470556119058, -33.198272406174539 ] ] } },
{ "type": "Feature", "properties": { "id_tramo": 110, "osm_id": "177170544", "zona": "URBANO", "km": 0.12005083336236433, "lado": null, "cuneta": "SI", "cun_mat": "HORMIGON", "km_cuneta": 0.12005083336236433, "fecha": "08-2026" }, "geometry": { "type": "LineString", "coordinates": [ [ -68.471298796645442, -33.197777115555347 ], [ -68.470876396556164, -33.197159115616692 ] ] } },
{ "type": "Feature", "properties": { "id_tramo": 111, "osm_id": "177170544", "zona": "URBANO", "km": 0.12005083336236433, "lado": null, "cuneta": "SI", "cun_mat": "TIERRA", "km_cuneta": 0.12005083336236433, "fecha": "08-2026" }, "geometry": { "type": "LineString", "coordinates": [ [ -68.471443566591674, -33.197720130423235 ], [ -68.471016466683523, -33.197090230361098 ] ] } },
{ "type": "Feature", "properties": { "id_tramo": 112, "osm_id": "257800486", "zona": "URBANO", "km": 0.13679051606795067, "lado": null, "cuneta": "SI", "cun_mat": "HORMIGON", "km_cuneta": 0.13679051606795067, "fecha": "08-2026" }, "geometry": { "type": "LineString", "coordinates": [ [ -68.471336087345833, -33.198055942911132 ], [ -68.470410387465918, -33.198477342837414 ] ] } },
{ "type": "Feature", "properties": { "id_tramo": 114, "osm_id": "177170643", "zona": "URBANO", "km": 0.13507249162646584, "lado": null, "cuneta": "SI", "cun_mat": "HORMIGON", "km_cuneta": 0.13507249162646584, "fecha": "08-2026" }, "geometry": { "type": "LineString", "coordinates": [ [ -68.470691570742062, -33.197105196436418 ], [ -68.469772070859534, -33.197529996362299 ] ] } },
{ "type": "Feature", "properties": { "id_tramo": 115, "osm_id": "177170643", "zona": "URBANO", "km": 0.13507249162646584, "lado": null, "cuneta": "SI", "cun_mat": "HORMIGON", "km_cuneta": 0.13507249162646584, "fecha": "08-2026" }, "geometry": { "type": "LineString", "coordinates": [ [ -68.470604913617066, -33.196982810775161 ], [ -68.469712013502772, -33.197394510846969 ] ] } },
{ "type": "Feature", "properties": { "id_tramo": 116, "osm_id": "183315905", "zona": "URBANO", "km": 0.13304019974754897, "lado": null, "cuneta": "SI", "cun_mat": "TIERRA", "km_cuneta": 0.13304019974754897, "fecha": "08-2026" }, "geometry": { "type": "LineString", "coordinates": [ [ -68.470007954386674, -33.196159445587114 ], [ -68.469163954489787, -33.196565145516949 ] ] } },
{ "type": "Feature", "properties": { "id_tramo": 118, "osm_id": "257781715", "zona": "URBANO", "km": 0.13012043563787221, "lado": null, "cuneta": "SI", "cun_mat": "HORMIGON", "km_cuneta": 0.13012043563787221, "fecha": "08-2026" }, "geometry": { "type": "LineString", "coordinates": [ [ -68.469231040699412, -33.195051704382053 ], [ -68.468427340798854, -33.195433904315806 ] ] } },
{ "type": "Feature", "properties": { "id_tramo": 122, "osm_id": "177321929", "zona": "URBANO", "km": 0.1336508810188532, "lado": null, "cuneta": "SI", "cun_mat": "HORMIGON", "km_cuneta": 0.1336508810188532, "fecha": "08-2026" }, "geometry": { "type": "LineString", "coordinates": [ [ -68.466393203554105, -33.194809635864218 ], [ -68.465874403669119, -33.194033635788529 ] ] } },
{ "type": "Feature", "properties": { "id_tramo": 124, "osm_id": "177321955", "zona": "URBANO", "km": 0.13420332001422572, "lado": null, "cuneta": "SI", "cun_mat": "TIERRA", "km_cuneta": 0.13420332001422572, "fecha": "08-2026" }, "geometry": { "type": "LineString", "coordinates": [ [ -68.467524432731693, -33.194283828921293 ], [ -68.467030432844965, -33.193533028849004 ] ] } },
{ "type": "Feature", "properties": { "id_tramo": 125, "osm_id": "177321955", "zona": "URBANO", "km": 0.13420332001422572, "lado": null, "cuneta": "SI", "cun_mat": "TIERRA", "km_cuneta": 0.13420332001422572, "fecha": "08-2026" }, "geometry": { "type": "LineString", "coordinates": [ [ -68.467380871560025, -33.194342777583358 ], [ -68.466885971446331, -33.193589877655818 ] ] } },
{ "type": "Feature", "properties": { "id_tramo": 127, "osm_id": "177321947", "zona": "URBANO", "km": 0.14170905610841289, "lado": null, "cuneta": "SI", "cun_mat": "TIERRA", "km_cuneta": 0.14170905610841289, "fecha": "08-2026" }, "geometry": { "type": "LineString", "coordinates": [ [ -68.46390923017762, -33.19595196684589 ], [ -68.463373230051047, -33.195125566924602 ] ] } },
{ "type": "Feature", "properties": { "id_tramo": 129, "osm_id": "177321947", "zona": "URBANO", "km": 0.17299215923182168, "lado": null, "cuneta": "SI", "cun_mat": "HORMIGON", "km_cuneta": 0.17299215923182168, "fecha": "08-2026" }, "geometry": { "type": "LineString", "coordinates": [ [ -68.465918010866233, -33.199016391389925 ], [ -68.465253510703207, -33.197972491487853 ] ] } },
{ "type": "Feature", "properties": { "id_tramo": 130, "osm_id": "177321947", "zona": "URBANO", "km": 0.094678300027835019, "lado": null, "cuneta": "SI", "cun_mat": "HORMIGON", "km_cuneta": 0.094678300027835019, "fecha": "08-2026" }, "geometry": { "type": "LineString", "coordinates": [ [ -68.465191086958185, -33.197596311875778 ], [ -68.464907887021482, -33.197171211834423 ] ] } },
{ "type": "Feature", "properties": { "id_tramo": 132, "osm_id": "183315904", "zona": "URBANO", "km": 0.11717277940300194, "lado": null, "cuneta": "SI", "cun_mat": "HORMIGON", "km_cuneta": 0.11717277940300194, "fecha": "08-2026" }, "geometry": { "type": "LineString", "coordinates": [ [ -68.465072102499136, -33.19792480712281 ], [ -68.464262802625711, -33.198214307070238 ] ] } },
{ "type": "Feature", "properties": { "id_tramo": 133, "osm_id": "183315904", "zona": "URBANO", "km": 0.11717277940300194, "lado": null, "cuneta": "SI", "cun_mat": "TIERRA", "km_cuneta": 0.11717277940300194, "fecha": "08-2026" }, "geometry": { "type": "LineString", "coordinates": [ [ -68.464980577674055, -33.197789027600386 ], [ -68.464173677549738, -33.198085027653974 ] ] } },
{ "type": "Feature", "properties": { "id_tramo": 135, "osm_id": "183315928", "zona": "URBANO", "km": 0.11569010199266319, "lado": null, "cuneta": "SI", "cun_mat": "HORMIGON", "km_cuneta": 0.11569010199266319, "fecha": "08-2026" }, "geometry": { "type": "LineString", "coordinates": [ [ -68.464488963736031, -33.197077833692937 ], [ -68.463745163640183, -33.197418633752456 ] ] } },
{ "type": "Feature", "properties": { "id_tramo": 136, "osm_id": "177321947", "zona": "URBANO", "km": 0.12379872946025089, "lado": null, "cuneta": "SI", "cun_mat": "HORMIGON", "km_cuneta": 0.12379872946025089, "fecha": "08-2026" }, "geometry": { "type": "LineString", "coordinates": [ [ -68.464544482539196, -33.19692189348298 ], [ -68.464118682440883, -33.196272593545352 ] ] } },
{ "type": "Feature", "properties": { "id_tramo": 137, "osm_id": "177321947", "zona": "URBANO", "km": 0.12379872946025089, "lado": null, "cuneta": "SI", "cun_mat": "HORMIGON", "km_cuneta": 0.12379872946025089, "fecha": "08-2026" }, "geometry": { "type": "LineString", "coordinates": [ [ -68.464713061632494, -33.196857222808738 ], [ -68.464268161728441, -33.196200322743991 ] ] } },
{ "type": "Feature", "properties": { "id_tramo": 138, "osm_id": "257800487", "zona": "URBANO", "km": 0.11831820418901173, "lado": null, "cuneta": "SI", "cun_mat": "HORMIGON", "km_cuneta": 0.11831820418901173, "fecha": "08-2026" }, "geometry": { "type": "LineString", "coordinates": [ [ -68.465962199811045, -33.199294123650567 ], [ -68.465207699903885, -33.199654723588132 ] ] } },
{ "type": "Feature", "properties": { "id_tramo": 139, "osm_id": "257800487", "zona": "URBANO", "km": 0.11831820418901173, "lado": null, "cuneta": "SI", "cun_mat": "HORMIGON", "km_cuneta": 0.11831820418901173, "fecha": "08-2026" }, "geometry": { "type": "LineString", "coordinates": [ [ -68.465874589363196, -33.199164175785647 ], [ -68.465124389268098, -33.199513375846465 ] ] } },
{ "type": "Feature", "properties": { "id_tramo": 140, "osm_id": "423678382", "zona": "URBANO", "km": 0.11797961425116797, "lado": null, "cuneta": "SI", "cun_mat": "HORMIGON", "km_cuneta": 0.11797961425116797, "fecha": "08-2026" }, "geometry": { "type": "LineString", "coordinates": [ [ -68.466262843140669, -33.199761609082472 ], [ -68.465501143237631, -33.200114709020959 ] ] } },
{ "type": "Feature", "properties": { "id_tramo": 142, "osm_id": "183315930", "zona": "URBANO", "km": 0.059593881888866017, "lado": null, "cuneta": "SI", "cun_mat": "TIERRA", "km_cuneta": 0.059593881888866017, "fecha": "08-2026" }, "geometry": { "type": "LineString", "coordinates": [ [ -68.466491373263722, -33.200112289241559 ], [ -68.465743973171399, -33.200468289303252 ] ] } },
{ "type": "Feature", "properties": { "id_tramo": 155, "osm_id": "177321955", "zona": "URBANO", "km": 0.14275112297282433, "lado": null, "cuneta": "SI", "cun_mat": "HORMIGON", "km_cuneta": 0.14275112297282433, "fecha": "08-2026" }, "geometry": { "type": "LineString", "coordinates": [ [ -68.466810716833393, -33.193185404355695 ], [ -68.466307916949546, -33.19241840428203 ] ] } },
{ "type": "Feature", "properties": { "id_tramo": 156, "osm_id": "177321955", "zona": "URBANO", "km": 0.14275112297282433, "lado": null, "cuneta": "SI", "cun_mat": "HORMIGON", "km_cuneta": 0.14275112297282433, "fecha": "08-2026" }, "geometry": { "type": "LineString", "coordinates": [ [ -68.466642426260904, -33.193253161684005 ], [ -68.466145426143726, -33.192487461756961 ] ] } },
{ "type": "Feature", "properties": { "id_tramo": 158, "osm_id": "177170544", "zona": "URBANO", "km": 0.14079031070093914, "lado": null, "cuneta": "SI", "cun_mat": "TIERRA", "km_cuneta": 0.14079031070093914, "fecha": "08-2026" }, "geometry": { "type": "LineString", "coordinates": [ [ -68.467794826726376, -33.192737272903756 ], [ -68.467246426619454, -33.191963072982745 ] ] } },
{ "type": "Feature", "properties": { "id_tramo": 162, "osm_id": "183315837", "zona": "URBANO", "km": 0.11449253332866767, "lado": null, "cuneta": "SI", "cun_mat": "TIERRA", "km_cuneta": 0.11449253332866767, "fecha": "08-2026" }, "geometry": { "type": "LineString", "coordinates": [ [ -68.463103087425338, -33.194950430485427 ], [ -68.462311687314738, -33.19528293054443 ] ] } },
{ "type": "Feature", "properties": { "id_tramo": 163, "osm_id": "183312754", "zona": "URBANO", "km": 0.11367000251798036, "lado": null, "cuneta": "SI", "cun_mat": "TIERRA", "km_cuneta": 0.11367000251798036, "fecha": "08-2026" }, "geometry": { "type": "LineString", "coordinates": [ [ -68.462486304160421, -33.194041174392552 ], [ -68.461745104252998, -33.194390874331852 ] ] } },
{ "type": "Feature", "properties": { "id_tramo": 165, "osm_id": "177321947", "zona": "URBANO", "km": 0.025645862571155156, "lado": null, "cuneta": "SI", "cun_mat": "TIERRA", "km_cuneta": 0.025645862571155156, "fecha": "08-2026" }, "geometry": { "type": "LineString", "coordinates": [ [ -68.462616042665829, -33.193700643793726 ], [ -68.46212424277806, -33.192954843721793 ] ] } },
{ "type": "Feature", "properties": { "id_tramo": 167, "osm_id": "183315858", "zona": "URBANO", "km": 0.11549156326481759, "lado": null, "cuneta": "SI", "cun_mat": "HORMIGON", "km_cuneta": 0.11549156326481759, "fecha": "08-2026" }, "geometry": { "type": "LineString", "coordinates": [ [ -68.461902990041807, -33.193103937211347 ], [ -68.461132190150437, -33.19342453715435 ] ] } },
{ "type": "Feature", "properties": { "id_tramo": 168, "osm_id": "183315895", "zona": "URBANO", "km": 0.11645070567649243, "lado": null, "cuneta": "SI", "cun_mat": "HORMIGON", "km_cuneta": 0.11645070567649243, "fecha": "08-2026" }, "geometry": { "type": "LineString", "coordinates": [ [ -68.461733008196234, -33.192835966665669 ], [ -68.460999708103543, -33.193178166725204 ] ] } },
{ "type": "Feature", "properties": { "id_tramo": 170, "osm_id": "177321969", "zona": "URBANO", "km": 0.11383721534657842, "lado": null, "cuneta": "SI", "cun_mat": "HORMIGON", "km_cuneta": 0.11383721534657842, "fecha": "08-2026" }, "geometry": { "type": "LineString", "coordinates": [ [ -68.461353563191167, -33.194281536824768 ], [ -68.46088306306703, -33.193514236894572 ] ] } },
{ "type": "Feature", "properties": { "id_tramo": 172, "osm_id": "177321922", "zona": "URBANO", "km": 0.13154320230914038, "lado": null, "cuneta": "SI", "cun_mat": "HORMIGON", "km_cuneta": 0.13154320230914038, "fecha": "08-2026" }, "geometry": { "type": "LineString", "coordinates": [ [ -68.460598339242608, -33.194621685380824 ], [ -68.460119439357385, -33.193877985310422 ] ] } },
{ "type": "Feature", "properties": { "id_tramo": 177, "osm_id": "177321922", "zona": "URBANO", "km": 0.15363153886000303, "lado": null, "cuneta": "SI", "cun_mat": "TIERRA", "km_cuneta": 0.15363153886000303, "fecha": "08-2026" }, "geometry": { "type": "LineString", "coordinates": [ [ -68.462040188170434, -33.196803806332355 ], [ -68.461490788305298, -33.195940406251374 ] ] } },
{ "type": "Feature", "properties": { "id_tramo": 181, "osm_id": "177321969", "zona": "URBANO", "km": 0.081645901493550721, "lado": null, "cuneta": "SI", "cun_mat": "TIERRA", "km_cuneta": 0.081645901493550721, "fecha": "08-2026" }, "geometry": { "type": "LineString", "coordinates": [ [ -68.463983423618316, -33.198045216258279 ], [ -68.46376262366914, -33.197709016225936 ] ] } },
{ "type": "Feature", "properties": { "id_tramo": 186, "osm_id": "257781702", "zona": "URBANO", "km": 0.13142493264650001, "lado": null, "cuneta": "SI", "cun_mat": "TIERRA", "km_cuneta": 0.13142493264650001, "fecha": "08-2026" }, "geometry": { "type": "LineString", "coordinates": [ [ -68.464129096652101, -33.191894286916018 ], [ -68.463203196494518, -33.192171586967227 ] ] } },
{ "type": "Feature", "properties": { "id_tramo": 188, "osm_id": "177321929", "zona": "URBANO", "km": 0.11272024013389523, "lado": null, "cuneta": "SI", "cun_mat": "HORMIGON", "km_cuneta": 0.11272024013389523, "fecha": "08-2026" }, "geometry": { "type": "LineString", "coordinates": [ [ -68.464785868416499, -33.192677984595697 ], [ -68.464406368320809, -33.192073284651777 ] ] } },
{ "type": "Feature", "properties": { "id_tramo": 194, "osm_id": "177321947", "zona": "URBANO", "km": 0.17187865362465737, "lado": null, "cuneta": "SI", "cun_mat": "HORMIGON", "km_cuneta": 0.17187865362465737, "fecha": "08-2026" }, "geometry": { "type": "LineString", "coordinates": [ [ -68.461764872296953, -33.192703433193593 ], [ -68.461094172135304, -33.191658933292238 ] ] } },
{ "type": "Feature", "properties": { "id_tramo": 195, "osm_id": "183312785", "zona": "URBANO", "km": 0.11899737225041418, "lado": null, "cuneta": "SI", "cun_mat": "TIERRA", "km_cuneta": 0.11899737225041418, "fecha": "08-2026" }, "geometry": { "type": "LineString", "coordinates": [ [ -68.462033161972954, -33.1910846008223 ], [ -68.461276962069448, -33.191434400761317 ] ] } },
{ "type": "Feature", "properties": { "id_tramo": 200, "osm_id": "177170650", "zona": "URBANO", "km": 0.13738909632647059, "lado": null, "cuneta": "SI", "cun_mat": "TIERRA", "km_cuneta": 0.13738909632647059, "fecha": "08-2026" }, "geometry": { "type": "LineString", "coordinates": [ [ -68.463245437108483, -33.190479084106748 ], [ -68.462299636957539, -33.19080518416618 ] ] } },
{ "type": "Feature", "properties": { "id_tramo": 203, "osm_id": "177321955", "zona": "URBANO", "km": 0.093908470058396726, "lado": null, "cuneta": "SI", "cun_mat": "HORMIGON", "km_cuneta": 0.093908470058396726, "fecha": "08-2026" }, "geometry": { "type": "LineString", "coordinates": [ [ -68.466085727628041, -33.192096220446828 ], [ -68.465796727694467, -33.191656420404527 ] ] } },
{ "type": "Feature", "properties": { "id_tramo": 207, "osm_id": "257781709", "zona": "URBANO", "km": 0.094975432018632969, "lado": null, "cuneta": "SI", "cun_mat": "TIERRA", "km_cuneta": 0.094975432018632969, "fecha": "08-2026" }, "geometry": { "type": "LineString", "coordinates": [ [ -68.462812166336263, -33.19676976243003 ], [ -68.462293966405056, -33.197000362389538 ] ] } },
{ "type": "Feature", "properties": { "id_tramo": 208, "osm_id": "257781709", "zona": "URBANO", "km": 0.094975432018632969, "lado": null, "cuneta": "SI", "cun_mat": "TIERRA", "km_cuneta": 0.094975432018632969, "fecha": "08-2026" }, "geometry": { "type": "LineString", "coordinates": [ [ -68.462727344671194, -33.196629942390928 ], [ -68.462223944606151, -33.19686004243114 ] ] } },
{ "type": "Feature", "properties": { "id_tramo": 209, "osm_id": "183315928", "zona": "URBANO", "km": 0.095514386746257673, "lado": null, "cuneta": "SI", "cun_mat": "HORMIGON", "km_cuneta": 0.095514386746257673, "fecha": "08-2026" }, "geometry": { "type": "LineString", "coordinates": [ [ -68.463450863671611, -33.197748553738492 ], [ -68.462923263739867, -33.197989453696394 ] ] } },
{ "type": "Feature", "properties": { "id_tramo": 210, "osm_id": "183315928", "zona": "URBANO", "km": 0.095514386746257673, "lado": null, "cuneta": "SI", "cun_mat": "TIERRA", "km_cuneta": 0.095514386746257673, "fecha": "08-2026" }, "geometry": { "type": "LineString", "coordinates": [ [ -68.463353777325139, -33.197608727485594 ], [ -68.462856577261164, -33.197836927525451 ] ] } },
{ "type": "Feature", "properties": { "id_tramo": 211, "osm_id": "177321922", "zona": "URBANO", "km": 0.12253630998083478, "lado": null, "cuneta": "SI", "cun_mat": "HORMIGON", "km_cuneta": 0.12253630998083478, "fecha": "08-2026" }, "geometry": { "type": "LineString", "coordinates": [ [ -68.462685628686572, -33.197811570037757 ], [ -68.462259728789149, -33.197148669975114 ] ] } },
{ "type": "Feature", "properties": { "id_tramo": 212, "osm_id": "183315837", "zona": "URBANO", "km": 0.094503966952595594, "lado": null, "cuneta": "SI", "cun_mat": "HORMIGON", "km_cuneta": 0.094503966952595594, "fecha": "08-2026" }, "geometry": { "type": "LineString", "coordinates": [ [ -68.462031010078945, -33.19557769910535 ], [ -68.461538910145393, -33.195792699067461 ] ] } },
{ "type": "Feature", "properties": { "id_tramo": 213, "osm_id": "183315837", "zona": "URBANO", "km": 0.094503966952595594, "lado": null, "cuneta": "SI", "cun_mat": "TIERRA", "km_cuneta": 0.094503966952595594, "fecha": "08-2026" }, "geometry": { "type": "LineString", "coordinates": [ [ -68.461971129159664, -33.195424527330388 ], [ -68.461444029087971, -33.195653027370696 ] ] } },
{ "type": "Feature", "properties": { "id_tramo": 215, "osm_id": "183312754", "zona": "URBANO", "km": 0.093737762335040969, "lado": null, "cuneta": "SI", "cun_mat": "HORMIGON", "km_cuneta": 0.093737762335040969, "fecha": "08-2026" }, "geometry": { "type": "LineString", "coordinates": [ [ -68.46130894381821, -33.194411450087671 ], [ -68.460789243752828, -33.194655050130024 ] ] } },
{ "type": "Feature", "properties": { "id_tramo": 218, "osm_id": "177321945", "zona": "URBANO", "km": 0.13217028893069901, "lado": null, "cuneta": "SI", "cun_mat": "TIERRA", "km_cuneta": 0.13217028893069901, "fecha": "08-2026" }, "geometry": { "type": "LineString", "coordinates": [ [ -68.459453857770001, -33.195105967096318 ], [ -68.458979457877504, -33.194389067026954 ] ] } },
{ "type": "Feature", "properties": { "id_tramo": 221, "osm_id": "177321969", "zona": "URBANO", "km": 0.1737551437891523, "lado": null, "cuneta": "SI", "cun_mat": "TIERRA", "km_cuneta": 0.1737551437891523, "fecha": "08-2026" }, "geometry": { "type": "LineString", "coordinates": [ [ -68.460861443355, -33.19312746930499 ], [ -68.460226143180847, -33.192070069399584 ] ] } },
{ "type": "Feature", "properties": { "id_tramo": 222, "osm_id": "183312785", "zona": "URBANO", "km": 0.092377115857557146, "lado": null, "cuneta": "SI", "cun_mat": "TIERRA", "km_cuneta": 0.092377115857557146, "fecha": "08-2026" }, "geometry": { "type": "LineString", "coordinates": [ [ -68.459855430694205, -33.192100262004494 ], [ -68.459297230764165, -33.192362761958904 ] ] } },
{ "type": "Feature", "properties": { "id_tramo": 223, "osm_id": "183312785", "zona": "URBANO", "km": 0.092377115857557146, "lado": null, "cuneta": "SI", "cun_mat": "HORMIGON", "km_cuneta": 0.092377115857557146, "fecha": "08-2026" }, "geometry": { "type": "LineString", "coordinates": [ [ -68.459791764790097, -33.191974032938901 ], [ -68.459217264716088, -33.192237332984867 ] ] } },
{ "type": "Feature", "properties": { "id_tramo": 226, "osm_id": "177170650", "zona": "URBANO", "km": 0.11012814118062146, "lado": null, "cuneta": "SI", "cun_mat": "TIERRA", "km_cuneta": 0.11012814118062146, "fecha": "08-2026" }, "geometry": { "type": "LineString", "coordinates": [ [ -68.465576329015377, -33.18973325993305 ], [ -68.464921229111908, -33.189990359886927 ] ] } },
{ "type": "Feature", "properties": { "id_tramo": 228, "osm_id": "177321922", "zona": "URBANO", "km": 0.17670917833561159, "lado": null, "cuneta": "SI", "cun_mat": "TIERRA", "km_cuneta": 0.17670917833561159, "fecha": "08-2026" }, "geometry": { "type": "LineString", "coordinates": [ [ -68.459911879086491, -33.193556890936527 ], [ -68.459248179250181, -33.192511390838689 ] ] } },
{ "type": "Feature", "properties": { "id_tramo": 230, "osm_id": "177321945", "zona": "URBANO", "km": 0.12252323202845666, "lado": null, "cuneta": "SI", "cun_mat": "HORMIGON", "km_cuneta": 0.12252323202845666, "fecha": "08-2026" }, "geometry": { "type": "LineString", "coordinates": [ [ -68.460099648949097, -33.196106044159961 ], [ -68.459703849048097, -33.195478144101529 ] ] } },
{ "type": "Feature", "properties": { "id_tramo": 231, "osm_id": "177321945", "zona": "URBANO", "km": 0.12252323202845666, "lado": null, "cuneta": "SI", "cun_mat": "HORMIGON", "km_cuneta": 0.12252323202845666, "fecha": "08-2026" }, "geometry": { "type": "LineString", "coordinates": [ [ -68.459940886986402, -33.196167813072762 ], [ -68.459555386888326, -33.195550913129765 ] ] } },
{ "type": "Feature", "properties": { "id_tramo": 232, "osm_id": "177170544", "zona": "URBANO", "km": 0.20124559697399363, "lado": null, "cuneta": "SI", "cun_mat": "HORMIGON", "km_cuneta": 0.20124559697399363, "fecha": "08-2026" }, "geometry": { "type": "LineString", "coordinates": [ [ -68.466770230006972, -33.190944115753695 ], [ -68.465958629824101, -33.189720715872298 ] ] } },
{ "type": "Feature", "properties": { "id_tramo": 234, "osm_id": "177170544", "zona": "URBANO", "km": 0.079308412440130191, "lado": null, "cuneta": "SI", "cun_mat": "TIERRA", "km_cuneta": 0.079308412440130191, "fecha": "08-2026" }, "geometry": { "type": "LineString", "coordinates": [ [ -68.467179089716467, -33.191585849927279 ], [ -68.466962889758292, -33.191281649896162 ] ] } },
{ "type": "Feature", "properties": { "id_tramo": 235, "osm_id": "177170544", "zona": "URBANO", "km": 0.079308412440130191, "lado": null, "cuneta": "SI", "cun_mat": "HORMIGON", "km_cuneta": 0.079308412440130191, "fecha": "08-2026" }, "geometry": { "type": "LineString", "coordinates": [ [ -68.467027927712735, -33.191648517316807 ], [ -68.466802627666624, -33.191323617349397 ] ] } },
{ "type": "Feature", "properties": { "id_tramo": 238, "osm_id": "177170500", "zona": "URBANO", "km": 0.076489558688765211, "lado": null, "cuneta": "SI", "cun_mat": "TIERRA", "km_cuneta": 0.076489558688765211, "fecha": "08-2026" }, "geometry": { "type": "LineString", "coordinates": [ [ -68.468826643499355, -33.192142239963353 ], [ -68.468338843398783, -33.191436440034003 ] ] } },
{ "type": "Feature", "properties": { "id_tramo": 240, "osm_id": "177170544", "zona": "URBANO", "km": 0.042896268107885223, "lado": null, "cuneta": "SI", "cun_mat": "TIERRA", "km_cuneta": 0.042896268107885223, "fecha": "08-2026" }, "geometry": { "type": "LineString", "coordinates": [ [ -68.470039537944317, -33.195707734223987 ], [ -68.469693138016353, -33.195204634173741 ] ] } },
{ "type": "Feature", "properties": { "id_tramo": 241, "osm_id": "177170501", "zona": "URBANO", "km": 0.079491804667574092, "lado": null, "cuneta": "SI", "cun_mat": "TIERRA", "km_cuneta": 0.079491804667574092, "fecha": "08-2026" }, "geometry": { "type": "LineString", "coordinates": [ [ -68.471875055936465, -33.198847601172417 ], [ -68.470969855827676, -33.199288701248499 ] ] } },
{ "type": "Feature", "properties": { "id_tramo": 242, "osm_id": "257800488", "zona": "URBANO", "km": 0.066723743759036239, "lado": null, "cuneta": "SI", "cun_mat": "HORMIGON", "km_cuneta": 0.066723743759036239, "fecha": "08-2026" }, "geometry": { "type": "LineString", "coordinates": [ [ -68.472898277625461, -33.200235818143398 ], [ -68.472563277581244, -33.200385718169699 ] ] } },
{ "type": "Feature", "properties": { "id_tramo": 243, "osm_id": "257800488", "zona": "URBANO", "km": 0.08393876075846797, "lado": null, "cuneta": "SI", "cun_mat": "HORMIGON", "km_cuneta": 0.08393876075846797, "fecha": "08-2026" }, "geometry": { "type": "LineString", "coordinates": [ [ -68.472288051901444, -33.200507317715555 ], [ -68.471885951846886, -33.200682117746403 ] ] } },
{ "type": "Feature", "properties": { "id_tramo": 246, "osm_id": "257781723", "zona": "URBANO", "km": 0.045072635890843329, "lado": null, "cuneta": "SI", "cun_mat": "HORMIGON", "km_cuneta": 0.045072635890843329, "fecha": "08-2026" }, "geometry": { "type": "LineString", "coordinates": [ [ -68.46783638296526, -33.193020291010988 ], [ -68.467063183064184, -33.193376990948785 ] ] } },
{ "type": "Feature", "properties": { "id_tramo": 248, "osm_id": "257800488", "zona": "URBANO", "km": 0.08393876075846797, "lado": null, "cuneta": "SI", "cun_mat": "TIERRA", "km_cuneta": 0.08393876075846797, "fecha": "08-2026" }, "geometry": { "type": "LineString", "coordinates": [ [ -68.472361946135337, -33.200639783130995 ], [ -68.471959946189841, -33.20081458310014 ] ] } },
{ "type": "Feature", "properties": { "id_tramo": 250, "osm_id": "257800489", "zona": "URBANO", "km": 0.063790154094678794, "lado": null, "cuneta": "SI", "cun_mat": "HORMIGON", "km_cuneta": 0.063790154094678794, "fecha": "08-2026" }, "geometry": { "type": "LineString", "coordinates": [ [ -68.472412032871844, -33.199519112435183 ], [ -68.472082332832088, -33.199679312462827 ] ] } },
{ "type": "Feature", "properties": { "id_tramo": 251, "osm_id": "257800489", "zona": "URBANO", "km": 0.081463841730081504, "lado": null, "cuneta": "SI", "cun_mat": "HORMIGON", "km_cuneta": 0.081463841730081504, "fecha": "08-2026" }, "geometry": { "type": "LineString", "coordinates": [ [ -68.471884972983759, -33.199923688789923 ], [ -68.471497073031969, -33.200107388758042 ] ] } },
{ "type": "Feature", "properties": { "id_tramo": 252, "osm_id": "257800489", "zona": "URBANO", "km": 0.081463841730081504, "lado": null, "cuneta": "SI", "cun_mat": "TIERRA", "km_cuneta": 0.081463841730081504, "fecha": "08-2026" }, "geometry": { "type": "LineString", "coordinates": [ [ -68.471799809208406, -33.199804012955362 ], [ -68.471417209159398, -33.199980312986121 ] ] } },
{ "type": "Feature", "properties": { "id_tramo": 254, "osm_id": "177170501", "zona": "URBANO", "km": 0.079491804667574092, "lado": null, "cuneta": "SI", "cun_mat": "TIERRA", "km_cuneta": 0.079491804667574092, "fecha": "08-2026" }, "geometry": { "type": "LineString", "coordinates": [ [ -68.47142572143008, -33.199267913817224 ], [ -68.471059321384502, -33.199441313847316 ] ] } },
{ "type": "Feature", "properties": { "id_tramo": 256, "osm_id": "257951210", "zona": "URBANO", "km": 0.12091960837065351, "lado": null, "cuneta": "SI", "cun_mat": "HORMIGON", "km_cuneta": 0.12091960837065351, "fecha": "08-2026" }, "geometry": { "type": "LineString", "coordinates": [ [ -68.461333296784659, -33.19000398326898 ], [ -68.460559296666659, -33.190292683321111 ] ] } },
{ "type": "Feature", "properties": { "id_tramo": 257, "osm_id": "183315893", "zona": "URBANO", "km": 0.12506313219221957, "lado": null, "cuneta": "SI", "cun_mat": "TIERRA", "km_cuneta": 0.12506313219221957, "fecha": "08-2026" }, "geometry": { "type": "LineString", "coordinates": [ [ -68.460516808640122, -33.188703803479484 ], [ -68.459626708788818, -33.188982803428175 ] ] } },
{ "type": "Feature", "properties": { "id_tramo": 259, "osm_id": "257781725", "zona": "URBANO", "km": 0.13206757348813675, "lado": null, "cuneta": "SI", "cun_mat": "TIERRA", "km_cuneta": 0.13206757348813675, "fecha": "08-2026" }, "geometry": { "type": "LineString", "coordinates": [ [ -68.459555894903957, -33.187188927849334 ], [ -68.458606795068306, -33.187460327799087 ] ] } },
{ "type": "Feature", "properties": { "id_tramo": 264, "osm_id": "642762566", "zona": "URBANO", "km": 0.13818915971427118, "lado": null, "cuneta": "SI", "cun_mat": "HORMIGON", "km_cuneta": 0.13818915971427118, "fecha": "08-2026" }, "geometry": { "type": "LineString", "coordinates": [ [ -68.458215647881673, -33.185062546775583 ], [ -68.457245147721267, -33.18537404683272 ] ] } },
{ "type": "Feature", "properties": { "id_tramo": 265, "osm_id": "177322022", "zona": "URBANO", "km": 0.13660816601077169, "lado": null, "cuneta": "SI", "cun_mat": "HORMIGON", "km_cuneta": 0.13660816601077169, "fecha": "08-2026" }, "geometry": { "type": "LineString", "coordinates": [ [ -68.457536451473999, -33.184117744953703 ], [ -68.456610751580186, -33.184585644873763 ] ] } },
{ "type": "Feature", "properties": { "id_tramo": 266, "osm_id": "177322022", "zona": "URBANO", "km": 0.13660816601077169, "lado": null, "cuneta": "SI", "cun_mat": "HORMIGON", "km_cuneta": 0.13660816601077169, "fecha": "08-2026" }, "geometry": { "type": "LineString", "coordinates": [ [ -68.457446725837357, -33.183983215772223 ], [ -68.456528425733367, -33.1844518158521 ] ] } },
{ "type": "Feature", "properties": { "id_tramo": 267, "osm_id": "177322011", "zona": "URBANO", "km": 0.13834200708862371, "lado": null, "cuneta": "SI", "cun_mat": "TIERRA", "km_cuneta": 0.13834200708862371, "fecha": "08-2026" }, "geometry": { "type": "LineString", "coordinates": [ [ -68.456799680074099, -33.183035580530017 ], [ -68.455895780179986, -33.183485280452913 ] ] } },
{ "type": "Feature", "properties": { "id_tramo": 270, "osm_id": "177322064", "zona": "URBANO", "km": 0.14014492788068314, "lado": null, "cuneta": "SI", "cun_mat": "HORMIGON", "km_cuneta": 0.14014492788068314, "fecha": "08-2026" }, "geometry": { "type": "LineString", "coordinates": [ [ -68.455953773644609, -33.181768733908996 ], [ -68.45502877375111, -33.182235033829294 ] ] } },
{ "type": "Feature", "properties": { "id_tramo": 277, "osm_id": "545997175", "zona": "URBANO", "km": 0.16648214525164043, "lado": null, "cuneta": "SI", "cun_mat": "TIERRA", "km_cuneta": 0.16648214525164043, "fecha": "08-2026" }, "geometry": { "type": "LineString", "coordinates": [ [ -68.454050005530291, -33.178925699319187 ], [ -68.452742905784405, -33.179139499279408 ] ] } },
{ "type": "Feature", "properties": { "id_tramo": 278, "osm_id": "545997175", "zona": "URBANO", "km": 0.16648214525164043, "lado": null, "cuneta": "SI", "cun_mat": "TIERRA", "km_cuneta": 0.16648214525164043, "fecha": "08-2026" }, "geometry": { "type": "LineString", "coordinates": [ [ -68.453960559294416, -33.178830289989257 ], [ -68.452652959040691, -33.179047690029712 ] ] } },
{ "type": "Feature", "properties": { "id_tramo": 279, "osm_id": "257781722", "zona": "URBANO", "km": 0.13801496898273549, "lado": null, "cuneta": "SI", "cun_mat": "TIERRA", "km_cuneta": 0.13801496898273549, "fecha": "08-2026" }, "geometry": { "type": "LineString", "coordinates": [ [ -68.462722745454613, -33.189650964201036 ], [ -68.461790645598455, -33.189991864139309 ] ] } },
{ "type": "Feature", "properties": { "id_tramo": 280, "osm_id": "257781722", "zona": "URBANO", "km": 0.13801496898273549, "lado": null, "cuneta": "SI", "cun_mat": "TIERRA", "km_cuneta": 0.13801496898273549, "fecha": "08-2026" }, "geometry": { "type": "LineString", "coordinates": [ [ -68.462644651908022, -33.189517836758277 ], [ -68.461700451762283, -33.189863036820768 ] ] } },
{ "type": "Feature", "properties": { "id_tramo": 282, "osm_id": "658283843", "zona": "URBANO", "km": 0.1359875809187297, "lado": null, "cuneta": "SI", "cun_mat": "TIERRA", "km_cuneta": 0.1359875809187297, "fecha": "08-2026" }, "geometry": { "type": "LineString", "coordinates": [ [ -68.462026690883491, -33.188531230436872 ], [ -68.461086990735296, -33.188862430497124 ] ] } },
{ "type": "Feature", "properties": { "id_tramo": 284, "osm_id": "177170619", "zona": "URBANO", "km": 0.13689988171433903, "lado": null, "cuneta": "SI", "cun_mat": "TIERRA", "km_cuneta": 0.13689988171433903, "fecha": "08-2026" }, "geometry": { "type": "LineString", "coordinates": [ [ -68.460850330721158, -33.186659206441639 ], [ -68.459894330557802, -33.186942606494 ] ] } },
{ "type": "Feature", "properties": { "id_tramo": 285, "osm_id": "177170628", "zona": "URBANO", "km": 0.13558201312546911, "lado": null, "cuneta": "SI", "cun_mat": "HORMIGON", "km_cuneta": 0.13558201312546911, "fecha": "08-2026" }, "geometry": { "type": "LineString", "coordinates": [ [ -68.460260923097678, -33.18572627958573 ], [ -68.459329722962536, -33.186099279652382 ] ] } },
{ "type": "Feature", "properties": { "id_tramo": 286, "osm_id": "177170628", "zona": "URBANO", "km": 0.13558201312546911, "lado": null, "cuneta": "SI", "cun_mat": "HORMIGON", "km_cuneta": 0.13558201312546911, "fecha": "08-2026" }, "geometry": { "type": "LineString", "coordinates": [ [ -68.460169034815209, -33.185562514734769 ], [ -68.459229334677673, -33.185934514801396 ] ] } },
{ "type": "Feature", "properties": { "id_tramo": 287, "osm_id": "177170633", "zona": "URBANO", "km": 0.1370541219707542, "lado": null, "cuneta": "SI", "cun_mat": "TIERRA", "km_cuneta": 0.1370541219707542, "fecha": "08-2026" }, "geometry": { "type": "LineString", "coordinates": [ [ -68.459645374076487, -33.184752444341996 ], [ -68.458689174231495, -33.185072244283532 ] ] } },
{ "type": "Feature", "properties": { "id_tramo": 288, "osm_id": "177170633", "zona": "URBANO", "km": 0.1370541219707542, "lado": null, "cuneta": "SI", "cun_mat": "TIERRA", "km_cuneta": 0.1370541219707542, "fecha": "08-2026" }, "geometry": { "type": "LineString", "coordinates": [ [ -68.45954690188006, -33.184617229364918 ], [ -68.458594101723165, -33.184925529421442 ] ] } },
{ "type": "Feature", "properties": { "id_tramo": 291, "osm_id": "177322060", "zona": "URBANO", "km": 0.13016025562410988, "lado": null, "cuneta": "SI", "cun_mat": "TIERRA", "km_cuneta": 0.13016025562410988, "fecha": "08-2026" }, "geometry": { "type": "LineString", "coordinates": [ [ -68.456578586446597, -33.1803270770681 ], [ -68.455690286576882, -33.180677777005307 ] ] } },
{ "type": "Feature", "properties": { "id_tramo": 292, "osm_id": "177322060", "zona": "URBANO", "km": 0.13016025562410988, "lado": null, "cuneta": "SI", "cun_mat": "HORMIGON", "km_cuneta": 0.13016025562410988, "fecha": "08-2026" }, "geometry": { "type": "LineString", "coordinates": [ [ -68.45646240692821, -33.180175208635973 ], [ -68.455607807052601, -33.180516208575014 ] ] } },
{ "type": "Feature", "properties": { "id_tramo": 293, "osm_id": "177322071", "zona": "URBANO", "km": 0.11630990344317783, "lado": null, "cuneta": "SI", "cun_mat": "HORMIGON", "km_cuneta": 0.11630990344317783, "fecha": "08-2026" }, "geometry": { "type": "LineString", "coordinates": [ [ -68.455865219169524, -33.179457768114943 ], [ -68.455091919266238, -33.17982206805172 ] ] } },
{ "type": "Feature", "properties": { "id_tramo": 295, "osm_id": "257951210", "zona": "URBANO", "km": 0.11635990277674786, "lado": null, "cuneta": "SI", "cun_mat": "TIERRA", "km_cuneta": 0.11635990277674786, "fecha": "08-2026" }, "geometry": { "type": "LineString", "coordinates": [ [ -68.460240724702473, -33.190568964017338 ], [ -68.459534924813909, -33.190817163972191 ] ] } },
{ "type": "Feature", "properties": { "id_tramo": 296, "osm_id": "257951210", "zona": "URBANO", "km": 0.11635990277674786, "lado": null, "cuneta": "SI", "cun_mat": "HORMIGON", "km_cuneta": 0.11635990277674786, "fecha": "08-2026" }, "geometry": { "type": "LineString", "coordinates": [ [ -68.460174198590366, -33.190439456203613 ], [ -68.459481698482975, -33.190690756249147 ] ] } },
{ "type": "Feature", "properties": { "id_tramo": 299, "osm_id": "183315893", "zona": "URBANO", "km": 0.11526468143710325, "lado": null, "cuneta": "SI", "cun_mat": "HORMIGON", "km_cuneta": 0.11526468143710325, "fecha": "08-2026" }, "geometry": { "type": "LineString", "coordinates": [ [ -68.459273483728822, -33.189092407847177 ], [ -68.458498883855384, -33.189347307800503 ] ] } },
{ "type": "Feature", "properties": { "id_tramo": 303, "osm_id": "257781725", "zona": "URBANO", "km": 0.12299785009572237, "lado": null, "cuneta": "SI", "cun_mat": "HORMIGON", "km_cuneta": 0.12299785009572237, "fecha": "08-2026" }, "geometry": { "type": "LineString", "coordinates": [ [ -68.458103230494586, -33.187457921378908 ], [ -68.457294730353212, -33.187682621420571 ] ] } },
{ "type": "Feature", "properties": { "id_tramo": 304, "osm_id": "257781706", "zona": "URBANO", "km": 0.12348141511422417, "lado": null, "cuneta": "SI", "cun_mat": "TIERRA", "km_cuneta": 0.12348141511422417, "fecha": "08-2026" }, "geometry": { "type": "LineString", "coordinates": [ [ -68.457533301877291, -33.186545037276929 ], [ -68.456734102009847, -33.186799637230159 ] ] } },
{ "type": "Feature", "properties": { "id_tramo": 305, "osm_id": "257781706", "zona": "URBANO", "km": 0.12348141511422417, "lado": null, "cuneta": "SI", "cun_mat": "HORMIGON", "km_cuneta": 0.12348141511422417, "fecha": "08-2026" }, "geometry": { "type": "LineString", "coordinates": [ [ -68.457457663224261, -33.186414609466674 ], [ -68.456640263090208, -33.18668150951558 ] ] } },
{ "type": "Feature", "properties": { "id_tramo": 307, "osm_id": "257781719", "zona": "URBANO", "km": 0.12134655071793794, "lado": null, "cuneta": "SI", "cun_mat": "HORMIGON", "km_cuneta": 0.12134655071793794, "fecha": "08-2026" }, "geometry": { "type": "LineString", "coordinates": [ [ -68.456847343059096, -33.185482648330428 ], [ -68.456019242922153, -33.185748248379163 ] ] } },
{ "type": "Feature", "properties": { "id_tramo": 310, "osm_id": "177322011", "zona": "URBANO", "km": 0.10996557834779751, "lado": null, "cuneta": "SI", "cun_mat": "HORMIGON", "km_cuneta": 0.10996557834779751, "fecha": "08-2026" }, "geometry": { "type": "LineString", "coordinates": [ [ -68.45550273341415, -33.183679554124254 ], [ -68.454865333487035, -33.184002454069109 ] ] } },
{ "type": "Feature", "properties": { "id_tramo": 313, "osm_id": "177322064", "zona": "URBANO", "km": 0.10645289262746727, "lado": null, "cuneta": "SI", "cun_mat": "TIERRA", "km_cuneta": 0.10645289262746727, "fecha": "08-2026" }, "geometry": { "type": "LineString", "coordinates": [ [ -68.454670118468414, -33.182414612850273 ], [ -68.453917521927508, -33.182801311050532 ], [ -68.453831625301689, -33.182845409315703 ], [ -68.453383716315983, -33.183075613918049 ] ] } },
{ "type": "Feature", "properties": { "id_tramo": 314, "osm_id": "177322060", "zona": "URBANO", "km": 0.18346661998565736, "lado": null, "cuneta": "SI", "cun_mat": "HORMIGON", "km_cuneta": 0.18346661998565736, "fecha": "08-2026" }, "geometry": { "type": "LineString", "coordinates": [ [ -68.453891618774691, -33.181309137810544 ], [ -68.452541118984342, -33.181798137721962 ] ] } },
{ "type": "Feature", "properties": { "id_tramo": 315, "osm_id": "177322060", "zona": "URBANO", "km": 0.18346661998565736, "lado": null, "cuneta": "SI", "cun_mat": "TIERRA", "km_cuneta": 0.18346661998565736, "fecha": "08-2026" }, "geometry": { "type": "LineString", "coordinates": [ [ -68.453788375924418, -33.181147717204766 ], [ -68.45242897613646, -33.181636017116247 ] ] } },
{ "type": "Feature", "properties": { "id_tramo": 316, "osm_id": "257781722", "zona": "URBANO", "km": 0.12151504987658739, "lado": null, "cuneta": "SI", "cun_mat": "TIERRA", "km_cuneta": 0.12151504987658739, "fecha": "08-2026" }, "geometry": { "type": "LineString", "coordinates": [ [ -68.463117358872978, -33.18950997112038 ], [ -68.463953458747142, -33.189191871177663 ] ] } },
{ "type": "Feature", "properties": { "id_tramo": 317, "osm_id": "257781722", "zona": "URBANO", "km": 0.12151504987658739, "lado": null, "cuneta": "SI", "cun_mat": "TIERRA", "km_cuneta": 0.12151504987658739, "fecha": "08-2026" }, "geometry": { "type": "LineString", "coordinates": [ [ -68.463033393389793, -33.189371084517212 ], [ -68.46385439351495, -33.189064984461936 ] ] } },
{ "type": "Feature", "properties": { "id_tramo": 320, "osm_id": "183315929", "zona": "URBANO", "km": 0.10205829067640185, "lado": null, "cuneta": "SI", "cun_mat": "HORMIGON", "km_cuneta": 0.10205829067640185, "fecha": "08-2026" }, "geometry": { "type": "LineString", "coordinates": [ [ -68.46445601647396, -33.187947791140033 ], [ -68.463831216374118, -33.188162591179207 ] ] } },
{ "type": "Feature", "properties": { "id_tramo": 321, "osm_id": "183315929", "zona": "URBANO", "km": 0.10205829067640185, "lado": null, "cuneta": "SI", "cun_mat": "TIERRA", "km_cuneta": 0.10205829067640185, "fecha": "08-2026" }, "geometry": { "type": "LineString", "coordinates": [ [ -68.46454224120636, -33.188072558286208 ], [ -68.463882141310677, -33.18830415824408 ] ] } },
{ "type": "Feature", "properties": { "id_tramo": 322, "osm_id": "183315929", "zona": "URBANO", "km": 0.12507026738349747, "lado": null, "cuneta": "SI", "cun_mat": "HORMIGON", "km_cuneta": 0.12507026738349747, "fecha": "08-2026" }, "geometry": { "type": "LineString", "coordinates": [ [ -68.462631123292567, -33.188701762393933 ], [ -68.463488923151047, -33.188425262444675 ] ] } },
{ "type": "Feature", "properties": { "id_tramo": 323, "osm_id": "183315929", "zona": "URBANO", "km": 0.12507026738349747, "lado": null, "cuneta": "SI", "cun_mat": "TIERRA", "km_cuneta": 0.12507026738349747, "fecha": "08-2026" }, "geometry": { "type": "LineString", "coordinates": [ [ -68.462555363536495, -33.188582976537781 ], [ -68.463410263675726, -33.188299676485926 ] ] } },
{ "type": "Feature", "properties": { "id_tramo": 324, "osm_id": "183315851", "zona": "URBANO", "km": 0.12016607748091876, "lado": null, "cuneta": "SI", "cun_mat": "HORMIGON", "km_cuneta": 0.12016607748091876, "fecha": "08-2026" }, "geometry": { "type": "LineString", "coordinates": [ [ -68.461859648654638, -33.187458912535185 ], [ -68.462678748512388, -33.187226712578216 ] ] } },
{ "type": "Feature", "properties": { "id_tramo": 327, "osm_id": "177170619", "zona": "URBANO", "km": 0.11764066775930962, "lado": null, "cuneta": "SI", "cun_mat": "TIERRA", "km_cuneta": 0.11764066775930962, "fecha": "08-2026" }, "geometry": { "type": "LineString", "coordinates": [ [ -68.461264943388684, -33.186536217781288 ], [ -68.462014243519604, -33.186327517742605 ] ] } },
{ "type": "Feature", "properties": { "id_tramo": 331, "osm_id": "177170628", "zona": "URBANO", "km": 0.10268703014683979, "lado": null, "cuneta": "SI", "cun_mat": "TIERRA", "km_cuneta": 0.10268703014683979, "fecha": "08-2026" }, "geometry": { "type": "LineString", "coordinates": [ [ -68.46230075896348, -33.184836877951398 ], [ -68.46164945885738, -33.185052577990881 ] ] } },
{ "type": "Feature", "properties": { "id_tramo": 334, "osm_id": "177170633", "zona": "URBANO", "km": 0.10650828673057861, "lado": null, "cuneta": "SI", "cun_mat": "HORMIGON", "km_cuneta": 0.10650828673057861, "fecha": "08-2026" }, "geometry": { "type": "LineString", "coordinates": [ [ -68.461764646262168, -33.184019687506336 ], [ -68.461101946368586, -33.184245487465148 ] ] } },
{ "type": "Feature", "properties": { "id_tramo": 336, "osm_id": "177170633", "zona": "URBANO", "km": 0.10545725592742032, "lado": null, "cuneta": "SI", "cun_mat": "TIERRA", "km_cuneta": 0.10545725592742032, "fecha": "08-2026" }, "geometry": { "type": "LineString", "coordinates": [ [ -68.46005680167454, -33.184595002734966 ], [ -68.460734201566126, -33.184362702777328 ] ] } },
{ "type": "Feature", "properties": { "id_tramo": 338, "osm_id": "177322005", "zona": "URBANO", "km": 0.10590747184393973, "lado": null, "cuneta": "SI", "cun_mat": "TIERRA", "km_cuneta": 0.10590747184393973, "fecha": "08-2026" }, "geometry": { "type": "LineString", "coordinates": [ [ -68.459692969118279, -33.184069148643538 ], [ -68.460331869017068, -33.183845848684172 ] ] } },
{ "type": "Feature", "properties": { "id_tramo": 339, "osm_id": "177322005", "zona": "URBANO", "km": 0.10590747184393973, "lado": null, "cuneta": "SI", "cun_mat": "TIERRA", "km_cuneta": 0.10590747184393973, "fecha": "08-2026" }, "geometry": { "type": "LineString", "coordinates": [ [ -68.459637235396627, -33.183967684498676 ], [ -68.46026403549665, -33.183751584459294 ] ] } },
{ "type": "Feature", "properties": { "id_tramo": 340, "osm_id": "177321963", "zona": "URBANO", "km": 0.10544392795212904, "lado": null, "cuneta": "SI", "cun_mat": "HORMIGON", "km_cuneta": 0.10544392795212904, "fecha": "08-2026" }, "geometry": { "type": "LineString", "coordinates": [ [ -68.459298717218857, -33.183470197444429 ], [ -68.459902217122192, -33.183263697482083 ] ] } },
{ "type": "Feature", "properties": { "id_tramo": 344, "osm_id": "612824076", "zona": "URBANO", "km": 0.045772721940813985, "lado": null, "cuneta": "SI", "cun_mat": "TIERRA", "km_cuneta": 0.045772721940813985, "fecha": "08-2026" }, "geometry": { "type": "LineString", "coordinates": [ [ -68.45854524446608, -33.182387888125639 ], [ -68.459133244369639, -33.182196088160779 ] ] } },
{ "type": "Feature", "properties": { "id_tramo": 345, "osm_id": "177322005", "zona": "URBANO", "km": 0.10722487083351773, "lado": null, "cuneta": "SI", "cun_mat": "HORMIGON", "km_cuneta": 0.10722487083351773, "fecha": "08-2026" }, "geometry": { "type": "LineString", "coordinates": [ [ -68.461343005061323, -33.183394395692169 ], [ -68.460670404951387, -33.183615395732645 ] ] } },
{ "type": "Feature", "properties": { "id_tramo": 348, "osm_id": "177321944", "zona": "URBANO", "km": 0.10837490585316667, "lado": null, "cuneta": "SI", "cun_mat": "HORMIGON", "km_cuneta": 0.10837490585316667, "fecha": "08-2026" }, "geometry": { "type": "LineString", "coordinates": [ [ -68.460708023073025, -33.182409928074456 ], [ -68.459964523193946, -33.182656828029295 ] ] } },
{ "type": "Feature", "properties": { "id_tramo": 349, "osm_id": "177321944", "zona": "URBANO", "km": 0.10837490585316667, "lado": null, "cuneta": "SI", "cun_mat": "TIERRA", "km_cuneta": 0.10837490585316667, "fecha": "08-2026" }, "geometry": { "type": "LineString", "coordinates": [ [ -68.460620507897175, -33.18227429472892 ], [ -68.459890407777849, -33.182514294772851 ] ] } },
{ "type": "Feature", "properties": { "id_tramo": 350, "osm_id": "612824076", "zona": "URBANO", "km": 0.11377880908902206, "lado": null, "cuneta": "SI", "cun_mat": "TIERRA", "km_cuneta": 0.11377880908902206, "fecha": "08-2026" }, "geometry": { "type": "LineString", "coordinates": [ [ -68.460308561612862, -33.181790016594185 ], [ -68.459537961735791, -33.182055816545748 ] ] } },
{ "type": "Feature", "properties": { "id_tramo": 354, "osm_id": "177321947", "zona": "URBANO", "km": 0.12687084371936405, "lado": null, "cuneta": "SI", "cun_mat": "HORMIGON", "km_cuneta": 0.12687084371936405, "fecha": "08-2026" }, "geometry": { "type": "LineString", "coordinates": [ [ -68.460877719688057, -33.191347307871581 ], [ -68.460415119574037, -33.19061870793977 ] ] } },
{ "type": "Feature", "properties": { "id_tramo": 360, "osm_id": "177321955", "zona": "URBANO", "km": 0.11874362340605961, "lado": null, "cuneta": "SI", "cun_mat": "TIERRA", "km_cuneta": 0.11874362340605961, "fecha": "08-2026" }, "geometry": { "type": "LineString", "coordinates": [ [ -68.46470544033825, -33.189791001216904 ], [ -68.464329740240174, -33.18918160127258 ] ] } },
{ "type": "Feature", "properties": { "id_tramo": 362, "osm_id": "177170544", "zona": "URBANO", "km": 0.11493175041606978, "lado": null, "cuneta": "SI", "cun_mat": "HORMIGON", "km_cuneta": 0.11493175041606978, "fecha": "08-2026" }, "geometry": { "type": "LineString", "coordinates": [ [ -68.465748968628802, -33.189400828563748 ], [ -68.465269368513418, -33.188654428634273 ], [ -68.465209666404363, -33.188561625382114 ], [ -68.464899969362065, -33.188079530147874 ] ] } },
{ "type": "Feature", "properties": { "id_tramo": 367, "osm_id": "177321969", "zona": "URBANO", "km": 0.13643469710400694, "lado": null, "cuneta": "SI", "cun_mat": "HORMIGON", "km_cuneta": 0.13643469710400694, "fecha": "08-2026" }, "geometry": { "type": "LineString", "coordinates": [ [ -68.459852781816409, -33.19182956814474 ], [ -68.459354281683702, -33.191012668218733 ] ] } },
{ "type": "Feature", "properties": { "id_tramo": 369, "osm_id": "257951210", "zona": "URBANO", "km": 0.092090911628723474, "lado": null, "cuneta": "SI", "cun_mat": "HORMIGON", "km_cuneta": 0.092090911628723474, "fecha": "08-2026" }, "geometry": { "type": "LineString", "coordinates": [ [ -68.459078620978971, -33.190828011419896 ], [ -68.45844412088158, -33.191062211462224 ] ] } },
{ "type": "Feature", "properties": { "id_tramo": 372, "osm_id": "183312743", "zona": "URBANO", "km": 0.091733782882579953, "lado": null, "cuneta": "SI", "cun_mat": "HORMIGON", "km_cuneta": 0.091733782882579953, "fecha": "08-2026" }, "geometry": { "type": "LineString", "coordinates": [ [ -68.458573228601281, -33.190141171373753 ], [ -68.45799532851342, -33.190357671412833 ] ] } },
{ "type": "Feature", "properties": { "id_tramo": 374, "osm_id": "183315904", "zona": "URBANO", "km": 0.096389270710260849, "lado": null, "cuneta": "SI", "cun_mat": "TIERRA", "km_cuneta": 0.096389270710260849, "fecha": "08-2026" }, "geometry": { "type": "LineString", "coordinates": [ [ -68.463779203845988, -33.198225554556444 ], [ -68.463235803761719, -33.198422854592224 ] ] } },
{ "type": "Feature", "properties": { "id_tramo": 375, "osm_id": "254577236", "zona": "URBANO", "km": 0.096490665318751126, "lado": null, "cuneta": "SI", "cun_mat": "HORMIGON", "km_cuneta": 0.096490665318751126, "fecha": "08-2026" }, "geometry": { "type": "LineString", "coordinates": [ [ -68.464507929205141, -33.199323178864582 ], [ -68.463981629274684, -33.199558478823285 ] ] } },
{ "type": "Feature", "properties": { "id_tramo": 376, "osm_id": "254577236", "zona": "URBANO", "km": 0.096490665318751126, "lado": null, "cuneta": "SI", "cun_mat": "TIERRA", "km_cuneta": 0.096490665318751126, "fecha": "08-2026" }, "geometry": { "type": "LineString", "coordinates": [ [ -68.464461457306868, -33.199255282239122 ], [ -68.463926757237004, -33.199496982281445 ] ] } },
{ "type": "Feature", "properties": { "id_tramo": 377, "osm_id": "257800487", "zona": "URBANO", "km": 0.096704957016682233, "lado": null, "cuneta": "SI", "cun_mat": "TIERRA", "km_cuneta": 0.096704957016682233, "fecha": "08-2026" }, "geometry": { "type": "LineString", "coordinates": [ [ -68.464828814799915, -33.199823040779862 ], [ -68.464299214870636, -33.200057240738673 ] ] } },
{ "type": "Feature", "properties": { "id_tramo": 378, "osm_id": "257800487", "zona": "URBANO", "km": 0.096704957016682233, "lado": null, "cuneta": "SI", "cun_mat": "TIERRA", "km_cuneta": 0.096704957016682233, "fecha": "08-2026" }, "geometry": { "type": "LineString", "coordinates": [ [ -68.464740737440906, -33.199684491229718 ], [ -68.464204237370637, -33.199926391272115 ] ] } },
{ "type": "Feature", "properties": { "id_tramo": 381, "osm_id": "183315930", "zona": "URBANO", "km": 0.097224815505595114, "lado": null, "cuneta": "SI", "cun_mat": "TIERRA", "km_cuneta": 0.097224815505595114, "fecha": "08-2026" }, "geometry": { "type": "LineString", "coordinates": [ [ -68.465377253280735, -33.200634792618601 ], [ -68.464880653217477, -33.200864892658693 ] ] } },
{ "type": "Feature", "properties": { "id_tramo": 383, "osm_id": "177322061", "zona": "URBANO", "km": 0.19149019234769699, "lado": null, "cuneta": "SI", "cun_mat": "HORMIGON", "km_cuneta": 0.19149019234769699, "fecha": "08-2026" }, "geometry": { "type": "LineString", "coordinates": [ [ -68.460916300128048, -33.188811022412153 ], [ -68.45989390037775, -33.187208022261615 ] ] } },
{ "type": "Feature", "properties": { "id_tramo": 386, "osm_id": "177322061", "zona": "URBANO", "km": 0.047368230260355415, "lado": null, "cuneta": "SI", "cun_mat": "TIERRA", "km_cuneta": 0.047368230260355415, "fecha": "08-2026" }, "geometry": { "type": "LineString", "coordinates": [ [ -68.46136603346477, -33.189860030107077 ], [ -68.460671633292463, -33.188762630209474 ] ] } },
{ "type": "Feature", "properties": { "id_tramo": 387, "osm_id": "177321929", "zona": "URBANO", "km": 0.024432750485039824, "lado": null, "cuneta": "SI", "cun_mat": "TIERRA", "km_cuneta": 0.024432750485039824, "fecha": "08-2026" }, "geometry": { "type": "LineString", "coordinates": [ [ -68.462407985120493, -33.188526574720356 ], [ -68.46183228496696, -33.187582174805854 ] ] } },
{ "type": "Feature", "properties": { "id_tramo": 388, "osm_id": "177321929", "zona": "URBANO", "km": 0.099854345749694873, "lado": null, "cuneta": "SI", "cun_mat": "TIERRA", "km_cuneta": 0.099854345749694873, "fecha": "08-2026" }, "geometry": { "type": "LineString", "coordinates": [ [ -68.462088726251622, -33.1883955789054 ], [ -68.461560626114675, -33.187541878983609 ], [ -68.461501526036969, -33.187446378890996 ], [ -68.461120127542117, -33.18682958154168 ] ] } },
{ "type": "Feature", "properties": { "id_tramo": 389, "osm_id": "177321929", "zona": "URBANO", "km": 0.099854345749694873, "lado": null, "cuneta": "SI", "cun_mat": "HORMIGON", "km_cuneta": 0.099854345749694873, "fecha": "08-2026" }, "geometry": { "type": "LineString", "coordinates": [ [ -68.461595090330277, -33.187282861852722 ], [ -68.461277890404517, -33.186795861806203 ] ] } },
{ "type": "Feature", "properties": { "id_tramo": 393, "osm_id": "177322061", "zona": "URBANO", "km": 0.12964903548346235, "lado": null, "cuneta": "SI", "cun_mat": "HORMIGON", "km_cuneta": 0.12964903548346235, "fecha": "08-2026" }, "geometry": { "type": "LineString", "coordinates": [ [ -68.459531818536234, -33.186929151896059 ], [ -68.459039518420525, -33.186171751968274 ] ] } },
{ "type": "Feature", "properties": { "id_tramo": 394, "osm_id": "177322061", "zona": "URBANO", "km": 0.11731559365966331, "lado": null, "cuneta": "SI", "cun_mat": "HORMIGON", "km_cuneta": 0.11731559365966331, "fecha": "08-2026" }, "geometry": { "type": "LineString", "coordinates": [ [ -68.45909084776261, -33.185867054109409 ], [ -68.458669647657359, -33.185198954171533 ] ] } },
{ "type": "Feature", "properties": { "id_tramo": 395, "osm_id": "177322061", "zona": "URBANO", "km": 0.11731559365966331, "lado": null, "cuneta": "SI", "cun_mat": "HORMIGON", "km_cuneta": 0.11731559365966331, "fecha": "08-2026" }, "geometry": { "type": "LineString", "coordinates": [ [ -68.458828919980675, -33.185848469675882 ], [ -68.45845451988383, -33.185244069731326 ] ] } },
{ "type": "Feature", "properties": { "id_tramo": 396, "osm_id": "177321929", "zona": "URBANO", "km": 0.11582117524059822, "lado": null, "cuneta": "SI", "cun_mat": "HORMIGON", "km_cuneta": 0.11582117524059822, "fecha": "08-2026" }, "geometry": { "type": "LineString", "coordinates": [ [ -68.460424879342554, -33.185348104564127 ], [ -68.460039179244717, -33.18473160462112 ] ] } },
{ "type": "Feature", "properties": { "id_tramo": 397, "osm_id": "177321929", "zona": "URBANO", "km": 0.11582117524059822, "lado": null, "cuneta": "SI", "cun_mat": "TIERRA", "km_cuneta": 0.11582117524059822, "fecha": "08-2026" }, "geometry": { "type": "LineString", "coordinates": [ [ -68.460227619320619, -33.18542616875088 ], [ -68.459833219218652, -33.184789568809272 ] ] } },
{ "type": "Feature", "properties": { "id_tramo": 398, "osm_id": "177321955", "zona": "URBANO", "km": 0.027700875937142502, "lado": null, "cuneta": "SI", "cun_mat": "HORMIGON", "km_cuneta": 0.027700875937142502, "fecha": "08-2026" }, "geometry": { "type": "LineString", "coordinates": [ [ -68.463635693678825, -33.188114012382876 ], [ -68.462813393845479, -33.186933312263996 ] ] } },
{ "type": "Feature", "properties": { "id_tramo": 400, "osm_id": "177321955", "zona": "URBANO", "km": 0.070594349314835839, "lado": null, "cuneta": "SI", "cun_mat": "HORMIGON", "km_cuneta": 0.070594349314835839, "fecha": "08-2026" }, "geometry": { "type": "LineString", "coordinates": [ [ -68.462686078700699, -33.186756790429321 ], [ -68.462482678742234, -33.186463790399898 ] ] } },
{ "type": "Feature", "properties": { "id_tramo": 402, "osm_id": "177321955", "zona": "URBANO", "km": 0.14583546133468167, "lado": null, "cuneta": "SI", "cun_mat": "TIERRA", "km_cuneta": 0.14583546133468167, "fecha": "08-2026" }, "geometry": { "type": "LineString", "coordinates": [ [ -68.462269242459882, -33.186138881473944 ], [ -68.461697742573037, -33.185326581391507 ] ] } },
{ "type": "Feature", "properties": { "id_tramo": 403, "osm_id": "177321955", "zona": "URBANO", "km": 0.14583546133468167, "lado": null, "cuneta": "SI", "cun_mat": "HORMIGON", "km_cuneta": 0.14583546133468167, "fecha": "08-2026" }, "geometry": { "type": "LineString", "coordinates": [ [ -68.462032126471669, -33.186198567329733 ], [ -68.461481526592493, -33.185378767249503 ] ] } },
{ "type": "Feature", "properties": { "id_tramo": 404, "osm_id": "177321955", "zona": "URBANO", "km": 0.11632194387775543, "lado": null, "cuneta": "SI", "cun_mat": "TIERRA", "km_cuneta": 0.11632194387775543, "fecha": "08-2026" }, "geometry": { "type": "LineString", "coordinates": [ [ -68.461465563047767, -33.18501207184498 ], [ -68.46105206314131, -33.184387571784555 ] ] } },
{ "type": "Feature", "properties": { "id_tramo": 406, "osm_id": "183315893", "zona": "URBANO", "km": 0.091662262370330427, "lado": null, "cuneta": "SI", "cun_mat": "HORMIGON", "km_cuneta": 0.091662262370330427, "fecha": "08-2026" }, "geometry": { "type": "LineString", "coordinates": [ [ -68.458108766716876, -33.189475680697321 ], [ -68.457529166812151, -33.18966408066278 ] ] } },
{ "type": "Feature", "properties": { "id_tramo": 412, "osm_id": "257781719", "zona": "URBANO", "km": 0.077818109809171296, "lado": null, "cuneta": "SI", "cun_mat": "TIERRA", "km_cuneta": 0.077818109809171296, "fecha": "08-2026" }, "geometry": { "type": "LineString", "coordinates": [ [ -68.455722780915522, -33.186007343982808 ], [ -68.455293780986594, -33.18614444395763 ] ] } },
{ "type": "Feature", "properties": { "id_tramo": 413, "osm_id": "257781719", "zona": "URBANO", "km": 0.077818109809171296, "lado": null, "cuneta": "SI", "cun_mat": "HORMIGON", "km_cuneta": 0.077818109809171296, "fecha": "08-2026" }, "geometry": { "type": "LineString", "coordinates": [ [ -68.455640131997811, -33.185878886877219 ], [ -68.455217231928799, -33.186018386902738 ] ] } },
{ "type": "Feature", "properties": { "id_tramo": 414, "osm_id": "177322022", "zona": "URBANO", "km": 0.075985995625697425, "lado": null, "cuneta": "SI", "cun_mat": "HORMIGON", "km_cuneta": 0.075985995625697425, "fecha": "08-2026" }, "geometry": { "type": "LineString", "coordinates": [ [ -68.455223410998414, -33.185281473656168 ], [ -68.454842711038779, -33.185484573621935 ] ] } },
{ "type": "Feature", "properties": { "id_tramo": 415, "osm_id": "177322022", "zona": "URBANO", "km": 0.075985995625697425, "lado": null, "cuneta": "SI", "cun_mat": "TIERRA", "km_cuneta": 0.075985995625697425, "fecha": "08-2026" }, "geometry": { "type": "LineString", "coordinates": [ [ -68.455147369394524, -33.185150236781567 ], [ -68.454788869356349, -33.185341036813753 ] ] } },
{ "type": "Feature", "properties": { "id_tramo": 417, "osm_id": "177322011", "zona": "URBANO", "km": 0.075415878424288804, "lado": null, "cuneta": "SI", "cun_mat": "TIERRA", "km_cuneta": 0.075415878424288804, "fecha": "08-2026" }, "geometry": { "type": "LineString", "coordinates": [ [ -68.454450234883737, -33.184058307713002 ], [ -68.454080834843424, -33.184251707745766 ] ] } },
{ "type": "Feature", "properties": { "id_tramo": 421, "osm_id": "177322071", "zona": "URBANO", "km": 0.18043552477302313, "lado": null, "cuneta": "SI", "cun_mat": "HORMIGON", "km_cuneta": 0.18043552477302313, "fecha": "08-2026" }, "geometry": { "type": "LineString", "coordinates": [ [ -68.453181548755367, -33.180377914067172 ], [ -68.451783348530768, -33.180854014153994 ] ] } },
{ "type": "Feature", "properties": { "id_tramo": 422, "osm_id": "177321947", "zona": "URBANO", "km": 0.093195067294194342, "lado": null, "cuneta": "SI", "cun_mat": "TIERRA", "km_cuneta": 0.093195067294194342, "fecha": "08-2026" }, "geometry": { "type": "LineString", "coordinates": [ [ -68.460384637932179, -33.190262032505643 ], [ -68.459579938099637, -33.189092932388995 ] ] } },
{ "type": "Feature", "properties": { "id_tramo": 423, "osm_id": "177321947", "zona": "URBANO", "km": 0.093195067294194342, "lado": null, "cuneta": "SI", "cun_mat": "HORMIGON", "km_cuneta": 0.093195067294194342, "fecha": "08-2026" }, "geometry": { "type": "LineString", "coordinates": [ [ -68.460186221859075, -33.190328009133324 ], [ -68.459908621917279, -33.189923309093068 ] ] } },
{ "type": "Feature", "properties": { "id_tramo": 424, "osm_id": "177321947", "zona": "URBANO", "km": 0.088110711790281473, "lado": null, "cuneta": "SI", "cun_mat": "TIERRA", "km_cuneta": 0.088110711790281473, "fecha": "08-2026" }, "geometry": { "type": "LineString", "coordinates": [ [ -68.459694560475953, -33.189607018821349 ], [ -68.459383360543143, -33.189147218776064 ] ] } },
{ "type": "Feature", "properties": { "id_tramo": 425, "osm_id": "183312754", "zona": "URBANO", "km": 0.12143253007520002, "lado": null, "cuneta": "SI", "cun_mat": "HORMIGON", "km_cuneta": 0.12143253007520002, "fecha": "08-2026" }, "geometry": { "type": "LineString", "coordinates": [ [ -68.460507960463701, -33.194996009956157 ], [ -68.459790760557638, -33.195319509899498 ] ] } },
{ "type": "Feature", "properties": { "id_tramo": 426, "osm_id": "183312754", "zona": "URBANO", "km": 0.12143253007520002, "lado": null, "cuneta": "SI", "cun_mat": "TIERRA", "km_cuneta": 0.12143253007520002, "fecha": "08-2026" }, "geometry": { "type": "LineString", "coordinates": [ [ -68.46038902551841, -33.194802441091667 ], [ -68.459627825417286, -33.19514084115113 ] ] } },
{ "type": "Feature", "properties": { "id_tramo": 428, "osm_id": "183315837", "zona": "URBANO", "km": 0.12068371358112871, "lado": null, "cuneta": "SI", "cun_mat": "HORMIGON", "km_cuneta": 0.12068371358112871, "fecha": "08-2026" }, "geometry": { "type": "LineString", "coordinates": [ [ -68.461056689199907, -33.195806344623904 ], [ -68.46028408909433, -33.196139544682751 ] ] } },
{ "type": "Feature", "properties": { "id_tramo": 429, "osm_id": "257781709", "zona": "URBANO", "km": 0.11955595780062658, "lado": null, "cuneta": "SI", "cun_mat": "TIERRA", "km_cuneta": 0.11955595780062658, "fecha": "08-2026" }, "geometry": { "type": "LineString", "coordinates": [ [ -68.461910005697575, -33.197156926628118 ], [ -68.461157305792923, -33.197507526567094 ] ] } },
{ "type": "Feature", "properties": { "id_tramo": 430, "osm_id": "183312786", "zona": "URBANO", "km": 0.12231329638999677, "lado": null, "cuneta": "SI", "cun_mat": "TIERRA", "km_cuneta": 0.12231329638999677, "fecha": "08-2026" }, "geometry": { "type": "LineString", "coordinates": [ [ -68.459791055511246, -33.193901057670118 ], [ -68.459040255608258, -33.19424425761018 ] ] } },
{ "type": "Feature", "properties": { "id_tramo": 433, "osm_id": "183312785", "zona": "URBANO", "km": 0.12401716285376682, "lado": null, "cuneta": "SI", "cun_mat": "HORMIGON", "km_cuneta": 0.12401716285376682, "fecha": "08-2026" }, "geometry": { "type": "LineString", "coordinates": [ [ -68.458836745344442, -33.19240204185963 ], [ -68.458067245245019, -33.192753841921068 ] ] } },
{ "type": "Feature", "properties": { "id_tramo": 434, "osm_id": "183315836", "zona": "URBANO", "km": 0.063316375184934978, "lado": null, "cuneta": "SI", "cun_mat": "HORMIGON", "km_cuneta": 0.063316375184934978, "fecha": "08-2026" }, "geometry": { "type": "LineString", "coordinates": [ [ -68.458072359181585, -33.191202534142782 ], [ -68.457261059056393, -33.191499434196515 ] ] } },
{ "type": "Feature", "properties": { "id_tramo": 436, "osm_id": "183315836", "zona": "URBANO", "km": 0.061515171232653452, "lado": null, "cuneta": "SI", "cun_mat": "TIERRA", "km_cuneta": 0.061515171232653452, "fecha": "08-2026" }, "geometry": { "type": "LineString", "coordinates": [ [ -68.457608041977664, -33.191529729086604 ], [ -68.457313442023519, -33.191636029067332 ] ] } },
{ "type": "Feature", "properties": { "id_tramo": 437, "osm_id": "183312743", "zona": "URBANO", "km": 0.12515848182760486, "lado": null, "cuneta": "SI", "cun_mat": "HORMIGON", "km_cuneta": 0.12515848182760486, "fecha": "08-2026" }, "geometry": { "type": "LineString", "coordinates": [ [ -68.457701529001525, -33.190619570204852 ], [ -68.456871929129392, -33.190923670149829 ] ] } },
{ "type": "Feature", "properties": { "id_tramo": 438, "osm_id": "183312743", "zona": "URBANO", "km": 0.12515848182760486, "lado": null, "cuneta": "SI", "cun_mat": "HORMIGON", "km_cuneta": 0.12515848182760486, "fecha": "08-2026" }, "geometry": { "type": "LineString", "coordinates": [ [ -68.457610202466896, -33.190504643571082 ], [ -68.456777302341067, -33.190819843627878 ] ] } },
{ "type": "Feature", "properties": { "id_tramo": 442, "osm_id": "257781706", "zona": "URBANO", "km": 0.12386366617706933, "lado": null, "cuneta": "SI", "cun_mat": "HORMIGON", "km_cuneta": 0.12386366617706933, "fecha": "08-2026" }, "geometry": { "type": "LineString", "coordinates": [ [ -68.455450691442806, -33.187087700246458 ], [ -68.454624791307637, -33.18735850029605 ] ] } },
{ "type": "Feature", "properties": { "id_tramo": 443, "osm_id": "257781719", "zona": "URBANO", "km": 0.1204128831746305, "lado": null, "cuneta": "SI", "cun_mat": "TIERRA", "km_cuneta": 0.1204128831746305, "fecha": "08-2026" }, "geometry": { "type": "LineString", "coordinates": [ [ -68.454894603276145, -33.186270005232558 ], [ -68.454102503408421, -33.186518505186875 ] ] } },
{ "type": "Feature", "properties": { "id_tramo": 448, "osm_id": "183312797", "zona": "URBANO", "km": 0.073298754036241018, "lado": null, "cuneta": "SI", "cun_mat": "HORMIGON", "km_cuneta": 0.073298754036241018, "fecha": "08-2026" }, "geometry": { "type": "LineString", "coordinates": [ [ -68.453742113264113, -33.187817098194969 ], [ -68.453407613318873, -33.187926698174905 ] ] } },
{ "type": "Feature", "properties": { "id_tramo": 450, "osm_id": "257781725", "zona": "URBANO", "km": 0.070135147130473308, "lado": null, "cuneta": "SI", "cun_mat": "TIERRA", "km_cuneta": 0.070135147130473308, "fecha": "08-2026" }, "geometry": { "type": "LineString", "coordinates": [ [ -68.45433788335788, -33.188732580204999 ], [ -68.454006483413522, -33.188835280186098 ] ] } },
{ "type": "Feature", "properties": { "id_tramo": 451, "osm_id": "183312781", "zona": "URBANO", "km": 0.11766359288796283, "lado": null, "cuneta": "SI", "cun_mat": "HORMIGON", "km_cuneta": 0.11766359288796283, "fecha": "08-2026" }, "geometry": { "type": "LineString", "coordinates": [ [ -68.455951652817788, -33.190263798295256 ], [ -68.45514615294114, -33.190562198241338 ] ] } },
{ "type": "Feature", "properties": { "id_tramo": 452, "osm_id": "183312781", "zona": "URBANO", "km": 0.11766359288796283, "lado": null, "cuneta": "SI", "cun_mat": "TIERRA", "km_cuneta": 0.11766359288796283, "fecha": "08-2026" }, "geometry": { "type": "LineString", "coordinates": [ [ -68.455846566325917, -33.190141557197862 ], [ -68.45505256620558, -33.19044055725179 ] ] } },
{ "type": "Feature", "properties": { "id_tramo": 453, "osm_id": "183312743", "zona": "URBANO", "km": 0.11915872055373031, "lado": null, "cuneta": "SI", "cun_mat": "TIERRA", "km_cuneta": 0.11915872055373031, "fecha": "08-2026" }, "geometry": { "type": "LineString", "coordinates": [ [ -68.456484730226492, -33.191077444065975 ], [ -68.455681530348187, -33.191380044011431 ] ] } },
{ "type": "Feature", "properties": { "id_tramo": 455, "osm_id": "183315836", "zona": "URBANO", "km": 0.11811992237762498, "lado": null, "cuneta": "SI", "cun_mat": "TIERRA", "km_cuneta": 0.11811992237762498, "fecha": "08-2026" }, "geometry": { "type": "LineString", "coordinates": [ [ -68.456937380432223, -33.191781588031652 ], [ -68.456156680552056, -33.192069687979568 ] ] } },
{ "type": "Feature", "properties": { "id_tramo": 462, "osm_id": "257800487", "zona": "URBANO", "km": 0.060155348113770497, "lado": null, "cuneta": "SI", "cun_mat": "TIERRA", "km_cuneta": 0.060155348113770497, "fecha": "08-2026" }, "geometry": { "type": "LineString", "coordinates": [ [ -68.463368611725656, -33.200494065920687 ], [ -68.463148411752414, -33.200600465902298 ] ] } },
{ "type": "Feature", "properties": { "id_tramo": 465, "osm_id": "183312795", "zona": "URBANO", "km": 0.072817621912601771, "lado": null, "cuneta": "SI", "cun_mat": "TIERRA", "km_cuneta": 0.072817621912601771, "fecha": "08-2026" }, "geometry": { "type": "LineString", "coordinates": [ [ -68.464711616936199, -33.201479789247408 ], [ -68.464361516865068, -33.201459389242586 ] ] } },
{ "type": "Feature", "properties": { "id_tramo": 466, "osm_id": "183312795", "zona": "URBANO", "km": 0.066080766148075593, "lado": null, "cuneta": "SI", "cun_mat": "HORMIGON", "km_cuneta": 0.066080766148075593, "fecha": "08-2026" }, "geometry": { "type": "LineString", "coordinates": [ [ -68.46396116028059, -33.201451621674941 ], [ -68.463681960223511, -33.201443521672722 ] ] } },
{ "type": "Feature", "properties": { "id_tramo": 467, "osm_id": "771230553", "zona": "URBANO", "km": 0.077089260263013715, "lado": null, "cuneta": "SI", "cun_mat": "HORMIGON", "km_cuneta": 0.077089260263013715, "fecha": "08-2026" }, "geometry": { "type": "LineString", "coordinates": [ [ -68.457966512281686, -33.191931496033121 ], [ -68.457736512225182, -33.191569896067023 ] ] } },
{ "type": "Feature", "properties": { "id_tramo": 470, "osm_id": "177321922", "zona": "URBANO", "km": 0.14430354173196949, "lado": null, "cuneta": "SI", "cun_mat": "HORMIGON", "km_cuneta": 0.14430354173196949, "fecha": "08-2026" }, "geometry": { "type": "LineString", "coordinates": [ [ -68.458530305657035, -33.191730674365381 ], [ -68.458318805597301, -33.191372874396947 ] ] } },
{ "type": "Feature", "properties": { "id_tramo": 473, "osm_id": "177321945", "zona": "URBANO", "km": 0.15388462922442828, "lado": null, "cuneta": "SI", "cun_mat": "HORMIGON", "km_cuneta": 0.15388462922442828, "fecha": "08-2026" }, "geometry": { "type": "LineString", "coordinates": [ [ -68.457737627792952, -33.192762664244491 ], [ -68.457121827647597, -33.191813564334851 ] ] } },
{ "type": "Feature", "properties": { "id_tramo": 474, "osm_id": "177321945", "zona": "URBANO", "km": 0.17493824703318972, "lado": null, "cuneta": "SI", "cun_mat": "TIERRA", "km_cuneta": 0.17493824703318972, "fecha": "08-2026" }, "geometry": { "type": "LineString", "coordinates": [ [ -68.458636502473468, -33.19414902487938 ], [ -68.457947402312797, -33.19309322498038 ] ] } },
{ "type": "Feature", "properties": { "id_tramo": 476, "osm_id": "183312767", "zona": "URBANO", "km": 0.050858363937310608, "lado": null, "cuneta": "SI", "cun_mat": "TIERRA", "km_cuneta": 0.050858363937310608, "fecha": "08-2026" }, "geometry": { "type": "LineString", "coordinates": [ [ -68.45557243313317, -33.18966969580444 ], [ -68.455263733184808, -33.189766095786716 ] ] } },
{ "type": "Feature", "properties": { "id_tramo": 477, "osm_id": "183312767", "zona": "URBANO", "km": 0.068660585087864795, "lado": null, "cuneta": "SI", "cun_mat": "TIERRA", "km_cuneta": 0.068660585087864795, "fecha": "08-2026" }, "geometry": { "type": "LineString", "coordinates": [ [ -68.454981962450404, -33.189741374129035 ], [ -68.454660662396975, -33.189843174147754 ] ] } },
{ "type": "Feature", "properties": { "id_tramo": 481, "osm_id": "177322026", "zona": "URBANO", "km": 0.2589828272797034, "lado": null, "cuneta": "SI", "cun_mat": "TIERRA", "km_cuneta": 0.2589828272797034, "fecha": "08-2026" }, "geometry": { "type": "LineString", "coordinates": [ [ -68.454227717474339, -33.185207567271178 ], [ -68.453316717362583, -33.185644067346644 ], [ -68.453316232011559, -33.185644292956958 ], [ -68.45320863199747, -33.185692792965455 ], [ -68.453208346576488, -33.185692919302703 ], [ -68.452543346486223, -33.18598191935363 ], [ -68.452540806400123, -33.18598285360455 ], [ -68.452209006344034, -33.186083953623189 ] ] } },
{ "type": "Feature", "properties": { "id_tramo": 482, "osm_id": "177322026", "zona": "URBANO", "km": 0.2589828272797034, "lado": null, "cuneta": "SI", "cun_mat": "HORMIGON", "km_cuneta": 0.2589828272797034, "fecha": "08-2026" }, "geometry": { "type": "LineString", "coordinates": [ [ -68.454326759316672, -33.185332196102379 ], [ -68.453505168531876, -33.185722096797505 ], [ -68.453384280251271, -33.185776501512485 ], [ -68.4532772727961, -33.185824704867088 ], [ -68.452909755261715, -33.185990267710096 ], [ -68.45273385277018, -33.186067848284537 ], [ -68.452649698550545, -33.186101113951459 ], [ -68.452562726503132, -33.186131682357583 ], [ -68.452288348026713, -33.186206956974083 ] ] } },
{ "type": "Feature", "properties": { "id_tramo": 487, "osm_id": "177322064", "zona": "URBANO", "km": 0.24972990182873764, "lado": null, "cuneta": "SI", "cun_mat": "HORMIGON", "km_cuneta": 0.24972990182873764, "fecha": "08-2026" }, "geometry": { "type": "LineString", "coordinates": [ [ -68.453028968104149, -33.183282438072268 ], [ -68.452114897901524, -33.183712324079529 ], [ -68.452004127747088, -33.183764809940442 ], [ -68.452004016256382, -33.183764862400317 ], [ -68.451449916186448, -33.184023762445328 ], [ -68.451448005274599, -33.184024553548625 ], [ -68.45134340525837, -33.184062553555499 ], [ -68.451342143312644, -33.184062972688579 ], [ -68.451261943299031, -33.184087172693047 ], [ -68.451260515570681, -33.184087556700632 ], [ -68.451180315556002, -33.184106556704172 ] ] } },
{ "type": "Feature", "properties": { "id_tramo": 489, "osm_id": "177322061", "zona": "URBANO", "km": 0.07429539834117263, "lado": null, "cuneta": "SI", "cun_mat": "HORMIGON", "km_cuneta": 0.07429539834117263, "fecha": "08-2026" }, "geometry": { "type": "LineString", "coordinates": [ [ -68.458112945395186, -33.184432341555279 ], [ -68.457898745439635, -33.184121541524242 ] ] } },
{ "type": "Feature", "properties": { "id_tramo": 494, "osm_id": "177322061", "zona": "URBANO", "km": 0.1351897846803011, "lado": null, "cuneta": "SI", "cun_mat": "TIERRA", "km_cuneta": 0.1351897846803011, "fecha": "08-2026" }, "geometry": { "type": "LineString", "coordinates": [ [ -68.455971774384523, -33.181656182640438 ], [ -68.455432274494939, -33.180878082562408 ] ] } },
{ "type": "Feature", "properties": { "id_tramo": 495, "osm_id": "177322061", "zona": "URBANO", "km": 0.1351897846803011, "lado": null, "cuneta": "SI", "cun_mat": "TIERRA", "km_cuneta": 0.1351897846803011, "fecha": "08-2026" }, "geometry": { "type": "LineString", "coordinates": [ [ -68.456164811753283, -33.181586436302332 ], [ -68.455625011861784, -33.18081403622439 ] ] } },
{ "type": "Feature", "properties": { "id_tramo": 499, "osm_id": "177322061", "zona": "URBANO", "km": 0.06296881290031156, "lado": null, "cuneta": "SI", "cun_mat": "HORMIGON", "km_cuneta": 0.06296881290031156, "fecha": "08-2026" }, "geometry": { "type": "LineString", "coordinates": [ [ -68.454668891355041, -33.17974896122476 ], [ -68.454504291390094, -33.17950726120084 ] ] } },
{ "type": "Feature", "properties": { "id_tramo": 500, "osm_id": "177322061", "zona": "URBANO", "km": 0.035360567463777963, "lado": null, "cuneta": "SI", "cun_mat": "TIERRA", "km_cuneta": 0.035360567463777963, "fecha": "08-2026" }, "geometry": { "type": "LineString", "coordinates": [ [ -68.454865479223386, -33.179671643363882 ], [ -68.45450977929957, -33.179147943312188 ] ] } },
{ "type": "Feature", "properties": { "id_tramo": 503, "osm_id": "177321952", "zona": "URBANO", "km": 0.17428621719565268, "lado": null, "cuneta": "SI", "cun_mat": "HORMIGON", "km_cuneta": 0.17428621719565268, "fecha": "08-2026" }, "geometry": { "type": "LineString", "coordinates": [ [ -68.457956936070772, -33.194467380390591 ], [ -68.457280536233142, -33.193416180291166 ] ] } },
{ "type": "Feature", "properties": { "id_tramo": 504, "osm_id": "177321943", "zona": "URBANO", "km": 0.17316507387589022, "lado": null, "cuneta": "SI", "cun_mat": "HORMIGON", "km_cuneta": 0.17316507387589022, "fecha": "08-2026" }, "geometry": { "type": "LineString", "coordinates": [ [ -68.45750509740941, -33.194668671777535 ], [ -68.456830997244978, -33.193612771876779 ] ] } },
{ "type": "Feature", "properties": { "id_tramo": 507, "osm_id": "177321922", "zona": "URBANO", "km": 0.034863305612521926, "lado": null, "cuneta": "SI", "cun_mat": "HORMIGON", "km_cuneta": 0.034863305612521926, "fecha": "08-2026" }, "geometry": { "type": "LineString", "coordinates": [ [ -68.463072889582008, -33.198400364343151 ], [ -68.462894789623661, -33.198127064317035 ] ] } },
{ "type": "Feature", "properties": { "id_tramo": 508, "osm_id": "177321922", "zona": "URBANO", "km": 0.037055844111211697, "lado": null, "cuneta": "SI", "cun_mat": "HORMIGON", "km_cuneta": 0.037055844111211697, "fecha": "08-2026" }, "geometry": { "type": "LineString", "coordinates": [ [ -68.463080511482119, -33.198712092472313 ], [ -68.462890911435579, -33.198414192500252 ] ] } },
{ "type": "Feature", "properties": { "id_tramo": 509, "osm_id": "177321922", "zona": "URBANO", "km": 0.12253630998083478, "lado": null, "cuneta": "SI", "cun_mat": "HORMIGON", "km_cuneta": 0.12253630998083478, "fecha": "08-2026" }, "geometry": { "type": "LineString", "coordinates": [ [ -68.462682484952424, -33.198114151121061 ], [ -68.462103084812014, -33.197209451206334 ] ] } },
{ "type": "Feature", "properties": { "id_tramo": 510, "osm_id": "177322006", "zona": "URBANO", "km": 0.068463004807947314, "lado": null, "cuneta": "SI", "cun_mat": "TIERRA", "km_cuneta": 0.068463004807947314, "fecha": "08-2026" }, "geometry": { "type": "LineString", "coordinates": [ [ -68.461853676646612, -33.199105083808561 ], [ -68.461699076610998, -33.198869683831184 ] ] } },
{ "type": "Feature", "properties": { "id_tramo": 511, "osm_id": "177322006", "zona": "URBANO", "km": 0.068463004807947314, "lado": null, "cuneta": "SI", "cun_mat": "HORMIGON", "km_cuneta": 0.068463004807947314, "fecha": "08-2026" }, "geometry": { "type": "LineString", "coordinates": [ [ -68.462028252371667, -33.199072907214216 ], [ -68.461861752411309, -33.198815207189746 ] ] } },
{ "type": "Feature", "properties": { "id_tramo": 513, "osm_id": "177321943", "zona": "URBANO", "km": 0.1151500733817625, "lado": null, "cuneta": "SI", "cun_mat": "HORMIGON", "km_cuneta": 0.1151500733817625, "fecha": "08-2026" }, "geometry": { "type": "LineString", "coordinates": [ [ -68.458784325688924, -33.19663775972613 ], [ -68.458427925604909, -33.196088859778442 ] ] } },
{ "type": "Feature", "properties": { "id_tramo": 516, "osm_id": "1238394593", "zona": "URBANO", "km": 0.14429387761708487, "lado": null, "cuneta": "SI", "cun_mat": "TIERRA", "km_cuneta": 0.14429387761708487, "fecha": "08-2026" }, "geometry": { "type": "LineString", "coordinates": [ [ -68.460807477193114, -33.198870145449114 ], [ -68.460271377319287, -33.198045145370436 ] ] } },
{ "type": "Feature", "properties": { "id_tramo": 517, "osm_id": "1238956367", "zona": "URBANO", "km": 0.14171030918684432, "lado": null, "cuneta": "SI", "cun_mat": "HORMIGON", "km_cuneta": 0.14171030918684432, "fecha": "08-2026" }, "geometry": { "type": "LineString", "coordinates": [ [ -68.460340922359904, -33.199045753804789 ], [ -68.459826922238975, -33.198254853880215 ] ] } },
{ "type": "Feature", "properties": { "id_tramo": 521, "osm_id": "177321969", "zona": "URBANO", "km": 0.12613571457732631, "lado": null, "cuneta": "SI", "cun_mat": "HORMIGON", "km_cuneta": 0.12613571457732631, "fecha": "08-2026" }, "geometry": { "type": "LineString", "coordinates": [ [ -68.464935823197706, -33.199501616093201 ], [ -68.464186023370331, -33.198359915983396 ] ] } },
{ "type": "Feature", "properties": { "id_tramo": 522, "osm_id": "177321922", "zona": "URBANO", "km": 0.063580907611580195, "lado": null, "cuneta": "SI", "cun_mat": "TIERRA", "km_cuneta": 0.063580907611580195, "fecha": "08-2026" }, "geometry": { "type": "LineString", "coordinates": [ [ -68.464048860183453, -33.199894419573319 ], [ -68.463911760215964, -33.199682619553194 ] ] } },
{ "type": "Feature", "properties": { "id_tramo": 524, "osm_id": "177321922", "zona": "URBANO", "km": 0.036847316320502088, "lado": null, "cuneta": "SI", "cun_mat": "TIERRA", "km_cuneta": 0.036847316320502088, "fecha": "08-2026" }, "geometry": { "type": "LineString", "coordinates": [ [ -68.463770656876591, -33.199478167166184 ], [ -68.463256256993148, -33.198700867090963 ] ] } },
{ "type": "Feature", "properties": { "id_tramo": 525, "osm_id": "177321972", "zona": "URBANO", "km": 0.13371105598699098, "lado": null, "cuneta": "SI", "cun_mat": "HORMIGON", "km_cuneta": 0.13371105598699098, "fecha": "08-2026" }, "geometry": { "type": "LineString", "coordinates": [ [ -68.457432603545669, -33.196056980930472 ], [ -68.456956103429121, -33.195309581000643 ] ] } },
{ "type": "Feature", "properties": { "id_tramo": 526, "osm_id": "177321972", "zona": "URBANO", "km": 0.13371105598699098, "lado": null, "cuneta": "SI", "cun_mat": "HORMIGON", "km_cuneta": 0.13371105598699098, "fecha": "08-2026" }, "geometry": { "type": "LineString", "coordinates": [ [ -68.457580957691746, -33.195996714409482 ], [ -68.457101957805563, -33.195256114339131 ] ] } },
{ "type": "Feature", "properties": { "id_tramo": 527, "osm_id": "177321972", "zona": "URBANO", "km": 0.17268775917220619, "lado": null, "cuneta": "SI", "cun_mat": "TIERRA", "km_cuneta": 0.17268775917220619, "fecha": "08-2026" }, "geometry": { "type": "LineString", "coordinates": [ [ -68.45674536389393, -33.195007219378013 ], [ -68.456068163731388, -33.193954819477568 ] ] } },
{ "type": "Feature", "properties": { "id_tramo": 529, "osm_id": "177321972", "zona": "URBANO", "km": 0.11177255855182144, "lado": null, "cuneta": "SI", "cun_mat": "TIERRA", "km_cuneta": 0.11177255855182144, "fecha": "08-2026" }, "geometry": { "type": "LineString", "coordinates": [ [ -68.45801848211859, -33.196974905019054 ], [ -68.457680682032844, -33.19643500506897 ] ] } },
{ "type": "Feature", "properties": { "id_tramo": 530, "osm_id": "177321972", "zona": "URBANO", "km": 0.11177255855182144, "lado": null, "cuneta": "SI", "cun_mat": "HORMIGON", "km_cuneta": 0.11177255855182144, "fecha": "08-2026" }, "geometry": { "type": "LineString", "coordinates": [ [ -68.458168414434752, -33.19691184749793 ], [ -68.457820414519134, -33.196368347446722 ] ] } },
{ "type": "Feature", "properties": { "id_tramo": 531, "osm_id": "1238956368", "zona": "URBANO", "km": 0.16231420794549983, "lado": null, "cuneta": "SI", "cun_mat": "TIERRA", "km_cuneta": 0.16231420794549983, "fecha": "08-2026" }, "geometry": { "type": "LineString", "coordinates": [ [ -68.459626674007581, -33.197939180178111 ], [ -68.458981273859138, -33.196956980272624 ] ] } },
{ "type": "Feature", "properties": { "id_tramo": 537, "osm_id": "183312785", "zona": "URBANO", "km": 0.085303336845413802, "lado": null, "cuneta": "SI", "cun_mat": "HORMIGON", "km_cuneta": 0.085303336845413802, "fecha": "08-2026" }, "geometry": { "type": "LineString", "coordinates": [ [ -68.457775778442056, -33.193045686611349 ], [ -68.457303178500865, -33.193269386572553 ] ] } },
{ "type": "Feature", "properties": { "id_tramo": 538, "osm_id": "183312785", "zona": "URBANO", "km": 0.085303336845413802, "lado": null, "cuneta": "SI", "cun_mat": "TIERRA", "km_cuneta": 0.085303336845413802, "fecha": "08-2026" }, "geometry": { "type": "LineString", "coordinates": [ [ -68.457696878114547, -33.192918926870242 ], [ -68.457235078055149, -33.193130926907223 ] ] } },
{ "type": "Feature", "properties": { "id_tramo": 539, "osm_id": "183312786", "zona": "URBANO", "km": 0.08726345837353848, "lado": null, "cuneta": "SI", "cun_mat": "TIERRA", "km_cuneta": 0.08726345837353848, "fecha": "08-2026" }, "geometry": { "type": "LineString", "coordinates": [ [ -68.458671945221752, -33.194411708414179 ], [ -68.458208745280714, -33.194626408376777 ] ] } },
{ "type": "Feature", "properties": { "id_tramo": 540, "osm_id": "183312786", "zona": "URBANO", "km": 0.08726345837353848, "lado": null, "cuneta": "SI", "cun_mat": "HORMIGON", "km_cuneta": 0.08726345837353848, "fecha": "08-2026" }, "geometry": { "type": "LineString", "coordinates": [ [ -68.458577652750961, -33.194253404934358 ], [ -68.458107752810847, -33.194471004896457 ] ] } },
{ "type": "Feature", "properties": { "id_tramo": 542, "osm_id": "183312754", "zona": "URBANO", "km": 0.088349106318036524, "lado": null, "cuneta": "SI", "cun_mat": "HORMIGON", "km_cuneta": 0.088349106318036524, "fecha": "08-2026" }, "geometry": { "type": "LineString", "coordinates": [ [ -68.459262972107979, -33.195314583592136 ], [ -68.458813472050863, -33.195523383628498 ] ] } },
{ "type": "Feature", "properties": { "id_tramo": 546, "osm_id": "183315921", "zona": "URBANO", "km": 0.088992634770502566, "lado": null, "cuneta": "SI", "cun_mat": "TIERRA", "km_cuneta": 0.088992634770502566, "fecha": "08-2026" }, "geometry": { "type": "LineString", "coordinates": [ [ -68.461554095334591, -33.198846372842709 ], [ -68.461055295407874, -33.199042972807483 ] ] } },
{ "type": "Feature", "properties": { "id_tramo": 547, "osm_id": "183315921", "zona": "URBANO", "km": 0.088992634770502566, "lado": null, "cuneta": "SI", "cun_mat": "TIERRA", "km_cuneta": 0.088992634770502566, "fecha": "08-2026" }, "geometry": { "type": "LineString", "coordinates": [ [ -68.461466431440996, -33.198718116579002 ], [ -68.460966131367684, -33.198916016614454 ] ] } },
{ "type": "Feature", "properties": { "id_tramo": 550, "osm_id": "183312795", "zona": "URBANO", "km": 0.066433849434078471, "lado": null, "cuneta": "SI", "cun_mat": "HORMIGON", "km_cuneta": 0.066433849434078471, "fecha": "08-2026" }, "geometry": { "type": "LineString", "coordinates": [ [ -68.463193746338931, -33.201421721265156 ], [ -68.462540846205442, -33.201402421259921 ] ] } },
{ "type": "Feature", "properties": { "id_tramo": 554, "osm_id": "177321969", "zona": "URBANO", "km": 0.095997752386793006, "lado": null, "cuneta": "SI", "cun_mat": "HORMIGON", "km_cuneta": 0.095997752386793006, "fecha": "08-2026" }, "geometry": { "type": "LineString", "coordinates": [ [ -68.458598510499229, -33.19003305325937 ], [ -68.458237310562041, -33.189546853207943 ] ] } },
{ "type": "Feature", "properties": { "id_tramo": 555, "osm_id": "177321969", "zona": "URBANO", "km": 0.095997752386793006, "lado": null, "cuneta": "SI", "cun_mat": "TIERRA", "km_cuneta": 0.095997752386793006, "fecha": "08-2026" }, "geometry": { "type": "LineString", "coordinates": [ [ -68.458805359668276, -33.189970019110909 ], [ -68.45844105973012, -33.189484319059183 ] ] } },
{ "type": "Feature", "properties": { "id_tramo": 561, "osm_id": "177321922", "zona": "URBANO", "km": 0.090818562552815105, "lado": null, "cuneta": "SI", "cun_mat": "HORMIGON", "km_cuneta": 0.090818562552815105, "fecha": "08-2026" }, "geometry": { "type": "LineString", "coordinates": [ [ -68.45813100214302, -33.191080325375729 ], [ -68.457860102079849, -33.19066522541543 ] ] } },
{ "type": "Feature", "properties": { "id_tramo": 565, "osm_id": "177321943", "zona": "URBANO", "km": 0.075067648464685194, "lado": null, "cuneta": "SI", "cun_mat": "HORMIGON", "km_cuneta": 0.075067648464685194, "fecha": "08-2026" }, "geometry": { "type": "LineString", "coordinates": [ [ -68.456602829365124, -33.19327671408471 ], [ -68.455921329211591, -33.192249714184257 ] ] } },
{ "type": "Feature", "properties": { "id_tramo": 566, "osm_id": "177322059", "zona": "URBANO", "km": 0.091779174669816846, "lado": null, "cuneta": "SI", "cun_mat": "TIERRA", "km_cuneta": 0.091779174669816846, "fecha": "08-2026" }, "geometry": { "type": "LineString", "coordinates": [ [ -68.455727952792984, -33.191952003164268 ], [ -68.45547645273291, -33.191562103201214 ] ] } },
{ "type": "Feature", "properties": { "id_tramo": 568, "osm_id": "177322059", "zona": "URBANO", "km": 0.10303752190253938, "lado": null, "cuneta": "SI", "cun_mat": "HORMIGON", "km_cuneta": 0.10303752190253938, "fecha": "08-2026" }, "geometry": { "type": "LineString", "coordinates": [ [ -68.455437841380046, -33.191218141013287 ], [ -68.455102341456694, -33.190709140964195 ] ] } },
{ "type": "Feature", "properties": { "id_tramo": 570, "osm_id": "177322037", "zona": "URBANO", "km": 0.16807348938374178, "lado": null, "cuneta": "SI", "cun_mat": "TIERRA", "km_cuneta": 0.16807348938374178, "fecha": "08-2026" }, "geometry": { "type": "LineString", "coordinates": [ [ -68.456135123507906, -33.195306115169871 ], [ -68.455444623666963, -33.194254515068778 ] ] } },
{ "type": "Feature", "properties": { "id_tramo": 571, "osm_id": "177322037", "zona": "URBANO", "km": 0.16807348938374178, "lado": null, "cuneta": "SI", "cun_mat": "TIERRA", "km_cuneta": 0.16807348938374178, "fecha": "08-2026" }, "geometry": { "type": "LineString", "coordinates": [ [ -68.455981407374892, -33.195363832008169 ], [ -68.45529420721428, -33.194309832108928 ] ] } },
{ "type": "Feature", "properties": { "id_tramo": 573, "osm_id": "177321972", "zona": "URBANO", "km": 0.17261976822118322, "lado": null, "cuneta": "SI", "cun_mat": "HORMIGON", "km_cuneta": 0.17261976822118322, "fecha": "08-2026" }, "geometry": { "type": "LineString", "coordinates": [ [ -68.456008754697066, -33.193569911498471 ], [ -68.455297354851069, -33.192517711394956 ] ] } },
{ "type": "Feature", "properties": { "id_tramo": 575, "osm_id": "177321972", "zona": "URBANO", "km": 0.09208011869971304, "lado": null, "cuneta": "SI", "cun_mat": "TIERRA", "km_cuneta": 0.09208011869971304, "fecha": "08-2026" }, "geometry": { "type": "LineString", "coordinates": [ [ -68.454923812513172, -33.192244740918063 ], [ -68.45467001245369, -33.191854940955281 ] ] } },
{ "type": "Feature", "properties": { "id_tramo": 576, "osm_id": "177321947", "zona": "URBANO", "km": 0.057092998562798994, "lado": null, "cuneta": "SI", "cun_mat": "TIERRA", "km_cuneta": 0.057092998562798994, "fecha": "08-2026" }, "geometry": { "type": "LineString", "coordinates": [ [ -68.466259701938682, -33.199530822272905 ], [ -68.466122901906814, -33.199321322292974 ] ] } },
{ "type": "Feature", "properties": { "id_tramo": 579, "osm_id": "177321969", "zona": "URBANO", "km": 0.056317161117436745, "lado": null, "cuneta": "SI", "cun_mat": "HORMIGON", "km_cuneta": 0.056317161117436745, "fecha": "08-2026" }, "geometry": { "type": "LineString", "coordinates": [ [ -68.465120396810747, -33.200058414257633 ], [ -68.464983496778927, -33.19984901427771 ] ] } },
{ "type": "Feature", "properties": { "id_tramo": 580, "osm_id": "177321969", "zona": "URBANO", "km": 0.059998778140488387, "lado": null, "cuneta": "SI", "cun_mat": "TIERRA", "km_cuneta": 0.059998778140488387, "fecha": "08-2026" }, "geometry": { "type": "LineString", "coordinates": [ [ -68.465620173880595, -33.200418537521401 ], [ -68.465485373853724, -33.200226437540863 ] ] } },
{ "type": "Feature", "properties": { "id_tramo": 581, "osm_id": "177321969", "zona": "URBANO", "km": 0.056317161117436745, "lado": null, "cuneta": "SI", "cun_mat": "HORMIGON", "km_cuneta": 0.056317161117436745, "fecha": "08-2026" }, "geometry": { "type": "LineString", "coordinates": [ [ -68.465277934549903, -33.199991483687739 ], [ -68.465144134579134, -33.199792783668236 ] ] } },
{ "type": "Feature", "properties": { "id_tramo": 582, "osm_id": "177321947", "zona": "URBANO", "km": 0.1879444834031147, "lado": null, "cuneta": "SI", "cun_mat": "TIERRA", "km_cuneta": 0.1879444834031147, "fecha": "08-2026" }, "geometry": { "type": "LineString", "coordinates": [ [ -68.467716083011126, -33.201424955726957 ], [ -68.467327582777216, -33.200854155204979 ], [ -68.467265583046938, -33.200763055572835 ], [ -68.466894783217896, -33.200218255653859 ] ] } },
{ "type": "Feature", "properties": { "id_tramo": 584, "osm_id": "183312795", "zona": "URBANO", "km": 0.060049517343797015, "lado": null, "cuneta": "SI", "cun_mat": "TIERRA", "km_cuneta": 0.060049517343797015, "fecha": "08-2026" }, "geometry": { "type": "LineString", "coordinates": [ [ -68.466664210344447, -33.201462825105146 ], [ -68.466329910275945, -33.201470825106092 ] ] } },
{ "type": "Feature", "properties": { "id_tramo": 586, "osm_id": "183315930", "zona": "URBANO", "km": 0.059593881888866017, "lado": null, "cuneta": "SI", "cun_mat": "HORMIGON", "km_cuneta": 0.059593881888866017, "fecha": "08-2026" }, "geometry": { "type": "LineString", "coordinates": [ [ -68.466041440963465, -33.20049480396704 ], [ -68.465796840993747, -33.200611103946898 ] ] } },
{ "type": "Feature", "properties": { "id_tramo": 587, "osm_id": "183315930", "zona": "URBANO", "km": 0.05803489289576659, "lado": null, "cuneta": "SI", "cun_mat": "HORMIGON", "km_cuneta": 0.05803489289576659, "fecha": "08-2026" }, "geometry": { "type": "LineString", "coordinates": [ [ -68.466584964580534, -33.200245299131126 ], [ -68.466327564613408, -33.200364299110362 ] ] } },
{ "type": "Feature", "properties": { "id_tramo": 588, "osm_id": "183315857", "zona": "URBANO", "km": 0.15424012679826021, "lado": null, "cuneta": "SI", "cun_mat": "HORMIGON", "km_cuneta": 0.15424012679826021, "fecha": "08-2026" }, "geometry": { "type": "LineString", "coordinates": [ [ -68.46671854638916, -33.201335937159051 ], [ -68.466485546336287, -33.200983637193126 ], [ -68.466420644777358, -33.200885634864925 ], [ -68.466193549064286, -33.200542041462228 ] ] } },
{ "type": "Feature", "properties": { "id_tramo": 591, "osm_id": "177321969", "zona": "URBANO", "km": 0.12405004943971627, "lado": null, "cuneta": "SI", "cun_mat": "TIERRA", "km_cuneta": 0.12405004943971627, "fecha": "08-2026" }, "geometry": { "type": "LineString", "coordinates": [ [ -68.466196593421856, -33.201400771225558 ], [ -68.465998986526813, -33.201097860547947 ], [ -68.465949489401552, -33.201021864936635 ], [ -68.465758992322407, -33.200729769319096 ] ] } },
{ "type": "Feature", "properties": { "id_tramo": 594, "osm_id": "177321922", "zona": "URBANO", "km": 0.056331110014085466, "lado": null, "cuneta": "SI", "cun_mat": "TIERRA", "km_cuneta": 0.056331110014085466, "fecha": "08-2026" }, "geometry": { "type": "LineString", "coordinates": [ [ -68.464783761734225, -33.20133071389062 ], [ -68.46465456170327, -33.201130113909628 ], [ -68.464599161006703, -33.201044112856962 ], [ -68.464093061031903, -33.200258413158743 ] ] } },
{ "type": "Feature", "properties": { "id_tramo": 595, "osm_id": "183315872", "zona": "URBANO", "km": 0.14913143055713621, "lado": null, "cuneta": "SI", "cun_mat": "HORMIGON", "km_cuneta": 0.14913143055713621, "fecha": "08-2026" }, "geometry": { "type": "LineString", "coordinates": [ [ -68.464227576913288, -33.201375845854955 ], [ -68.463650877049005, -33.20048844577029 ] ] } },
{ "type": "Feature", "properties": { "id_tramo": 597, "osm_id": "177321969", "zona": "URBANO", "km": 0.12405004943971627, "lado": null, "cuneta": "SI", "cun_mat": "TIERRA", "km_cuneta": 0.12405004943971627, "fecha": "08-2026" }, "geometry": { "type": "LineString", "coordinates": [ [ -68.4659952833847, -33.201396847563863 ], [ -68.465830083712746, -33.201139048162517 ], [ -68.465766784095706, -33.201040248793483 ], [ -68.465606379694194, -33.200790142011122 ] ] } },
{ "type": "Feature", "properties": { "id_tramo": 599, "osm_id": "177322006", "zona": "URBANO", "km": 0.11499575955582071, "lado": null, "cuneta": "SI", "cun_mat": "TIERRA", "km_cuneta": 0.11499575955582071, "fecha": "08-2026" }, "geometry": { "type": "LineString", "coordinates": [ [ -68.463523456990771, -33.201360467941022 ], [ -68.46310945708457, -33.200734967880493 ] ] } },
{ "type": "Feature", "properties": { "id_tramo": 609, "osm_id": "183312795", "zona": "URBANO", "km": 0.090943692173776972, "lado": null, "cuneta": "SI", "cun_mat": "HORMIGON", "km_cuneta": 0.090943692173776972, "fecha": "08-2026" }, "geometry": { "type": "LineString", "coordinates": [ [ -68.461669915775744, -33.201375329503591 ], [ -68.461132215665629, -33.201367229500846 ] ] } },
{ "type": "Feature", "properties": { "id_tramo": 611, "osm_id": "183315921", "zona": "URBANO", "km": 0.080020290178950654, "lado": null, "cuneta": "SI", "cun_mat": "TIERRA", "km_cuneta": 0.080020290178950654, "fecha": "08-2026" }, "geometry": { "type": "LineString", "coordinates": [ [ -68.460305697474908, -33.199176707701817 ], [ -68.459872597410026, -33.199342707731702 ] ] } },
{ "type": "Feature", "properties": { "id_tramo": 612, "osm_id": "177321972", "zona": "URBANO", "km": 0.059635755538023638, "lado": null, "cuneta": "SI", "cun_mat": "TIERRA", "km_cuneta": 0.059635755538023638, "fecha": "08-2026" }, "geometry": { "type": "LineString", "coordinates": [ [ -68.46002878593157, -33.199789681632176 ], [ -68.459916385961961, -33.199604081615455 ] ] } },
{ "type": "Feature", "properties": { "id_tramo": 620, "osm_id": "183312754", "zona": "URBANO", "km": 0.080752646154569382, "lado": null, "cuneta": "SI", "cun_mat": "HORMIGON", "km_cuneta": 0.080752646154569382, "fecha": "08-2026" }, "geometry": { "type": "LineString", "coordinates": [ [ -68.45813431008348, -33.195847758116038 ], [ -68.457761210035031, -33.196017558145741 ] ] } },
{ "type": "Feature", "properties": { "id_tramo": 622, "osm_id": "183312786", "zona": "URBANO", "km": 0.080747951255568232, "lado": null, "cuneta": "SI", "cun_mat": "TIERRA", "km_cuneta": 0.080747951255568232, "fecha": "08-2026" }, "geometry": { "type": "LineString", "coordinates": [ [ -68.457434725340377, -33.194768771449425 ], [ -68.457048325390105, -33.194946071418464 ] ] } },
{ "type": "Feature", "properties": { "id_tramo": 624, "osm_id": "183312785", "zona": "URBANO", "km": 0.080752220438064778, "lado": null, "cuneta": "SI", "cun_mat": "TIERRA", "km_cuneta": 0.080752220438064778, "fecha": "08-2026" }, "geometry": { "type": "LineString", "coordinates": [ [ -68.456568112825835, -33.193437056742766 ], [ -68.456166612773728, -33.193619856774724 ] ] } },
{ "type": "Feature", "properties": { "id_tramo": 626, "osm_id": "183315836", "zona": "URBANO", "km": 0.080653793915562141, "lado": null, "cuneta": "SI", "cun_mat": "TIERRA", "km_cuneta": 0.080653793915562141, "fecha": "08-2026" }, "geometry": { "type": "LineString", "coordinates": [ [ -68.455686275262238, -33.192090428275229 ], [ -68.455259575196493, -33.192246928303547 ] ] } },
{ "type": "Feature", "properties": { "id_tramo": 627, "osm_id": "183312743", "zona": "URBANO", "km": 0.080855477081427499, "lado": null, "cuneta": "SI", "cun_mat": "HORMIGON", "km_cuneta": 0.080855477081427499, "fecha": "08-2026" }, "geometry": { "type": "LineString", "coordinates": [ [ -68.455305369405323, -33.191520529332429 ], [ -68.454899469467051, -33.191672629304975 ] ] } },
{ "type": "Feature", "properties": { "id_tramo": 628, "osm_id": "183312781", "zona": "URBANO", "km": 0.081787719022752919, "lado": null, "cuneta": "SI", "cun_mat": "HORMIGON", "km_cuneta": 0.081787719022752919, "fecha": "08-2026" }, "geometry": { "type": "LineString", "coordinates": [ [ -68.454678977710088, -33.190572914945022 ], [ -68.454256577646689, -33.190734414974081 ] ] } },
{ "type": "Feature", "properties": { "id_tramo": 632, "osm_id": "177321972", "zona": "URBANO", "km": 0.10351630342634012, "lado": null, "cuneta": "SI", "cun_mat": "TIERRA", "km_cuneta": 0.10351630342634012, "fecha": "08-2026" }, "geometry": { "type": "LineString", "coordinates": [ [ -68.454478975780162, -33.191552839035509 ], [ -68.454144275699321, -33.191031139084728 ] ] } },
{ "type": "Feature", "properties": { "id_tramo": 634, "osm_id": "177322037", "zona": "URBANO", "km": 0.10367536204975034, "lado": null, "cuneta": "SI", "cun_mat": "TIERRA", "km_cuneta": 0.10367536204975034, "fecha": "08-2026" }, "geometry": { "type": "LineString", "coordinates": [ [ -68.453831550980539, -33.191796602620727 ], [ -68.453506751058001, -33.191293502573025 ] ] } },
{ "type": "Feature", "properties": { "id_tramo": 635, "osm_id": "258516833", "zona": "URBANO", "km": 0.13408636071510474, "lado": null, "cuneta": "SI", "cun_mat": "TIERRA", "km_cuneta": 0.13408636071510474, "fecha": "08-2026" }, "geometry": { "type": "LineString", "coordinates": [ [ -68.467895943007321, -33.194161644482492 ], [ -68.467356343130447, -33.19334344440356 ] ] } },
{ "type": "Feature", "properties": { "id_tramo": 636, "osm_id": "258516833", "zona": "URBANO", "km": 0.13408636071510474, "lado": null, "cuneta": "SI", "cun_mat": "TIERRA", "km_cuneta": 0.13408636071510474, "fecha": "08-2026" }, "geometry": { "type": "LineString", "coordinates": [ [ -68.467877560410571, -33.194165360698207 ], [ -68.467337060287065, -33.193345160777319 ] ] } },
{ "type": "Feature", "properties": { "id_tramo": 638, "osm_id": "183315921", "zona": "URBANO", "km": 0.079206338859175815, "lado": null, "cuneta": "SI", "cun_mat": "TIERRA", "km_cuneta": 0.079206338859175815, "fecha": "08-2026" }, "geometry": { "type": "LineString", "coordinates": [ [ -68.459622555269718, -33.19961532854289 ], [ -68.459215655328677, -33.199778728513678 ] ] } },
{ "type": "Feature", "properties": { "id_tramo": 641, "osm_id": "257781709", "zona": "URBANO", "km": 0.082087076424543048, "lado": null, "cuneta": "SI", "cun_mat": "TIERRA", "km_cuneta": 0.082087076424543048, "fecha": "08-2026" }, "geometry": { "type": "LineString", "coordinates": [ [ -68.458816908115239, -33.198424548989756 ], [ -68.458450308066432, -33.198587149018323 ] ] } },
{ "type": "Feature", "properties": { "id_tramo": 643, "osm_id": "183315837", "zona": "URBANO", "km": 0.083031586143941002, "lado": null, "cuneta": "SI", "cun_mat": "HORMIGON", "km_cuneta": 0.083031586143941002, "fecha": "08-2026" }, "geometry": { "type": "LineString", "coordinates": [ [ -68.457958661366177, -33.197106341496053 ], [ -68.457547861308583, -33.197278341526584 ] ] } },
{ "type": "Feature", "properties": { "id_tramo": 644, "osm_id": "183312754", "zona": "URBANO", "km": 0.083937810239562649, "lado": null, "cuneta": "SI", "cun_mat": "HORMIGON", "km_cuneta": 0.083937810239562649, "fecha": "08-2026" }, "geometry": { "type": "LineString", "coordinates": [ [ -68.457510924270039, -33.19640126480224 ], [ -68.457121624318788, -33.196584464770432 ] ] } },
{ "type": "Feature", "properties": { "id_tramo": 647, "osm_id": "183312786", "zona": "URBANO", "km": 0.085637273347803161, "lado": null, "cuneta": "SI", "cun_mat": "TIERRA", "km_cuneta": 0.085637273347803161, "fecha": "08-2026" }, "geometry": { "type": "LineString", "coordinates": [ [ -68.456680531399087, -33.195121233689363 ], [ -68.456279931452684, -33.195298033658268 ] ] } },
{ "type": "Feature", "properties": { "id_tramo": 649, "osm_id": "183312785", "zona": "URBANO", "km": 0.087559144599575575, "lado": null, "cuneta": "SI", "cun_mat": "TIERRA", "km_cuneta": 0.087559144599575575, "fecha": "08-2026" }, "geometry": { "type": "LineString", "coordinates": [ [ -68.45579656101836, -33.193787641970161 ], [ -68.455422960971461, -33.193963142000641 ] ] } },
{ "type": "Feature", "properties": { "id_tramo": 652, "osm_id": "183312743", "zona": "URBANO", "km": 0.088651296468989144, "lado": null, "cuneta": "SI", "cun_mat": "TIERRA", "km_cuneta": 0.088651296468989144, "fecha": "08-2026" }, "geometry": { "type": "LineString", "coordinates": [ [ -68.454508748385507, -33.191819763076737 ], [ -68.454099248448728, -33.191969463049645 ] ] } },
{ "type": "Feature", "properties": { "id_tramo": 654, "osm_id": "183312781", "zona": "URBANO", "km": 0.087265711393229972, "lado": null, "cuneta": "SI", "cun_mat": "HORMIGON", "km_cuneta": 0.087265711393229972, "fecha": "08-2026" }, "geometry": { "type": "LineString", "coordinates": [ [ -68.453969536803015, -33.190994196325427 ], [ -68.453558536863042, -33.191157496296213 ] ] } },
{ "type": "Feature", "properties": { "id_tramo": 657, "osm_id": "257781725", "zona": "URBANO", "km": 0.083493451840368799, "lado": null, "cuneta": "SI", "cun_mat": "HORMIGON", "km_cuneta": 0.083493451840368799, "fecha": "08-2026" }, "geometry": { "type": "LineString", "coordinates": [ [ -68.453511639454959, -33.188823617472437 ], [ -68.453095739388075, -33.188965017498226 ] ] } },
{ "type": "Feature", "properties": { "id_tramo": 659, "osm_id": "183312797", "zona": "URBANO", "km": 0.077317789965998224, "lado": null, "cuneta": "SI", "cun_mat": "TIERRA", "km_cuneta": 0.077317789965998224, "fecha": "08-2026" }, "geometry": { "type": "LineString", "coordinates": [ [ -68.452918942881453, -33.187939665929306 ], [ -68.452533742822951, -33.188084265955403 ] ] } },
{ "type": "Feature", "properties": { "id_tramo": 662, "osm_id": "177322026", "zona": "URBANO", "km": 0.079613654625963912, "lado": null, "cuneta": "SI", "cun_mat": "TIERRA", "km_cuneta": 0.079613654625963912, "fecha": "08-2026" }, "geometry": { "type": "LineString", "coordinates": [ [ -68.451881124275729, -33.186317361032742 ], [ -68.451486024339559, -33.186450461008434 ] ] } },
{ "type": "Feature", "properties": { "id_tramo": 663, "osm_id": "177322026", "zona": "URBANO", "km": 0.079613654625963912, "lado": null, "cuneta": "SI", "cun_mat": "TIERRA", "km_cuneta": 0.079613654625963912, "fecha": "08-2026" }, "geometry": { "type": "LineString", "coordinates": [ [ -68.451799887817884, -33.186193501402919 ], [ -68.451396187751783, -33.186325801427152 ] ] } },
{ "type": "Feature", "properties": { "id_tramo": 664, "osm_id": "177322029", "zona": "URBANO", "km": 0.076905537337610519, "lado": null, "cuneta": "SI", "cun_mat": "TIERRA", "km_cuneta": 0.076905537337610519, "fecha": "08-2026" }, "geometry": { "type": "LineString", "coordinates": [ [ -68.451369012835684, -33.185555210410101 ], [ -68.450981512901677, -33.185671110388725 ] ] } },
{ "type": "Feature", "properties": { "id_tramo": 665, "osm_id": "177322029", "zona": "URBANO", "km": 0.076905537337610519, "lado": null, "cuneta": "SI", "cun_mat": "TIERRA", "km_cuneta": 0.076905537337610519, "fecha": "08-2026" }, "geometry": { "type": "LineString", "coordinates": [ [ -68.451283884163402, -33.185422260353107 ], [ -68.450887384096291, -33.185542660375297 ] ] } },
{ "type": "Feature", "properties": { "id_tramo": 666, "osm_id": "177322064", "zona": "URBANO", "km": 0.090423576993915067, "lado": null, "cuneta": "SI", "cun_mat": "TIERRA", "km_cuneta": 0.090423576993915067, "fecha": "08-2026" }, "geometry": { "type": "LineString", "coordinates": [ [ -68.450705851871618, -33.184374821478343 ], [ -68.450237151949608, -33.184523021451106 ] ] } },
{ "type": "Feature", "properties": { "id_tramo": 667, "osm_id": "257781725", "zona": "URBANO", "km": 0.085724127308337977, "lado": null, "cuneta": "SI", "cun_mat": "HORMIGON", "km_cuneta": 0.085724127308337977, "fecha": "08-2026" }, "geometry": { "type": "LineString", "coordinates": [ [ -68.452699679529232, -33.189101603814251 ], [ -68.452289979463572, -33.189241703839805 ] ] } },
{ "type": "Feature", "properties": { "id_tramo": 670, "osm_id": "183312797", "zona": "URBANO", "km": 0.086586631314204812, "lado": null, "cuneta": "SI", "cun_mat": "HORMIGON", "km_cuneta": 0.086586631314204812, "fecha": "08-2026" }, "geometry": { "type": "LineString", "coordinates": [ [ -68.452224713323076, -33.1883404681085 ], [ -68.451817613387306, -33.18848386808245 ] ] } },
{ "type": "Feature", "properties": { "id_tramo": 671, "osm_id": "257781719", "zona": "URBANO", "km": 0.079894387506276601, "lado": null, "cuneta": "SI", "cun_mat": "TIERRA", "km_cuneta": 0.079894387506276601, "fecha": "08-2026" }, "geometry": { "type": "LineString", "coordinates": [ [ -68.451456669517427, -33.187193174492421 ], [ -68.451093669458331, -33.187313574514448 ] ] } },
{ "type": "Feature", "properties": { "id_tramo": 675, "osm_id": "177322029", "zona": "URBANO", "km": 0.073603701778793204, "lado": null, "cuneta": "SI", "cun_mat": "TIERRA", "km_cuneta": 0.073603701778793204, "fecha": "08-2026" }, "geometry": { "type": "LineString", "coordinates": [ [ -68.450490735621202, -33.185638067170665 ], [ -68.450133135572031, -33.185791267197757 ] ] } },
{ "type": "Feature", "properties": { "id_tramo": 676, "osm_id": "177322029", "zona": "URBANO", "km": 0.073603701778793204, "lado": null, "cuneta": "SI", "cun_mat": "TIERRA", "km_cuneta": 0.073603701778793204, "fecha": "08-2026" }, "geometry": { "type": "LineString", "coordinates": [ [ -68.450583359400568, -33.185809596529715 ], [ -68.450230059460907, -33.185914496510378 ] ] } },
{ "type": "Feature", "properties": { "id_tramo": 677, "osm_id": "177322064", "zona": "URBANO", "km": 0.071486882608181215, "lado": null, "cuneta": "SI", "cun_mat": "HORMIGON", "km_cuneta": 0.071486882608181215, "fecha": "08-2026" }, "geometry": { "type": "LineString", "coordinates": [ [ -68.449845608128427, -33.184649972648117 ], [ -68.449468608191822, -33.184766372626697 ] ] } },
{ "type": "Feature", "properties": { "id_tramo": 678, "osm_id": "183312763", "zona": "URBANO", "km": 0.14212200155069257, "lado": null, "cuneta": "SI", "cun_mat": "TIERRA", "km_cuneta": 0.14212200155069257, "fecha": "08-2026" }, "geometry": { "type": "LineString", "coordinates": [ [ -68.453153636558937, -33.196377563465212 ], [ -68.452623436698843, -33.195512963386584 ] ] } },
{ "type": "Feature", "properties": { "id_tramo": 679, "osm_id": "183312763", "zona": "URBANO", "km": 0.14212200155069257, "lado": null, "cuneta": "SI", "cun_mat": "TIERRA", "km_cuneta": 0.14212200155069257, "fecha": "08-2026" }, "geometry": { "type": "LineString", "coordinates": [ [ -68.453038365022095, -33.19642240430796 ], [ -68.452516064877415, -33.195548404385789 ] ] } },
{ "type": "Feature", "properties": { "id_tramo": 681, "osm_id": "183312765", "zona": "URBANO", "km": 0.1371942358733485, "lado": null, "cuneta": "SI", "cun_mat": "HORMIGON", "km_cuneta": 0.1371942358733485, "fecha": "08-2026" }, "geometry": { "type": "LineString", "coordinates": [ [ -68.452468293047332, -33.196611222659868 ], [ -68.451966292919209, -33.195806722734112 ] ] } },
{ "type": "Feature", "properties": { "id_tramo": 682, "osm_id": "183312742", "zona": "URBANO", "km": 0.059047982277869587, "lado": null, "cuneta": "SI", "cun_mat": "HORMIGON", "km_cuneta": 0.059047982277869587, "fecha": "08-2026" }, "geometry": { "type": "LineString", "coordinates": [ [ -68.45205598222897, -33.196741496923188 ], [ -68.451579482346304, -33.195991596852963 ] ] } },
{ "type": "Feature", "properties": { "id_tramo": 684, "osm_id": "183312759", "zona": "URBANO", "km": 0.085974768845802532, "lado": null, "cuneta": "SI", "cun_mat": "TIERRA", "km_cuneta": 0.085974768845802532, "fecha": "08-2026" }, "geometry": { "type": "LineString", "coordinates": [ [ -68.456911132295787, -33.198918148860514 ], [ -68.456683832233836, -33.198541048894349 ] ] } },
{ "type": "Feature", "properties": { "id_tramo": 686, "osm_id": "257781709", "zona": "URBANO", "km": 0.11357723950118137, "lado": null, "cuneta": "SI", "cun_mat": "TIERRA", "km_cuneta": 0.11357723950118137, "fecha": "08-2026" }, "geometry": { "type": "LineString", "coordinates": [ [ -68.458018349514319, -33.1986945291371 ], [ -68.457246949650568, -33.198902529098447 ] ] } },
{ "type": "Feature", "properties": { "id_tramo": 687, "osm_id": "257781709", "zona": "URBANO", "km": 0.12753301113039114, "lado": null, "cuneta": "SI", "cun_mat": "TIERRA", "km_cuneta": 0.12753301113039114, "fecha": "08-2026" }, "geometry": { "type": "LineString", "coordinates": [ [ -68.456824507942045, -33.199011340383095 ], [ -68.455931408099474, -33.199253840338059 ] ] } },
{ "type": "Feature", "properties": { "id_tramo": 688, "osm_id": "183312783", "zona": "URBANO", "km": 0.057269399173016412, "lado": null, "cuneta": "SI", "cun_mat": "HORMIGON", "km_cuneta": 0.057269399173016412, "fecha": "08-2026" }, "geometry": { "type": "LineString", "coordinates": [ [ -68.457598523291452, -33.198080404782111 ], [ -68.456701939320169, -33.198317000554376 ], [ -68.456591149063556, -33.198346397968358 ], [ -68.455566048881522, -33.198618098018876 ] ] } },
{ "type": "Feature", "properties": { "id_tramo": 692, "osm_id": "177322037", "zona": "URBANO", "km": 0.084391204352501373, "lado": null, "cuneta": "SI", "cun_mat": "TIERRA", "km_cuneta": 0.084391204352501373, "fecha": "08-2026" }, "geometry": { "type": "LineString", "coordinates": [ [ -68.458088289240109, -33.198592803194117 ], [ -68.457846389184084, -33.198223403229569 ] ] } },
{ "type": "Feature", "properties": { "id_tramo": 693, "osm_id": "177322037", "zona": "URBANO", "km": 0.13252986938081393, "lado": null, "cuneta": "SI", "cun_mat": "TIERRA", "km_cuneta": 0.13252986938081393, "fecha": "08-2026" }, "geometry": { "type": "LineString", "coordinates": [ [ -68.458956308566414, -33.199615792576985 ], [ -68.458459208671258, -33.198889392504825 ] ] } },
{ "type": "Feature", "properties": { "id_tramo": 696, "osm_id": "177322037", "zona": "URBANO", "km": 0.089073758802749842, "lado": null, "cuneta": "SI", "cun_mat": "HORMIGON", "km_cuneta": 0.089073758802749842, "fecha": "08-2026" }, "geometry": { "type": "LineString", "coordinates": [ [ -68.458266708893532, -33.198542244990804 ], [ -68.457595809041919, -33.197540144892976 ] ] } },
{ "type": "Feature", "properties": { "id_tramo": 697, "osm_id": "177321972", "zona": "URBANO", "km": 0.16475531760520368, "lado": null, "cuneta": "SI", "cun_mat": "TIERRA", "km_cuneta": 0.16475531760520368, "fecha": "08-2026" }, "geometry": { "type": "LineString", "coordinates": [ [ -68.458875823998611, -33.198289156581282 ], [ -68.458219323843991, -33.197278556677617 ] ] } },
{ "type": "Feature", "properties": { "id_tramo": 698, "osm_id": "183312762", "zona": "URBANO", "km": 0.18499493640236916, "lado": null, "cuneta": "SI", "cun_mat": "TIERRA", "km_cuneta": 0.18499493640236916, "fecha": "08-2026" }, "geometry": { "type": "LineString", "coordinates": [ [ -68.457267866812359, -33.197531345873379 ], [ -68.45632796698105, -33.197771345828684 ], [ -68.456211456886209, -33.197801148408388 ], [ -68.456211318508394, -33.197801184234009 ], [ -68.455236518682099, -33.19805658418651 ] ] } },
{ "type": "Feature", "properties": { "id_tramo": 699, "osm_id": "183312762", "zona": "URBANO", "km": 0.048779416145871342, "lado": null, "cuneta": "SI", "cun_mat": "TIERRA", "km_cuneta": 0.048779416145871342, "fecha": "08-2026" }, "geometry": { "type": "LineString", "coordinates": [ [ -68.457161656148315, -33.197433796075394 ], [ -68.456290055411543, -33.197665096272836 ], [ -68.456179255197725, -33.197694496329824 ], [ -68.455192555022592, -33.1979562963785 ] ] } },
{ "type": "Feature", "properties": { "id_tramo": 702, "osm_id": "183312743", "zona": "URBANO", "km": 0.094336618824133384, "lado": null, "cuneta": "SI", "cun_mat": "TIERRA", "km_cuneta": 0.094336618824133384, "fecha": "08-2026" }, "geometry": { "type": "LineString", "coordinates": [ [ -68.453619849300026, -33.191974563660494 ], [ -68.453013749208012, -33.19220226370156 ] ] } },
{ "type": "Feature", "properties": { "id_tramo": 704, "osm_id": "183312750", "zona": "URBANO", "km": 0.091491021556806384, "lado": null, "cuneta": "SI", "cun_mat": "HORMIGON", "km_cuneta": 0.091491021556806384, "fecha": "08-2026" }, "geometry": { "type": "LineString", "coordinates": [ [ -68.453191975861273, -33.191284353072106 ], [ -68.45248407597083, -33.191542153025424 ] ] } },
{ "type": "Feature", "properties": { "id_tramo": 706, "osm_id": "183312791", "zona": "URBANO", "km": 0.1057380406147035, "lado": null, "cuneta": "SI", "cun_mat": "HORMIGON", "km_cuneta": 0.1057380406147035, "fecha": "08-2026" }, "geometry": { "type": "LineString", "coordinates": [ [ -68.452519518261312, -33.190236567721094 ], [ -68.451738618421345, -33.190239067722231 ] ] } },
{ "type": "Feature", "properties": { "id_tramo": 709, "osm_id": "183312786", "zona": "URBANO", "km": 0.084687796051267542, "lado": null, "cuneta": "SI", "cun_mat": "TIERRA", "km_cuneta": 0.084687796051267542, "fecha": "08-2026" }, "geometry": { "type": "LineString", "coordinates": [ [ -68.45601240905799, -33.195612969380541 ], [ -68.455515809136344, -33.195787969348721 ] ] } },
{ "type": "Feature", "properties": { "id_tramo": 720, "osm_id": "183312758", "zona": "URBANO", "km": 0.069308467058247003, "lado": null, "cuneta": "SI", "cun_mat": "HORMIGON", "km_cuneta": 0.069308467058247003, "fecha": "08-2026" }, "geometry": { "type": "LineString", "coordinates": [ [ -68.454715241019002, -33.198660799265085 ], [ -68.454549640975756, -33.198392299289644 ] ] } },
{ "type": "Feature", "properties": { "id_tramo": 725, "osm_id": "612824066", "zona": "URBANO", "km": 0.059093098190134891, "lado": null, "cuneta": "SI", "cun_mat": "HORMIGON", "km_cuneta": 0.059093098190134891, "fecha": "08-2026" }, "geometry": { "type": "LineString", "coordinates": [ [ -68.455674260513163, -33.196248662508268 ], [ -68.455463260565665, -33.195914862477139 ] ] } },
{ "type": "Feature", "properties": { "id_tramo": 726, "osm_id": "183312768", "zona": "URBANO", "km": 0.075056204276414851, "lado": null, "cuneta": "SI", "cun_mat": "TIERRA", "km_cuneta": 0.075056204276414851, "fecha": "08-2026" }, "geometry": { "type": "LineString", "coordinates": [ [ -68.456223654997586, -33.199982194739725 ], [ -68.455968855064199, -33.199568694701952 ] ] } },
{ "type": "Feature", "properties": { "id_tramo": 727, "osm_id": "183312768", "zona": "URBANO", "km": 0.075056204276414851, "lado": null, "cuneta": "SI", "cun_mat": "TIERRA", "km_cuneta": 0.075056204276414851, "fecha": "08-2026" }, "geometry": { "type": "LineString", "coordinates": [ [ -68.456057463236121, -33.200019900000029 ], [ -68.455730763145723, -33.199473600048698 ], [ -68.455678862040372, -33.199386898230621 ], [ -68.455354164718614, -33.198843702909926 ] ] } },
{ "type": "Feature", "properties": { "id_tramo": 729, "osm_id": "183312783", "zona": "URBANO", "km": 0.13592016012725922, "lado": null, "cuneta": "SI", "cun_mat": "TIERRA", "km_cuneta": 0.13592016012725922, "fecha": "08-2026" }, "geometry": { "type": "LineString", "coordinates": [ [ -68.454644029149222, -33.198793454952742 ], [ -68.454414439109783, -33.198870251622608 ], [ -68.454320837932272, -33.198901652015216 ], [ -68.453712037833583, -33.199105552052501 ] ] } },
{ "type": "Feature", "properties": { "id_tramo": 731, "osm_id": "183312762", "zona": "URBANO", "km": 0.13764029552340137, "lado": null, "cuneta": "SI", "cun_mat": "TIERRA", "km_cuneta": 0.13764029552340137, "fecha": "08-2026" }, "geometry": { "type": "LineString", "coordinates": [ [ -68.454384257582717, -33.198346616231319 ], [ -68.454155658923497, -33.198422115787018 ], [ -68.454061460122361, -33.198453215390586 ], [ -68.453394457345681, -33.198673516303089 ] ] } },
{ "type": "Feature", "properties": { "id_tramo": 734, "osm_id": "183312754", "zona": "RURAL", "km": 0.41882186423636519, "lado": null, "cuneta": "SI", "cun_mat": "HORMIGON", "km_cuneta": 0.41882186423636519, "fecha": "08-2026" }, "geometry": { "type": "LineString", "coordinates": [ [ -68.456695235036307, -33.196701906278804 ], [ -68.45575873520248, -33.196950806232522 ], [ -68.45564263154327, -33.196981707204586 ], [ -68.45462014233253, -33.197253404335356 ], [ -68.454508148302509, -33.197283102751996 ], [ -68.453707633851408, -33.197495906587022 ], [ -68.453594434870865, -33.19752600631562 ], [ -68.452818637633229, -33.197732105580037 ] ] } },
{ "type": "Feature", "properties": { "id_tramo": 735, "osm_id": "183312742", "zona": "URBANO", "km": 0.10282788502206833, "lado": null, "cuneta": "SI", "cun_mat": "HORMIGON", "km_cuneta": 0.10282788502206833, "fecha": "08-2026" }, "geometry": { "type": "LineString", "coordinates": [ [ -68.452561277937647, -33.197548230999296 ], [ -68.452261078015312, -33.197063730954866 ] ] } },
{ "type": "Feature", "properties": { "id_tramo": 736, "osm_id": "183312742", "zona": "URBANO", "km": 0.1254875068425724, "lado": null, "cuneta": "SI", "cun_mat": "TIERRA", "km_cuneta": 0.1254875068425724, "fecha": "08-2026" }, "geometry": { "type": "LineString", "coordinates": [ [ -68.451389088418168, -33.195686161618767 ], [ -68.45059558355878, -33.194467953752245 ], [ -68.450530784768006, -33.194368355577964 ], [ -68.45002258608659, -33.193587657345958 ] ] } },
{ "type": "Feature", "properties": { "id_tramo": 737, "osm_id": "183312742", "zona": "URBANO", "km": 0.1254875068425724, "lado": null, "cuneta": "SI", "cun_mat": "TIERRA", "km_cuneta": 0.1254875068425724, "fecha": "08-2026" }, "geometry": { "type": "LineString", "coordinates": [ [ -68.450311483735774, -33.194342208544015 ], [ -68.449866383622648, -33.193630408609792 ] ] } },
{ "type": "Feature", "properties": { "id_tramo": 740, "osm_id": "183312786", "zona": "URBANO", "km": 0.055701657318076449, "lado": null, "cuneta": "SI", "cun_mat": "TIERRA", "km_cuneta": 0.055701657318076449, "fecha": "08-2026" }, "geometry": { "type": "LineString", "coordinates": [ [ -68.452420632984257, -33.196723253607608 ], [ -68.452201032948665, -33.196796753621051 ] ] } },
{ "type": "Feature", "properties": { "id_tramo": 743, "osm_id": "183312786", "zona": "URBANO", "km": 0.15351965656688232, "lado": null, "cuneta": "SI", "cun_mat": "HORMIGON", "km_cuneta": 0.15351965656688232, "fecha": "08-2026" }, "geometry": { "type": "LineString", "coordinates": [ [ -68.455100920438653, -33.195785520205824 ], [ -68.454187024043264, -33.196108918938151 ], [ -68.45410092361027, -33.196139419091843 ], [ -68.45390602357962, -33.196208419104373 ] ] } },
{ "type": "Feature", "properties": { "id_tramo": 744, "osm_id": "183312785", "zona": "URBANO", "km": 0.15109136547625548, "lado": null, "cuneta": "SI", "cun_mat": "TIERRA", "km_cuneta": 0.15109136547625548, "fecha": "08-2026" }, "geometry": { "type": "LineString", "coordinates": [ [ -68.455044350383545, -33.194145785091727 ], [ -68.454480250419763, -33.194400585086655 ], [ -68.45436225115121, -33.194453884758623 ], [ -68.453497451933217, -33.194844584422633 ], [ -68.453398947790333, -33.194889086295753 ], [ -68.4531420477567, -33.195005086316073 ] ] } },
{ "type": "Feature", "properties": { "id_tramo": 747, "osm_id": "183312785", "zona": "URBANO", "km": 0.057573667933262199, "lado": null, "cuneta": "SI", "cun_mat": "HORMIGON", "km_cuneta": 0.057573667933262199, "fecha": "08-2026" }, "geometry": { "type": "LineString", "coordinates": [ [ -68.451820005962261, -33.195766280314338 ], [ -68.451595205991126, -33.195869680296319 ] ] } },
{ "type": "Feature", "properties": { "id_tramo": 748, "osm_id": "183312785", "zona": "URBANO", "km": 0.057896727361114439, "lado": null, "cuneta": "SI", "cun_mat": "TIERRA", "km_cuneta": 0.057896727361114439, "fecha": "08-2026" }, "geometry": { "type": "LineString", "coordinates": [ [ -68.452372315761693, -33.195512475821374 ], [ -68.452106315795888, -33.195634675800051 ] ] } },
{ "type": "Feature", "properties": { "id_tramo": 751, "osm_id": "612824066", "zona": "URBANO", "km": 0.16065533557623626, "lado": null, "cuneta": "SI", "cun_mat": "TIERRA", "km_cuneta": 0.16065533557623626, "fecha": "08-2026" }, "geometry": { "type": "LineString", "coordinates": [ [ -68.455149046480443, -33.195672339163984 ], [ -68.454497246332423, -33.194686439259286 ] ] } },
{ "type": "Feature", "properties": { "id_tramo": 752, "osm_id": "183312742", "zona": "URBANO", "km": 0.17506450586359765, "lado": null, "cuneta": "SI", "cun_mat": "TIERRA", "km_cuneta": 0.17506450586359765, "fecha": "08-2026" }, "geometry": { "type": "LineString", "coordinates": [ [ -68.451522000782944, -33.196233735203187 ], [ -68.451345000737589, -33.195949535229389 ], [ -68.451286999487138, -33.195856433254278 ], [ -68.450524799014218, -33.194633032921082 ] ] } },
{ "type": "Feature", "properties": { "id_tramo": 754, "osm_id": "277067037", "zona": "URBANO", "km": 0.061647245808001135, "lado": null, "cuneta": "SI", "cun_mat": "HORMIGON", "km_cuneta": 0.061647245808001135, "fecha": "08-2026" }, "geometry": { "type": "LineString", "coordinates": [ [ -68.460286857713768, -33.196694309206471 ], [ -68.460154157682041, -33.196488409225978 ] ] } },
{ "type": "Feature", "properties": { "id_tramo": 755, "osm_id": "277067037", "zona": "URBANO", "km": 0.061647245808001135, "lado": null, "cuneta": "SI", "cun_mat": "HORMIGON", "km_cuneta": 0.061647245808001135, "fecha": "08-2026" }, "geometry": { "type": "LineString", "coordinates": [ [ -68.460456567389357, -33.196611719893298 ], [ -68.460325867414923, -33.196427019874456 ] ] } },
{ "type": "Feature", "properties": { "id_tramo": 756, "osm_id": "257781709", "zona": "URBANO", "km": 0.11955595780062658, "lado": null, "cuneta": "SI", "cun_mat": "HORMIGON", "km_cuneta": 0.11955595780062658, "fecha": "08-2026" }, "geometry": { "type": "LineString", "coordinates": [ [ -68.461847116431585, -33.197033909459222 ], [ -68.460928524527475, -33.197457605744731 ], [ -68.460846516786006, -33.197495509317179 ], [ -68.46023341670751, -33.197778309366498 ] ] } },
{ "type": "Feature", "properties": { "id_tramo": 759, "osm_id": "183312795", "zona": "URBANO", "km": 0.060049517343797015, "lado": null, "cuneta": "SI", "cun_mat": "TIERRA", "km_cuneta": 0.060049517343797015, "fecha": "08-2026" }, "geometry": { "type": "LineString", "coordinates": [ [ -68.4668477422059, -33.20169226765875 ], [ -68.466582742260215, -33.201692867659183 ] ] } },
{ "type": "Feature", "properties": { "id_tramo": 766, "osm_id": "183315922", "zona": "URBANO", "km": 0.067220317646233332, "lado": null, "cuneta": "SI", "cun_mat": "TIERRA", "km_cuneta": 0.067220317646233332, "fecha": "08-2026" }, "geometry": { "type": "LineString", "coordinates": [ [ -68.467510306932894, -33.203107232179967 ], [ -68.467223906874153, -33.203108432179619 ] ] } },
{ "type": "Feature", "properties": { "id_tramo": 771, "osm_id": "183315922", "zona": "URBANO", "km": 0.06688953114481612, "lado": null, "cuneta": "SI", "cun_mat": "TIERRA", "km_cuneta": 0.06688953114481612, "fecha": "08-2026" }, "geometry": { "type": "LineString", "coordinates": [ [ -68.466491923955161, -33.203232267899573 ], [ -68.466203824014215, -33.203230867900466 ] ] } },
{ "type": "Feature", "properties": { "id_tramo": 773, "osm_id": "183315839", "zona": "URBANO", "km": 0.19563475470194366, "lado": null, "cuneta": "SI", "cun_mat": "TIERRA", "km_cuneta": 0.19563475470194366, "fecha": "08-2026" }, "geometry": { "type": "LineString", "coordinates": [ [ -68.466995163580052, -33.201772895327089 ], [ -68.467583063811148, -33.202985795236856 ] ] } },
{ "type": "Feature", "properties": { "id_tramo": 774, "osm_id": "183315885", "zona": "URBANO", "km": 0.19841163603859605, "lado": null, "cuneta": "SI", "cun_mat": "TIERRA", "km_cuneta": 0.19841163603859605, "fecha": "08-2026" }, "geometry": { "type": "LineString", "coordinates": [ [ -68.467640817577049, -33.201764865663911 ], [ -68.468060417410427, -33.202636365728367 ] ] } },
{ "type": "Feature", "properties": { "id_tramo": 775, "osm_id": "183315880", "zona": "URBANO", "km": 0.093294818525034517, "lado": null, "cuneta": "SI", "cun_mat": "TIERRA", "km_cuneta": 0.093294818525034517, "fecha": "08-2026" }, "geometry": { "type": "LineString", "coordinates": [ [ -68.466508484703766, -33.201793896988526 ], [ -68.46709038446852, -33.203016897078015 ] ] } },
{ "type": "Feature", "properties": { "id_tramo": 780, "osm_id": "183315916", "zona": "URBANO", "km": 0.041134080714412845, "lado": null, "cuneta": "SI", "cun_mat": "TIERRA", "km_cuneta": 0.041134080714412845, "fecha": "08-2026" }, "geometry": { "type": "LineString", "coordinates": [ [ -68.464484111754118, -33.20177985872391 ], [ -68.465222511547438, -33.203022458834106 ] ] } },
{ "type": "Feature", "properties": { "id_tramo": 781, "osm_id": "183315908", "zona": "URBANO", "km": 0.14255998204655126, "lado": null, "cuneta": "SI", "cun_mat": "TIERRA", "km_cuneta": 0.14255998204655126, "fecha": "08-2026" }, "geometry": { "type": "LineString", "coordinates": [ [ -68.466112201112097, -33.203337307940657 ], [ -68.466593200983112, -33.204128308012166 ] ] } },
{ "type": "Feature", "properties": { "id_tramo": 782, "osm_id": "183315908", "zona": "URBANO", "km": 0.14255998204655126, "lado": null, "cuneta": "SI", "cun_mat": "HORMIGON", "km_cuneta": 0.14255998204655126, "fecha": "08-2026" }, "geometry": { "type": "LineString", "coordinates": [ [ -68.465914198903249, -33.203320858660788 ], [ -68.466455699055572, -33.204234558579927 ] ] } },
{ "type": "Feature", "properties": { "id_tramo": 783, "osm_id": "183315916", "zona": "URBANO", "km": 0.17986154274793029, "lado": null, "cuneta": "SI", "cun_mat": "HORMIGON", "km_cuneta": 0.17986154274793029, "fecha": "08-2026" }, "geometry": { "type": "LineString", "coordinates": [ [ -68.465377087412506, -33.203348385373118 ], [ -68.466051187230562, -33.204460785473387 ] ] } },
{ "type": "Feature", "properties": { "id_tramo": 784, "osm_id": "183315848", "zona": "URBANO", "km": 0.094076295496289139, "lado": null, "cuneta": "SI", "cun_mat": "HORMIGON", "km_cuneta": 0.094076295496289139, "fecha": "08-2026" }, "geometry": { "type": "LineString", "coordinates": [ [ -68.466612982636804, -33.20330446539549 ], [ -68.466960282729175, -33.203873265343901 ] ] } },
{ "type": "Feature", "properties": { "id_tramo": 785, "osm_id": "183315848", "zona": "URBANO", "km": 0.094076295496289139, "lado": null, "cuneta": "SI", "cun_mat": "TIERRA", "km_cuneta": 0.094076295496289139, "fecha": "08-2026" }, "geometry": { "type": "LineString", "coordinates": [ [ -68.466851104262773, -33.203365446697099 ], [ -68.467074004200171, -33.203741246730381 ] ] } },
{ "type": "Feature", "properties": { "id_tramo": 786, "osm_id": "183315885", "zona": "URBANO", "km": 0.0063141009903044734, "lado": null, "cuneta": "SI", "cun_mat": "TIERRA", "km_cuneta": 0.0063141009903044734, "fecha": "08-2026" }, "geometry": { "type": "LineString", "coordinates": [ [ -68.46807988222541, -33.202747585972261 ], [ -68.467993234044471, -33.202817767089094 ], [ -68.467940093517953, -33.202886229170744 ], [ -68.467889094631886, -33.202960788967985 ] ] } },
{ "type": "Feature", "properties": { "id_tramo": 790, "osm_id": "183315881", "zona": "URBANO", "km": 0.076866546534581706, "lado": null, "cuneta": "SI", "cun_mat": "TIERRA", "km_cuneta": 0.076866546534581706, "fecha": "08-2026" }, "geometry": { "type": "LineString", "coordinates": [ [ -68.464552544519137, -33.202444526588408 ], [ -68.464098144426018, -33.202454226589438 ] ] } },
{ "type": "Feature", "properties": { "id_tramo": 791, "osm_id": "183315881", "zona": "URBANO", "km": 0.076866546534581706, "lado": null, "cuneta": "SI", "cun_mat": "TIERRA", "km_cuneta": 0.076866546534581706, "fecha": "08-2026" }, "geometry": { "type": "LineString", "coordinates": [ [ -68.463280038940496, -33.202581471769534 ], [ -68.463888531136845, -33.202570471909333 ], [ -68.46399023618666, -33.202568571817942 ], [ -68.464551136071677, -33.202558371818846 ] ] } },
{ "type": "Feature", "properties": { "id_tramo": 792, "osm_id": "771230533", "zona": "URBANO", "km": 0.19081111411853585, "lado": null, "cuneta": "SI", "cun_mat": "HORMIGON", "km_cuneta": 0.19081111411853585, "fecha": "08-2026" }, "geometry": { "type": "LineString", "coordinates": [ [ -68.4645663192032, -33.202991627114827 ], [ -68.464011098385186, -33.203002927528892 ], [ -68.463898489393003, -33.203005127702767 ], [ -68.463288589267989, -33.203016827703863 ] ] } },
{ "type": "Feature", "properties": { "id_tramo": 795, "osm_id": "183315850", "zona": "URBANO", "km": 0.071981535758323348, "lado": null, "cuneta": "SI", "cun_mat": "HORMIGON", "km_cuneta": 0.071981535758323348, "fecha": "08-2026" }, "geometry": { "type": "LineString", "coordinates": [ [ -68.463829036441567, -33.201985804087208 ], [ -68.463971136361153, -33.202366104109437 ] ] } },
{ "type": "Feature", "properties": { "id_tramo": 798, "osm_id": "183315907", "zona": "URBANO", "km": 0.065510166463780134, "lado": null, "cuneta": "SI", "cun_mat": "HORMIGON", "km_cuneta": 0.065510166463780134, "fecha": "08-2026" }, "geometry": { "type": "LineString", "coordinates": [ [ -68.463162750420224, -33.202681024147488 ], [ -68.463163150358994, -33.202932124146926 ] ] } },
{ "type": "Feature", "properties": { "id_tramo": 799, "osm_id": "183312791", "zona": "URBANO", "km": 0.10645697699035157, "lado": null, "cuneta": "SI", "cun_mat": "TIERRA", "km_cuneta": 0.10645697699035157, "fecha": "08-2026" }, "geometry": { "type": "LineString", "coordinates": [ [ -68.448634962762824, -33.190081132374956 ], [ -68.447951262622738, -33.190080132373303 ] ] } },
{ "type": "Feature", "properties": { "id_tramo": 803, "osm_id": "183312797", "zona": "URBANO", "km": 0.098002414373924249, "lado": null, "cuneta": "SI", "cun_mat": "TIERRA", "km_cuneta": 0.098002414373924249, "fecha": "08-2026" }, "geometry": { "type": "LineString", "coordinates": [ [ -68.448203040826485, -33.189439912288805 ], [ -68.447672240737504, -33.18960501231917 ] ] } },
{ "type": "Feature", "properties": { "id_tramo": 807, "osm_id": "183312797", "zona": "URBANO", "km": 0.092482207782992057, "lado": null, "cuneta": "SI", "cun_mat": "TIERRA", "km_cuneta": 0.092482207782992057, "fecha": "08-2026" }, "geometry": { "type": "LineString", "coordinates": [ [ -68.451408601263566, -33.188618669811063 ], [ -68.450851201361218, -33.188772769782496 ] ] } },
{ "type": "Feature", "properties": { "id_tramo": 809, "osm_id": "177322037", "zona": "URBANO", "km": 0.056297201996012548, "lado": null, "cuneta": "SI", "cun_mat": "HORMIGON", "km_cuneta": 0.056297201996012548, "fecha": "08-2026" }, "geometry": { "type": "LineString", "coordinates": [ [ -68.459843003041613, -33.201226923436849 ], [ -68.459229105216224, -33.200286627076963 ], [ -68.459172107512543, -33.200199230626758 ], [ -68.459003700482327, -33.199941419940501 ] ] } },
{ "type": "Feature", "properties": { "id_tramo": 810, "osm_id": "1165526541", "zona": "URBANO", "km": 0.10681848030635474, "lado": null, "cuneta": "SI", "cun_mat": "HORMIGON", "km_cuneta": 0.10681848030635474, "fecha": "08-2026" }, "geometry": { "type": "LineString", "coordinates": [ [ -68.458728314156531, -33.199785311619074 ], [ -68.457905514015721, -33.20002851166403 ] ] } },
{ "type": "Feature", "properties": { "id_tramo": 812, "osm_id": "177170650", "zona": "URBANO", "km": 0.11084570306618734, "lado": null, "cuneta": "SI", "cun_mat": "TIERRA", "km_cuneta": 0.11084570306618734, "fecha": "08-2026" }, "geometry": { "type": "LineString", "coordinates": [ [ -68.466676162172661, -33.189296766562279 ], [ -68.46598566227172, -33.189577566512206 ] ] } },
{ "type": "Feature", "properties": { "id_tramo": 814, "osm_id": "177170657", "zona": "URBANO", "km": 0.11389796820297753, "lado": null, "cuneta": "SI", "cun_mat": "TIERRA", "km_cuneta": 0.11389796820297753, "fecha": "08-2026" }, "geometry": { "type": "LineString", "coordinates": [ [ -68.467741307399123, -33.190798268546921 ], [ -68.46703490748483, -33.191139868487937 ] ] } },
{ "type": "Feature", "properties": { "id_tramo": 815, "osm_id": "177170657", "zona": "URBANO", "km": 0.11389796820297753, "lado": null, "cuneta": "SI", "cun_mat": "HORMIGON", "km_cuneta": 0.11389796820297753, "fecha": "08-2026" }, "geometry": { "type": "LineString", "coordinates": [ [ -68.467640881768915, -33.190665478878209 ], [ -68.466926681678331, -33.190997678936021 ] ] } },
{ "type": "Feature", "properties": { "id_tramo": 816, "osm_id": "360738024", "zona": "URBANO", "km": 0.11402914554933526, "lado": null, "cuneta": "SI", "cun_mat": "HORMIGON", "km_cuneta": 0.11402914554933526, "fecha": "08-2026" }, "geometry": { "type": "LineString", "coordinates": [ [ -68.468164842147559, -33.191407709973312 ], [ -68.4674342422405, -33.191746509914289 ] ] } },
{ "type": "Feature", "properties": { "id_tramo": 818, "osm_id": "177170655", "zona": "URBANO", "km": 0.117396692814753, "lado": null, "cuneta": "SI", "cun_mat": "TIERRA", "km_cuneta": 0.117396692814753, "fecha": "08-2026" }, "geometry": { "type": "LineString", "coordinates": [ [ -68.469558657512707, -33.193425983391499 ], [ -68.468809157633174, -33.193680883344932 ] ] } },
{ "type": "Feature", "properties": { "id_tramo": 821, "osm_id": "177170511", "zona": "URBANO", "km": 0.11859041308576093, "lado": null, "cuneta": "SI", "cun_mat": "HORMIGON", "km_cuneta": 0.11859041308576093, "fecha": "08-2026" }, "geometry": { "type": "LineString", "coordinates": [ [ -68.470451449133307, -33.194682348180152 ], [ -68.469683049008935, -33.194940148227317 ] ] } },
{ "type": "Feature", "properties": { "id_tramo": 824, "osm_id": "177170501", "zona": "URBANO", "km": 0.055551799951387454, "lado": null, "cuneta": "SI", "cun_mat": "TIERRA", "km_cuneta": 0.055551799951387454, "fecha": "08-2026" }, "geometry": { "type": "LineString", "coordinates": [ [ -68.473596265272292, -33.198468696453389 ], [ -68.472806262058043, -33.198704097414286 ], [ -68.472714261407361, -33.198731497608463 ], [ -68.472360661347039, -33.198836797627933 ] ] } },
{ "type": "Feature", "properties": { "id_tramo": 826, "osm_id": "177170527", "zona": "URBANO", "km": 0.1102913832435557, "lado": null, "cuneta": "SI", "cun_mat": "HORMIGON", "km_cuneta": 0.1102913832435557, "fecha": "08-2026" }, "geometry": { "type": "LineString", "coordinates": [ [ -68.472047868407472, -33.19744441781441 ], [ -68.471743768280845, -33.196792317861266 ] ] } },
{ "type": "Feature", "properties": { "id_tramo": 827, "osm_id": "257800486", "zona": "URBANO", "km": 0.078200957202182814, "lado": null, "cuneta": "SI", "cun_mat": "HORMIGON", "km_cuneta": 0.078200957202182814, "fecha": "08-2026" }, "geometry": { "type": "LineString", "coordinates": [ [ -68.472004552159902, -33.197581645401172 ], [ -68.471609752104527, -33.1977467454305 ] ] } },
{ "type": "Feature", "properties": { "id_tramo": 828, "osm_id": "257800486", "zona": "URBANO", "km": 0.078200957202182814, "lado": null, "cuneta": "SI", "cun_mat": "TIERRA", "km_cuneta": 0.078200957202182814, "fecha": "08-2026" }, "geometry": { "type": "LineString", "coordinates": [ [ -68.472047834805892, -33.197725788196486 ], [ -68.471699034853131, -33.19787768816969 ] ] } },
{ "type": "Feature", "properties": { "id_tramo": 829, "osm_id": "177170527", "zona": "URBANO", "km": 0.1102913832435557, "lado": null, "cuneta": "SI", "cun_mat": "TIERRA", "km_cuneta": 0.1102913832435557, "fecha": "08-2026" }, "geometry": { "type": "MultiLineString", "coordinates": [ [ [ -68.472438588628336, -33.197891903414046 ], [ -68.472287891515407, -33.197575509324743 ], [ -68.472247989916198, -33.197491905926711 ] ], [ [ -68.472247989916198, -33.197491905926711 ], [ -68.471894190058876, -33.19674940587231 ] ] ] } },
{ "type": "Feature", "properties": { "id_tramo": 831, "osm_id": "177170527", "zona": "URBANO", "km": 0.075447016552996127, "lado": null, "cuneta": "SI", "cun_mat": "TIERRA", "km_cuneta": 0.075447016552996127, "fecha": "08-2026" }, "geometry": { "type": "LineString", "coordinates": [ [ -68.472701021705205, -33.19843397270165 ], [ -68.472546821766315, -33.198114072677974 ] ] } },
{ "type": "Feature", "properties": { "id_tramo": 832, "osm_id": "177170500", "zona": "URBANO", "km": 0.088563342097380884, "lado": null, "cuneta": "SI", "cun_mat": "HORMIGON", "km_cuneta": 0.088563342097380884, "fecha": "08-2026" }, "geometry": { "type": "LineString", "coordinates": [ [ -68.466641166313906, -33.189020430130874 ], [ -68.466184284023143, -33.188369955539422 ], [ -68.46612564777638, -33.188285847013368 ], [ -68.465761793093549, -33.187753613466427 ] ] } },
{ "type": "Feature", "properties": { "id_tramo": 837, "osm_id": "658283842", "zona": "URBANO", "km": 0.1061515189212611, "lado": null, "cuneta": "SI", "cun_mat": "TIERRA", "km_cuneta": 0.1061515189212611, "fecha": "08-2026" }, "geometry": { "type": "LineString", "coordinates": [ [ -68.4675900324049, -33.18867427092264 ], [ -68.467240132329636, -33.188158070973515 ] ] } },
{ "type": "Feature", "properties": { "id_tramo": 838, "osm_id": "320867674", "zona": "URBANO", "km": 0.10464978155026999, "lado": null, "cuneta": "SI", "cun_mat": "HORMIGON", "km_cuneta": 0.10464978155026999, "fecha": "08-2026" }, "geometry": { "type": "LineString", "coordinates": [ [ -68.4683331690279, -33.188456319838558 ], [ -68.467987669095407, -33.187968019788777 ] ] } },
{ "type": "Feature", "properties": { "id_tramo": 839, "osm_id": "320867674", "zona": "URBANO", "km": 0.10464978155026999, "lado": null, "cuneta": "SI", "cun_mat": "HORMIGON", "km_cuneta": 0.10464978155026999, "fecha": "08-2026" }, "geometry": { "type": "LineString", "coordinates": [ [ -68.468217645975969, -33.188490844659036 ], [ -68.467861145902347, -33.187974644710692 ] ] } },
{ "type": "Feature", "properties": { "id_tramo": 840, "osm_id": "183315853", "zona": "URBANO", "km": 0.10131663691593554, "lado": null, "cuneta": "SI", "cun_mat": "TIERRA", "km_cuneta": 0.10131663691593554, "fecha": "08-2026" }, "geometry": { "type": "LineString", "coordinates": [ [ -68.468960139528477, -33.188214118688649 ], [ -68.468641039588761, -33.187769618642818 ] ] } },
{ "type": "Feature", "properties": { "id_tramo": 841, "osm_id": "183315853", "zona": "URBANO", "km": 0.10131663691593554, "lado": null, "cuneta": "SI", "cun_mat": "TIERRA", "km_cuneta": 0.10131663691593554, "fecha": "08-2026" }, "geometry": { "type": "LineString", "coordinates": [ [ -68.468797658036806, -33.188262718572901 ], [ -68.46847865797362, -33.187809318618903 ] ] } },
{ "type": "Feature", "properties": { "id_tramo": 842, "osm_id": "177170530", "zona": "URBANO", "km": 0.10942853253513546, "lado": null, "cuneta": "SI", "cun_mat": "HORMIGON", "km_cuneta": 0.10942853253513546, "fecha": "08-2026" }, "geometry": { "type": "LineString", "coordinates": [ [ -68.469749272661346, -33.187978463136261 ], [ -68.469277172704665, -33.187460063073011 ] ] } },
{ "type": "Feature", "properties": { "id_tramo": 843, "osm_id": "177170530", "zona": "URBANO", "km": 0.10942853253513546, "lado": null, "cuneta": "SI", "cun_mat": "HORMIGON", "km_cuneta": 0.10942853253513546, "fecha": "08-2026" }, "geometry": { "type": "LineString", "coordinates": [ [ -68.469572322190118, -33.188020341798421 ], [ -68.469118722145907, -33.187514641859501 ] ] } },
{ "type": "Feature", "properties": { "id_tramo": 845, "osm_id": "177170500", "zona": "URBANO", "km": 0.077291075044582561, "lado": null, "cuneta": "SI", "cun_mat": "TIERRA", "km_cuneta": 0.077291075044582561, "fecha": "08-2026" }, "geometry": { "type": "LineString", "coordinates": [ [ -68.468280964906498, -33.191077171860712 ], [ -68.46807236494935, -33.190775871830517 ] ] } },
{ "type": "Feature", "properties": { "id_tramo": 847, "osm_id": "177170500", "zona": "URBANO", "km": 0.077291075044582561, "lado": null, "cuneta": "SI", "cun_mat": "TIERRA", "km_cuneta": 0.077291075044582561, "fecha": "08-2026" }, "geometry": { "type": "LineString", "coordinates": [ [ -68.468123431038265, -33.191133922265294 ], [ -68.467910630994623, -33.19082682229611 ] ] } },
{ "type": "Feature", "properties": { "id_tramo": 850, "osm_id": "177170595", "zona": "URBANO", "km": 0.052250133709967797, "lado": null, "cuneta": "SI", "cun_mat": "HORMIGON", "km_cuneta": 0.052250133709967797, "fecha": "08-2026" }, "geometry": { "type": "LineString", "coordinates": [ [ -68.471122649709429, -33.19134624996807 ], [ -68.470632749810761, -33.190636349897076 ] ] } },
{ "type": "Feature", "properties": { "id_tramo": 851, "osm_id": "177170502", "zona": "URBANO", "km": 0.075955773165230375, "lado": null, "cuneta": "SI", "cun_mat": "HORMIGON", "km_cuneta": 0.075955773165230375, "fecha": "08-2026" }, "geometry": { "type": "LineString", "coordinates": [ [ -68.469666676181461, -33.191420443466413 ], [ -68.46940757612974, -33.191050843503824 ] ] } },
{ "type": "Feature", "properties": { "id_tramo": 852, "osm_id": "177170502", "zona": "URBANO", "km": 0.050514314844638593, "lado": null, "cuneta": "SI", "cun_mat": "TIERRA", "km_cuneta": 0.050514314844638593, "fecha": "08-2026" }, "geometry": { "type": "LineString", "coordinates": [ [ -68.469904494839739, -33.191758770031804 ], [ -68.469818394822383, -33.19163547004424 ] ] } },
{ "type": "Feature", "properties": { "id_tramo": 855, "osm_id": "177170595", "zona": "URBANO", "km": 0.052250133709967797, "lado": null, "cuneta": "SI", "cun_mat": "HORMIGON", "km_cuneta": 0.052250133709967797, "fecha": "08-2026" }, "geometry": { "type": "LineString", "coordinates": [ [ -68.470987294741377, -33.191378770000398 ], [ -68.470901194724036, -33.191255470012834 ] ] } },
{ "type": "Feature", "properties": { "id_tramo": 858, "osm_id": "658283842", "zona": "URBANO", "km": 0.068759887559323482, "lado": null, "cuneta": "SI", "cun_mat": "TIERRA", "km_cuneta": 0.068759887559323482, "fecha": "08-2026" }, "geometry": { "type": "LineString", "coordinates": [ [ -68.468262989868549, -33.189645583257871 ], [ -68.468082889835685, -33.18939828328363 ] ] } },
{ "type": "Feature", "properties": { "id_tramo": 861, "osm_id": "177170650", "zona": "URBANO", "km": 0.093451876522301025, "lado": null, "cuneta": "SI", "cun_mat": "HORMIGON", "km_cuneta": 0.093451876522301025, "fecha": "08-2026" }, "geometry": { "type": "LineString", "coordinates": [ [ -68.46754631285809, -33.188800477239631 ], [ -68.466977612771544, -33.189013077278027 ] ] } },
{ "type": "Feature", "properties": { "id_tramo": 862, "osm_id": "319003737", "zona": "URBANO", "km": 0.092402560011000168, "lado": null, "cuneta": "SI", "cun_mat": "TIERRA", "km_cuneta": 0.092402560011000168, "fecha": "08-2026" }, "geometry": { "type": "LineString", "coordinates": [ [ -68.467941253918312, -33.189362537104756 ], [ -68.467371953996434, -33.189606737061588 ] ] } },
{ "type": "Feature", "properties": { "id_tramo": 863, "osm_id": "319003737", "zona": "URBANO", "km": 0.092402560011000168, "lado": null, "cuneta": "SI", "cun_mat": "TIERRA", "km_cuneta": 0.092402560011000168, "fecha": "08-2026" }, "geometry": { "type": "LineString", "coordinates": [ [ -68.467844268739668, -33.189248138092353 ], [ -68.467304168664057, -33.189474538132544 ] ] } },
{ "type": "Feature", "properties": { "id_tramo": 864, "osm_id": "177170649", "zona": "URBANO", "km": 0.092458308295500696, "lado": null, "cuneta": "SI", "cun_mat": "TIERRA", "km_cuneta": 0.092458308295500696, "fecha": "08-2026" }, "geometry": { "type": "LineString", "coordinates": [ [ -68.468432570491657, -33.189844413280674 ], [ -68.467725870604482, -33.190087813236268 ] ] } },
{ "type": "Feature", "properties": { "id_tramo": 865, "osm_id": "177170649", "zona": "URBANO", "km": 0.092458308295500696, "lado": null, "cuneta": "SI", "cun_mat": "TIERRA", "km_cuneta": 0.092458308295500696, "fecha": "08-2026" }, "geometry": { "type": "LineString", "coordinates": [ [ -68.468227835565713, -33.189777118854479 ], [ -68.467633635470165, -33.189979018891343 ] ] } },
{ "type": "Feature", "properties": { "id_tramo": 869, "osm_id": "319005278", "zona": "URBANO", "km": 0.10531868160885191, "lado": null, "cuneta": "SI", "cun_mat": "TIERRA", "km_cuneta": 0.10531868160885191, "fecha": "08-2026" }, "geometry": { "type": "LineString", "coordinates": [ [ -68.469628846879033, -33.191538514957557 ], [ -68.468887346757299, -33.191780015001839 ] ] } },
{ "type": "Feature", "properties": { "id_tramo": 873, "osm_id": "177170655", "zona": "URBANO", "km": 0.10629481966340737, "lado": null, "cuneta": "SI", "cun_mat": "TIERRA", "km_cuneta": 0.10629481966340737, "fecha": "08-2026" }, "geometry": { "type": "LineString", "coordinates": [ [ -68.470549630853341, -33.192929951656133 ], [ -68.469884530747947, -33.193162351698462 ] ] } },
{ "type": "Feature", "properties": { "id_tramo": 875, "osm_id": "183315906", "zona": "URBANO", "km": 0.11440484923239813, "lado": null, "cuneta": "SI", "cun_mat": "TIERRA", "km_cuneta": 0.11440484923239813, "fecha": "08-2026" }, "geometry": { "type": "LineString", "coordinates": [ [ -68.471048193986931, -33.193561033052134 ], [ -68.470332193871414, -33.193802833096328 ] ] } },
{ "type": "Feature", "properties": { "id_tramo": 876, "osm_id": "177170660", "zona": "URBANO", "km": 0.11882589936829598, "lado": null, "cuneta": "SI", "cun_mat": "TIERRA", "km_cuneta": 0.11882589936829598, "fecha": "08-2026" }, "geometry": { "type": "LineString", "coordinates": [ [ -68.471503327276139, -33.194121293403953 ], [ -68.47073402740223, -33.194372793357836 ] ] } },
{ "type": "Feature", "properties": { "id_tramo": 878, "osm_id": "177170661", "zona": "URBANO", "km": 0.10240871158030498, "lado": null, "cuneta": "SI", "cun_mat": "HORMIGON", "km_cuneta": 0.10240871158030498, "fecha": "08-2026" }, "geometry": { "type": "LineString", "coordinates": [ [ -68.472022134303515, -33.195088850518395 ], [ -68.471387934203065, -33.195310550558773 ] ] } },
{ "type": "Feature", "properties": { "id_tramo": 879, "osm_id": "257956897", "zona": "URBANO", "km": 0.1056926377684477, "lado": null, "cuneta": "SI", "cun_mat": "HORMIGON", "km_cuneta": 0.1056926377684477, "fecha": "08-2026" }, "geometry": { "type": "LineString", "coordinates": [ [ -68.472637192979846, -33.196390337682097 ], [ -68.471951893091116, -33.196618837640251 ] ] } },
{ "type": "Feature", "properties": { "id_tramo": 884, "osm_id": "177170500", "zona": "URBANO", "km": 0.10323426664568293, "lado": null, "cuneta": "SI", "cun_mat": "HORMIGON", "km_cuneta": 0.10323426664568293, "fecha": "08-2026" }, "geometry": { "type": "LineString", "coordinates": [ [ -68.471045805415741, -33.19530818412337 ], [ -68.470713605348493, -33.194831484171381 ] ] } },
{ "type": "Feature", "properties": { "id_tramo": 886, "osm_id": "177170544", "zona": "URBANO", "km": 0.017526321295991139, "lado": null, "cuneta": "SI", "cun_mat": "HORMIGON", "km_cuneta": 0.017526321295991139, "fecha": "08-2026" }, "geometry": { "type": "LineString", "coordinates": [ [ -68.46972010380459, -33.19552232673967 ], [ -68.469415503739995, -33.195075926783922 ] ] } },
{ "type": "Feature", "properties": { "id_tramo": 889, "osm_id": "391480877", "zona": "URBANO", "km": 0.060542342055896134, "lado": null, "cuneta": "SI", "cun_mat": "HORMIGON", "km_cuneta": 0.060542342055896134, "fecha": "08-2026" }, "geometry": { "type": "LineString", "coordinates": [ [ -68.469687332373994, -33.195628293324965 ], [ -68.469314532325143, -33.195796293354412 ] ] } },
{ "type": "Feature", "properties": { "id_tramo": 890, "osm_id": "177170500", "zona": "URBANO", "km": 0.072705336344295907, "lado": null, "cuneta": "SI", "cun_mat": "TIERRA", "km_cuneta": 0.072705336344295907, "fecha": "08-2026" }, "geometry": { "type": "LineString", "coordinates": [ [ -68.469886991345007, -33.19342749342411 ], [ -68.470154091302589, -33.193774693461776 ] ] } },
{ "type": "Feature", "properties": { "id_tramo": 891, "osm_id": "177170500", "zona": "URBANO", "km": 0.069562356382080248, "lado": null, "cuneta": "SI", "cun_mat": "HORMIGON", "km_cuneta": 0.069562356382080248, "fecha": "08-2026" }, "geometry": { "type": "LineString", "coordinates": [ [ -68.470313359203104, -33.194026107591476 ], [ -68.470459359174441, -33.194232807612536 ] ] } },
{ "type": "Feature", "properties": { "id_tramo": 892, "osm_id": "177170500", "zona": "URBANO", "km": 0.13677791049198723, "lado": null, "cuneta": "SI", "cun_mat": "HORMIGON", "km_cuneta": 0.13677791049198723, "fecha": "08-2026" }, "geometry": { "type": "LineString", "coordinates": [ [ -68.469521785324005, -33.193152800438199 ], [ -68.469025785219671, -33.192428700510192 ] ] } },
{ "type": "Feature", "properties": { "id_tramo": 895, "osm_id": "257781723", "zona": "URBANO", "km": 0.11991571311927915, "lado": null, "cuneta": "SI", "cun_mat": "HORMIGON", "km_cuneta": 0.11991571311927915, "fecha": "08-2026" }, "geometry": { "type": "LineString", "coordinates": [ [ -68.468773291709283, -33.192256830274751 ], [ -68.468654502687983, -33.192298699327701 ], [ -68.468294080414964, -33.192668038089344 ], [ -68.468290426041435, -33.192670989410608 ], [ -68.468286050141074, -33.192673137520622 ], [ -68.468153350120588, -33.192721637529388 ] ] } },
{ "type": "Feature", "properties": { "id_tramo": 896, "osm_id": "177170500", "zona": "URBANO", "km": 0.050289388614783853, "lado": null, "cuneta": "SI", "cun_mat": "TIERRA", "km_cuneta": 0.050289388614783853, "fecha": "08-2026" }, "geometry": { "type": "LineString", "coordinates": [ [ -68.468997343762823, -33.192098225706296 ], [ -68.468898743781423, -33.191961025692137 ] ] } },
{ "type": "Feature", "properties": { "id_tramo": 897, "osm_id": "177170500", "zona": "URBANO", "km": 0.076489558688765211, "lado": null, "cuneta": "SI", "cun_mat": "HORMIGON", "km_cuneta": 0.076489558688765211, "fecha": "08-2026" }, "geometry": { "type": "LineString", "coordinates": [ [ -68.468750839236932, -33.191747078582587 ], [ -68.468487239289161, -33.191372278544556 ] ] } },
{ "type": "Feature", "properties": { "id_tramo": 900, "osm_id": "658283842", "zona": "URBANO", "km": 0.09405504315686472, "lado": null, "cuneta": "SI", "cun_mat": "TIERRA", "km_cuneta": 0.09405504315686472, "fecha": "08-2026" }, "geometry": { "type": "LineString", "coordinates": [ [ -68.467139007814765, -33.187841732582157 ], [ -68.466829907876971, -33.187399232537487 ] ] } },
{ "type": "Feature", "properties": { "id_tramo": 905, "osm_id": "183312776", "zona": "URBANO", "km": 0.10268099660262071, "lado": null, "cuneta": "SI", "cun_mat": "TIERRA", "km_cuneta": 0.10268099660262071, "fecha": "08-2026" }, "geometry": { "type": "LineString", "coordinates": [ [ -68.452991668157523, -33.194966874144626 ], [ -68.452313367720606, -33.193895673088925 ], [ -68.452246068361902, -33.193789374065567 ], [ -68.451969569082777, -33.193352775054841 ], [ -68.451968910193415, -33.193351640615212 ], [ -68.451753010267083, -33.192944340582471 ] ] } },
{ "type": "Feature", "properties": { "id_tramo": 910, "osm_id": "183312743", "zona": "URBANO", "km": 0.064639500083724086, "lado": null, "cuneta": "SI", "cun_mat": "HORMIGON", "km_cuneta": 0.064639500083724086, "fecha": "08-2026" }, "geometry": { "type": "LineString", "coordinates": [ [ -68.450340317082663, -33.193340986956493 ], [ -68.450060117124693, -33.193448186937211 ] ] } },
{ "type": "Feature", "properties": { "id_tramo": 911, "osm_id": "183312750", "zona": "URBANO", "km": 0.093426267792895507, "lado": null, "cuneta": "SI", "cun_mat": "HORMIGON", "km_cuneta": 0.093426267792895507, "fecha": "08-2026" }, "geometry": { "type": "LineString", "coordinates": [ [ -68.452080662088676, -33.191553309839371 ], [ -68.451370259861974, -33.191795610604018 ], [ -68.451252360676548, -33.19183581032717 ], [ -68.45096706141625, -33.191933110077009 ] ] } },
{ "type": "Feature", "properties": { "id_tramo": 914, "osm_id": "183312793", "zona": "URBANO", "km": 0.10569535710416476, "lado": null, "cuneta": "SI", "cun_mat": "TIERRA", "km_cuneta": 0.10569535710416476, "fecha": "08-2026" }, "geometry": { "type": "LineString", "coordinates": [ [ -68.451210276189755, -33.192771336127713 ], [ -68.450953176306896, -33.192184836087932 ] ] } },
{ "type": "Feature", "properties": { "id_tramo": 915, "osm_id": "183312793", "zona": "URBANO", "km": 0.10569535710416476, "lado": null, "cuneta": "SI", "cun_mat": "TIERRA", "km_cuneta": 0.10569535710416476, "fecha": "08-2026" }, "geometry": { "type": "LineString", "coordinates": [ [ -68.45105356498722, -33.192828058588717 ], [ -68.450799464868567, -33.192238258628095 ] ] } },
{ "type": "Feature", "properties": { "id_tramo": 916, "osm_id": "183312772", "zona": "URBANO", "km": 0.053543498805627122, "lado": null, "cuneta": "SI", "cun_mat": "TIERRA", "km_cuneta": 0.053543498805627122, "fecha": "08-2026" }, "geometry": { "type": "LineString", "coordinates": [ [ -68.452142080850322, -33.191668344336449 ], [ -68.451415980965507, -33.191921644290339 ], [ -68.451304783610951, -33.191960443366334 ], [ -68.451016987812125, -33.192060741899866 ] ] } },
{ "type": "Feature", "properties": { "id_tramo": 918, "osm_id": "183312742", "zona": "URBANO", "km": 0.10765407655990085, "lado": null, "cuneta": "SI", "cun_mat": "HORMIGON", "km_cuneta": 0.10765407655990085, "fecha": "08-2026" }, "geometry": { "type": "LineString", "coordinates": [ [ -68.449832139744174, -33.193285428532135 ], [ -68.449494639828998, -33.192748728482314 ] ] } },
{ "type": "Feature", "properties": { "id_tramo": 919, "osm_id": "183312791", "zona": "URBANO", "km": 0.075972597220760454, "lado": null, "cuneta": "SI", "cun_mat": "HORMIGON", "km_cuneta": 0.075972597220760454, "fecha": "08-2026" }, "geometry": { "type": "LineString", "coordinates": [ [ -68.451330020191747, -33.190240467717501 ], [ -68.450818320296605, -33.190242067718273 ] ] } },
{ "type": "Feature", "properties": { "id_tramo": 920, "osm_id": "183312791", "zona": "URBANO", "km": 0.049143929159022673, "lado": null, "cuneta": "SI", "cun_mat": "HORMIGON", "km_cuneta": 0.049143929159022673, "fecha": "08-2026" }, "geometry": { "type": "LineString", "coordinates": [ [ -68.450592717316638, -33.190242867728237 ], [ -68.450376717360896, -33.190243567728565 ] ] } },
{ "type": "Feature", "properties": { "id_tramo": 927, "osm_id": "183312787", "zona": "URBANO", "km": 0.060971643637599972, "lado": null, "cuneta": "SI", "cun_mat": "TIERRA", "km_cuneta": 0.060971643637599972, "fecha": "08-2026" }, "geometry": { "type": "LineString", "coordinates": [ [ -68.448022606646063, -33.194525640319021 ], [ -68.44787000667985, -33.194297540296773 ] ] } },
{ "type": "Feature", "properties": { "id_tramo": 928, "osm_id": "183312787", "zona": "URBANO", "km": 0.06217316735294745, "lado": null, "cuneta": "SI", "cun_mat": "TIERRA", "km_cuneta": 0.06217316735294745, "fecha": "08-2026" }, "geometry": { "type": "LineString", "coordinates": [ [ -68.448326812877497, -33.195006344385007 ], [ -68.448177312913799, -33.194772744363028 ] ] } },
{ "type": "Feature", "properties": { "id_tramo": 929, "osm_id": "183312743", "zona": "URBANO", "km": 0.14914662527177616, "lado": null, "cuneta": "SI", "cun_mat": "HORMIGON", "km_cuneta": 0.14914662527177616, "fecha": "08-2026" }, "geometry": { "type": "LineString", "coordinates": [ [ -68.449026817628194, -33.193716056659348 ], [ -68.448837111316124, -33.193776658675873 ], [ -68.44874311130053, -33.193806658681382 ], [ -68.448743054477774, -33.193806676738902 ], [ -68.447836354326867, -33.194093576791616 ] ] } },
{ "type": "Feature", "properties": { "id_tramo": 930, "osm_id": "183312743", "zona": "URBANO", "km": 0.14914662527177616, "lado": null, "cuneta": "SI", "cun_mat": "TIERRA", "km_cuneta": 0.14914662527177616, "fecha": "08-2026" }, "geometry": { "type": "LineString", "coordinates": [ [ -68.448769566028432, -33.193907885473266 ], [ -68.447911766172325, -33.19417438542424 ] ] } },
{ "type": "Feature", "properties": { "id_tramo": 934, "osm_id": "183312780", "zona": "URBANO", "km": 0.054922303251334549, "lado": null, "cuneta": "SI", "cun_mat": "HORMIGON", "km_cuneta": 0.054922303251334549, "fecha": "08-2026" }, "geometry": { "type": "LineString", "coordinates": [ [ -68.449190624224087, -33.193525161601521 ], [ -68.449018024265783, -33.193256161576116 ] ] } },
{ "type": "Feature", "properties": { "id_tramo": 938, "osm_id": "183312757", "zona": "URBANO", "km": 0.071778688123615361, "lado": null, "cuneta": "SI", "cun_mat": "TIERRA", "km_cuneta": 0.071778688123615361, "fecha": "08-2026" }, "geometry": { "type": "LineString", "coordinates": [ [ -68.45286786633838, -33.195010080541202 ], [ -68.452194666318221, -33.193938080878702 ], [ -68.45212766645983, -33.193831381140996 ], [ -68.451837428726719, -33.193369317242087 ], [ -68.451642109252234, -33.192973588387169 ] ] } },
{ "type": "Feature", "properties": { "id_tramo": 939, "osm_id": "183312763", "zona": "URBANO", "km": 0.098342154042594901, "lado": null, "cuneta": "SI", "cun_mat": "HORMIGON", "km_cuneta": 0.098342154042594901, "fecha": "08-2026" }, "geometry": { "type": "LineString", "coordinates": [ [ -68.452439378356289, -33.195214190312051 ], [ -68.45173757782284, -33.194108589095364 ], [ -68.451670178572599, -33.194002390240584 ], [ -68.451399979367665, -33.193576791348121 ], [ -68.451399133317267, -33.193575297503507 ], [ -68.451174533401215, -33.193126797469198 ] ] } },
{ "type": "Feature", "properties": { "id_tramo": 940, "osm_id": "183312763", "zona": "URBANO", "km": 0.098342154042594901, "lado": null, "cuneta": "SI", "cun_mat": "TIERRA", "km_cuneta": 0.098342154042594901, "fecha": "08-2026" }, "geometry": { "type": "LineString", "coordinates": [ [ -68.45218739956033, -33.195053175042297 ], [ -68.451610299419414, -33.194148775127275 ], [ -68.451542396885898, -33.194042471193313 ], [ -68.451275546070121, -33.193624331878503 ], [ -68.451056880361023, -33.193170134167694 ] ] } },
{ "type": "Feature", "properties": { "id_tramo": 942, "osm_id": "183312797", "zona": "URBANO", "km": 0.10593956423127708, "lado": null, "cuneta": "SI", "cun_mat": "HORMIGON", "km_cuneta": 0.10593956423127708, "fecha": "08-2026" }, "geometry": { "type": "LineString", "coordinates": [ [ -68.451312806782283, -33.188470668288936 ], [ -68.450749106881077, -33.188626368260053 ], [ -68.450748930794646, -33.188626417607388 ], [ -68.450608230819057, -33.188666417599983 ], [ -68.450466130509639, -33.188706817687489 ], [ -68.449646329880224, -33.188939917863742 ], [ -68.449645413616764, -33.1889401980592 ], [ -68.449522713636853, -33.188980398051832 ], [ -68.449405609606927, -33.189018799371688 ], [ -68.448633911809793, -33.189271698644887 ] ] } },
{ "type": "Feature", "properties": { "id_tramo": 943, "osm_id": "177170502", "zona": "URBANO", "km": 0.13260733606829686, "lado": null, "cuneta": "SI", "cun_mat": "HORMIGON", "km_cuneta": 0.13260733606829686, "fecha": "08-2026" }, "geometry": { "type": "LineString", "coordinates": [ [ -68.472200323889282, -33.19489137934999 ], [ -68.471831024027892, -33.194151679293512 ] ] } },
{ "type": "Feature", "properties": { "id_tramo": 945, "osm_id": "177170505", "zona": "URBANO", "km": 0.12917266198553079, "lado": null, "cuneta": "SI", "cun_mat": "HORMIGON", "km_cuneta": 0.12917266198553079, "fecha": "08-2026" }, "geometry": { "type": "LineString", "coordinates": [ [ -68.472766260149328, -33.194699350196807 ], [ -68.472404960289623, -33.193959650141409 ] ] } },
{ "type": "Feature", "properties": { "id_tramo": 948, "osm_id": "177170585", "zona": "URBANO", "km": 0.1267446216179331, "lado": null, "cuneta": "SI", "cun_mat": "TIERRA", "km_cuneta": 0.1267446216179331, "fecha": "08-2026" }, "geometry": { "type": "LineString", "coordinates": [ [ -68.473196605271497, -33.194541341788408 ], [ -68.472834205408873, -33.193810841732933 ] ] } },
{ "type": "Feature", "properties": { "id_tramo": 950, "osm_id": "177170514", "zona": "URBANO", "km": 0.1283395033506613, "lado": null, "cuneta": "SI", "cun_mat": "TIERRA", "km_cuneta": 0.1283395033506613, "fecha": "08-2026" }, "geometry": { "type": "LineString", "coordinates": [ [ -68.473869021180747, -33.194314511870999 ], [ -68.47350892104231, -33.193582011926182 ] ] } },
{ "type": "Feature", "properties": { "id_tramo": 952, "osm_id": "612824061", "zona": "URBANO", "km": 0.13270858078579567, "lado": null, "cuneta": "SI", "cun_mat": "HORMIGON", "km_cuneta": 0.13270858078579567, "fecha": "08-2026" }, "geometry": { "type": "LineString", "coordinates": [ [ -68.474595302541758, -33.194043079880501 ], [ -68.474235202397097, -33.193289179935853 ] ] } },
{ "type": "Feature", "properties": { "id_tramo": 953, "osm_id": "177170576", "zona": "URBANO", "km": 0.13469472720791972, "lado": null, "cuneta": "SI", "cun_mat": "HORMIGON", "km_cuneta": 0.13469472720791972, "fecha": "08-2026" }, "geometry": { "type": "LineString", "coordinates": [ [ -68.475971861243806, -33.193548653128119 ], [ -68.475583961386576, -33.192781253068858 ] ] } },
{ "type": "Feature", "properties": { "id_tramo": 956, "osm_id": "177170585", "zona": "URBANO", "km": 0.08418809647578164, "lado": null, "cuneta": "SI", "cun_mat": "HORMIGON", "km_cuneta": 0.08418809647578164, "fecha": "08-2026" }, "geometry": { "type": "LineString", "coordinates": [ [ -68.472220873250649, -33.192610638654095 ], [ -68.472499673190853, -33.193021338694642 ] ] } },
{ "type": "Feature", "properties": { "id_tramo": 957, "osm_id": "177170502", "zona": "URBANO", "km": 0.077638763484697129, "lado": null, "cuneta": "SI", "cun_mat": "HORMIGON", "km_cuneta": 0.077638763484697129, "fecha": "08-2026" }, "geometry": { "type": "LineString", "coordinates": [ [ -68.470976419039602, -33.193048206704063 ], [ -68.471260519001518, -33.193396106743485 ] ] } },
{ "type": "Feature", "properties": { "id_tramo": 960, "osm_id": "177170502", "zona": "URBANO", "km": 0.077638763484697129, "lado": null, "cuneta": "SI", "cun_mat": "HORMIGON", "km_cuneta": 0.077638763484697129, "fecha": "08-2026" }, "geometry": { "type": "LineString", "coordinates": [ [ -68.470805005863426, -33.19307864795163 ], [ -68.471090105904238, -33.193435647911798 ] ] } },
{ "type": "Feature", "properties": { "id_tramo": 962, "osm_id": "177170514", "zona": "URBANO", "km": 0.049974929751798375, "lado": null, "cuneta": "SI", "cun_mat": "HORMIGON", "km_cuneta": 0.049974929751798375, "fecha": "08-2026" }, "geometry": { "type": "LineString", "coordinates": [ [ -68.473277953430753, -33.192921837358938 ], [ -68.473436153372276, -33.193235637383125 ] ] } },
{ "type": "Feature", "properties": { "id_tramo": 964, "osm_id": "612824061", "zona": "URBANO", "km": 0.13800381737582806, "lado": null, "cuneta": "SI", "cun_mat": "TIERRA", "km_cuneta": 0.13800381737582806, "fecha": "08-2026" }, "geometry": { "type": "LineString", "coordinates": [ [ -68.473630162411894, -33.192113794505381 ], [ -68.474061962572847, -33.192974894439345 ] ] } },
{ "type": "Feature", "properties": { "id_tramo": 965, "osm_id": "612824061", "zona": "URBANO", "km": 0.13800381737582806, "lado": null, "cuneta": "SI", "cun_mat": "HORMIGON", "km_cuneta": 0.13800381737582806, "fecha": "08-2026" }, "geometry": { "type": "LineString", "coordinates": [ [ -68.473795446885617, -33.192060223981194 ], [ -68.474221446727597, -33.192907124046279 ] ] } },
{ "type": "Feature", "properties": { "id_tramo": 967, "osm_id": "177170576", "zona": "URBANO", "km": 0.13694321107676352, "lado": null, "cuneta": "SI", "cun_mat": "HORMIGON", "km_cuneta": 0.13694321107676352, "fecha": "08-2026" }, "geometry": { "type": "LineString", "coordinates": [ [ -68.474841097062082, -33.191695965760282 ], [ -68.475259897212965, -33.192513365696421 ] ] } },
{ "type": "Feature", "properties": { "id_tramo": 971, "osm_id": "177170666", "zona": "URBANO", "km": 0.13385435252846858, "lado": null, "cuneta": "SI", "cun_mat": "HORMIGON", "km_cuneta": 0.13385435252846858, "fecha": "08-2026" }, "geometry": { "type": "LineString", "coordinates": [ [ -68.472451240578607, -33.192156356805285 ], [ -68.471907940662774, -33.191456556728831 ] ] } },
{ "type": "Feature", "properties": { "id_tramo": 972, "osm_id": "177170666", "zona": "URBANO", "km": 0.13385435252846858, "lado": null, "cuneta": "SI", "cun_mat": "TIERRA", "km_cuneta": 0.13385435252846858, "fecha": "08-2026" }, "geometry": { "type": "LineString", "coordinates": [ [ -68.472282132901839, -33.192200438481294 ], [ -68.471744132815317, -33.191497838557297 ] ] } },
{ "type": "Feature", "properties": { "id_tramo": 975, "osm_id": "183315891", "zona": "URBANO", "km": 0.022178854327287306, "lado": null, "cuneta": "SI", "cun_mat": "TIERRA", "km_cuneta": 0.022178854327287306, "fecha": "08-2026" }, "geometry": { "type": "LineString", "coordinates": [ [ -68.473249787926918, -33.19059195961934 ], [ -68.472780288026939, -33.189902459551099 ] ] } },
{ "type": "Feature", "properties": { "id_tramo": 977, "osm_id": "177170660", "zona": "URBANO", "km": 0.05706525740125952, "lado": null, "cuneta": "SI", "cun_mat": "TIERRA", "km_cuneta": 0.05706525740125952, "fecha": "08-2026" }, "geometry": { "type": "LineString", "coordinates": [ [ -68.472738492307244, -33.193741572252968 ], [ -68.472448792354953, -33.193835372235746 ] ] } },
{ "type": "Feature", "properties": { "id_tramo": 978, "osm_id": "177170660", "zona": "URBANO", "km": 0.056916209288567415, "lado": null, "cuneta": "SI", "cun_mat": "TIERRA", "km_cuneta": 0.056916209288567415, "fecha": "08-2026" }, "geometry": { "type": "LineString", "coordinates": [ [ -68.472136896788172, -33.193936170798935 ], [ -68.471894596828079, -33.194014570784532 ] ] } },
{ "type": "Feature", "properties": { "id_tramo": 979, "osm_id": "177170655", "zona": "URBANO", "km": 0.12640667756024659, "lado": null, "cuneta": "SI", "cun_mat": "TIERRA", "km_cuneta": 0.12640667756024659, "fecha": "08-2026" }, "geometry": { "type": "LineString", "coordinates": [ [ -68.471891968820159, -33.192614113768016 ], [ -68.471000468962501, -33.192921213711983 ] ] } },
{ "type": "Feature", "properties": { "id_tramo": 981, "osm_id": "177170661", "zona": "URBANO", "km": 0.05780229513650724, "lado": null, "cuneta": "SI", "cun_mat": "TIERRA", "km_cuneta": 0.05780229513650724, "fecha": "08-2026" }, "geometry": { "type": "LineString", "coordinates": [ [ -68.47260104680268, -33.194863780911142 ], [ -68.472354546763384, -33.19494888092666 ] ] } },
{ "type": "Feature", "properties": { "id_tramo": 984, "osm_id": "319005278", "zona": "URBANO", "km": 0.1089486640435471, "lado": null, "cuneta": "SI", "cun_mat": "HORMIGON", "km_cuneta": 0.1089486640435471, "fecha": "08-2026" }, "geometry": { "type": "LineString", "coordinates": [ [ -68.470686118955328, -33.191162390394062 ], [ -68.469965818840222, -33.19141009043927 ] ] } },
{ "type": "Feature", "properties": { "id_tramo": 985, "osm_id": "319005278", "zona": "URBANO", "km": 0.1089486640435471, "lado": null, "cuneta": "SI", "cun_mat": "TIERRA", "km_cuneta": 0.1089486640435471, "fecha": "08-2026" }, "geometry": { "type": "LineString", "coordinates": [ [ -68.470739629334957, -33.19122329773792 ], [ -68.470020829447563, -33.191479497691375 ] ] } },
{ "type": "Feature", "properties": { "id_tramo": 986, "osm_id": "360738024", "zona": "URBANO", "km": 0.11022230405742134, "lado": null, "cuneta": "SI", "cun_mat": "TIERRA", "km_cuneta": 0.11022230405742134, "fecha": "08-2026" }, "geometry": { "type": "LineString", "coordinates": [ [ -68.47033164734583, -33.190636656042685 ], [ -68.469600747461428, -33.190892855996054 ] ] } },
{ "type": "Feature", "properties": { "id_tramo": 988, "osm_id": "177170657", "zona": "URBANO", "km": 0.11049961313997311, "lado": null, "cuneta": "SI", "cun_mat": "HORMIGON", "km_cuneta": 0.11049961313997311, "fecha": "08-2026" }, "geometry": { "type": "LineString", "coordinates": [ [ -68.469887834750963, -33.19002602561357 ], [ -68.469177234864091, -33.190272025568731 ] ] } },
{ "type": "Feature", "properties": { "id_tramo": 989, "osm_id": "177170649", "zona": "URBANO", "km": 0.060309401849774076, "lado": null, "cuneta": "SI", "cun_mat": "HORMIGON", "km_cuneta": 0.060309401849774076, "fecha": "08-2026" }, "geometry": { "type": "LineString", "coordinates": [ [ -68.469435780451562, -33.18936680354409 ], [ -68.469158880407193, -33.189461503561361 ] ] } },
{ "type": "Feature", "properties": { "id_tramo": 992, "osm_id": "177170502", "zona": "URBANO", "km": 0.081560165557352016, "lado": null, "cuneta": "SI", "cun_mat": "TIERRA", "km_cuneta": 0.081560165557352016, "fecha": "08-2026" }, "geometry": { "type": "LineString", "coordinates": [ [ -68.469355572337861, -33.19070752518148 ], [ -68.469135272380839, -33.190396425149736 ] ] } },
{ "type": "Feature", "properties": { "id_tramo": 993, "osm_id": "177170502", "zona": "URBANO", "km": 0.081560165557352016, "lado": null, "cuneta": "SI", "cun_mat": "HORMIGON", "km_cuneta": 0.081560165557352016, "fecha": "08-2026" }, "geometry": { "type": "LineString", "coordinates": [ [ -68.46918168673028, -33.190764350881665 ], [ -68.468964186682285, -33.190439650913376 ] ] } },
{ "type": "Feature", "properties": { "id_tramo": 994, "osm_id": "177170502", "zona": "URBANO", "km": 0.069273785231760004, "lado": null, "cuneta": "SI", "cun_mat": "TIERRA", "km_cuneta": 0.069273785231760004, "fecha": "08-2026" }, "geometry": { "type": "LineString", "coordinates": [ [ -68.468760714207306, -33.19014824366873 ], [ -68.468578314168397, -33.189880243695228 ] ] } },
{ "type": "Feature", "properties": { "id_tramo": 996, "osm_id": "177170595", "zona": "URBANO", "km": 0.080589192557896427, "lado": null, "cuneta": "SI", "cun_mat": "TIERRA", "km_cuneta": 0.080589192557896427, "fecha": "08-2026" }, "geometry": { "type": "LineString", "coordinates": [ [ -68.470261706612689, -33.190387280744389 ], [ -68.470046506564756, -33.190064580775797 ] ] } },
{ "type": "Feature", "properties": { "id_tramo": 997, "osm_id": "177170595", "zona": "URBANO", "km": 0.070133184416674488, "lado": null, "cuneta": "SI", "cun_mat": "TIERRA", "km_cuneta": 0.070133184416674488, "fecha": "08-2026" }, "geometry": { "type": "LineString", "coordinates": [ [ -68.470008462903294, -33.189744911563977 ], [ -68.469812562941684, -33.189467711535734 ] ] } },
{ "type": "Feature", "properties": { "id_tramo": 999, "osm_id": "177170621", "zona": "URBANO", "km": 0.0787916610436626, "lado": null, "cuneta": "SI", "cun_mat": "TIERRA", "km_cuneta": 0.0787916610436626, "fecha": "08-2026" }, "geometry": { "type": "LineString", "coordinates": [ [ -68.471326660908787, -33.190020612667865 ], [ -68.4711115608619, -33.189701312699199 ] ] } },
{ "type": "Feature", "properties": { "id_tramo": 1000, "osm_id": "177170621", "zona": "URBANO", "km": 0.071061588908887682, "lado": null, "cuneta": "SI", "cun_mat": "HORMIGON", "km_cuneta": 0.071061588908887682, "fecha": "08-2026" }, "geometry": { "type": "LineString", "coordinates": [ [ -68.471075968300724, -33.1893754762581 ], [ -68.470891068338631, -33.189108576231327 ] ] } },
{ "type": "Feature", "properties": { "id_tramo": 1001, "osm_id": "177170621", "zona": "URBANO", "km": 0.071061588908887682, "lado": null, "cuneta": "SI", "cun_mat": "HORMIGON", "km_cuneta": 0.071061588908887682, "fecha": "08-2026" }, "geometry": { "type": "LineString", "coordinates": [ [ -68.47092891158762, -33.189424740035456 ], [ -68.470738311547024, -33.189144840063136 ] ] } },
{ "type": "Feature", "properties": { "id_tramo": 1003, "osm_id": "183315894", "zona": "URBANO", "km": 0.077791553781878062, "lado": null, "cuneta": "SI", "cun_mat": "HORMIGON", "km_cuneta": 0.077791553781878062, "fecha": "08-2026" }, "geometry": { "type": "LineString", "coordinates": [ [ -68.47239326702443, -33.189643574835976 ], [ -68.472185966981201, -33.189342074866033 ] ] } },
{ "type": "Feature", "properties": { "id_tramo": 1004, "osm_id": "183315894", "zona": "URBANO", "km": 0.072016053244700562, "lado": null, "cuneta": "SI", "cun_mat": "TIERRA", "km_cuneta": 0.072016053244700562, "fecha": "08-2026" }, "geometry": { "type": "LineString", "coordinates": [ [ -68.472134236537087, -33.189002873941206 ], [ -68.471951436573377, -33.188742773914818 ] ] } },
{ "type": "Feature", "properties": { "id_tramo": 1007, "osm_id": "177170661", "zona": "URBANO", "km": 0.077941732108766898, "lado": null, "cuneta": "SI", "cun_mat": "TIERRA", "km_cuneta": 0.077941732108766898, "fecha": "08-2026" }, "geometry": { "type": "LineString", "coordinates": [ [ -68.474547728343765, -33.194165881721275 ], [ -68.474121628277317, -33.194318981749078 ] ] } },
{ "type": "Feature", "properties": { "id_tramo": 1011, "osm_id": "177170660", "zona": "URBANO", "km": 0.078128473320754024, "lado": null, "cuneta": "SI", "cun_mat": "HORMIGON", "km_cuneta": 0.078128473320754024, "fecha": "08-2026" }, "geometry": { "type": "LineString", "coordinates": [ [ -68.474081354737251, -33.193243569410313 ], [ -68.473639854800538, -33.193423269378243 ] ] } },
{ "type": "Feature", "properties": { "id_tramo": 1017, "osm_id": "360738024", "zona": "URBANO", "km": 0.10652571480563393, "lado": null, "cuneta": "SI", "cun_mat": "HORMIGON", "km_cuneta": 0.10652571480563393, "fecha": "08-2026" }, "geometry": { "type": "LineString", "coordinates": [ [ -68.471272369658209, -33.190150807259087 ], [ -68.47061196955228, -33.190376307300255 ] ] } },
{ "type": "Feature", "properties": { "id_tramo": 1019, "osm_id": "177170657", "zona": "URBANO", "km": 0.10777488384609682, "lado": null, "cuneta": "SI", "cun_mat": "HORMIGON", "km_cuneta": 0.10777488384609682, "fecha": "08-2026" }, "geometry": { "type": "LineString", "coordinates": [ [ -68.470862969633885, -33.18954600724917 ], [ -68.470157769520782, -33.189786807293103 ] ] } },
{ "type": "Feature", "properties": { "id_tramo": 1020, "osm_id": "177170649", "zona": "URBANO", "km": 0.093841326611643266, "lado": null, "cuneta": "SI", "cun_mat": "HORMIGON", "km_cuneta": 0.093841326611643266, "fecha": "08-2026" }, "geometry": { "type": "LineString", "coordinates": [ [ -68.47058792862471, -33.189109859448493 ], [ -68.469861628742038, -33.189354359403801 ] ] } },
{ "type": "Feature", "properties": { "id_tramo": 1021, "osm_id": "177170649", "zona": "URBANO", "km": 0.093841326611643266, "lado": null, "cuneta": "SI", "cun_mat": "HORMIGON", "km_cuneta": 0.093841326611643266, "fecha": "08-2026" }, "geometry": { "type": "LineString", "coordinates": [ [ -68.470364596644686, -33.189047365569657 ], [ -68.469789496551286, -33.189238865604693 ] ] } },
{ "type": "Feature", "properties": { "id_tramo": 1022, "osm_id": "360738024", "zona": "URBANO", "km": 0.10919683754849653, "lado": null, "cuneta": "SI", "cun_mat": "TIERRA", "km_cuneta": 0.10919683754849653, "fecha": "08-2026" }, "geometry": { "type": "LineString", "coordinates": [ [ -68.472435240296292, -33.189898958532687 ], [ -68.471751540404355, -33.190138858489021 ] ] } },
{ "type": "Feature", "properties": { "id_tramo": 1023, "osm_id": "360738024", "zona": "URBANO", "km": 0.10919683754849653, "lado": null, "cuneta": "SI", "cun_mat": "HORMIGON", "km_cuneta": 0.10919683754849653, "fecha": "08-2026" }, "geometry": { "type": "LineString", "coordinates": [ [ -68.47234069369236, -33.189771693998466 ], [ -68.471666193586884, -33.190012894042269 ] ] } },
{ "type": "Feature", "properties": { "id_tramo": 1024, "osm_id": "177170657", "zona": "URBANO", "km": 0.10653230200321723, "lado": null, "cuneta": "SI", "cun_mat": "TIERRA", "km_cuneta": 0.10653230200321723, "fecha": "08-2026" }, "geometry": { "type": "LineString", "coordinates": [ [ -68.472026310777139, -33.189302233944062 ], [ -68.471340610886088, -33.189540433900675 ] ] } },
{ "type": "Feature", "properties": { "id_tramo": 1025, "osm_id": "177170657", "zona": "URBANO", "km": 0.10653230200321723, "lado": null, "cuneta": "SI", "cun_mat": "HORMIGON", "km_cuneta": 0.10653230200321723, "fecha": "08-2026" }, "geometry": { "type": "LineString", "coordinates": [ [ -68.471917245056829, -33.189176881345809 ], [ -68.471228644947033, -33.189414581389151 ] ] } },
{ "type": "Feature", "properties": { "id_tramo": 1026, "osm_id": "177170649", "zona": "URBANO", "km": 0.076135203754385719, "lado": null, "cuneta": "SI", "cun_mat": "TIERRA", "km_cuneta": 0.076135203754385719, "fecha": "08-2026" }, "geometry": { "type": "LineString", "coordinates": [ [ -68.471645902032606, -33.188743934875802 ], [ -68.470935802147935, -33.188980434832516 ] ] } },
{ "type": "Feature", "properties": { "id_tramo": 1028, "osm_id": "183315840", "zona": "URBANO", "km": 0.091442212897938094, "lado": null, "cuneta": "SI", "cun_mat": "TIERRA", "km_cuneta": 0.091442212897938094, "fecha": "08-2026" }, "geometry": { "type": "LineString", "coordinates": [ [ -68.470925917383028, -33.18829846966144 ], [ -68.470368317476826, -33.188470369629755 ] ] } },
{ "type": "Feature", "properties": { "id_tramo": 1030, "osm_id": "177170650", "zona": "URBANO", "km": 0.092810808941902787, "lado": null, "cuneta": "SI", "cun_mat": "TIERRA", "km_cuneta": 0.092810808941902787, "fecha": "08-2026" }, "geometry": { "type": "LineString", "coordinates": [ [ -68.470563677999294, -33.187919352363949 ], [ -68.470012178084602, -33.188120152327556 ] ] } },
{ "type": "Feature", "properties": { "id_tramo": 1031, "osm_id": "177170650", "zona": "URBANO", "km": 0.092810808941902787, "lado": null, "cuneta": "SI", "cun_mat": "HORMIGON", "km_cuneta": 0.092810808941902787, "fecha": "08-2026" }, "geometry": { "type": "LineString", "coordinates": [ [ -68.470450979791778, -33.187824434340527 ], [ -68.469910779706552, -33.1880145343751 ] ] } },
{ "type": "Feature", "properties": { "id_tramo": 1032, "osm_id": "177170653", "zona": "URBANO", "km": 0.091308083420639646, "lado": null, "cuneta": "SI", "cun_mat": "HORMIGON", "km_cuneta": 0.091308083420639646, "fecha": "08-2026" }, "geometry": { "type": "LineString", "coordinates": [ [ -68.469798659938135, -33.18709632146431 ], [ -68.469291860006123, -33.187319221425092 ] ] } },
{ "type": "Feature", "properties": { "id_tramo": 1033, "osm_id": "177170653", "zona": "URBANO", "km": 0.065858044885143116, "lado": null, "cuneta": "SI", "cun_mat": "TIERRA", "km_cuneta": 0.065858044885143116, "fecha": "08-2026" }, "geometry": { "type": "LineString", "coordinates": [ [ -68.469695659695418, -33.186980306033959 ], [ -68.469579918051778, -33.187021500531344 ], [ -68.469472652551303, -33.187069295031876 ], [ -68.469044956875877, -33.187275248496377 ], [ -68.468955858919031, -33.187318147514823 ], [ -68.468485259633425, -33.18754484718216 ], [ -68.468370859619483, -33.187599947191678 ], [ -68.468369781887759, -33.187600432506265 ], [ -68.468318581880609, -33.187621932510091 ], [ -68.468316940959411, -33.187622550721642 ], [ -68.468262340950574, -33.187640850724989 ], [ -68.468260750776565, -33.187641323655157 ], [ -68.467327050610038, -33.187884723700471 ] ] } },
{ "type": "Feature", "properties": { "id_tramo": 1034, "osm_id": "177170650", "zona": "URBANO", "km": 0.07972426773954823, "lado": null, "cuneta": "SI", "cun_mat": "TIERRA", "km_cuneta": 0.07972426773954823, "fecha": "08-2026" }, "geometry": { "type": "LineString", "coordinates": [ [ -68.469542743787017, -33.188135915875868 ], [ -68.469113343716529, -33.188275715901497 ] ] } },
{ "type": "Feature", "properties": { "id_tramo": 1036, "osm_id": "177170653", "zona": "URBANO", "km": 0.064807917072039464, "lado": null, "cuneta": "SI", "cun_mat": "HORMIGON", "km_cuneta": 0.064807917072039464, "fecha": "08-2026" }, "geometry": { "type": "LineString", "coordinates": [ [ -68.468952727555873, -33.18749446370532 ], [ -68.468669627591325, -33.1876276636822 ] ] } },
{ "type": "Feature", "properties": { "id_tramo": 1039, "osm_id": "177170650", "zona": "URBANO", "km": 0.063734866452027958, "lado": null, "cuneta": "SI", "cun_mat": "TIERRA", "km_cuneta": 0.063734866452027958, "fecha": "08-2026" }, "geometry": { "type": "LineString", "coordinates": [ [ -68.468869300542124, -33.188553997329556 ], [ -68.468583600495393, -33.188647797346739 ] ] } },
{ "type": "Feature", "properties": { "id_tramo": 1041, "osm_id": "320867674", "zona": "URBANO", "km": 0.12311160731021914, "lado": null, "cuneta": "SI", "cun_mat": "HORMIGON", "km_cuneta": 0.12311160731021914, "fecha": "08-2026" }, "geometry": { "type": "LineString", "coordinates": [ [ -68.469015363914536, -33.189424212896185 ], [ -68.468525664010485, -33.188731412825611 ] ] } },
{ "type": "Feature", "properties": { "id_tramo": 1042, "osm_id": "320867674", "zona": "URBANO", "km": 0.12311160731021914, "lado": null, "cuneta": "SI", "cun_mat": "TIERRA", "km_cuneta": 0.12311160731021914, "fecha": "08-2026" }, "geometry": { "type": "LineString", "coordinates": [ [ -68.468897172510552, -33.189451938821215 ], [ -68.468406972412851, -33.188753138891983 ] ] } },
{ "type": "Feature", "properties": { "id_tramo": 1043, "osm_id": "183315853", "zona": "URBANO", "km": 0.1242931482118379, "lado": null, "cuneta": "SI", "cun_mat": "HORMIGON", "km_cuneta": 0.1242931482118379, "fecha": "08-2026" }, "geometry": { "type": "LineString", "coordinates": [ [ -68.469477126672004, -33.189242116533165 ], [ -68.469003326575091, -33.188558916601743 ] ] } },
{ "type": "Feature", "properties": { "id_tramo": 1047, "osm_id": "177170530", "zona": "URBANO", "km": 0.069690256005904977, "lado": null, "cuneta": "SI", "cun_mat": "HORMIGON", "km_cuneta": 0.069690256005904977, "fecha": "08-2026" }, "geometry": { "type": "LineString", "coordinates": [ [ -68.470391814421831, -33.188910822494478 ], [ -68.469813414369199, -33.188277022571917 ] ] } },
{ "type": "Feature", "properties": { "id_tramo": 1048, "osm_id": "320867672", "zona": "URBANO", "km": 0.054308309300433816, "lado": null, "cuneta": "SI", "cun_mat": "HORMIGON", "km_cuneta": 0.054308309300433816, "fecha": "08-2026" }, "geometry": { "type": "LineString", "coordinates": [ [ -68.471973778606653, -33.191151669795133 ], [ -68.471783778576423, -33.191217569807137 ] ] } },
{ "type": "Feature", "properties": { "id_tramo": 1050, "osm_id": "320867672", "zona": "URBANO", "km": 0.065746032680773059, "lado": null, "cuneta": "SI", "cun_mat": "HORMIGON", "km_cuneta": 0.065746032680773059, "fecha": "08-2026" }, "geometry": { "type": "LineString", "coordinates": [ [ -68.473021555217784, -33.19077560775257 ], [ -68.472358555113772, -33.191011407795422 ] ] } },
{ "type": "Feature", "properties": { "id_tramo": 1051, "osm_id": "177170661", "zona": "URBANO", "km": 0.12322557386119688, "lado": null, "cuneta": "SI", "cun_mat": "HORMIGON", "km_cuneta": 0.12322557386119688, "fecha": "08-2026" }, "geometry": { "type": "LineString", "coordinates": [ [ -68.475768051318227, -33.193736144530632 ], [ -68.474900551180994, -33.194040144586005 ] ] } },
{ "type": "Feature", "properties": { "id_tramo": 1052, "osm_id": "177170660", "zona": "URBANO", "km": 0.12561072898353956, "lado": null, "cuneta": "SI", "cun_mat": "HORMIGON", "km_cuneta": 0.12561072898353956, "fecha": "08-2026" }, "geometry": { "type": "LineString", "coordinates": [ [ -68.475270726581769, -33.192766860751547 ], [ -68.474429826705602, -33.193096960692301 ] ] } },
{ "type": "Feature", "properties": { "id_tramo": 1054, "osm_id": "177170655", "zona": "URBANO", "km": 0.12351514502354007, "lado": null, "cuneta": "SI", "cun_mat": "HORMIGON", "km_cuneta": 0.12351514502354007, "fecha": "08-2026" }, "geometry": { "type": "LineString", "coordinates": [ [ -68.474661620974999, -33.191642565263614 ], [ -68.473865221100695, -33.191922765212631 ] ] } },
{ "type": "Feature", "properties": { "id_tramo": 1055, "osm_id": "177170655", "zona": "URBANO", "km": 0.14672657961189381, "lado": null, "cuneta": "SI", "cun_mat": "HORMIGON", "km_cuneta": 0.14672657961189381, "fecha": "08-2026" }, "geometry": { "type": "LineString", "coordinates": [ [ -68.476050173832434, -33.190995836545518 ], [ -68.47485527152169, -33.191415937367942 ], [ -68.474735772794901, -33.191457936921466 ], [ -68.473793774032657, -33.191789136494265 ] ] } },
{ "type": "Feature", "properties": { "id_tramo": 1057, "osm_id": "177170613", "zona": "URBANO", "km": 0.11500851296318879, "lado": null, "cuneta": "SI", "cun_mat": "HORMIGON", "km_cuneta": 0.11500851296318879, "fecha": "08-2026" }, "geometry": { "type": "LineString", "coordinates": [ [ -68.470471381868506, -33.18768978716971 ], [ -68.469966981823575, -33.187139887237137 ] ] } },
{ "type": "Feature", "properties": { "id_tramo": 1058, "osm_id": "177170618", "zona": "URBANO", "km": 0.11545001829292369, "lado": null, "cuneta": "SI", "cun_mat": "HORMIGON", "km_cuneta": 0.11545001829292369, "fecha": "08-2026" }, "geometry": { "type": "LineString", "coordinates": [ [ -68.471244612878081, -33.187436007048021 ], [ -68.470734312923696, -33.18687920697981 ] ] } },
{ "type": "Feature", "properties": { "id_tramo": 1059, "osm_id": "177170618", "zona": "URBANO", "km": 0.11545001829292369, "lado": null, "cuneta": "SI", "cun_mat": "HORMIGON", "km_cuneta": 0.11545001829292369, "fecha": "08-2026" }, "geometry": { "type": "LineString", "coordinates": [ [ -68.47107691643194, -33.187481224995643 ], [ -68.470569616385745, -33.186925125063581 ] ] } },
{ "type": "Feature", "properties": { "id_tramo": 1060, "osm_id": "183315842", "zona": "URBANO", "km": 0.1166114335882808, "lado": null, "cuneta": "SI", "cun_mat": "TIERRA", "km_cuneta": 0.1166114335882808, "fecha": "08-2026" }, "geometry": { "type": "LineString", "coordinates": [ [ -68.47178118013592, -33.187234498843068 ], [ -68.47124088017037, -33.186685698772706 ] ] } },
{ "type": "Feature", "properties": { "id_tramo": 1061, "osm_id": "183315842", "zona": "URBANO", "km": 0.1166114335882808, "lado": null, "cuneta": "SI", "cun_mat": "HORMIGON", "km_cuneta": 0.1166114335882808, "fecha": "08-2026" }, "geometry": { "type": "LineString", "coordinates": [ [ -68.471659239846687, -33.187261724119168 ], [ -68.471123639809193, -33.186707824189412 ] ] } },
{ "type": "Feature", "properties": { "id_tramo": 1066, "osm_id": "257793192", "zona": "URBANO", "km": 0.041494066972945158, "lado": null, "cuneta": "SI", "cun_mat": "TIERRA", "km_cuneta": 0.041494066972945158, "fecha": "08-2026" }, "geometry": { "type": "LineString", "coordinates": [ [ -68.46658832095936, -33.187375162087626 ], [ -68.465938821064213, -33.187594062047623 ] ] } },
{ "type": "Feature", "properties": { "id_tramo": 1071, "osm_id": "257793192", "zona": "URBANO", "km": 0.059897371131687749, "lado": null, "cuneta": "SI", "cun_mat": "TIERRA", "km_cuneta": 0.059897371131687749, "fecha": "08-2026" }, "geometry": { "type": "LineString", "coordinates": [ [ -68.469911884556765, -33.186316123806513 ], [ -68.469638884598325, -33.186418223788095 ] ] } },
{ "type": "Feature", "properties": { "id_tramo": 1072, "osm_id": "257793192", "zona": "URBANO", "km": 0.12088194422406787, "lado": null, "cuneta": "SI", "cun_mat": "HORMIGON", "km_cuneta": 0.12088194422406787, "fecha": "08-2026" }, "geometry": { "type": "LineString", "coordinates": [ [ -68.472170855363174, -33.185444817270223 ], [ -68.471574755460338, -33.185641817234135 ], [ -68.471574420142431, -33.185641930802099 ], [ -68.471231720196911, -33.185760830780445 ], [ -68.471231415632701, -33.18576093876564 ], [ -68.471135616595603, -33.185795638415961 ], [ -68.470907517446861, -33.185878238105531 ], [ -68.470907061245967, -33.185878408625413 ], [ -68.470631361287076, -33.185984708606291 ], [ -68.470629800621253, -33.185985376476914 ], [ -68.47024430066935, -33.18616737644534 ] ] } },
{ "type": "Feature", "properties": { "id_tramo": 1074, "osm_id": "177170650", "zona": "URBANO", "km": 0.060618460244576636, "lado": null, "cuneta": "SI", "cun_mat": "TIERRA", "km_cuneta": 0.060618460244576636, "fecha": "08-2026" }, "geometry": { "type": "LineString", "coordinates": [ [ -68.471060199018524, -33.187608055980974 ], [ -68.470800098978216, -33.187702455998085 ] ] } },
{ "type": "Feature", "properties": { "id_tramo": 1076, "osm_id": "177170650", "zona": "URBANO", "km": 0.054107936288903848, "lado": null, "cuneta": "SI", "cun_mat": "TIERRA", "km_cuneta": 0.054107936288903848, "fecha": "08-2026" }, "geometry": { "type": "LineString", "coordinates": [ [ -68.472285779148748, -33.187305815809907 ], [ -68.47194928037861, -33.187426615365325 ], [ -68.471853981606699, -33.187460814923732 ], [ -68.471535781074522, -33.187575015111811 ] ] } },
{ "type": "Feature", "properties": { "id_tramo": 1077, "osm_id": "177170650", "zona": "URBANO", "km": 0.054107936288903848, "lado": null, "cuneta": "SI", "cun_mat": "TIERRA", "km_cuneta": 0.054107936288903848, "fecha": "08-2026" }, "geometry": { "type": "LineString", "coordinates": [ [ -68.472148653149077, -33.18720170837517 ], [ -68.471932953115228, -33.187278408389112 ] ] } },
{ "type": "Feature", "properties": { "id_tramo": 1078, "osm_id": "177170557", "zona": "URBANO", "km": 0.14852404808454495, "lado": null, "cuneta": "SI", "cun_mat": "HORMIGON", "km_cuneta": 0.14852404808454495, "fecha": "08-2026" }, "geometry": { "type": "LineString", "coordinates": [ [ -68.47314267304327, -33.188223878254718 ], [ -68.472701273114296, -33.188373678227364 ], [ -68.47261886777008, -33.18840168004084 ], [ -68.471993471303676, -33.188613978836663 ] ] } },
{ "type": "Feature", "properties": { "id_tramo": 1079, "osm_id": "177170557", "zona": "URBANO", "km": 0.14852404808454495, "lado": null, "cuneta": "SI", "cun_mat": "TIERRA", "km_cuneta": 0.14852404808454495, "fecha": "08-2026" }, "geometry": { "type": "LineString", "coordinates": [ [ -68.473024962737455, -33.188137143435441 ], [ -68.472632973886576, -33.188268939689642 ], [ -68.472549366409012, -33.188297142204021 ], [ -68.471658166264987, -33.188596942258819 ] ] } },
{ "type": "Feature", "properties": { "id_tramo": 1082, "osm_id": "183315867", "zona": "URBANO", "km": 0.11170883879059448, "lado": null, "cuneta": "SI", "cun_mat": "TIERRA", "km_cuneta": 0.11170883879059448, "fecha": "08-2026" }, "geometry": { "type": "LineString", "coordinates": [ [ -68.472686160858245, -33.187720475843882 ], [ -68.472333267818357, -33.18784257343858 ], [ -68.472253393974242, -33.187870264371391 ], [ -68.471903713070219, -33.18799215771768 ] ] } },
{ "type": "Feature", "properties": { "id_tramo": 1088, "osm_id": "177170655", "zona": "URBANO", "km": 0.14672657961189381, "lado": null, "cuneta": "SI", "cun_mat": "TIERRA", "km_cuneta": 0.14672657961189381, "fecha": "08-2026" }, "geometry": { "type": "LineString", "coordinates": [ [ -68.476157171512611, -33.191128347558447 ], [ -68.475074771684106, -33.191506447489566 ] ] } },
{ "type": "Feature", "properties": { "id_tramo": 1090, "osm_id": "177170647", "zona": "URBANO", "km": 0.10839687580895796, "lado": null, "cuneta": "SI", "cun_mat": "HORMIGON", "km_cuneta": 0.10839687580895796, "fecha": "08-2026" }, "geometry": { "type": "LineString", "coordinates": [ [ -68.471583786573717, -33.191454007694382 ], [ -68.471291886620392, -33.191554307676086 ], [ -68.47118518044924, -33.191591009796632 ], [ -68.470292981402991, -33.191897809461729 ] ] } },
{ "type": "Feature", "properties": { "id_tramo": 1092, "osm_id": "612824061", "zona": "URBANO", "km": 0.13047179676169229, "lado": null, "cuneta": "SI", "cun_mat": "TIERRA", "km_cuneta": 0.13047179676169229, "fecha": "08-2026" }, "geometry": { "type": "LineString", "coordinates": [ [ -68.473624843581064, -33.191737165438724 ], [ -68.473204843708658, -33.190997065375562 ] ] } },
{ "type": "Feature", "properties": { "id_tramo": 1095, "osm_id": "320867672", "zona": "URBANO", "km": 0.23478443794827558, "lado": null, "cuneta": "SI", "cun_mat": "HORMIGON", "km_cuneta": 0.23478443794827558, "fecha": "08-2026" }, "geometry": { "type": "LineString", "coordinates": [ [ -68.475320762701259, -33.189987124323245 ], [ -68.474415962581702, -33.190391324394199 ], [ -68.474414239396452, -33.190392013364502 ], [ -68.474307439379686, -33.190429913371403 ], [ -68.474305123108294, -33.190430606722721 ], [ -68.473404422945094, -33.190652206764064 ] ] } },
{ "type": "Feature", "properties": { "id_tramo": 1098, "osm_id": "177170613", "zona": "URBANO", "km": 0.057615331112594509, "lado": null, "cuneta": "SI", "cun_mat": "TIERRA", "km_cuneta": 0.057615331112594509, "fecha": "08-2026" }, "geometry": { "type": "LineString", "coordinates": [ [ -68.471473202795664, -33.18857010470056 ], [ -68.471333302807452, -33.188419604681968 ] ] } },
{ "type": "Feature", "properties": { "id_tramo": 1100, "osm_id": "177170618", "zona": "URBANO", "km": 0.070325493939701653, "lado": null, "cuneta": "SI", "cun_mat": "TIERRA", "km_cuneta": 0.070325493939701653, "fecha": "08-2026" }, "geometry": { "type": "LineString", "coordinates": [ [ -68.471727674715254, -33.187955074300383 ], [ -68.471501674734654, -33.187710874270266 ] ] } },
{ "type": "Feature", "properties": { "id_tramo": 1102, "osm_id": "177170653", "zona": "URBANO", "km": 0.061035813649885341, "lado": null, "cuneta": "SI", "cun_mat": "HORMIGON", "km_cuneta": 0.061035813649885341, "fecha": "08-2026" }, "geometry": { "type": "LineString", "coordinates": [ [ -68.470422629518993, -33.186880092862665 ], [ -68.470154329562945, -33.186967792846616 ] ] } },
{ "type": "Feature", "properties": { "id_tramo": 1103, "osm_id": "177170653", "zona": "URBANO", "km": 0.061035813649885341, "lado": null, "cuneta": "SI", "cun_mat": "TIERRA", "km_cuneta": 0.061035813649885341, "fecha": "08-2026" }, "geometry": { "type": "LineString", "coordinates": [ [ -68.470297738306243, -33.186771583601093 ], [ -68.47004373826573, -33.186859183617052 ] ] } },
{ "type": "Feature", "properties": { "id_tramo": 1104, "osm_id": "177170653", "zona": "URBANO", "km": 0.053077690675584481, "lado": null, "cuneta": "SI", "cun_mat": "HORMIGON", "km_cuneta": 0.053077690675584481, "fecha": "08-2026" }, "geometry": { "type": "LineString", "coordinates": [ [ -68.471492028980052, -33.186493998010555 ], [ -68.471273229014344, -33.186571997996367 ] ] } },
{ "type": "Feature", "properties": { "id_tramo": 1108, "osm_id": "183315903", "zona": "URBANO", "km": 0.11705292466881624, "lado": null, "cuneta": "SI", "cun_mat": "TIERRA", "km_cuneta": 0.11705292466881624, "fecha": "08-2026" }, "geometry": { "type": "LineString", "coordinates": [ [ -68.472311335627808, -33.187036245832097 ], [ -68.471659035677902, -33.18634874574596 ] ] } },
{ "type": "Feature", "properties": { "id_tramo": 1109, "osm_id": "177321969", "zona": "URBANO", "km": 0.077212609305980465, "lado": null, "cuneta": "SI", "cun_mat": "TIERRA", "km_cuneta": 0.077212609305980465, "fecha": "08-2026" }, "geometry": { "type": "LineString", "coordinates": [ [ -68.458262743932281, -33.189253125077435 ], [ -68.457991843983379, -33.188876125038547 ] ] } },
{ "type": "Feature", "properties": { "id_tramo": 1111, "osm_id": "177321969", "zona": "URBANO", "km": 0.12755197609452087, "lado": null, "cuneta": "SI", "cun_mat": "HORMIGON", "km_cuneta": 0.12755197609452087, "fecha": "08-2026" }, "geometry": { "type": "LineString", "coordinates": [ [ -68.457824502579442, -33.188630867101367 ], [ -68.457333602673884, -33.187941867030808 ] ] } },
{ "type": "Feature", "properties": { "id_tramo": 1112, "osm_id": "177321969", "zona": "URBANO", "km": 0.12702552573021575, "lado": null, "cuneta": "SI", "cun_mat": "TIERRA", "km_cuneta": 0.12702552573021575, "fecha": "08-2026" }, "geometry": { "type": "LineString", "coordinates": [ [ -68.457117917457253, -33.187624101870931 ], [ -68.45665281755501, -33.186945301803455 ] ] } },
{ "type": "Feature", "properties": { "id_tramo": 1114, "osm_id": "177321969", "zona": "URBANO", "km": 0.11943313789498594, "lado": null, "cuneta": "SI", "cun_mat": "TIERRA", "km_cuneta": 0.11943313789498594, "fecha": "08-2026" }, "geometry": { "type": "LineString", "coordinates": [ [ -68.45627867306726, -33.186674536423546 ], [ -68.455885972972524, -33.186062636481282 ] ] } },
{ "type": "Feature", "properties": { "id_tramo": 1115, "osm_id": "177321969", "zona": "URBANO", "km": 0.11943313789498594, "lado": null, "cuneta": "SI", "cun_mat": "TIERRA", "km_cuneta": 0.11943313789498594, "fecha": "08-2026" }, "geometry": { "type": "LineString", "coordinates": [ [ -68.456441468618522, -33.186627180747642 ], [ -68.456041068708856, -33.186023280689149 ] ] } },
{ "type": "Feature", "properties": { "id_tramo": 1118, "osm_id": "177321947", "zona": "URBANO", "km": 0.1316745174819805, "lado": null, "cuneta": "SI", "cun_mat": "HORMIGON", "km_cuneta": 0.1316745174819805, "fecha": "08-2026" }, "geometry": { "type": "LineString", "coordinates": [ [ -68.458358244306183, -33.187273548154558 ], [ -68.457897344191196, -33.186543148222569 ] ] } }
]
}
