{
"type": "FeatureCollection",
"name": "distritos_riv_ide",
"crs": { "type": "name", "properties": { "name": "urn:ogc:def:crs:EPSG::3857" } },
"features": [
{ "type": "Feature", "properties": { "fid": 9, "departamen": "RIVADAVIA", "codigo_dep": "10", "distrito": "LOS HUARPES", "codigo_dis": "18", "globalid": "{B5E0A959-2745-4453-8039-5EA8CF685540}", "created_date": 1739199530000, "created_user": "ugdt_admin", "last_edited_date": 1739199530000, "last_edited_user": "ugdt_admin", "shape_Length": 139730.04435892421, "shape_Area": 1074972732.3459892 }, "geometry": { "type": "Polygon", "coordinates": [ [ [ -7645158.602700000628829, -3927933.375599998980761 ], [ -7645161.472899999469519, -3927936.919599998742342 ], [ -7645163.827500000596046, -3927941.125999998301268 ], [ -7645166.0998, -3927945.371300000697374 ], [ -7645168.292099999263883, -3927949.646299999207258 ], [ -7645170.406300000846386, -3927953.942099999636412 ], [ -7645172.4265, -3927958.27479999884963 ], [ -7645174.3509, -3927962.655299998819828 ], [ -7645176.1941, -3927967.0760000012815 ], [ -7645177.970599999651313, -3927971.529899999499321 ], [ -7645179.69539999961853, -3927976.0099 ], [ -7645181.383099999278784, -3927980.508499998599291 ], [ -7645183.0483, -3927985.018500000238419 ], [ -7645184.705900000408292, -3927989.532800000160933 ], [ -7645186.3706, -3927994.044100001454353 ], [ -7645188.057099999859929, -3927998.545099999755621 ], [ -7645189.779799999669194, -3928003.028499998152256 ], [ -7645191.552500000223517, -3928007.488000001758337 ], [ -7645193.296800000593066, -3928011.967999998480082 ], [ -7645194.987800000235438, -3928016.481100000441074 ], [ -7645196.664599999785423, -3928021.00450000166893 ], [ -7645198.366800000891089, -3928025.515099998563528 ], [ -7645200.133600000292063, -3928029.989700000733137 ], [ -7645202.004300000146031, -3928034.405099999159575 ], [ -7645204.018200000748038, -3928038.738200001418591 ], [ -7645206.2149, -3928042.965999998152256 ], [ -7645208.622899999842048, -3928047.074400000274181 ], [ -7645211.22069999948144, -3928051.079799998551607 ], [ -7645213.973799999803305, -3928054.999200001358986 ], [ -7645216.847699999809265, -3928058.849300000816584 ], [ -7645219.808000000193715, -3928062.646600000560284 ], [ -7645222.82010000012815, -3928066.407900001853704 ], [ -7645225.849700000137091, -3928070.14979999884963 ], [ -7645228.862099999561906, -3928073.88910000026226 ], [ -7645231.9101, -3928077.577500000596046 ], [ -7645235.172700000926852, -3928081.083799999207258 ], [ -7645238.516699999570847, -3928084.522999998182058 ], [ -7645241.788100000470877, -3928088.026500001549721 ], [ -7645244.9419, -3928091.639899998903275 ], [ -7645248.050499999895692, -3928095.307100001722574 ], [ -7645251.126800000667572, -3928099.01240000128746 ], [ -7645254.183499999344349, -3928102.7401 ], [ -7645257.233999999240041, -3928106.474500000476837 ], [ -7645260.290899999439716, -3928110.200100000947714 ], [ -7645263.3673, -3928113.901000000536442 ], [ -7645266.476099999621511, -3928117.561999998986721 ], [ -7645269.630300000309944, -3928121.166900001466274 ], [ -7645272.842800000682473, -3928124.700500000268221 ], [ -7645276.126299999654293, -3928128.146800000220537 ], [ -7645279.494200000539422, -3928131.490499999374151 ], [ -7645282.980399999767542, -3928134.6886 ], [ -7645286.843299999833107, -3928137.412999998778105 ], [ -7645291.0351, -3928139.726399999111891 ], [ -7645295.400299999862909, -3928141.828899998217821 ], [ -7645299.783900000154972, -3928143.919799998402596 ], [ -7645304.0304000005126, -3928146.199400000274181 ], [ -7645307.9857, -3928148.865600001066923 ], [ -7645311.78800000064075, -3928151.768899999558926 ], [ -7645315.598300000652671, -3928154.709300000220537 ], [ -7645319.394200000911951, -3928157.697299998253584 ], [ -7645323.153000000864267, -3928160.742899999022484 ], [ -7645326.852399999275804, -3928163.855999998748302 ], [ -7645330.469900000840425, -3928167.047200001776218 ], [ -7645333.982899999246001, -3928170.326099999248981 ], [ -7645337.368899999186397, -3928173.703400000929832 ], [ -7645340.605499999597669, -3928177.188799999654293 ], [ -7645343.670299999415874, -3928180.792700000107288 ], [ -7645346.50899999961257, -3928184.570700000971556 ], [ -7645349.1085, -3928188.548599999397993 ], [ -7645351.509500000625849, -3928192.688799999654293 ], [ -7645353.751900000497699, -3928196.954199999570847 ], [ -7645355.876499999314547, -3928201.307399999350309 ], [ -7645357.9233, -3928205.711300000548363 ], [ -7645359.932700000703335, -3928210.128400001674891 ], [ -7645361.944900000467896, -3928214.521600000560284 ], [ -7645363.979599999263883, -3928218.869100000709295 ], [ -7645365.889799999073148, -3928223.277800001204014 ], [ -7645367.6776, -3928227.753699999302626 ], [ -7645369.390100000426173, -3928232.269000001251698 ], [ -7645371.074799999594688, -3928236.796700000762939 ], [ -7645372.779400000348687, -3928241.3092 ], [ -7645374.551100000739098, -3928245.77930000051856 ], [ -7645376.4375, -3928250.179400000721216 ], [ -7645378.48619999922812, -3928254.482299998402596 ], [ -7645380.7445, -3928258.660700000822544 ], [ -7645383.328299999237061, -3928262.638799998909235 ], [ -7645386.26039999909699, -3928266.398899998515844 ], [ -7645389.427500000223517, -3928270.013700000941753 ], [ -7645392.715500000864267, -3928273.556200001388788 ], [ -7645396.010700000450015, -3928277.099700000137091 ], [ -7645399.199200000613928, -3928280.716899998486042 ], [ -7645402.167500000447035, -3928284.481100000441074 ], [ -7645404.847500000149012, -3928288.437600001692772 ], [ -7645407.4529, -3928292.459100000560284 ], [ -7645410.02250000089407, -3928296.517400000244379 ], [ -7645412.550000000745058, -3928300.611600000411272 ], [ -7645415.028699999675155, -3928304.740600001066923 ], [ -7645417.452299999073148, -3928308.903299998492002 ], [ -7645419.81389999948442, -3928313.098700001835823 ], [ -7645422.107300000265241, -3928317.325500000268221 ], [ -7645424.3256, -3928321.583000000566244 ], [ -7645426.462799999862909, -3928325.869899999350309 ], [ -7645428.511900000274181, -3928330.185199998319149 ], [ -7645430.427899999544024, -3928334.544799998402596 ], [ -7645431.974700000137091, -3928339.052299998700619 ], [ -7645433.219000000506639, -3928343.683600001037121 ], [ -7645434.286599999293685, -3928348.388599999248981 ], [ -7645435.304400000721216, -3928353.117600001394749 ], [ -7645436.398800000548363, -3928357.820300001651049 ], [ -7645437.696100000292063, -3928362.446899998933077 ], [ -7645439.183499999344349, -3928367.00789999961853 ], [ -7645440.756999999284744, -3928371.546399999409914 ], [ -7645442.425000000745058, -3928376.052200000733137 ], [ -7645444.196100000292063, -3928380.515500001609325 ], [ -7645446.078700000420213, -3928384.9265 ], [ -7645448.061000000685453, -3928389.288800001144409 ], [ -7645450.099300000816584, -3928393.628499999642372 ], [ -7645452.187100000679493, -3928397.947299998253584 ], [ -7645454.319299999624491, -3928402.246199999004602 ], [ -7645456.490800000727177, -3928406.526799999177456 ], [ -7645458.696100000292063, -3928410.789599999785423 ], [ -7645460.930600000545382, -3928415.036100000143051 ], [ -7645463.188799999654293, -3928419.267099998891354 ], [ -7645465.4452, -3928423.504200000315905 ], [ -7645467.668099999427795, -3928427.778999999165535 ], [ -7645469.8892, -3928432.064899999648333 ], [ -7645472.1426, -3928436.332800000905991 ], [ -7645474.462099999189377, -3928440.553399998694658 ], [ -7645476.881899999454618, -3928444.697700001299381 ], [ -7645479.435699999332428, -3928448.736699998378754 ], [ -7645482.157800000160933, -3928452.641199998557568 ], [ -7645485.090800000354648, -3928456.376200001686811 ], [ -7645488.260800000280142, -3928459.923599999397993 ], [ -7645491.616699999198318, -3928463.32490000128746 ], [ -7645495.102299999445677, -3928466.625199999660254 ], [ -7645498.661399999633431, -3928469.869699999690056 ], [ -7645502.237700000405312, -3928473.103399999439716 ], [ -7645505.775000000372529, -3928476.371500000357628 ], [ -7645509.217299999669194, -3928479.719300001859665 ], [ -7645512.594200000166893, -3928483.13120000064373 ], [ -7645516.055299999192357, -3928486.501899998635054 ], [ -7645519.520500000566244, -3928489.880300000309944 ], [ -7645522.898, -3928493.323600001633167 ], [ -7645526.095499999821186, -3928496.888799998909235 ], [ -7645529.021099999547005, -3928500.633299998939037 ], [ -7645531.60700000077486, -3928504.602000001817942 ], [ -7645533.97859999909997, -3928508.734700001776218 ], [ -7645536.183700000867248, -3928512.992400001734495 ], [ -7645538.240299999713898, -3928517.351199999451637 ], [ -7645540.165999999269843, -3928521.785900000482798 ], [ -7645541.979000000283122, -3928526.272300001233816 ], [ -7645543.696900000795722, -3928530.785799998790026 ], [ -7645545.337500000372529, -3928535.301300000399351 ], [ -7645546.887199999764562, -3928539.828200001269579 ], [ -7645548.269400000572205, -3928544.433299999684095 ], [ -7645549.47859999909997, -3928549.10249999910593 ], [ -7645550.513399999588728, -3928553.815999999642372 ], [ -7645551.372999999672174, -3928558.55460000038147 ], [ -7645552.0559, -3928563.298599999397993 ], [ -7645552.528899999335408, -3928568.051699999719858 ], [ -7645552.764399999752641, -3928572.839099999517202 ], [ -7645552.816500000655651, -3928577.649300001561642 ], [ -7645552.740199999883771, -3928582.469700001180172 ], [ -7645552.590600000694394, -3928587.287900000810623 ], [ -7645552.423000000417233, -3928592.0912000015378 ], [ -7645552.136199999600649, -3928596.877099998295307 ], [ -7645551.660599999129772, -3928601.654899999499321 ], [ -7645551.109400000423193, -3928606.429400000721216 ], [ -7645550.595300000160933, -3928611.20549999922514 ], [ -7645559.836100000888109, -3928612.13230000063777 ], [ -7645564.638599999248981, -3928612.411200001835823 ], [ -7645569.442099999636412, -3928612.698600001633167 ], [ -7645574.241499999538064, -3928612.949299998581409 ], [ -7645579.031500000506639, -3928613.117899999022484 ], [ -7645583.807399999350309, -3928613.159000001847744 ], [ -7645588.563799999654293, -3928613.027499999850988 ], [ -7645593.295800000429153, -3928612.677700001746416 ], [ -7645598.001700000837445, -3928612.08219999819994 ], [ -7645602.708399999886751, -3928611.377700001001358 ], [ -7645607.420299999415874, -3928610.603000000119209 ], [ -7645610.781999999657273, -3928610.000100001692772 ], [ -7645612.132999999448657, -3928609.75789999961853 ], [ -7645616.843000000342727, -3928608.8429000005126 ], [ -7645621.999600000679493, -3928607.756099998950958 ], [ -7645610.63289999961853, -3928619.106800001114607 ], [ -7645609.0987, -3928620.638599999248981 ], [ -7645478.078400000929832, -3928715.7685999982059 ], [ -7645418.2851, -3928834.989399999380112 ], [ -7645405.949899999424815, -3928974.041200000792742 ], [ -7645464.575999999418855, -3929237.080400001257658 ], [ -7645464.283900000154972, -3929332.67790000140667 ], [ -7645463.991800000891089, -3929428.263999998569489 ], [ -7645511.160599999129772, -3929547.894200000911951 ], [ -7645582.369999999180436, -3929583.953200001269579 ], [ -7645629.661499999463558, -3929667.744899999350309 ], [ -7645653.241100000217557, -3929727.566799998283386 ], [ -7645652.841600000858307, -3929858.996300000697374 ], [ -7645557.577299999073148, -3929918.45380000025034 ], [ -7645569.172800000756979, -3930014.081199999898672 ], [ -7645652.1151, -3930097.9857 ], [ -7645865.924799999222159, -3930146.436799999326468 ], [ -7645889.698899999260902, -3930146.509199999272823 ], [ -7646079.688500000163913, -3930206.827300000935793 ], [ -7646269.156600000336766, -3930446.39919999986887 ], [ -7646399.478800000622869, -3930590.186000000685453 ], [ -7646470.437000000849366, -3930709.895799998193979 ], [ -7646541.503000000491738, -3930793.7632 ], [ -7646612.581900000572205, -3930877.618700001388788 ], [ -7646695.713999999687076, -3930901.766699999570847 ], [ -7646826.678999999538064, -3930830.457100000232458 ], [ -7646886.223099999129772, -3930794.790199998766184 ], [ -7647029.1085, -3930711.558600001037121 ], [ -7647124.2324, -3930699.883299998939037 ], [ -7647207.434000000357628, -3930700.127900000661612 ], [ -7647350.073599999770522, -3930700.545899998396635 ], [ -7647456.946900000795722, -3930736.713100001215935 ], [ -7647516.075400000438094, -3930844.4397 ], [ -7647551.245400000363588, -3931011.841299999505281 ], [ -7647622.2643, -3931119.592300001531839 ], [ -7647692.895600000396371, -3931358.814300000667572 ], [ -7647763.952099999412894, -3931454.6233000010252 ], [ -7648046.099500000476837, -3931807.964699998497963 ], [ -7648105.294600000604987, -3931891.784200001507998 ], [ -7648188.381699999794364, -3931939.825399998575449 ], [ -7648247.679400000721216, -3931987.79839999973774 ], [ -7648318.878699999302626, -3932035.80519999936223 ], [ -7648318.845200000330806, -3932047.762200001627207 ], [ -7648283.043400000780821, -3932095.464699998497963 ], [ -7648259.063200000673532, -3932167.10359999909997 ], [ -7648258.894799999892712, -3932226.865299999713898 ], [ -7648306.216199999675155, -3932310.653099998831749 ], [ -7648389.228000000119209, -3932382.597100000828505 ], [ -7648472.252599999308586, -3932454.552999999374151 ], [ -7648483.962799999862909, -3932514.337699998170137 ], [ -7648483.762199999764562, -3932586.046700000762939 ], [ -7648447.90059999935329, -3932657.653499998152256 ], [ -7648423.991100000217557, -3932705.394600000232458 ], [ -7648352.530600000172853, -3932752.999099999666214 ], [ -7648221.721699999645352, -3932764.584699999541044 ], [ -7648114.747899999842048, -3932752.32149999961257 ], [ -7648066.895899999886751, -3932859.75730000063777 ], [ -7647971.573300000280142, -3932931.195599999278784 ], [ -7648125.825899999588728, -3933039.211899999529123 ], [ -7648161.462099999189377, -3933051.259799998253584 ], [ -7648291.971400000154972, -3933147.249000001698732 ], [ -7648493.678300000727177, -3933291.260400000959635 ], [ -7648612.435900000855327, -3933339.405000001192093 ], [ -7648654.747600000351667, -3933346.616700001060963 ], [ -7646767.168199999257922, -3938855.061900001019239 ], [ -7635661.028200000524521, -3960749.4518 ], [ -7601569.508300000801682, -3958950.394299998879433 ], [ -7601211.202199999243021, -3945384.049699999392033 ], [ -7601630.668800000101328, -3945268.448899999260902 ], [ -7609124.866900000721216, -3945224.199400000274181 ], [ -7611513.905999999493361, -3940738.420899998396635 ], [ -7611769.022700000554323, -3940739.95719999819994 ], [ -7613380.244799999520183, -3939827.096900001168251 ], [ -7621082.720499999821186, -3935459.020300000905991 ], [ -7621614.412399999797344, -3934932.296399999409914 ], [ -7622712.919700000435114, -3934527.781199999153614 ], [ -7624683.420399999246001, -3932311.931000001728535 ], [ -7624725.154699999839067, -3932270.383699998259544 ], [ -7625503.1283, -3931495.843100000172853 ], [ -7627169.209300000220537, -3929530.71229999884963 ], [ -7627963.990499999374151, -3928509.585999999195337 ], [ -7629673.75929999910295, -3928004.94310000166297 ], [ -7630313.9824, -3927290.47749999910593 ], [ -7630952.268500000238419, -3927011.479299999773502 ], [ -7631248.9956, -3926907.645199999213219 ], [ -7631819.952600000426173, -3926707.825199998915195 ], [ -7633453.699899999424815, -3925997.455800000578165 ], [ -7635930.110600000247359, -3924752.378100000321865 ], [ -7636695.512000000104308, -3924473.617800001055002 ], [ -7638682.879200000315905, -3924429.862799998372793 ], [ -7639522.3355, -3924791.4695999994874 ], [ -7640335.38880000077188, -3925434.663699999451637 ], [ -7641378.364399999380112, -3925924.958500001579523 ], [ -7642727.876900000497699, -3926211.266800001263618 ], [ -7645158.602700000628829, -3927933.375599998980761 ] ] ] } },
{ "type": "Feature", "properties": { "fid": 32, "departamen": "RIVADAVIA", "codigo_dep": "10", "distrito": "SANTA MARIA DE ORO", "codigo_dis": "10", "globalid": "{B6995F38-8D5B-43C6-94A6-62FDF3782FED}", "created_date": 1739199530000, "created_user": "ugdt_admin", "last_edited_date": 1739199530000, "last_edited_user": "ugdt_admin", "shape_Length": 28600.619732231848, "shape_Area": 34960253.207936697 }, "geometry": { "type": "Polygon", "coordinates": [ [ [ -7618487.199699999764562, -3918960.100299999117851 ], [ -7618882.839099999517202, -3919880.517000000923872 ], [ -7619156.9715, -3920501.611299999058247 ], [ -7619014.304400000721216, -3920564.0636 ], [ -7619266.641200000420213, -3921037.790300000458956 ], [ -7619757.582599999383092, -3921926.905699998140335 ], [ -7619770.804400000721216, -3921930.2982 ], [ -7619908.510700000450015, -3922183.937199998646975 ], [ -7620203.490000000223517, -3922676.563200000673532 ], [ -7620944.232100000604987, -3924014.224500000476837 ], [ -7621269.449999999254942, -3924588.472500000149012 ], [ -7621253.8048, -3924579.980399999767542 ], [ -7621030.065600000321865, -3924593.805599998682737 ], [ -7620478.639000000432134, -3924538.464800000190735 ], [ -7620329.184699999168515, -3924605.141699999570847 ], [ -7620290.657199999317527, -3924844.769400000572205 ], [ -7620245.145400000736117, -3924994.417399998754263 ], [ -7620132.416899999603629, -3925166.209100000560284 ], [ -7620050.051200000569224, -3925233.227400001138449 ], [ -7619886.063400000333786, -3925224.874000001698732 ], [ -7619588.419399999082088, -3925110.862199999392033 ], [ -7619418.827199999243021, -3925139.82209999859333 ], [ -7619276.890000000596046, -3925191.531399998813868 ], [ -7619171.557199999690056, -3925370.842799998819828 ], [ -7619080.897399999201298, -3925595.216499999165535 ], [ -7618960.403200000524521, -3925819.421599999070168 ], [ -7618833.571100000292063, -3925833.737799998372793 ], [ -7618707.3794, -3925728.1184 ], [ -7618411.222799999639392, -3925336.763900000602007 ], [ -7618046.573200000450015, -3925207.374899998307228 ], [ -7617487.60080000013113, -3925166.833099998533726 ], [ -7617131.607999999076128, -3924896.5154 ], [ -7616843.482799999415874, -3924415.26240000128746 ], [ -7616636.020700000226498, -3924181.785799998790026 ], [ -7616390.08669999986887, -3924165.416900001466274 ], [ -7616233.522399999201298, -3924328.706900000572205 ], [ -7616142.427899999544024, -3924620.484099999070168 ], [ -7616111.361400000751019, -3924845.142499998211861 ], [ -7615976.363600000739098, -3924986.783599998801947 ], [ -7615842.29590000025928, -3925083.174199998378754 ], [ -7615715.426599999889731, -3925104.9419 ], [ -7615499.935000000521541, -3924976.305500000715256 ], [ -7615418.97719999961555, -3924788.479200001806021 ], [ -7615271.0, -3924585.289700001478195 ], [ -7615099.659299999475479, -3924561.83049999922514 ], [ -7614995.286299999803305, -3924561.2346 ], [ -7614846.523900000378489, -3924500.421500001102686 ], [ -7614766.520600000396371, -3924306.749200001358986 ], [ -7614722.26039999909699, -3924224.052200000733137 ], [ -7614654.985600000247359, -3924253.64640000090003 ], [ -7614602.465299999341369, -3924313.305799998342991 ], [ -7614549.932499999180436, -3924372.953200001269579 ], [ -7614489.606599999591708, -3924492.517499998211861 ], [ -7614503.964999999850988, -3924590.030099999159575 ], [ -7614488.5384, -3924679.873599998652935 ], [ -7614420.759199999272823, -3924799.397900000214577 ], [ -7614293.504699999466538, -3924888.6096 ], [ -7614226.02250000089407, -3924955.6706000007689 ], [ -7614091.602700000628829, -3924992.3618 ], [ -7613875.786399999633431, -3924923.6587999984622 ], [ -7613787.262700000777841, -3924758.261500000953674 ], [ -7613720.945299999788404, -3924622.976599998772144 ], [ -7613609.282299999147654, -3924592.344399999827147 ], [ -7613541.927899999544024, -3924636.917300000786781 ], [ -7613451.557399999350309, -3924793.771800000220537 ], [ -7613391.47859999909997, -3924868.368999999016523 ], [ -7613273.902100000530481, -3924897.60249999910593 ], [ -7613132.6393, -3924829.322999998927116 ], [ -7612946.429300000891089, -3924798.245900001376867 ], [ -7612692.4232, -3924886.680599998682737 ], [ -7612564.25870000012219, -3924954.424499999731779 ], [ -7612544.011600000783801, -3924893.648600000888109 ], [ -7612180.567900000140071, -3923970.08500000089407 ], [ -7611800.9638, -3923088.678300000727177 ], [ -7611877.195299999788404, -3923031.233399998396635 ], [ -7612328.95920000039041, -3922690.787799999117851 ], [ -7612409.136600000783801, -3922630.363800000399351 ], [ -7612592.456000000238419, -3922487.037799999117851 ], [ -7612723.387800000607967, -3922384.667599998414516 ], [ -7613494.997999999672174, -3921780.537099998444319 ], [ -7614989.344399999827147, -3920605.983800001442432 ], [ -7614991.975199999287724, -3920603.910900000482798 ], [ -7615204.558199999853969, -3920447.579900000244379 ], [ -7615522.855200000107288, -3920342.924400001764297 ], [ -7616099.686699999496341, -3920164.315699998289347 ], [ -7616339.569499999284744, -3920057.532800000160933 ], [ -7617003.4079, -3919638.261599998921156 ], [ -7617432.1469, -3919423.759399998933077 ], [ -7617702.132200000807643, -3919270.003699999302626 ], [ -7618007.21030000038445, -3919061.392700001597404 ], [ -7618190.75929999910295, -3918980.343800000846386 ], [ -7618296.741599999368191, -3918963.183299999684095 ], [ -7618487.199699999764562, -3918960.100299999117851 ] ] ] } },
{ "type": "Feature", "properties": { "fid": 59, "departamen": "RIVADAVIA", "codigo_dep": "10", "distrito": "LOS CAMPAMENTOS", "codigo_dis": "05", "globalid": "{D59BB2AE-FC9D-464B-AF8A-CE737C59C9BC}", "created_date": 1739199530000, "created_user": "ugdt_admin", "last_edited_date": 1739199530000, "last_edited_user": "ugdt_admin", "shape_Length": 53417.845655616853, "shape_Area": 137761920.22195849 }, "geometry": { "type": "Polygon", "coordinates": [ [ [ -7622420.909600000828505, -3923761.467300001531839 ], [ -7622618.854599999263883, -3924429.460099998861551 ], [ -7624052.466700000688434, -3929737.324000000953674 ], [ -7624725.07630000077188, -3932270.274500001221895 ], [ -7624683.341900000348687, -3932311.821800000965595 ], [ -7622712.841199999675155, -3934527.6721 ], [ -7621614.334000000730157, -3934932.187100000679493 ], [ -7621082.642100000753999, -3935458.911100000143051 ], [ -7613380.166400000452995, -3939826.987700000405312 ], [ -7613298.629599999636412, -3939448.979600001126528 ], [ -7611630.115599999204278, -3932745.046500001102686 ], [ -7611649.710400000214577, -3932740.224700000137091 ], [ -7611048.673900000751019, -3930375.454700000584126 ], [ -7612009.713999999687076, -3930138.249400001019239 ], [ -7613750.4485, -3928878.222199998795986 ], [ -7612997.13990000076592, -3925772.746500000357628 ], [ -7612697.733300000429153, -3925355.190999999642372 ], [ -7612564.180400000885129, -3924954.315099999308586 ], [ -7612692.345000000670552, -3924886.5713 ], [ -7612946.350999999791384, -3924798.136599998921156 ], [ -7613132.561000000685453, -3924829.213799998164177 ], [ -7613273.823799999430776, -3924897.493299998342991 ], [ -7613391.400299999862909, -3924868.259700000286102 ], [ -7613451.479000000283122, -3924793.662500001490116 ], [ -7613541.849600000306964, -3924636.8081 ], [ -7613609.204, -3924592.235199999064207 ], [ -7613720.86710000038147, -3924622.8673 ], [ -7613787.184399999678135, -3924758.152300000190735 ], [ -7613875.708100000396371, -3924923.549600001424551 ], [ -7614091.524399999529123, -3924992.252599999308586 ], [ -7614225.944199999794364, -3924955.5614 ], [ -7614293.426400000229478, -3924888.500300001353025 ], [ -7614420.6809, -3924799.288699999451637 ], [ -7614488.460100000724196, -3924679.764400001615286 ], [ -7614503.886700000613928, -3924589.920899998396635 ], [ -7614489.528300000354648, -3924492.408300001174212 ], [ -7614549.8542, -3924372.843899998813868 ], [ -7614602.387000000104308, -3924313.19649999961257 ], [ -7614654.907299999147654, -3924253.537099998444319 ], [ -7614722.182099999859929, -3924223.942800000309944 ], [ -7614766.442199999466538, -3924306.640000000596046 ], [ -7614846.445599999278784, -3924500.312300000339746 ], [ -7614995.208000000566244, -3924561.125399999320507 ], [ -7615099.581000000238419, -3924561.721200000494719 ], [ -7615270.921599999070168, -3924585.180399999022484 ], [ -7615418.898900000378489, -3924788.369899999350309 ], [ -7615499.856699999421835, -3924976.196199998259544 ], [ -7615715.348200000822544, -3925104.832600001245737 ], [ -7615842.217599999159575, -3925083.064899999648333 ], [ -7615976.285199999809265, -3924986.6743 ], [ -7616111.283099999651313, -3924845.03319999948144 ], [ -7616142.349600000306964, -3924620.374800000339746 ], [ -7616233.44400000013411, -3924328.597699999809265 ], [ -7616390.008300000801682, -3924165.307599999010563 ], [ -7616635.942399999126792, -3924181.6765 ], [ -7616843.404400000348687, -3924415.153200000524521 ], [ -7617131.529699999839067, -3924896.406199999153614 ], [ -7617487.522399999201298, -3925166.723799999803305 ], [ -7618046.494899999350309, -3925207.265700001269579 ], [ -7618411.144400000572205, -3925336.654699999839067 ], [ -7618707.301100000739098, -3925728.009100001305342 ], [ -7618833.492799999192357, -3925833.628499999642372 ], [ -7618960.324999999254942, -3925819.312300000339746 ], [ -7619080.81900000013411, -3925595.1074 ], [ -7619171.478800000622869, -3925370.733600001782179 ], [ -7619276.811699999496341, -3925191.4221 ], [ -7619418.748800000175834, -3925139.712799999862909 ], [ -7619588.341099999845028, -3925110.753100000321865 ], [ -7619885.98509999923408, -3925224.764699999243021 ], [ -7620049.972899999469519, -3925233.118099998682737 ], [ -7620132.338500000536442, -3925166.099899999797344 ], [ -7620245.067099999636412, -3924994.3081 ], [ -7620290.57880000025034, -3924844.660199999809265 ], [ -7620329.106300000101328, -3924605.032499998807907 ], [ -7620478.560699999332428, -3924538.355500001460314 ], [ -7621029.987199999392033, -3924593.6963 ], [ -7621253.726399999111891, -3924579.871300000697374 ], [ -7621269.3717, -3924588.363299999386072 ], [ -7621476.776599999517202, -3924700.937199998646975 ], [ -7621738.291999999433756, -3924589.866099998354912 ], [ -7621858.758500000461936, -3924358.14469999819994 ], [ -7622135.996300000697374, -3924082.274300001561642 ], [ -7622420.909600000828505, -3923761.467300001531839 ] ] ] } },
{ "type": "Feature", "properties": { "fid": 62, "departamen": "RIVADAVIA", "codigo_dep": "10", "distrito": "CIUDAD", "codigo_dis": "01", "globalid": "{B462714E-D488-49A2-AA63-774F5A335EA8}", "created_date": 1739199530000, "created_user": "ugdt_admin", "last_edited_date": 1739199530000, "last_edited_user": "ugdt_admin", "shape_Length": 29623.574961244551, "shape_Area": 45269617.645119667 }, "geometry": { "type": "Polygon", "coordinates": [ [ [ -7624556.979299999773502, -3915872.496599998325109 ], [ -7625618.301599999889731, -3919911.784600000828505 ], [ -7626309.859899999573827, -3922646.50620000064373 ], [ -7625788.414300000295043, -3922947.549600001424551 ], [ -7625536.475700000301003, -3923013.794799998402596 ], [ -7625217.181600000709295, -3923130.308299999684095 ], [ -7624780.550000000745058, -3923229.36540000140667 ], [ -7624529.241100000217557, -3923160.686000000685453 ], [ -7624195.141100000590086, -3922872.372299998998642 ], [ -7623909.634600000455976, -3922938.416499998420477 ], [ -7623523.157299999147654, -3923071.404500000178814 ], [ -7623286.893999999389052, -3923356.906700000166893 ], [ -7623135.321000000461936, -3923474.190999999642372 ], [ -7623000.532299999147654, -3923591.570599999278784 ], [ -7622731.789200000464916, -3923657.673799999058247 ], [ -7622513.188999999314547, -3923757.747299998998642 ], [ -7622421.091199999675155, -3923763.038899999111891 ], [ -7622136.177899999544024, -3924083.845800001174212 ], [ -7621858.940099999308586, -3924359.716400001198053 ], [ -7621738.473600000143051, -3924591.437699999660254 ], [ -7621476.958100000396371, -3924702.508900001645088 ], [ -7621269.55320000089705, -3924589.934900000691414 ], [ -7620944.335200000554323, -3924015.686900001019239 ], [ -7620203.593000000342727, -3922678.025400001555681 ], [ -7619908.613600000739098, -3922185.399399999529123 ], [ -7619770.907299999147654, -3921931.760400000959635 ], [ -7619757.685499999672174, -3921928.367800001055002 ], [ -7619266.744000000879169, -3921039.252300001680851 ], [ -7619014.407199999317527, -3920565.525600001215935 ], [ -7619157.074300000444055, -3920503.073300000280142 ], [ -7618882.9419, -3919881.978799998760223 ], [ -7618487.302400000393391, -3918961.562100000679493 ], [ -7618686.542500000447035, -3918958.333500001579523 ], [ -7618944.754100000485778, -3918939.779899999499321 ], [ -7619346.2577, -3918937.490600001066923 ], [ -7619470.908700000494719, -3918969.464699998497963 ], [ -7619790.887700000777841, -3918993.611400000751019 ], [ -7620029.098999999463558, -3918994.869899999350309 ], [ -7620245.096699999645352, -3918973.558299999684095 ], [ -7619031.289799999445677, -3917034.699999999254942 ], [ -7619137.4221, -3916966.338300000876188 ], [ -7619181.225099999457598, -3916938.123599998652935 ], [ -7619191.937699999660254, -3916934.054699998348951 ], [ -7619254.017799999564886, -3916910.474700000137091 ], [ -7619423.74100000038743, -3916846.006499998271465 ], [ -7619908.194399999454618, -3916802.1996 ], [ -7620374.820800000801682, -3916624.1305 ], [ -7620805.412100000306964, -3916368.852000001817942 ], [ -7620902.015799999237061, -3916317.661800000816584 ], [ -7621515.079, -3915992.776299998164177 ], [ -7621526.240299999713898, -3915988.072200000286102 ], [ -7621907.14670000039041, -3915827.526399999856949 ], [ -7623134.022299999371171, -3915310.317800000309944 ], [ -7623146.881400000303984, -3915304.896099999547005 ], [ -7623148.862099999561906, -3915304.060899998992682 ], [ -7623190.6733, -3915394.535199999809265 ], [ -7623272.571000000461936, -3915571.749600000679493 ], [ -7624556.979299999773502, -3915872.496599998325109 ] ] ] } },
{ "type": "Feature", "properties": { "fid": 116, "departamen": "RIVADAVIA", "codigo_dep": "10", "distrito": "MEDRANO", "codigo_dis": "02", "globalid": "{145B3439-473C-4E67-A6AE-CA9C3B1E52E8}", "created_date": 1739199530000, "created_user": "ugdt_admin", "last_edited_date": 1739199530000, "last_edited_user": "ugdt_admin", "shape_Length": 14265.134926049186, "shape_Area": 10297931.349563697 }, "geometry": { "type": "Polygon", "coordinates": [ [ [ -7635915.60190000012517, -3918505.832400001585484 ], [ -7636295.767799999564886, -3918603.013599999248981 ], [ -7637209.05599999986589, -3918566.820799998939037 ], [ -7637495.293800000101328, -3918685.298500001430511 ], [ -7637605.934299999848008, -3918749.030000001192093 ], [ -7637804.512499999254942, -3918852.182599999010563 ], [ -7637872.238199999555945, -3918902.561000000685453 ], [ -7638790.84180000051856, -3919447.633200000971556 ], [ -7639464.564999999478459, -3919866.815099999308586 ], [ -7639761.456399999558926, -3920059.76410000026226 ], [ -7640160.840299999341369, -3920370.364799998700619 ], [ -7640685.584000000730157, -3920785.142900001257658 ], [ -7641066.730200000107288, -3921067.482200000435114 ], [ -7641277.546700000762939, -3921292.1743 ], [ -7641267.127499999478459, -3921308.453299999237061 ], [ -7641118.292199999094009, -3921540.9912 ], [ -7640299.083799999207258, -3921812.332299999892712 ], [ -7639250.994300000369549, -3921988.161400001496077 ], [ -7638199.3882, -3922063.007399998605251 ], [ -7637875.098099999129772, -3922050.548900000751019 ], [ -7637450.426300000399351, -3921959.017000000923872 ], [ -7637158.479299999773502, -3921770.0489999987185 ], [ -7637112.582800000905991, -3921364.909200001507998 ], [ -7637004.76659999974072, -3920296.931600000709295 ], [ -7636759.569499999284744, -3920071.258000001311302 ], [ -7636013.662699999287724, -3919180.696899998933077 ], [ -7635915.60190000012517, -3918505.832400001585484 ] ] ] } },
{ "type": "Feature", "properties": { "fid": 124, "departamen": "RIVADAVIA", "codigo_dep": "10", "distrito": "ANDRADE", "codigo_dis": "04", "globalid": "{6F07414E-A521-4C81-B589-C8E0A498B7E5}", "created_date": 1739199530000, "created_user": "ugdt_admin", "last_edited_date": 1739199530000, "last_edited_user": "ugdt_admin", "shape_Length": 24178.490953100722, "shape_Area": 33966364.44679299 }, "geometry": { "type": "Polygon", "coordinates": [ [ [ -7630319.319199999794364, -3915941.971000000834465 ], [ -7631336.736999999731779, -3921385.311500001698732 ], [ -7631305.7631, -3921384.379099998623133 ], [ -7630645.799799999222159, -3921415.248500000685453 ], [ -7630511.3531, -3921470.878400001674891 ], [ -7630085.780999999493361, -3921603.922600001096725 ], [ -7629738.649000000208616, -3921703.560400001704693 ], [ -7629480.825899999588728, -3921837.328099999576807 ], [ -7629222.897399999201298, -3921993.569299999624491 ], [ -7628983.106499999761581, -3922030.133900001645088 ], [ -7628864.761399999260902, -3922048.177799999713898 ], [ -7628506.976399999111891, -3922024.067200001329184 ], [ -7627824.291300000622869, -3922122.133000001311302 ], [ -7627376.770500000566244, -3922153.793800000101328 ], [ -7626984.906600000336766, -3922241.906399998813868 ], [ -7626693.545700000599027, -3922364.221599999815226 ], [ -7626309.75620000064373, -3922645.043800000101328 ], [ -7625618.198000000789762, -3919910.322599999606609 ], [ -7624556.875900000333786, -3915871.035100001841784 ], [ -7624553.626800000667572, -3915858.666900001466274 ], [ -7624548.928999999538064, -3915836.1908 ], [ -7624542.214600000530481, -3915804.065699998289347 ], [ -7624471.708399999886751, -3915466.722600001841784 ], [ -7624470.564500000327826, -3915461.25 ], [ -7624627.244300000369549, -3915491.775600001215935 ], [ -7625496.727800000458956, -3915661.135800000280142 ], [ -7625941.944700000807643, -3915757.780000001192093 ], [ -7626030.400399999693036, -3915747.003400001674891 ], [ -7626231.9792, -3915762.70549999922514 ], [ -7626360.774700000882149, -3915777.940600000321865 ], [ -7626414.255300000309944, -3915772.678399998694658 ], [ -7626573.095200000330806, -3915767.672600001096725 ], [ -7626602.391799999400973, -3915754.143500000238419 ], [ -7626998.204500000923872, -3915826.250700000673532 ], [ -7627540.71680000051856, -3915809.829199999570847 ], [ -7627545.374399999156594, -3915809.471400000154972 ], [ -7627550.154699999839067, -3915809.178399998694658 ], [ -7627554.94400000013411, -3915808.929200001060963 ], [ -7627559.735999999567866, -3915808.69310000166297 ], [ -7627564.524299999698997, -3915808.439599998295307 ], [ -7627569.3026, -3915808.137899998575449 ], [ -7627574.064500000327826, -3915807.757500000298023 ], [ -7627578.803400000557303, -3915807.267700001597404 ], [ -7627583.513000000268221, -3915806.6382 ], [ -7627588.186899999156594, -3915805.838199999183416 ], [ -7627592.812300000339746, -3915804.811599999666214 ], [ -7627597.378399999812245, -3915803.515599999576807 ], [ -7627601.898700000718236, -3915802.0088 ], [ -7627606.387299999594688, -3915800.353000000119209 ], [ -7627610.858799999579787, -3915798.610199999064207 ], [ -7627615.3277000002563, -3915796.842500001192093 ], [ -7627619.808000000193715, -3915795.111699998378754 ], [ -7627624.31389999948442, -3915793.479699999094009 ], [ -7627628.860200000926852, -3915792.008600000292063 ], [ -7627633.447799999266863, -3915790.701299998909235 ], [ -7627638.30489999987185, -3915789.325100000947714 ], [ -7627642.654100000858307, -3915788.171300001442432 ], [ -7627647.270700000226498, -3915786.946699999272823 ], [ -7627651.8881, -3915785.721900001168251 ], [ -7627656.505400000140071, -3915784.497099999338388 ], [ -7627661.121899999678135, -3915783.272399999201298 ], [ -7627665.7368, -3915782.048300001770258 ], [ -7627670.349199999123812, -3915780.824700001627207 ], [ -7627674.958499999716878, -3915779.60190000012517 ], [ -7627679.905099999159575, -3915779.6787 ], [ -7627684.587899999693036, -3915778.767499998211861 ], [ -7627689.278899999335408, -3915777.897300001233816 ], [ -7627693.97719999961555, -3915777.063499998301268 ], [ -7627698.681900000199676, -3915776.260600000619888 ], [ -7627703.39159999974072, -3915775.484299998730421 ], [ -7627708.105799999088049, -3915774.729200001806021 ], [ -7627712.823200000450015, -3915773.990699999034405 ], [ -7627717.5428, -3915773.263599999248981 ], [ -7627722.263699999079108, -3915772.543299999088049 ], [ -7627726.9846, -3915771.824400000274181 ], [ -7627731.704900000244379, -3915771.102200001478195 ], [ -7627736.42339999973774, -3915770.371899999678135 ], [ -7627741.139000000432134, -3915769.628499999642372 ], [ -7627745.851700000464916, -3915768.864100001752377 ], [ -7627750.56220000050962, -3915768.074499998241663 ], [ -7627755.271299999207258, -3915767.2654 ], [ -7627759.979399999603629, -3915766.442099999636412 ], [ -7627764.686699999496341, -3915765.609700001776218 ], [ -7627769.393999999389052, -3915764.774099998176098 ], [ -7627774.101399999111891, -3915763.940400000661612 ], [ -7627778.809699999168515, -3915763.114 ], [ -7627783.519099999219179, -3915762.300500001758337 ], [ -7627788.230100000277162, -3915761.504999998956919 ], [ -7627792.943199999630451, -3915760.733399998396635 ], [ -7627797.658800000324845, -3915759.990600001066923 ], [ -7627802.377100000157952, -3915759.282400000840425 ], [ -7627807.099099999293685, -3915758.614100001752377 ], [ -7627811.824899999424815, -3915757.99100000038743 ], [ -7627816.554999999701977, -3915757.418699998408556 ], [ -7627821.289799999445677, -3915756.902300000190735 ], [ -7627826.0307, -3915756.4507 ], [ -7627830.781600000336766, -3915756.076900001615286 ], [ -7627835.541500000283122, -3915755.777699999511242 ], [ -7627840.309100000187755, -3915755.546999998390675 ], [ -7627845.082699999213219, -3915755.37950000166893 ], [ -7627849.86089999973774, -3915755.269200000911951 ], [ -7627854.642400000244379, -3915755.210999999195337 ], [ -7627859.4254, -3915755.198699999600649 ], [ -7627864.208699999377131, -3915755.22690000012517 ], [ -7627868.990800000727177, -3915755.289900001138449 ], [ -7627873.770199999213219, -3915755.382100000977516 ], [ -7627878.545299999415874, -3915755.497999999672174 ], [ -7627883.314999999478459, -3915755.631700001657009 ], [ -7627888.078400000929832, -3915755.804699998348951 ], [ -7627892.838199999183416, -3915756.07149999961257 ], [ -7627897.595000000670552, -3915756.418099999427795 ], [ -7627902.349700000137091, -3915756.828299999237061 ], [ -7627907.102600000798702, -3915757.285300001502037 ], [ -7627911.854800000786781, -3915757.772399999201298 ], [ -7627916.606599999591708, -3915758.272999998182058 ], [ -7627921.358999999240041, -3915758.770599998533726 ], [ -7627926.112600000575185, -3915759.248500000685453 ], [ -7627930.867900000885129, -3915759.689899999648333 ], [ -7627935.625700000673532, -3915760.078499998897314 ], [ -7627940.385800000280142, -3915760.422200001776218 ], [ -7627945.14750000089407, -3915760.747900001704693 ], [ -7627949.910000000149012, -3915761.058299999684095 ], [ -7627954.673599999397993, -3915761.356300000101328 ], [ -7627959.437899999320507, -3915761.644799999892712 ], [ -7627964.202500000596046, -3915761.926699999719858 ], [ -7627968.967499999329448, -3915762.204599998891354 ], [ -7627973.732699999585748, -3915762.481499999761581 ], [ -7627978.497700000181794, -3915762.760400000959635 ], [ -7627983.262199999764562, -3915763.0439000017941 ], [ -7627988.026399999856949, -3915763.33500000089407 ], [ -7628007.0877, -3915765.063200000673532 ], [ -7628016.6272, -3915765.94990000128746 ], [ -7628026.070599999278784, -3915767.226100001484156 ], [ -7628035.347200000658631, -3915769.177099999040365 ], [ -7628044.372700000181794, -3915772.11600000038743 ], [ -7628053.220799999311566, -3915775.759700000286102 ], [ -7628062.023299999535084, -3915779.618299998342991 ], [ -7628070.9123, -3915783.201699998229742 ], [ -7628079.948799999430776, -3915786.284400001168251 ], [ -7628089.025800000876188, -3915789.259100001305342 ], [ -7628098.136600000783801, -3915792.137699998915195 ], [ -7628107.280600000172853, -3915794.908300001174212 ], [ -7628116.457100000232458, -3915797.559099998325109 ], [ -7628125.665300000458956, -3915800.078600000590086 ], [ -7628134.900699999183416, -3915802.489 ], [ -7628144.1579, -3915804.824200000613928 ], [ -7628153.433499999344349, -3915807.091699998825788 ], [ -7628162.725199999287724, -3915809.298700001090765 ], [ -7628172.030200000852346, -3915811.453000001609325 ], [ -7628181.345200000330806, -3915813.561999998986721 ], [ -7628190.667899999767542, -3915815.63289999961853 ], [ -7628199.995300000533462, -3915817.673500001430511 ], [ -7628209.322100000455976, -3915819.729400001466274 ], [ -7628218.647299999371171, -3915821.821800000965595 ], [ -7628227.971999999135733, -3915823.937199998646975 ], [ -7628237.297399999573827, -3915826.061999998986721 ], [ -7628246.625, -3915828.182199999690056 ], [ -7628255.955900000408292, -3915830.284400001168251 ], [ -7628265.291600000113249, -3915832.354600001126528 ], [ -7628274.633199999108911, -3915834.379299998283386 ], [ -7628283.9824, -3915836.344900000840425 ], [ -7628293.340199999511242, -3915838.23759999871254 ], [ -7628302.707900000736117, -3915840.043699998408556 ], [ -7628312.086899999529123, -3915841.749600000679493 ], [ -7628321.47859999909997, -3915843.341400001198053 ], [ -7628330.884099999442697, -3915844.805599998682737 ], [ -7628340.323400000110269, -3915846.005399998277426 ], [ -7628349.81870000064373, -3915846.782600000500679 ], [ -7628359.356699999421835, -3915847.218699999153614 ], [ -7628368.922900000587106, -3915847.398299999535084 ], [ -7628378.503399999812245, -3915847.405999999493361 ], [ -7628388.083799999207258, -3915847.326200000941753 ], [ -7628397.6502, -3915847.243999999016523 ], [ -7628407.196900000795722, -3915847.131799999624491 ], [ -7628416.757500000298023, -3915846.51410000026226 ], [ -7628426.322000000625849, -3915845.638099998235703 ], [ -7628435.871400000527501, -3915844.873500000685453 ], [ -7628445.387000000104308, -3915844.589600000530481 ], [ -7628454.850299999117851, -3915845.1415 ], [ -7628464.265699999406934, -3915846.370400000363588 ], [ -7628473.649000000208616, -3915848.012600000947714 ], [ -7628483.011800000444055, -3915849.935499999672174 ], [ -7628492.3662, -3915852.007500000298023 ], [ -7628501.7237, -3915854.096200000494719 ], [ -7628511.096599999815226, -3915856.069400001317263 ], [ -7628520.496600000187755, -3915857.795200001448393 ], [ -7628529.929999999701977, -3915859.242199998348951 ], [ -7628539.3893, -3915860.552200000733137 ], [ -7628548.868899999186397, -3915861.7314000017941 ], [ -7628558.363700000569224, -3915862.781300000846386 ], [ -7628567.868100000545382, -3915863.703400000929832 ], [ -7628577.377100000157952, -3915864.498799998313189 ], [ -7628586.898600000888109, -3915865.080600000917912 ], [ -7628596.436000000685453, -3915865.450300000607967 ], [ -7628605.9825, -3915865.701699998229742 ], [ -7628615.531199999153614, -3915865.929400000721216 ], [ -7628625.0756, -3915866.227000001817942 ], [ -7628634.6118, -3915866.658599998801947 ], [ -7628644.143999999389052, -3915867.174499999731779 ], [ -7628653.671900000423193, -3915867.7643 ], [ -7628663.193099999800324, -3915868.46680000051856 ], [ -7628672.704500000923872, -3915869.381999999284744 ], [ -7628682.215500000864267, -3915870.276399999856949 ], [ -7628691.736600000411272, -3915870.879200000315905 ], [ -7628701.2741, -3915871.035199999809265 ], [ -7628710.816800000146031, -3915871.043800000101328 ], [ -7628720.362400000914931, -3915870.964400000870228 ], [ -7628729.910399999469519, -3915870.819899998605251 ], [ -7628739.459699999541044, -3915870.633299998939037 ], [ -7628749.0099, -3915870.427799999713898 ], [ -7628758.559900000691414, -3915870.226599998772144 ], [ -7628768.108999999240041, -3915870.052499998360872 ], [ -7628777.656400000676513, -3915869.9287 ], [ -7628787.201500000432134, -3915869.878400001674891 ], [ -7628796.743200000375509, -3915869.924400001764297 ], [ -7628806.281099999323487, -3915870.090199999511242 ], [ -7628815.814600000157952, -3915870.396800000220537 ], [ -7628825.343800000846386, -3915870.842500001192093 ], [ -7628834.869799999520183, -3915871.406399998813868 ], [ -7628844.392799999564886, -3915872.068300001323223 ], [ -7628853.91300000064075, -3915872.807399999350309 ], [ -7628863.43099999986589, -3915873.602800000458956 ], [ -7628872.947200000286102, -3915874.4342 ], [ -7628882.46199999935925, -3915875.280799999833107 ], [ -7628891.97580000013113, -3915876.121800001710653 ], [ -7628901.489099999889731, -3915876.936700001358986 ], [ -7628911.001000000163913, -3915877.739500001072884 ], [ -7628920.509800000116229, -3915878.579799998551607 ], [ -7628930.016000000759959, -3915879.450399998575449 ], [ -7628939.520400000736117, -3915880.342599999159575 ], [ -7628949.023900000378489, -3915881.247499998658895 ], [ -7628958.526900000870228, -3915882.156399998813868 ], [ -7628968.030500000342727, -3915883.0608000010252 ], [ -7628977.5351, -3915883.95160000026226 ], [ -7628987.041600000113249, -3915884.820300001651049 ], [ -7628996.550599999725819, -3915885.65819999948144 ], [ -7629006.065600000321865, -3915886.430100001394749 ], [ -7629015.586899999529123, -3915887.133699998259544 ], [ -7629025.11119999922812, -3915887.8048 ], [ -7629034.634700000286102, -3915888.479400001466274 ], [ -7629044.15430000051856, -3915889.193 ], [ -7629053.666500000283122, -3915889.98200000077486 ], [ -7629063.167999999597669, -3915890.881700001657009 ], [ -7629072.655300000682473, -3915891.939899999648333 ], [ -7629082.130699999630451, -3915893.138599999248981 ], [ -7629091.598600000143051, -3915894.420400001108646 ], [ -7629101.063400000333786, -3915895.727800000458956 ], [ -7629110.5296, -3915897.003899998962879 ], [ -7629120.001499999314547, -3915898.191199999302626 ], [ -7629129.4836, -3915899.232200000435114 ], [ -7629138.980799999088049, -3915900.06870000064373 ], [ -7629148.508500000461936, -3915900.625500001013279 ], [ -7629158.06110000051558, -3915900.902300000190735 ], [ -7629167.621999999508262, -3915900.929200001060963 ], [ -7629177.174799999222159, -3915900.736099999397993 ], [ -7629186.705700000748038, -3915900.311599999666214 ], [ -7629196.2335, -3915899.310499999672174 ], [ -7629205.7577, -3915897.965399999171495 ], [ -7629215.268200000748038, -3915896.6776 ], [ -7629224.755400000140071, -3915895.848000001162291 ], [ -7629234.209300000220537, -3915895.874099999666214 ], [ -7629243.666600000113249, -3915896.75279999896884 ], [ -7629253.121400000527501, -3915898.247400000691414 ], [ -7629262.529799999669194, -3915900.240499999374151 ], [ -7629271.848200000822544, -3915902.614399999380112 ], [ -7629281.033099999651313, -3915905.253499999642372 ], [ -7629290.0625, -3915908.277499999850988 ], [ -7629298.976600000634789, -3915911.700800001621246 ], [ -7629307.826500000432134, -3915915.350400000810623 ], [ -7629316.66300000064075, -3915919.053599998354912 ], [ -7629325.537000000476837, -3915922.637699998915195 ], [ -7629334.499399999156594, -3915925.929699998348951 ], [ -7629343.583799999207258, -3915928.905099999159575 ], [ -7629352.7489, -3915931.92790000140667 ], [ -7629361.985400000587106, -3915934.777499999850988 ], [ -7629371.289200000464916, -3915937.171 ], [ -7629380.656400000676513, -3915938.825300000607967 ], [ -7629390.082800000905991, -3915939.475000001490116 ], [ -7629399.54450000077486, -3915939.507800001651049 ], [ -7629409.028599999845028, -3915939.230000000447035 ], [ -7629418.5320999994874, -3915938.698100000619888 ], [ -7629428.051400000229478, -3915937.968400001525879 ], [ -7629437.5833, -3915937.096999999135733 ], [ -7629447.12470000050962, -3915936.140700001269579 ], [ -7629456.6722999997437, -3915935.155600000172853 ], [ -7629466.222699999809265, -3915934.197900000959635 ], [ -7629475.772700000554323, -3915933.324000000953674 ], [ -7629485.3191, -3915932.590399999171495 ], [ -7629494.8586, -3915932.053300000727177 ], [ -7629504.390599999576807, -3915931.781199999153614 ], [ -7629513.926200000569224, -3915931.833299998193979 ], [ -7629523.465700000524521, -3915932.131700001657009 ], [ -7629533.007999999448657, -3915932.584399998188019 ], [ -7629542.551799999549985, -3915933.099800001829863 ], [ -7629552.096000000834465, -3915933.586199998855591 ], [ -7629561.639000000432134, -3915933.951900001615286 ], [ -7629571.184800000861287, -3915934.162900000810623 ], [ -7629580.736600000411272, -3915934.284800000488758 ], [ -7629590.291200000792742, -3915934.362199999392033 ], [ -7629599.8454, -3915934.439300000667572 ], [ -7629609.395600000396371, -3915934.560600001364946 ], [ -7629618.938999999314547, -3915934.770199999213219 ], [ -7629628.471999999135733, -3915935.112700000405312 ], [ -7629637.9912, -3915935.632199998944998 ], [ -7629647.48589999973774, -3915936.461199998855591 ], [ -7629656.947300000116229, -3915937.69709999859333 ], [ -7629666.390100000426173, -3915939.16950000077486 ], [ -7629675.8289, -3915940.702500000596046 ], [ -7629685.278799999505281, -3915942.12049999833107 ], [ -7629694.754599999636412, -3915943.249099999666214 ], [ -7629704.285000000149012, -3915944.28770000115037 ], [ -7629713.853700000792742, -3915945.279199998825788 ], [ -7629723.416899999603629, -3915945.945300001651049 ], [ -7629732.930600000545382, -3915946.007599998265505 ], [ -7629742.3585, -3915945.216499999165535 ], [ -7629751.731799999251962, -3915943.687800001353025 ], [ -7629761.065899999812245, -3915941.636999998241663 ], [ -7629770.36570000089705, -3915939.252099998295307 ], [ -7629779.636099999770522, -3915936.720499999821186 ], [ -7629788.8816, -3915934.230200000107288 ], [ -7629798.1053, -3915931.75789999961853 ], [ -7629807.30599999986589, -3915929.173500001430511 ], [ -7629816.48200000077486, -3915926.49439999833703 ], [ -7629825.631300000473857, -3915923.738099999725819 ], [ -7629834.752599999308586, -3915920.921599999070168 ], [ -7629843.685799999162555, -3915917.322799999266863 ], [ -7629852.44539999961853, -3915914.1162 ], [ -7629861.57880000025034, -3915911.296599999070168 ], [ -7629870.77930000051856, -3915908.678800001740456 ], [ -7629880.050000000745058, -3915906.386100001633167 ], [ -7629889.684100000187755, -3915905.437199998646975 ], [ -7629898.8169, -3915902.765799999237061 ], [ -7629907.944299999624491, -3915900.096099998801947 ], [ -7629917.530999999493361, -3915899.045699998736382 ], [ -7629926.953400000929832, -3915897.475499998778105 ], [ -7629936.385500000789762, -3915895.999299999326468 ], [ -7629945.830700000748038, -3915894.61600000038743 ], [ -7629955.30629999935627, -3915893.359000001102686 ], [ -7629964.80460000038147, -3915892.273200001567602 ], [ -7629974.316099999472499, -3915891.403799999505281 ], [ -7629983.831299999728799, -3915890.7956000007689 ], [ -7629993.365800000727177, -3915890.548900000751019 ], [ -7630002.925899999216199, -3915890.721999999135733 ], [ -7630012.475299999117851, -3915891.261 ], [ -7630021.978800000622869, -3915892.113800000399351 ], [ -7630031.449999999254942, -3915893.247600000351667 ], [ -7630040.902599999681115, -3915894.606699999421835 ], [ -7630050.33809999935329, -3915896.123199999332428 ], [ -7630059.75730000063777, -3915897.730200000107288 ], [ -7630069.1645, -3915899.361200001090765 ], [ -7630078.575500000268221, -3915900.997499998658895 ], [ -7630087.980799999088049, -3915902.679299999028444 ], [ -7630097.368100000545382, -3915904.449799999594688 ], [ -7630106.7248, -3915906.352600000798702 ], [ -7630116.038200000301003, -3915908.430599998682737 ], [ -7630125.300499999895692, -3915910.716099999845028 ], [ -7630134.5219, -3915913.180399999022484 ], [ -7630143.710699999704957, -3915915.78489999845624 ], [ -7630152.873999999836087, -3915918.491799999028444 ], [ -7630162.019400000572205, -3915921.263900000602007 ], [ -7630171.154100000858307, -3915924.0636 ], [ -7630180.278400000184774, -3915926.878600001335144 ], [ -7630189.340199999511242, -3915929.890599999576807 ], [ -7630198.363099999725819, -3915933.027899999171495 ], [ -7630207.390900000929832, -3915936.148899998515844 ], [ -7630216.401100000366569, -3915939.396200001239777 ], [ -7630225.382500000298023, -3915942.796700000762939 ], [ -7630234.377800000831485, -3915946.120200000703335 ], [ -7630243.429300000891089, -3915949.136799998581409 ], [ -7630252.579500000923872, -3915951.616300001740456 ], [ -7630262.005000000819564, -3915953.243900001049042 ], [ -7630271.665500000119209, -3915953.733399998396635 ], [ -7630281.187300000339746, -3915952.943500000983477 ], [ -7630290.459599999710917, -3915951.063400000333786 ], [ -7630299.672800000756979, -3915948.571100000292063 ], [ -7630308.822799999266863, -3915945.649300001561642 ], [ -7630317.904200000688434, -3915942.479499999433756 ], [ -7630319.319199999794364, -3915941.971000000834465 ] ] ] } },
{ "type": "Feature", "properties": { "fid": 125, "departamen": "RIVADAVIA", "codigo_dep": "10", "distrito": "LOS ARBOLES", "codigo_dis": "08", "globalid": "{3652BCF1-CA97-4369-A249-DAD2A98F9D1D}", "created_date": 1739199530000, "created_user": "ugdt_admin", "last_edited_date": 1739199530000, "last_edited_user": "ugdt_admin", "shape_Length": 21743.657852667649, "shape_Area": 22734943.568922844 }, "geometry": { "type": "Polygon", "coordinates": [ [ [ -7632099.397099999710917, -3916631.286499999463558 ], [ -7632166.926799999549985, -3916669.8794 ], [ -7632187.93720000050962, -3916724.999499998986721 ], [ -7632274.446399999782443, -3916786.842999998480082 ], [ -7632276.545299999415874, -3916788.343600001186132 ], [ -7632491.449899999424815, -3916941.969799999147654 ], [ -7632506.855799999088049, -3916967.812199998646975 ], [ -7632663.778100000694394, -3917054.675799999386072 ], [ -7632742.95409999974072, -3917069.754299998283386 ], [ -7632865.997600000351667, -3917154.316199999302626 ], [ -7633341.621899999678135, -3917370.668600000441074 ], [ -7633416.442600000649691, -3917411.593699999153614 ], [ -7633442.119100000709295, -3917425.637899998575449 ], [ -7633467.022600000724196, -3917453.613000001758337 ], [ -7633469.185900000855327, -3917456.043099999427795 ], [ -7633519.556900000199676, -3917512.660799998790026 ], [ -7633798.158299999311566, -3917793.556400001049042 ], [ -7633807.559000000357628, -3917803.034200001507998 ], [ -7633844.013900000602007, -3917823.214499998837709 ], [ -7633901.909399999305606, -3917853.99269999936223 ], [ -7633975.481100000441074, -3917890.051300000399351 ], [ -7634096.925499999895692, -3917946.375900000333786 ], [ -7634245.1732, -3918015.129599999636412 ], [ -7634524.3509, -3918111.141100000590086 ], [ -7634963.488500000908971, -3918262.149099998176098 ], [ -7635915.602900000289083, -3918505.594500001519918 ], [ -7636013.663599999621511, -3919180.458999998867512 ], [ -7636759.57039999961853, -3920071.020100001245737 ], [ -7637004.7675, -3920296.69370000064373 ], [ -7637112.583699999377131, -3921364.671300001442432 ], [ -7637158.480200000107288, -3921769.811000000685453 ], [ -7636926.9397, -3921619.934900000691414 ], [ -7636603.079700000584126, -3921495.031700000166893 ], [ -7636390.887199999764562, -3921415.519099999219179 ], [ -7636022.004899999126792, -3921369.109499998390675 ], [ -7635719.703199999406934, -3921457.872600000351667 ], [ -7635450.4594, -3921670.421599999070168 ], [ -7635092.00650000013411, -3921815.155600000172853 ], [ -7634600.45299999974668, -3921678.275600001215935 ], [ -7634287.982799999415874, -3921508.374099999666214 ], [ -7633908.692600000649691, -3921270.7516999989748 ], [ -7633685.018200000748038, -3921269.83729999884963 ], [ -7633397.581800000742078, -3921269.531500000506639 ], [ -7633017.531400000676513, -3921222.992800001055002 ], [ -7632458.085699999704957, -3921288.1096 ], [ -7631741.869999999180436, -3921397.497999999672174 ], [ -7631336.736999999731779, -3921385.311500001698732 ], [ -7630319.319199999794364, -3915941.971000000834465 ], [ -7630326.91190000064671, -3915939.241900000721216 ], [ -7630335.821599999442697, -3915935.814300000667572 ], [ -7630344.621300000697374, -3915932.071899998933077 ], [ -7630353.316400000825524, -3915928.081599999219179 ], [ -7630361.911399999633431, -3915923.907699998468161 ], [ -7630370.393699999898672, -3915919.519099999219179 ], [ -7630378.792700000107288, -3915914.957499999552965 ], [ -7630387.157500000670552, -3915910.324200000613928 ], [ -7630395.537100000306964, -3915905.720199998468161 ], [ -7630403.980799999088049, -3915901.246800001710653 ], [ -7630412.540699999779463, -3915897.010800000280142 ], [ -7630421.236999999731779, -3915893.046100001782179 ], [ -7630430.00029999949038, -3915889.216899998486042 ], [ -7630438.754000000655651, -3915885.372900001704693 ], [ -7630447.421499999240041, -3915881.364599999040365 ], [ -7630455.908600000664592, -3915877.007399998605251 ], [ -7630464.040300000458956, -3915871.957699999213219 ], [ -7630472.0494, -3915866.678199999034405 ], [ -7630480.264499999582767, -3915861.821199998259544 ], [ -7630488.88289999961853, -3915857.768500000238419 ], [ -7630497.702299999073148, -3915854.105500001460314 ], [ -7630506.648399999365211, -3915850.707699999213219 ], [ -7630515.659299999475479, -3915847.476399999111891 ], [ -7630524.675499999895692, -3915844.316599998623133 ], [ -7630533.775000000372529, -3915841.379099998623133 ], [ -7630543.002100000157952, -3915838.880899999290705 ], [ -7630552.336799999698997, -3915836.836199998855591 ], [ -7630561.771999999880791, -3915834.834800001233816 ], [ -7630571.248800000175834, -3915833.3092 ], [ -7630580.70130000077188, -3915832.825800001621246 ], [ -7630590.161399999633431, -3915833.480999998748302 ], [ -7630599.655500000342727, -3915834.859299998730421 ], [ -7630609.08500000089407, -3915836.844999998807907 ], [ -7630618.3509, -3915839.32319999858737 ], [ -7630627.377000000327826, -3915842.292599998414516 ], [ -7630636.214299999177456, -3915845.8673 ], [ -7630644.947300000116229, -3915849.796599999070168 ], [ -7630653.659299999475479, -3915853.811099998652935 ], [ -7630662.434000000357628, -3915857.641800001263618 ], [ -7630671.317500000819564, -3915861.147999998182058 ], [ -7630680.256999999284744, -3915864.511199999600649 ], [ -7630689.223500000312924, -3915867.805500000715256 ], [ -7630698.189999999478459, -3915871.099199999123812 ], [ -7630707.13230000063777, -3915874.458700001239777 ], [ -7630716.068900000303984, -3915877.837099999189377 ], [ -7630725.044299999251962, -3915881.100099999457598 ], [ -7630734.0943, -3915884.142099998891354 ], [ -7630743.201400000602007, -3915887.021200001239777 ], [ -7630752.351099999621511, -3915889.764600001275539 ], [ -7630761.532400000840425, -3915892.387699998915195 ], [ -7630770.7588, -3915894.845199998468161 ], [ -7630780.025100000202656, -3915897.155900001525879 ], [ -7630789.3103, -3915899.386100001633167 ], [ -7630798.608999999240041, -3915901.552000001072884 ], [ -7630807.92090000025928, -3915903.662399999797344 ], [ -7630817.237199999392033, -3915905.754099998623133 ], [ -7630826.5494, -3915907.864 ], [ -7630835.846100000664592, -3915910.042399998754263 ], [ -7630845.120200000703335, -3915912.3279 ], [ -7630854.396600000560284, -3915914.599899999797344 ], [ -7630863.703099999576807, -3915916.721500001847744 ], [ -7630873.066600000485778, -3915918.561299998313189 ], [ -7630882.481599999591708, -3915920.144499998539686 ], [ -7630891.915699999779463, -3915921.632500000298023 ], [ -7630901.339500000700355, -3915923.171799998730421 ], [ -7630910.780200000852346, -3915924.640900000929832 ], [ -7630920.232699999585748, -3915926.056499999016523 ], [ -7630929.674200000241399, -3915927.520500000566244 ], [ -7630939.081599999219179, -3915929.134399998933077 ], [ -7630948.432099999859929, -3915931.000100001692772 ], [ -7630957.704700000584126, -3915933.219900000840425 ], [ -7630966.904999999329448, -3915935.776000000536442 ], [ -7630976.0515, -3915938.560899998992682 ], [ -7630985.162100000306964, -3915941.465799998492002 ], [ -7630994.250700000673532, -3915944.400800000876188 ], [ -7631003.273700000718236, -3915947.525299999862909 ], [ -7631012.249600000679493, -3915950.796799998730421 ], [ -7631021.221599999815226, -3915954.079599998891354 ], [ -7631030.253399999812245, -3915957.203499998897314 ], [ -7631039.341399999335408, -3915960.192499998956919 ], [ -7631048.3476, -3915963.377300001680851 ], [ -7631057.135299999266863, -3915967.082899998873472 ], [ -7631065.79079999960959, -3915971.103500001132488 ], [ -7631074.400900000706315, -3915975.231899999082088 ], [ -7631082.975600000470877, -3915979.444200001657009 ], [ -7631091.525399999693036, -3915983.716099999845028 ], [ -7631100.060599999502301, -3915988.023299999535084 ], [ -7631108.591199999675155, -3915992.341600000858307 ], [ -7631117.127900000661612, -3915996.646699998527765 ], [ -7631125.680800000205636, -3916000.914299998432398 ], [ -7631134.262700000777841, -3916005.115299999713898 ], [ -7631142.886700000613928, -3916009.229800000786781 ], [ -7631151.512900000438094, -3916013.339200001209974 ], [ -7631160.093299999833107, -3916017.539900001138449 ], [ -7631168.683499999344349, -3916021.777399998158216 ], [ -7631177.348999999463558, -3916025.9463 ], [ -7631185.858200000599027, -3916030.3445999994874 ], [ -7631193.970799999311566, -3916035.281100001186132 ], [ -7631201.095000000670552, -3916041.542599998414516 ], [ -7631207.4529, -3916048.848999999463558 ], [ -7631214.5168999992311, -3916055.2483000010252 ], [ -7631222.4265, -3916060.541999999433756 ], [ -7631230.619999999180436, -3916065.467500001192093 ], [ -7631238.935900000855327, -3916070.2412 ], [ -7631247.21199999935925, -3916075.079599998891354 ], [ -7631255.290699999779463, -3916080.195300001651049 ], [ -7631263.158299999311566, -3916085.624699998646975 ], [ -7631270.935100000351667, -3916091.194299999624491 ], [ -7631278.738199999555945, -3916096.723400000482798 ], [ -7631286.6787, -3916102.041299998760223 ], [ -7631294.7412, -3916107.177099999040365 ], [ -7631302.887199999764562, -3916112.183600001037121 ], [ -7631311.099700000137091, -3916117.075899999588728 ], [ -7631319.398900000378489, -3916121.811500001698732 ], [ -7631327.822799999266863, -3916126.331500001251698 ], [ -7631336.2478, -3916130.848499998450279 ], [ -7631344.540899999439716, -3916135.59010000154376 ], [ -7631352.670800000429153, -3916140.609200000762939 ], [ -7631360.7193, -3916145.765799999237061 ], [ -7631368.730900000780821, -3916150.985500000417233 ], [ -7631376.750099999830127, -3916156.193900000303984 ], [ -7631384.8213, -3916161.316799998283386 ], [ -7631392.9594, -3916166.329100001603365 ], [ -7631401.122099999338388, -3916171.301100000739098 ], [ -7631409.301899999380112, -3916176.245700001716614 ], [ -7631417.492200000211596, -3916181.173300001770258 ], [ -7631425.686499999836087, -3916186.094000000506639 ], [ -7631433.878900000825524, -3916191.018399998545647 ], [ -7631442.062699999660254, -3916195.956399999558926 ], [ -7631450.231599999591708, -3916200.918600000441074 ], [ -7631458.379300000146031, -3916205.915199998766184 ], [ -7631466.46199999935925, -3916211.021600000560284 ], [ -7631474.476500000804663, -3916216.2423 ], [ -7631482.4835, -3916221.473099999129772 ], [ -7631490.543199999257922, -3916226.6096 ], [ -7631498.721999999135733, -3916231.537500001490116 ], [ -7631507.287799999117851, -3916235.787500001490116 ], [ -7631515.919399999082088, -3916239.914099998772144 ], [ -7631524.11710000038147, -3916244.78999999910593 ], [ -7631532.11849999986589, -3916250.022999998182058 ], [ -7631539.99349999986589, -3916255.464800000190735 ], [ -7631547.745200000703335, -3916261.07880000025034 ], [ -7631555.352800000458956, -3916266.866599999368191 ], [ -7631562.73450000025332, -3916272.962000001221895 ], [ -7631570.013399999588728, -3916279.197299998253584 ], [ -7631577.342299999669194, -3916285.357599999755621 ], [ -7631584.873999999836087, -3916291.228000000119209 ], [ -7631592.718900000676513, -3916296.654100000858307 ], [ -7631600.786399999633431, -3916301.7643 ], [ -7631608.999800000339746, -3916306.665600001811981 ], [ -7631617.289300000295043, -3916311.454199999570847 ], [ -7631625.58500000089407, -3916316.227000001817942 ], [ -7631633.848200000822544, -3916321.033700000494719 ], [ -7631642.186300000175834, -3916325.71229999884963 ], [ -7631650.5526, -3916330.342700000852346 ], [ -7631658.8706, -3916335.049400001764297 ], [ -7631667.06389999948442, -3916339.956700000911951 ], [ -7631675.074300000444055, -3916345.165100000798702 ], [ -7631682.932499999180436, -3916350.61939999833703 ], [ -7631690.695599999278784, -3916356.212900001555681 ], [ -7631698.4046, -3916361.868299998342991 ], [ -7631706.028100000694394, -3916367.643699999898672 ], [ -7631713.571900000795722, -3916373.524500001221895 ], [ -7631721.031099999323487, -3916379.5088 ], [ -7631728.229399999603629, -3916385.822799999266863 ], [ -7631735.5866, -3916391.9243 ], [ -7631743.315899999812245, -3916397.541900001466274 ], [ -7631751.170399999246001, -3916402.996599998325109 ], [ -7631759.101500000804663, -3916408.345800001174212 ], [ -7631767.06110000051558, -3916413.645300000905991 ], [ -7631775.092700000852346, -3916418.829900000244379 ], [ -7631783.18889999948442, -3916423.916999999433756 ], [ -7631791.267899999395013, -3916429.028999999165535 ], [ -7631799.247199999168515, -3916434.288699999451637 ], [ -7631807.091, -3916439.752099998295307 ], [ -7631814.83809999935329, -3916445.359900001436472 ], [ -7631822.51490000076592, -3916451.065900001674891 ], [ -7631830.132999999448657, -3916456.844200000166893 ], [ -7631837.585100000724196, -3916462.839299999177456 ], [ -7631845.029999999329448, -3916468.844900000840425 ], [ -7631852.5296, -3916474.8125 ], [ -7631859.999600000679493, -3916480.851399999111891 ], [ -7631867.640799999237061, -3916486.598999999463558 ], [ -7631875.694499999284744, -3916491.620099999010563 ], [ -7631884.565199999138713, -3916495.194499999284744 ], [ -7631893.500099999830127, -3916498.691199999302626 ], [ -7631901.848999999463558, -3916503.298599999397993 ], [ -7631910.0143, -3916508.280799999833107 ], [ -7631918.0362, -3916513.513900000602007 ], [ -7631925.929500000551343, -3916518.918499998748302 ], [ -7631933.485999999567866, -3916524.916799999773502 ], [ -7631940.785900000482798, -3916531.362500000745058 ], [ -7631948.301400000229478, -3916537.271000001579523 ], [ -7631956.515000000596046, -3916541.619600001722574 ], [ -7631965.7708, -3916543.499400001019239 ], [ -7631975.485300000756979, -3916544.391199998557568 ], [ -7631984.890799999237061, -3916546.30970000103116 ], [ -7631993.966399999335408, -3916549.215599998831749 ], [ -7632002.997899999842048, -3916552.289000000804663 ], [ -7632011.995699999853969, -3916555.490699999034405 ], [ -7632020.969900000840425, -3916558.781700000166893 ], [ -7632029.9309, -3916562.123199999332428 ], [ -7632038.88880000077188, -3916565.476100001484156 ], [ -7632047.853900000452995, -3916568.801399998366833 ], [ -7632056.8366, -3916572.060199998319149 ], [ -7632058.714500000700355, -3916608.036200001835823 ], [ -7632099.397099999710917, -3916631.286499999463558 ] ] ] } },
{ "type": "Feature", "properties": { "fid": 127, "departamen": "RIVADAVIA", "codigo_dep": "10", "distrito": "MUNDO NUEVO", "codigo_dis": "11", "globalid": "{463B95D4-06A9-4FA7-B128-1B26EECDFD42}", "created_date": 1739199530000, "created_user": "ugdt_admin", "last_edited_date": 1739199530000, "last_edited_user": "ugdt_admin", "shape_Length": 13602.030770508101, "shape_Area": 5068403.4419098236 }, "geometry": { "type": "Polygon", "coordinates": [ [ [ -7619031.187000000849366, -3917033.238299999386072 ], [ -7620244.99379999935627, -3918972.096400000154972 ], [ -7620028.996099999174476, -3918993.407999999821186 ], [ -7619790.784900000318885, -3918992.149500001221895 ], [ -7619470.805800000205636, -3918968.00279999896884 ], [ -7619346.154899999499321, -3918936.0287000015378 ], [ -7618944.6513, -3918938.318 ], [ -7618686.4397, -3918956.871599998325109 ], [ -7618487.199699999764562, -3918960.10020000115037 ], [ -7618296.741699999198318, -3918963.183200001716614 ], [ -7618190.75929999910295, -3918980.343699999153614 ], [ -7618007.21030000038445, -3919061.392499998211861 ], [ -7617702.132200000807643, -3919270.003600001335144 ], [ -7617432.1469, -3919423.759300000965595 ], [ -7617003.4079, -3919638.261500000953674 ], [ -7616339.569499999284744, -3920057.532699998468161 ], [ -7616099.686699999496341, -3920164.315600000321865 ], [ -7615522.855200000107288, -3920342.9243 ], [ -7615204.558199999853969, -3920447.579799998551607 ], [ -7614991.975199999287724, -3920603.910799998790026 ], [ -7614989.344399999827147, -3920605.983600001782179 ], [ -7614861.778100000694394, -3920472.9331 ], [ -7614866.591499999165535, -3920469.588599998503923 ], [ -7615122.3761, -3920291.246300000697374 ], [ -7615123.917600000277162, -3920290.19200000166893 ], [ -7615574.023900000378489, -3919766.411100000143051 ], [ -7615577.260500000789762, -3919762.644299998879433 ], [ -7615585.8125, -3919754.312300000339746 ], [ -7615863.835699999704957, -3919479.081599999219179 ], [ -7616508.565600000321865, -3919140.5077 ], [ -7616996.831700000911951, -3918797.545899998396635 ], [ -7617594.14670000039041, -3918364.674699999392033 ], [ -7618509.3761, -3917369.325800001621246 ], [ -7618516.4054000005126, -3917364.798500001430511 ], [ -7619031.187000000849366, -3917033.238299999386072 ] ] ] } },
{ "type": "Feature", "properties": { "fid": 128, "departamen": "RIVADAVIA", "codigo_dep": "10", "distrito": "REDUCCION", "codigo_dis": "09", "globalid": "{FB6E9916-BD6B-45AC-B471-2EBC4A4693B3}", "created_date": 1739199530000, "created_user": "ugdt_admin", "last_edited_date": 1739199530000, "last_edited_user": "ugdt_admin", "shape_Length": 43268.56783078712, "shape_Area": 52100990.145588532 }, "geometry": { "type": "Polygon", "coordinates": [ [ [ -7631336.736999999731779, -3921385.311500001698732 ], [ -7631741.869999999180436, -3921397.497999999672174 ], [ -7632458.085699999704957, -3921288.1096 ], [ -7633017.531400000676513, -3921222.992800001055002 ], [ -7633397.581800000742078, -3921269.531500000506639 ], [ -7633685.018200000748038, -3921269.83729999884963 ], [ -7633908.692600000649691, -3921270.7516999989748 ], [ -7634287.982799999415874, -3921508.374099999666214 ], [ -7634600.45299999974668, -3921678.275600001215935 ], [ -7635092.00650000013411, -3921815.155600000172853 ], [ -7635450.4594, -3921670.421599999070168 ], [ -7635719.703199999406934, -3921457.872600000351667 ], [ -7636022.004899999126792, -3921369.109499998390675 ], [ -7636390.887199999764562, -3921415.519099999219179 ], [ -7636603.079700000584126, -3921495.031700000166893 ], [ -7636926.9397, -3921619.934900000691414 ], [ -7637158.480200000107288, -3921769.811000000685453 ], [ -7637450.42710000090301, -3921958.778999999165535 ], [ -7637875.098999999463558, -3922050.311000000685453 ], [ -7638199.38910000026226, -3922062.769499998539686 ], [ -7639250.995100000873208, -3921987.92339999973774 ], [ -7640299.084699999541044, -3921812.094300001859665 ], [ -7641118.293099999427795, -3921540.7533 ], [ -7641021.601199999451637, -3921691.819600000977516 ], [ -7640846.17820000089705, -3921879.646200001239777 ], [ -7640859.731899999082088, -3921999.881400000303984 ], [ -7640918.234099999070168, -3922068.335700001567602 ], [ -7640990.457399999722838, -3922104.691199999302626 ], [ -7640860.445299999788404, -3922420.095300000160933 ], [ -7640862.326400000602007, -3922425.715799998492002 ], [ -7640863.846699999645352, -3922430.2654 ], [ -7640865.365000000223517, -3922434.815699998289347 ], [ -7640866.895300000905991, -3922439.3614999987185 ], [ -7640868.45130000077188, -3922443.897799998521805 ], [ -7640870.0471, -3922448.419300001114607 ], [ -7640871.6963, -3922452.920899998396635 ], [ -7640873.377699999138713, -3922457.411299999803305 ], [ -7640875.070900000631809, -3922461.89809999987483 ], [ -7640876.778300000354648, -3922466.380399998277426 ], [ -7640878.502100000157952, -3922470.856499999761581 ], [ -7640880.244400000199676, -3922475.325399998575449 ], [ -7640882.0077, -3922479.785799998790026 ], [ -7640883.793999999761581, -3922484.2364999987185 ], [ -7640885.605900000780821, -3922488.676199998706579 ], [ -7640887.44539999961853, -3922493.103500001132488 ], [ -7640889.314600000157952, -3922497.517499998211861 ], [ -7640891.188699999824166, -3922501.9331 ], [ -7640893.054700000211596, -3922506.358300000429153 ], [ -7640894.922900000587106, -3922510.786499999463558 ], [ -7640896.803400000557303, -3922515.210700001567602 ], [ -7640898.706700000911951, -3922519.624499998986721 ], [ -7640900.64299999922514, -3922524.021200001239777 ], [ -7640902.622700000181794, -3922528.394000001251698 ], [ -7640904.655999999493361, -3922532.736299999058247 ], [ -7640906.753499999642372, -3922537.041499998420477 ], [ -7640908.925000000745058, -3922541.302799999713898 ], [ -7640911.18129999935627, -3922545.513399999588728 ], [ -7640913.557099999859929, -3922549.654100000858307 ], [ -7640916.086799999698997, -3922553.706599999219179 ], [ -7640918.74269999936223, -3922557.686799999326468 ], [ -7640921.495300000533462, -3922561.611600000411272 ], [ -7640924.315099999308586, -3922565.497600000351667 ], [ -7640927.172800000756979, -3922569.361299999058247 ], [ -7640930.039000000804663, -3922573.2195999994874 ], [ -7640932.884400000795722, -3922577.088899999856949 ], [ -7640935.67960000038147, -3922580.986200001090765 ], [ -7640938.348099999129772, -3922584.999499998986721 ], [ -7640940.863099999725819, -3922589.182 ], [ -7640943.308700000867248, -3922593.4419 ], [ -7640945.770600000396371, -3922597.6864 ], [ -7640948.333599999547005, -3922601.822900000959635 ], [ -7640951.083100000396371, -3922605.758600000292063 ], [ -7640954.104499999433756, -3922609.400600001215935 ], [ -7640957.482799999415874, -3922612.656199999153614 ], [ -7640961.232200000435114, -3922615.5099 ], [ -7640965.060799999162555, -3922618.27760000154376 ], [ -7640968.925300000235438, -3922621.006900001317263 ], [ -7640972.823400000110269, -3922623.699799999594688 ], [ -7640976.7533, -3922626.3585 ], [ -7640980.712899999693036, -3922628.984900001436472 ], [ -7640984.700200000777841, -3922631.581399999558926 ], [ -7640988.713500000536442, -3922634.150199998170137 ], [ -7640992.750499999150634, -3922636.692899998277426 ], [ -7640996.809499999508262, -3922639.212099999189377 ], [ -7641000.888499999418855, -3922641.709899999201298 ], [ -7641004.985300000756979, -3922644.188200000673532 ], [ -7641009.098300000652671, -3922646.64919999986887 ], [ -7641013.225199999287724, -3922649.094999998807907 ], [ -7641017.364299999549985, -3922651.527899999171495 ], [ -7641021.513399999588728, -3922653.949700001627207 ], [ -7641025.670800000429153, -3922656.362799998372793 ], [ -7641029.83420000039041, -3922658.769200000911951 ], [ -7641034.001900000497699, -3922661.17119999974966 ], [ -7641038.171900000423193, -3922663.570599999278784 ], [ -7641042.342199999839067, -3922665.969700001180172 ], [ -7641046.510700000450015, -3922668.370799999684095 ], [ -7641050.675599999725819, -3922670.775499999523163 ], [ -7641054.834899999201298, -3922673.1864 ], [ -7641058.9868, -3922675.605500001460314 ], [ -7641063.129000000655651, -3922678.03489999845624 ], [ -7641067.259800000116229, -3922680.476599998772144 ], [ -7641071.376900000497699, -3922682.93299999833107 ], [ -7641075.478800000622869, -3922685.406100001186132 ], [ -7641079.563200000673532, -3922687.897700000554323 ], [ -7641094.0483, -3922695.777800001204014 ], [ -7641102.446399999782443, -3922700.349899999797344 ], [ -7641110.843599999323487, -3922704.923799999058247 ], [ -7641119.240000000223517, -3922709.499299999326468 ], [ -7641127.635700000450015, -3922714.076699998229742 ], [ -7641136.030600000172853, -3922718.655299998819828 ], [ -7641144.425000000745058, -3922723.235599998384714 ], [ -7641152.818800000473857, -3922727.81700000166893 ], [ -7641161.212099999189377, -3922732.399500001221895 ], [ -7641169.604800000786781, -3922736.9831000007689 ], [ -7641177.997099999338388, -3922741.567600000649691 ], [ -7641186.38910000026226, -3922746.153099998831749 ], [ -7641194.780799999833107, -3922750.73930000141263 ], [ -7641203.1722, -3922755.3260000012815 ], [ -7641211.563300000503659, -3922759.913199998438358 ], [ -7641219.954299999400973, -3922764.500700000673532 ], [ -7641228.345200000330806, -3922769.088599998503923 ], [ -7641236.735999999567866, -3922773.67680000141263 ], [ -7641245.126700000837445, -3922778.264899998903275 ], [ -7641253.5176, -3922782.852899998426437 ], [ -7641261.908399999141693, -3922787.440699998289347 ], [ -7641270.299499999731779, -3922792.028200000524521 ], [ -7641278.690700000151992, -3922796.615299999713898 ], [ -7641287.082000000402331, -3922801.201999999582767 ], [ -7641295.473899999633431, -3922805.787999998778105 ], [ -7641303.86600000038743, -3922810.3733000010252 ], [ -7641312.258400000631809, -3922814.957600001245737 ], [ -7641320.651399999856949, -3922819.54109999909997 ], [ -7641329.044800000265241, -3922824.123500000685453 ], [ -7641337.438799999654293, -3922828.704799998551607 ], [ -7641345.833399999886751, -3922833.284600000828505 ], [ -7641354.22859999909997, -3922837.863000001758337 ], [ -7641362.624500000849366, -3922842.440099999308586 ], [ -7641371.021199999377131, -3922847.015299998223782 ], [ -7641379.418800000101328, -3922851.588899999856949 ], [ -7641387.816999999806285, -3922856.160500001162291 ], [ -7641396.216299999505281, -3922860.73030000180006 ], [ -7641404.616499999538064, -3922865.297899998724461 ], [ -7641413.017799999564886, -3922869.863299999386072 ], [ -7641421.420099999755621, -3922874.4265 ], [ -7641429.8235, -3922878.987199999392033 ], [ -7641438.2281, -3922883.545299999415874 ], [ -7641446.633899999782443, -3922888.10080000013113 ], [ -7641455.040899999439716, -3922892.653599999845028 ], [ -7641463.449400000274181, -3922897.203400000929832 ], [ -7641471.858999999240041, -3922901.750300001353025 ], [ -7641480.270199999213219, -3922906.294100001454353 ], [ -7641488.682800000533462, -3922910.834800001233816 ], [ -7641497.096999999135733, -3922915.372000001370907 ], [ -7641505.512800000607967, -3922919.905900001525879 ], [ -7641513.930099999532104, -3922924.436000000685453 ], [ -7641522.349099999293685, -3922928.962699998170137 ], [ -7641530.769799999892712, -3922933.4857 ], [ -7641539.192500000819564, -3922938.00450000166893 ], [ -7641547.616900000721216, -3922942.519499998539686 ], [ -7641556.043099999427795, -3922947.030499998480082 ], [ -7641564.482200000435114, -3922951.5154 ], [ -7641573.21199999935925, -3922955.402699999511242 ], [ -7641582.218499999493361, -3922958.676199998706579 ], [ -7641591.318199999630451, -3922961.656800001859665 ], [ -7641600.4474, -3922964.480999998748302 ], [ -7641609.695800000801682, -3922966.942699998617172 ], [ -7641619.0406, -3922968.936700001358986 ], [ -7641628.528699999675155, -3922970.333200000226498 ], [ -7641638.165200000628829, -3922971.263399999588728 ], [ -7641647.839400000870228, -3922972.042100001126528 ], [ -7641657.440700000151992, -3922972.983600001782179 ], [ -7641666.8585, -3922974.402800001204014 ], [ -7641675.981899999082088, -3922976.61430000141263 ], [ -7641684.712600000202656, -3922979.935400001704693 ], [ -7641693.063699999824166, -3922984.414700001478195 ], [ -7641701.098500000312924, -3922989.749800000339746 ], [ -7641708.879200000315905, -3922995.6217 ], [ -7641716.468299999833107, -3923001.710999999195337 ], [ -7641723.903699999675155, -3923007.754999998956919 ], [ -7641730.971300000324845, -3923014.175299998372793 ], [ -7641737.7577, -3923020.946800000965595 ], [ -7641744.455, -3923027.834399998188019 ], [ -7641751.255100000649691, -3923034.60190000012517 ], [ -7641758.3465, -3923041.018399998545647 ], [ -7641765.759999999776483, -3923047.056800000369549 ], [ -7641773.3805, -3923052.853000000119209 ], [ -7641781.102700000628829, -3923058.522199999541044 ], [ -7641788.828600000590086, -3923064.17119999974966 ], [ -7641796.612700000405312, -3923069.732999999076128 ], [ -7641804.454700000584126, -3923075.21680000051856 ], [ -7641812.301699999719858, -3923080.692800000309944 ], [ -7641820.101600000634789, -3923086.231600001454353 ], [ -7641827.799499999731779, -3923091.908700000494719 ], [ -7641835.185499999672174, -3923098.092399999499321 ], [ -7641842.4057, -3923104.528999999165535 ], [ -7641849.815400000661612, -3923110.585400000214577 ], [ -7641857.773299999535084, -3923115.625599998980761 ], [ -7641866.570800000801682, -3923119.187300000339746 ], [ -7641875.900699999183416, -3923121.708000000566244 ], [ -7641885.2972, -3923123.835999999195337 ], [ -7641894.697100000455976, -3923125.648499999195337 ], [ -7641904.211899999529123, -3923127.08729999884963 ], [ -7641913.7434, -3923128.438499998301268 ], [ -7641923.193499999120831, -3923129.987399999052286 ], [ -7641932.464600000530481, -3923132.019799999892712 ], [ -7641941.416899999603629, -3923134.931099999696016 ], [ -7641949.730200000107288, -3923139.564599998295307 ], [ -7641957.7027000002563, -3923145.090999998152256 ], [ -7641965.741499999538064, -3923150.386300001293421 ], [ -7641973.752699999138713, -3923155.627099998295307 ], [ -7641981.777599999681115, -3923160.838500000536442 ], [ -7641990.0559, -3923165.599399998784065 ], [ -7641998.797700000926852, -3923169.552799999713898 ], [ -7642007.366599999368191, -3923173.772900000214577 ], [ -7642015.471000000834465, -3923178.926899999380112 ], [ -7642023.52280000038445, -3923184.372400000691414 ], [ -7642031.066600000485778, -3923190.329500000923872 ], [ -7642037.589999999850988, -3923197.0777000002563 ], [ -7642041.981899999082088, -3923205.511799998581409 ], [ -7642045.564400000497699, -3923214.640700001269579 ], [ -7642050.701500000432134, -3923222.625100001692772 ], [ -7642057.997099999338388, -3923229.059300001710653 ], [ -7642063.846899999305606, -3923236.4923 ], [ -7642068.491399999707937, -3923244.875900000333786 ], [ -7642072.887000000104308, -3923253.492800001055002 ], [ -7642076.9199, -3923262.296900000423193 ], [ -7642080.47580000013113, -3923271.241599999368191 ], [ -7642083.4397, -3923280.280999999493361 ], [ -7642084.966499999165535, -3923289.627099998295307 ], [ -7642085.223099999129772, -3923299.296500001102686 ], [ -7642085.429300000891089, -3923309.007599998265505 ], [ -7642086.580600000917912, -3923318.536699999123812 ], [ -7642088.214999999850988, -3923328.007800001651049 ], [ -7642090.22859999909997, -3923337.405200000852346 ], [ -7642092.659199999645352, -3923346.6754 ], [ -7642095.523499999195337, -3923355.82209999859333 ], [ -7642098.709100000560284, -3923364.880800001323223 ], [ -7642102.074200000613928, -3923373.877700001001358 ], [ -7642105.523600000888109, -3923382.825899999588728 ], [ -7642109.209899999201298, -3923391.679999999701977 ], [ -7642113.053600000217557, -3923400.470400001853704 ], [ -7642117.049900000914931, -3923409.1919 ], [ -7642121.36089999973774, -3923417.77930000051856 ], [ -7642124.981499999761581, -3923426.637200001627207 ], [ -7642128.1469, -3923435.693599998950958 ], [ -7642131.286699999123812, -3923444.776700001209974 ], [ -7642134.3581000007689, -3923453.890000000596046 ], [ -7642137.317900000140071, -3923463.036899998784065 ], [ -7642140.123400000855327, -3923472.220899999141693 ], [ -7642142.7314, -3923481.44539999961853 ], [ -7642145.099099999293685, -3923490.713700000196695 ], [ -7642146.86119999922812, -3923500.104100000113249 ], [ -7642147.834599999710917, -3923509.662099998444319 ], [ -7642148.527899999171495, -3923519.281500000506639 ], [ -7642149.454299999400973, -3923528.854200001806021 ], [ -7642151.096799999475479, -3923538.289599999785423 ], [ -7642153.524000000208616, -3923547.597199998795986 ], [ -7642156.574400000274181, -3923556.710799999535084 ], [ -7642160.068099999800324, -3923565.657999999821186 ], [ -7642164.0175, -3923574.455600000917912 ], [ -7642168.653300000354648, -3923582.82149999961257 ], [ -7642174.161499999463558, -3923590.643199998885393 ], [ -7642180.439400000497699, -3923597.963100001215935 ], [ -7642187.2796, -3923604.663800001144409 ], [ -7642194.484899999573827, -3923611.054400000721216 ], [ -7642202.064300000667572, -3923617.047400001436472 ], [ -7642210.090299999341369, -3923622.227200001478195 ], [ -7642218.61849999986589, -3923626.314300000667572 ], [ -7642227.557800000533462, -3923629.6305 ], [ -7642236.744300000369549, -3923632.46169999986887 ], [ -7642246.0132, -3923635.0768 ], [ -7642255.217399999499321, -3923637.705699998885393 ], [ -7642264.491100000217557, -3923639.991500001400709 ], [ -7642273.8293999992311, -3923642.048500001430511 ], [ -7642283.143400000408292, -3923644.193199999630451 ], [ -7642292.4682, -3923646.30629999935627 ], [ -7642301.8015, -3923648.392099998891354 ], [ -7642311.114499999210238, -3923650.544599998742342 ], [ -7642320.378799999132752, -3923652.858300000429153 ], [ -7642329.536000000312924, -3923655.532900001853704 ], [ -7642338.388599999248981, -3923659.263300001621246 ], [ -7642347.311200000345707, -3923662.680799998342991 ], [ -7642356.606100000441074, -3923664.719900000840425 ], [ -7642365.99100000038743, -3923666.47239999845624 ], [ -7642375.427999999374151, -3923668.041799999773502 ], [ -7642384.89949999935925, -3923669.452199999243021 ], [ -7642394.388299999758601, -3923670.727299999445677 ], [ -7642403.877299999818206, -3923671.890799999237061 ], [ -7642413.360600000247359, -3923672.809799998998642 ], [ -7642422.92960000038147, -3923672.295499999076128 ], [ -7642432.458100000396371, -3923672.484000001102686 ], [ -7642441.921, -3923673.878100000321865 ], [ -7642451.30489999987185, -3923675.711899999529123 ], [ -7642460.671900000423193, -3923677.64640000090003 ], [ -7642469.989199999719858, -3923679.793099999427795 ], [ -7642479.198899999260902, -3923682.303899999707937 ], [ -7642488.32039999961853, -3923685.157200001180172 ], [ -7642497.36460000090301, -3923688.287200000137091 ], [ -7642506.3004, -3923691.699999999254942 ], [ -7642515.10080000013113, -3923695.406899999827147 ], [ -7642523.782299999147654, -3923699.405699998140335 ], [ -7642532.375800000503659, -3923703.614900000393391 ], [ -7642540.910499999299645, -3923707.944699998944998 ], [ -7642549.434000000357628, -3923712.294599998742342 ], [ -7642557.927999999374151, -3923716.761599998921156 ], [ -7642565.928600000217557, -3923721.963500000536442 ], [ -7642573.506999999284744, -3923727.77479999884963 ], [ -7642580.9847, -3923733.745799999684095 ], [ -7642588.369400000199676, -3923739.851300001144409 ], [ -7642595.6689, -3923746.065999999642372 ], [ -7642602.891100000590086, -3923752.364799998700619 ], [ -7642610.037100000306964, -3923758.731300000101328 ], [ -7642616.918999999761581, -3923765.393500000238419 ], [ -7642623.600600000470877, -3923772.284200001507998 ], [ -7642630.288599999621511, -3923779.160700000822544 ], [ -7642637.189999999478459, -3923785.779500000178814 ], [ -7642644.487299999222159, -3923791.92680000141263 ], [ -7642652.116499999538064, -3923797.679900001734495 ], [ -7642659.958499999716878, -3923803.176100000739098 ], [ -7642667.909, -3923808.535199999809265 ], [ -7642675.862999999895692, -3923813.8766999989748 ], [ -7642683.746500000357628, -3923819.312899999320507 ], [ -7642691.621799999848008, -3923824.791299998760223 ], [ -7642699.575300000607967, -3923830.135800000280142 ], [ -7642707.692299999296665, -3923835.169300001114607 ], [ -7642716.089500000700355, -3923839.655499998480082 ], [ -7642724.89919999986887, -3923843.346500001847744 ], [ -7642733.879300000146031, -3923846.717000000178814 ], [ -7642742.755699999630451, -3923850.303399998694658 ], [ -7642751.668600000441074, -3923853.8728 ], [ -7642760.610200000926852, -3923857.408500000834465 ], [ -7642769.404100000858307, -3923861.190900001674891 ], [ -7642777.872999999672174, -3923865.500500001013279 ], [ -7642785.74970000050962, -3923870.768699999898672 ], [ -7642793.018799999728799, -3923877.025600001215935 ], [ -7642800.120999999344349, -3923883.559500001370907 ], [ -7642807.447000000625849, -3923889.74210000038147 ], [ -7642814.873199999332428, -3923895.779399998486042 ], [ -7642822.310100000351667, -3923901.804099999368191 ], [ -7642829.718800000846386, -3923907.862300001084805 ], [ -7642837.061000000685453, -3923914.000100001692772 ], [ -7642844.323200000450015, -3923920.233600001782179 ], [ -7642851.536100000143051, -3923926.526299998164177 ], [ -7642858.73369999974966, -3923932.837400000542402 ], [ -7642865.950500000268221, -3923939.125900000333786 ], [ -7642873.229399999603629, -3923945.342000000178814 ], [ -7642880.600700000301003, -3923951.454500000923872 ], [ -7642887.988900000229478, -3923957.547499999403954 ], [ -7642895.307099999859929, -3923963.7162000015378 ], [ -7642902.468599999323487, -3923970.056200001388788 ], [ -7642909.527000000700355, -3923976.548900000751019 ], [ -7642916.50760000012815, -3923983.161200001835823 ], [ -7642923.217700000852346, -3923990.015000000596046 ], [ -7642929.464299999177456, -3923997.23200000077486 ], [ -7642935.075099999085069, -3924004.941199999302626 ], [ -7642940.182900000363588, -3924013.054499998688698 ], [ -7642945.069599999114871, -3924021.345300000160933 ], [ -7642950.017799999564886, -3924029.58669999986887 ], [ -7642955.100299999117851, -3924037.686099998652935 ], [ -7642959.9857, -3924045.945500001311302 ], [ -7642964.706199999898672, -3924054.291299998760223 ], [ -7642969.07289999909699, -3924062.81980000063777 ], [ -7642973.099600000306964, -3924071.550900001078844 ], [ -7642976.553600000217557, -3924080.502399999648333 ], [ -7642979.366499999538064, -3924089.654599998146296 ], [ -7642981.906099999323487, -3924098.906399998813868 ], [ -7642984.240199999883771, -3924108.225900001823902 ], [ -7642986.42339999973774, -3924117.583799999207258 ], [ -7642988.510600000619888, -3924126.951299998909235 ], [ -7642990.521099999547005, -3924136.341299999505281 ], [ -7642992.392200000584126, -3924145.7665 ], [ -7642994.049799999222159, -3924155.225000001490116 ], [ -7642995.420299999415874, -3924164.713799998164177 ], [ -7642996.114099999889731, -3924174.295699998736382 ], [ -7642996.179999999701977, -3924183.968199998140335 ], [ -7642996.479599999263883, -3924193.579199999570847 ], [ -7642997.863099999725819, -3924202.980399999767542 ], [ -7643000.44679999910295, -3924212.20549999922514 ], [ -7643003.85329999960959, -3924221.250599998980761 ], [ -7643007.80519999936223, -3924230.042399998754263 ], [ -7643012.22829999960959, -3924238.50620000064373 ], [ -7643017.212600000202656, -3924246.694499999284744 ], [ -7643022.43779999949038, -3924254.765999998897314 ], [ -7643027.57289999909699, -3924262.881299998611212 ], [ -7643032.694599999114871, -3924274.981100000441074 ], [ -7643036.433800000697374, -3924283.828299999237061 ], [ -7643040.459300000220537, -3924292.520399998873472 ], [ -7643045.0044, -3924300.933899998664856 ], [ -7643050.028999999165535, -3924309.096500001847744 ], [ -7643055.345100000500679, -3924317.094000000506639 ], [ -7643060.764699999243021, -3924325.011 ], [ -7643066.112600000575185, -3924333.006999999284744 ], [ -7643071.508500000461936, -3924340.997699998319149 ], [ -7643077.202600000426173, -3924348.712999999523163 ], [ -7643083.445900000631809, -3924355.883000001311302 ], [ -7643090.4781, -3924362.342700000852346 ], [ -7643098.132799999788404, -3924368.191100001335144 ], [ -7643106.10249999910593, -3924373.566399998962879 ], [ -7643114.304700000211596, -3924378.421 ], [ -7643122.849899999797344, -3924382.730500001460314 ], [ -7643131.477900000289083, -3924386.915399998426437 ], [ -7643139.838999999687076, -3924391.602099999785423 ], [ -7643148.396600000560284, -3924395.740899998694658 ], [ -7643157.458699999377131, -3924398.842300001531839 ], [ -7643166.55320000089705, -3924401.973200000822544 ], [ -7643175.679199999198318, -3924405.0482 ], [ -7643184.835400000214577, -3924407.981800001114607 ], [ -7643194.021099999547005, -3924410.688799999654293 ], [ -7643203.235300000756979, -3924413.083999998867512 ], [ -7643212.477, -3924415.081399999558926 ], [ -7643221.855799999088049, -3924415.935899998992682 ], [ -7643231.444299999624491, -3924414.970800001174212 ], [ -7643241.005400000140071, -3924413.227699998766184 ], [ -7643250.3429000005126, -3924411.283300001174212 ], [ -7643259.5329, -3924408.61939999833703 ], [ -7643268.717499999329448, -3924405.902199998497963 ], [ -7643277.980599999427795, -3924403.548099998384714 ], [ -7643287.261, -3924401.259799998253584 ], [ -7643296.493100000545382, -3924398.809000000357628 ], [ -7643305.299900000914931, -3924394.640900000929832 ], [ -7643314.598400000482798, -3924392.587799999862909 ], [ -7643324.013399999588728, -3924390.508900001645088 ], [ -7643333.781300000846386, -3924390.408100001513958 ], [ -7643343.232899999246001, -3924390.288600001484156 ], [ -7643352.7522, -3924391.614999998360872 ], [ -7643362.044099999591708, -3924394.411100000143051 ], [ -7643370.531899999827147, -3924398.598700001835823 ], [ -7643378.39949999935925, -3924403.9712999984622 ], [ -7643385.947200000286102, -3924409.999299999326468 ], [ -7643393.402499999850988, -3924416.116700001060963 ], [ -7643400.23960000090301, -3924422.729800000786781 ], [ -7643407.639399999752641, -3924428.797699999064207 ], [ -7643415.043999999761581, -3924434.872299998998642 ], [ -7643422.469499999657273, -3924440.926300000399351 ], [ -7643429.932299999520183, -3924446.932199999690056 ], [ -7643437.448599999770522, -3924452.86259999871254 ], [ -7643445.034900000318885, -3924458.690200001001358 ], [ -7643452.707599999383092, -3924464.386900000274181 ], [ -7643460.67960000038147, -3924469.64469999819994 ], [ -7643468.943499999120831, -3924474.479100000113249 ], [ -7643477.242599999532104, -3924479.268500000238419 ], [ -7643485.33500000089407, -3924484.368900001049042 ], [ -7643493.290400000289083, -3924489.68299999833107 ], [ -7643501.177200000733137, -3924495.104200001806021 ], [ -7643508.994999999180436, -3924500.624400001019239 ], [ -7643516.7511, -3924506.229200001806021 ], [ -7643524.688200000673532, -3924511.701999999582767 ], [ -7643532.588199999183416, -3924517.246500000357628 ], [ -7643539.995999999344349, -3924523.277800001204014 ], [ -7643546.503799999132752, -3924530.165699999779463 ], [ -7643552.376800000667572, -3924537.653099998831749 ], [ -7643557.884999999776483, -3924545.487799998372793 ], [ -7643563.19510000012815, -3924553.517200000584126 ], [ -7643568.473500000312924, -3924561.587699998170137 ], [ -7643573.887000000104308, -3924569.546399999409914 ], [ -7643579.597999999299645, -3924577.244899999350309 ], [ -7643585.4945, -3924584.84739999845624 ], [ -7643591.551300000399351, -3924592.353999998420477 ], [ -7643597.907700000330806, -3924599.5548 ], [ -7643604.703600000590086, -3924606.239500001072884 ], [ -7643612.05379999987781, -3924612.250300001353025 ], [ -7643619.870699999853969, -3924617.718800000846386 ], [ -7643627.969399999827147, -3924622.864100001752377 ], [ -7643636.163699999451637, -3924627.904599998146296 ], [ -7643644.2676, -3924633.058699999004602 ], [ -7643652.221200000494719, -3924638.404599998146296 ], [ -7643660.274700000882149, -3924643.664299998432398 ], [ -7643668.228000000119209, -3924649.045499999076128 ], [ -7643675.837799999862909, -3924654.803800001740456 ], [ -7643682.925200000405312, -3924661.162599999457598 ], [ -7643689.670399999246001, -3924668.064800001680851 ], [ -7643695.902499999850988, -3924675.462999999523163 ], [ -7643701.374099999666214, -3924683.335700001567602 ], [ -7643706.022399999201298, -3924691.633900001645088 ], [ -7643710.254200000315905, -3924700.234900001436472 ], [ -7643714.126499999314547, -3924709.064800001680851 ], [ -7643717.668800000101328, -3924718.053100001066923 ], [ -7643720.910299999639392, -3924727.129900000989437 ], [ -7643723.868000000715256, -3924736.230099998414516 ], [ -7643726.071100000292063, -3924745.52760000154376 ], [ -7643727.580900000408292, -3924755.031800001859665 ], [ -7643728.8293999992311, -3924764.602000001817942 ], [ -7643730.211300000548363, -3924774.111999999731779 ], [ -7643731.666400000452995, -3924783.601700000464916 ], [ -7643733.09940000064671, -3924793.097100000828505 ], [ -7643734.467800000682473, -3924802.600999999791384 ], [ -7643735.728399999439716, -3924812.1162 ], [ -7643736.838899999856949, -3924821.645399998873472 ], [ -7643737.734899999573827, -3924831.194899998605251 ], [ -7643738.315700000151992, -3924840.779100000858307 ], [ -7643738.695699999108911, -3924850.3849 ], [ -7643739.017899999395013, -3924859.995200000703335 ], [ -7643739.425799999386072, -3924869.592799998819828 ], [ -7643740.0625, -3924879.160700000822544 ], [ -7643741.057299999520183, -3924888.688999999314547 ], [ -7643742.136499999091029, -3924898.35249999910593 ], [ -7643743.4167, -3924908.057700000703335 ], [ -7643745.269300000742078, -3924917.56810000166297 ], [ -7643748.065500000491738, -3924926.647300001233816 ], [ -7643752.0932, -3924935.117199998348951 ], [ -7643757.024900000542402, -3924943.191500000655651 ], [ -7643762.5998, -3924950.986099999397993 ], [ -7643768.610300000756979, -3924958.575199998915195 ], [ -7643774.849099999293685, -3924966.033500000834465 ], [ -7643781.1085, -3924973.4353 ], [ -7643787.236999999731779, -3924980.823600001633167 ], [ -7643793.673499999567866, -3924987.934300001710653 ], [ -7643800.355799999088049, -3924994.847800001502037 ], [ -7643807.025900000706315, -3925001.761999998241663 ], [ -7643813.426200000569224, -3925008.874800000339746 ], [ -7643819.298900000751019, -3925016.384100001305342 ], [ -7643824.487500000745058, -3925024.401099998503923 ], [ -7643829.20299999974668, -3925032.766199998557568 ], [ -7643833.733799999579787, -3925041.269000001251698 ], [ -7643838.3684, -3925049.698699999600649 ], [ -7643843.395099999383092, -3925057.844900000840425 ], [ -7643849.268100000917912, -3925065.386 ], [ -7643855.864199999719858, -3925072.412900000810623 ], [ -7643862.33, -3925079.524399999529123 ], [ -7643867.8509, -3925087.293699998408556 ], [ -7643872.894200000911951, -3925095.437399998307228 ], [ -7643877.827600000426173, -3925103.692600000649691 ], [ -7643882.61629999987781, -3925112.053399998694658 ], [ -7643887.224999999627471, -3925120.514199998229742 ], [ -7643891.618699999526143, -3925129.069200001657009 ], [ -7643895.7621, -3925137.712900001555681 ], [ -7643899.620300000533462, -3925146.438999999314547 ], [ -7643902.572499999776483, -3925155.486600000411272 ], [ -7643904.443099999800324, -3925164.944699998944998 ], [ -7643906.066999999806285, -3925174.501800000667572 ], [ -7643908.280200000852346, -3925183.84569999948144 ], [ -7643911.654899999499321, -3925192.7668999992311 ], [ -7643915.781999999657273, -3925201.421100001782179 ], [ -7643920.26410000026226, -3925209.9452 ], [ -7643924.716600000858307, -3925218.471099998801947 ], [ -7643929.053099999204278, -3925227.025400001555681 ], [ -7643933.473200000822544, -3925235.539900001138449 ], [ -7643937.921399999409914, -3925244.040600001811981 ], [ -7643942.340900000184774, -3925252.554200001060963 ], [ -7643946.675000000745058, -3925261.106600001454353 ], [ -7643950.866900000721216, -3925269.724800001829863 ], [ -7643954.687100000679493, -3925278.534800000488758 ], [ -7643957.871799999848008, -3925287.686700001358986 ], [ -7643961.00899999961257, -3925296.840900000184774 ], [ -7643964.736999999731779, -3925305.628600001335144 ], [ -7643969.661000000312924, -3925313.698300000280142 ], [ -7643975.75029999949038, -3925321.061000000685453 ], [ -7643982.477099999785423, -3925328.033100001513958 ], [ -7643989.312000000849366, -3925334.936900001019239 ], [ -7643995.72550000064075, -3925342.094500001519918 ], [ -7644001.188699999824166, -3925349.827500000596046 ], [ -7644005.505699999630451, -3925358.255699999630451 ], [ -7644009.028300000354648, -3925367.165199998766184 ], [ -7644012.103000000119209, -3925376.343100000172853 ], [ -7644015.0768, -3925385.577199999243021 ], [ -7644018.293400000780821, -3925394.657600000500679 ], [ -7644021.76659999974072, -3925403.613299999386072 ], [ -7644025.245400000363588, -3925412.571699999272823 ], [ -7644028.543199999257922, -3925421.581900000572205 ], [ -7644031.471799999475479, -3925430.693500000983477 ], [ -7644033.558599999174476, -3925440.040899999439716 ], [ -7644035.055400000885129, -3925449.549199998378754 ], [ -7644036.643200000748038, -3925459.021999999880791 ], [ -7644038.296399999409914, -3925468.480700001120567 ], [ -7644039.862600000575185, -3925477.952300000935793 ], [ -7644041.223600000143051, -3925487.449299998581409 ], [ -7644042.1404, -3925497.008000001311302 ], [ -7644042.653400000184774, -3925506.625100001692772 ], [ -7644043.282800000160933, -3925516.217300001531839 ], [ -7644044.555600000545382, -3925525.699400000274181 ], [ -7644046.564500000327826, -3925535.061000000685453 ], [ -7644048.909700000658631, -3925544.370299998670816 ], [ -7644051.463999999687076, -3925553.644200000911951 ], [ -7644054.100400000810623, -3925562.899700000882149 ], [ -7644056.691999999806285, -3925572.15430000051856 ], [ -7644059.1119, -3925581.424800001084805 ], [ -7644059.433800000697374, -3925590.827300000935793 ], [ -7644063.103900000452995, -3925599.703600000590086 ], [ -7644066.768999999389052, -3925608.781100001186132 ], [ -7644070.57039999961853, -3925617.846400000154972 ], [ -7644074.652000000700355, -3925626.6858000010252 ], [ -7644079.1579, -3925635.085700001567602 ], [ -7644084.231799999251962, -3925642.832299999892712 ], [ -7644091.354299999773502, -3925648.91160000115633 ], [ -7644100.924799999222159, -3925652.252399999648333 ], [ -7644110.318600000813603, -3925653.064500000327826 ], [ -7644119.656899999827147, -3925650.949999999254942 ], [ -7644129.126199999824166, -3925648.392499998211861 ], [ -7644138.609899999573827, -3925647.8462999984622 ], [ -7644148.148299999535084, -3925648.260800000280142 ], [ -7644157.704, -3925649.178399998694658 ], [ -7644167.222899999469519, -3925650.401700001209974 ], [ -7644176.656500000506639, -3925651.856699999421835 ], [ -7644186.018100000917912, -3925653.766399998217821 ], [ -7644195.3542, -3925655.864799998700619 ], [ -7644204.711899999529123, -3925657.837000001221895 ], [ -7644214.143100000917912, -3925659.374899998307228 ], [ -7644223.682199999690056, -3925660.435199998319149 ], [ -7644233.262000000104308, -3925661.300200000405312 ], [ -7644242.80489999987185, -3925662.272300001233816 ], [ -7644252.232300000265241, -3925663.653099998831749 ], [ -7644261.4671, -3925665.74439999833703 ], [ -7644270.523199999704957, -3925668.696600001305342 ], [ -7644279.406700000166893, -3925672.373799998313189 ], [ -7644288.07120000012219, -3925676.616500001400709 ], [ -7644296.470300000160933, -3925681.265000000596046 ], [ -7644304.5929000005126, -3925686.2478 ], [ -7644312.500600000843406, -3925691.650600001215935 ], [ -7644320.19789999909699, -3925697.402899999171495 ], [ -7644327.6864, -3925703.427000001072884 ], [ -7644334.967700000852346, -3925709.644600000232458 ], [ -7644342.000399999320507, -3925716.113099999725819 ], [ -7644348.775699999183416, -3925722.890500001609325 ], [ -7644355.349600000306964, -3925729.88740000128746 ], [ -7644361.777899999171495, -3925737.014600001275539 ], [ -7644368.121099999174476, -3925744.195000000298023 ], [ -7644374.356899999082088, -3925751.52479999884963 ], [ -7644380.210200000554323, -3925759.142200000584126 ], [ -7644385.375600000843406, -3925767.170699998736382 ], [ -7644389.752900000661612, -3925775.662599999457598 ], [ -7644393.67369999922812, -3925784.435100000351667 ], [ -7644397.52280000038445, -3925793.26069999858737 ], [ -7644401.684599999338388, -3925801.91160000115633 ], [ -7644406.28969999961555, -3925810.313999999314547 ], [ -7644411.109899999573827, -3925818.60190000012517 ], [ -7644416.0176, -3925826.843899998813868 ], [ -7644420.8849, -3925835.108800001442432 ], [ -7644425.627499999478459, -3925843.442499998956919 ], [ -7644430.364199999719858, -3925851.782200001180172 ], [ -7644435.065700000151992, -3925860.1418999992311 ], [ -7644439.675699999555945, -3925868.550000000745058 ], [ -7644444.137499999254942, -3925877.034800000488758 ], [ -7644448.432700000703335, -3925885.60530000180006 ], [ -7644452.615299999713898, -3925894.234200000762939 ], [ -7644456.72719999961555, -3925902.899900000542402 ], [ -7644460.810200000181794, -3925911.580699998885393 ], [ -7644464.906199999153614, -3925920.2555 ], [ -7644469.057, -3925928.902300000190735 ], [ -7644473.3147, -3925937.495299998670816 ], [ -7644477.760900000110269, -3925945.999099999666214 ], [ -7644482.29759999923408, -3925954.459199998527765 ], [ -7644486.792400000616908, -3925962.9364 ], [ -7644491.113399999216199, -3925971.491099998354912 ], [ -7644495.132400000467896, -3925980.183499999344349 ], [ -7644498.82630000077188, -3925989.03660000115633 ], [ -7644502.23369999974966, -3925998.018899999558926 ], [ -7644505.383199999108911, -3926007.094799999147654 ], [ -7644508.312100000679493, -3926016.229499999433756 ], [ -7644511.1744, -3926025.409499999135733 ], [ -7644513.931500000879169, -3926034.6382 ], [ -7644516.4704, -3926043.917599998414516 ], [ -7644518.678099999204278, -3926053.249800000339746 ], [ -7644520.42820000089705, -3926062.639199998229742 ], [ -7644521.247199999168515, -3926072.160999998450279 ], [ -7644521.379899999126792, -3926081.787900000810623 ], [ -7644521.422900000587106, -3926091.434599999338388 ], [ -7644521.872600000351667, -3926101.030000001192093 ], [ -7644522.474999999627471, -3926110.609700001776218 ], [ -7644523.128100000321865, -3926120.186799999326468 ], [ -7644523.81110000051558, -3926129.761900000274181 ], [ -7644524.503000000491738, -3926139.336300000548363 ], [ -7644525.237400000914931, -3926148.907299999147654 ], [ -7644526.027699999511242, -3926158.474500000476837 ], [ -7644526.7804000005126, -3926168.0439000017941 ], [ -7644527.421499999240041, -3926177.621599998325109 ], [ -7644528.089500000700355, -3926187.208200000226498 ], [ -7644528.698000000789762, -3926196.798900000751019 ], [ -7644529.079700000584126, -3926206.388900000602007 ], [ -7644529.060000000521541, -3926215.973499998450279 ], [ -7644528.472300000488758, -3926225.555100001394749 ], [ -7644527.5603, -3926235.135200001299381 ], [ -7644526.6678, -3926244.712699998170137 ], [ -7644526.138299999758601, -3926254.286699999123812 ], [ -7644526.29109999909997, -3926263.855399999767542 ], [ -7644527.0833, -3926273.415600001811981 ], [ -7644528.198000000789762, -3926282.972500000149012 ], [ -7644529.31220000050962, -3926292.531300000846386 ], [ -7644530.102700000628829, -3926302.098099999129772 ], [ -7644530.375700000673532, -3926311.684399999678135 ], [ -7644530.479299999773502, -3926321.308200001716614 ], [ -7644530.397399999201298, -3926330.944499999284744 ], [ -7644530.05320000089705, -3926340.563999999314547 ], [ -7644529.370699999853969, -3926350.137299999594688 ], [ -7644528.273, -3926359.635899998247623 ], [ -7644526.690999999642372, -3926369.0793999992311 ], [ -7644524.667400000616908, -3926378.47859999909997 ], [ -7644522.281899999827147, -3926387.814899999648333 ], [ -7644519.614299999549985, -3926397.069699998944998 ], [ -7644516.743899999186397, -3926406.225000001490116 ], [ -7644513.506899999454618, -3926415.231699999421835 ], [ -7644509.834499999880791, -3926424.096400000154972 ], [ -7644505.917500000447035, -3926432.8761 ], [ -7644501.946699999272823, -3926441.628600001335144 ], [ -7644497.977600000798702, -3926450.361600000411272 ], [ -7644493.7818, -3926458.991700001060963 ], [ -7644489.620799999684095, -3926467.63569999858737 ], [ -7644485.785900000482798, -3926476.420699998736382 ], [ -7644482.253799999132752, -3926485.336300000548363 ], [ -7644478.870799999684095, -3926494.315999999642372 ], [ -7644475.523, -3926503.311500001698732 ], [ -7644472.096400000154972, -3926512.27419999986887 ], [ -7644468.496500000357628, -3926521.174699999392033 ], [ -7644464.7895, -3926530.03999999910593 ], [ -7644461.091700000688434, -3926538.907600000500679 ], [ -7644457.519899999722838, -3926547.814500000327826 ], [ -7644454.1908, -3926556.798099998384714 ], [ -7644451.227, -3926565.898400001227856 ], [ -7644448.722300000488758, -3926575.147599998861551 ], [ -7644446.556199999526143, -3926584.504599999636412 ], [ -7644444.5746, -3926593.916400000452995 ], [ -7644442.623500000685453, -3926603.329700000584126 ], [ -7644440.6305, -3926612.717999998480082 ], [ -7644438.738099999725819, -3926622.127300001680851 ], [ -7644436.921499999240041, -3926631.552799999713898 ], [ -7644435.1426, -3926640.985800001770258 ], [ -7644433.348099999129772, -3926650.416400000452995 ], [ -7644431.463600000366569, -3926659.838799998164177 ], [ -7644429.58500000089407, -3926669.263999998569489 ], [ -7644427.83049999922514, -3926678.704300001263618 ], [ -7644426.318399999290705, -3926688.172699999064207 ], [ -7644425.11600000038743, -3926697.691199999302626 ], [ -7644424.136800000444055, -3926707.290800001472235 ], [ -7644423.596699999645352, -3926716.915699999779463 ], [ -7644423.753200000151992, -3926726.5 ], [ -7644424.610200000926852, -3926736.031399998813868 ], [ -7644425.6415, -3926745.601599998772144 ], [ -7644426.847699999809265, -3926755.182900000363588 ], [ -7644428.263399999588728, -3926764.7412 ], [ -7644429.923000000417233, -3926774.241599999368191 ], [ -7644431.8608, -3926783.649700000882149 ], [ -7644434.111300000920892, -3926792.9309 ], [ -7644436.919800000265241, -3926801.99040000140667 ], [ -7644441.026900000870228, -3926810.614 ], [ -7644445.900399999693036, -3926818.977600000798702 ], [ -7644450.857100000604987, -3926827.301899999380112 ], [ -7644455.419700000435114, -3926835.74720000103116 ], [ -7644459.912000000476837, -3926844.225000001490116 ], [ -7644464.408700000494719, -3926852.702100001275539 ], [ -7644468.94539999961853, -3926861.155900001525879 ], [ -7644473.557900000363588, -3926869.563900001347065 ], [ -7644478.281700000166893, -3926877.903799999505281 ], [ -7644483.157299999147654, -3926886.150100000202656 ], [ -7644488.293099999427795, -3926894.236400000751019 ], [ -7644493.636600000783801, -3926902.195500001311302 ], [ -7644499.073000000789762, -3926910.098499998450279 ], [ -7644504.487600000575185, -3926918.016600001603365 ], [ -7644509.76630000025034, -3926926.019999999552965 ], [ -7644514.9507, -3926934.084100000560284 ], [ -7644520.11460000090301, -3926942.162900000810623 ], [ -7644525.2489, -3926950.261 ], [ -7644530.344000000506639, -3926958.383400000631809 ], [ -7644535.3904, -3926966.535199999809265 ], [ -7644540.378900000825524, -3926974.721200000494719 ], [ -7644545.291300000622869, -3926982.954 ], [ -7644550.100700000301003, -3926991.252000000327826 ], [ -7644554.799100000411272, -3926999.614700000733137 ], [ -7644559.379200000315905, -3927008.04109999909997 ], [ -7644563.832299999892712, -3927016.532600000500679 ], [ -7644568.163499999791384, -3927025.089600000530481 ], [ -7644572.415100000798702, -3927033.689800001680851 ], [ -7644576.631699999794364, -3927042.308600001037121 ], [ -7644580.85840000025928, -3927050.921599999070168 ], [ -7644585.140100000426173, -3927059.503699999302626 ], [ -7644589.52170000039041, -3927068.030799999833107 ], [ -7644594.211300000548363, -3927076.389600001275539 ], [ -7644599.412200000137091, -3927084.468299999833107 ], [ -7644604.389599999412894, -3927092.661200001835823 ], [ -7644608.644500000402331, -3927101.239399999380112 ], [ -7644612.73960000090301, -3927109.909400001168251 ], [ -7644616.741900000721216, -3927118.631299998611212 ], [ -7644620.653599999845028, -3927127.39919999986887 ], [ -7644624.477099999785423, -3927136.206999998539686 ], [ -7644628.214800000190735, -3927145.048799999058247 ], [ -7644631.869100000709295, -3927153.918499998748302 ], [ -7644635.365599999204278, -3927162.843199998140335 ], [ -7644638.534199999645352, -3927171.896699998527765 ], [ -7644641.515000000596046, -3927181.024500001221895 ], [ -7644644.470000000670552, -3927190.16270000115037 ], [ -7644647.545199999585748, -3927199.254099998623133 ], [ -7644650.667600000277162, -3927208.326999999582767 ], [ -7644653.794800000265241, -3927217.398499999195337 ], [ -7644656.925100000575185, -3927226.468899998813868 ], [ -7644660.056800000369549, -3927235.538600001484156 ], [ -7644663.188300000503659, -3927244.608600001782179 ], [ -7644666.318, -3927253.679099999368191 ], [ -7644670.4002, -3927262.274900000542402 ], [ -7644672.441299999132752, -3927266.628400001674891 ], [ -7644674.581000000238419, -3927270.921999998390675 ], [ -7644676.903799999505281, -3927275.104499999433756 ], [ -7644679.4474, -3927279.155900001525879 ], [ -7644682.022900000214577, -3927283.205400001257658 ], [ -7644684.608200000599027, -3927287.263300001621246 ], [ -7644687.213300000876188, -3927291.31700000166893 ], [ -7644689.848400000482798, -3927295.354499999433756 ], [ -7644692.5241, -3927299.363400001078844 ], [ -7644695.25029999949038, -3927303.331500001251698 ], [ -7644698.037499999627471, -3927307.246800001710653 ], [ -7644700.895899999886751, -3927311.096700001507998 ], [ -7644703.83559999987483, -3927314.86939999833703 ], [ -7644706.86710000038147, -3927318.552200000733137 ], [ -7644710.000399999320507, -3927322.133200000971556 ], [ -7644713.2599, -3927325.592500001192093 ], [ -7644716.657600000500679, -3927328.925900001078844 ], [ -7644720.1733, -3927332.151000000536442 ], [ -7644723.7862, -3927335.286499999463558 ], [ -7644727.476299999281764, -3927338.350499998778105 ], [ -7644731.222899999469519, -3927341.361600000411272 ], [ -7644735.005999999120831, -3927344.337799999862909 ], [ -7644738.80489999987185, -3927347.297200001776218 ], [ -7644742.59940000064671, -3927350.258600000292063 ], [ -7644746.368899999186397, -3927353.239799998700619 ], [ -7644750.093299999833107, -3927356.259300000965595 ], [ -7644753.791400000452995, -3927359.2982 ], [ -7644757.509199999272823, -3927362.313400000333786 ], [ -7644761.2423, -3927365.309799998998642 ], [ -7644764.986999999731779, -3927368.292899999767542 ], [ -7644768.738199999555945, -3927371.267700001597404 ], [ -7644772.491699999198318, -3927374.239599999040365 ], [ -7644776.243300000205636, -3927377.213799998164177 ], [ -7644779.988399999216199, -3927380.195599999278784 ], [ -7644783.722699999809265, -3927383.190099999308586 ], [ -7644787.441700000315905, -3927386.202500000596046 ], [ -7644791.141000000759959, -3927389.238400001078844 ], [ -7644794.816299999132752, -3927392.302700001746416 ], [ -7644798.470799999311566, -3927395.395700000226498 ], [ -7644802.19370000064373, -3927398.458599999547005 ], [ -7644805.98340000025928, -3927401.490499999374151 ], [ -7644809.803899999707937, -3927404.513399999588728 ], [ -7644813.619300000369549, -3927407.549199998378754 ], [ -7644817.393400000408292, -3927410.619699999690056 ], [ -7644821.090399999171495, -3927413.747000001370907 ], [ -7644824.6743, -3927416.9527000002563 ], [ -7644828.108899999409914, -3927420.259100001305342 ], [ -7644831.3585, -3927423.687600001692772 ], [ -7644834.386900000274181, -3927427.260499998927116 ], [ -7644837.132999999448657, -3927431.015700001269579 ], [ -7644839.324999999254942, -3927435.127099998295307 ], [ -7644841.025399999693036, -3927439.55799999833107 ], [ -7644842.395500000566244, -3927444.208700001239777 ], [ -7644843.596200000494719, -3927448.979499999433756 ], [ -7644844.788899999111891, -3927453.770799998193979 ], [ -7644846.134600000455976, -3927458.483199998736382 ], [ -7644847.794199999421835, -3927463.0165 ], [ -7644849.899900000542402, -3927467.291499998420477 ], [ -7644852.214099999517202, -3927471.471400000154972 ], [ -7644854.642000000923872, -3927475.611299999058247 ], [ -7644857.177899999544024, -3927479.703899998217821 ], [ -7644859.816600000485778, -3927483.742400001734495 ], [ -7644862.552200000733137, -3927487.719500001519918 ], [ -7644865.379100000485778, -3927491.628600001335144 ], [ -7644868.292199999094009, -3927495.462400000542402 ], [ -7644871.285399999469519, -3927499.213799998164177 ], [ -7644874.353399999439716, -3927502.875999998301268 ], [ -7644877.527899999171495, -3927506.417700000107288 ], [ -7644880.893300000578165, -3927509.785199999809265 ], [ -7644884.413200000301003, -3927513.0135000012815 ], [ -7644888.045, -3927516.142200000584126 ], [ -7644891.744999999180436, -3927519.211300000548363 ], [ -7644895.470599999651313, -3927522.260400000959635 ], [ -7644899.178600000217557, -3927525.3293999992311 ], [ -7644902.8256, -3927528.458000000566244 ], [ -7644906.368899999186397, -3927531.685899998992682 ], [ -7644909.875099999830127, -3927534.972100000828505 ], [ -7644913.517200000584126, -3927538.187100000679493 ], [ -7644917.232200000435114, -3927541.36879999935627 ], [ -7644920.949200000613928, -3927544.559900000691414 ], [ -7644924.597799999639392, -3927547.8037 ], [ -7644928.107100000604987, -3927551.142700001597404 ], [ -7644931.406600000336766, -3927554.620000001043081 ], [ -7644934.425599999725819, -3927558.278599999845028 ], [ -7644937.093399999663234, -3927562.161499999463558 ], [ -7644939.356699999421835, -3927566.300700001418591 ], [ -7644941.468499999493361, -3927570.537300001829863 ], [ -7644943.5351, -3927574.803899999707937 ], [ -7644945.559000000357628, -3927579.098999999463558 ], [ -7644947.542400000616908, -3927583.421300001442432 ], [ -7644949.487500000745058, -3927587.769000001251698 ], [ -7644951.396600000560284, -3927592.140700001269579 ], [ -7644953.2719, -3927596.534699998795986 ], [ -7644955.115800000727177, -3927600.949299998581409 ], [ -7644956.930500000715256, -3927605.383299998939037 ], [ -7644958.718100000172853, -3927609.83500000089407 ], [ -7644960.481000000610948, -3927614.302700001746416 ], [ -7644962.221300000324845, -3927618.78489999845624 ], [ -7644963.941400000825524, -3927623.280000001192093 ], [ -7644965.6436, -3927627.78660000115633 ], [ -7644967.33, -3927632.30290000140667 ], [ -7644969.002800000831485, -3927636.827500000596046 ], [ -7644970.66440000012517, -3927641.358800001442432 ], [ -7644972.316999999806285, -3927645.895199999213219 ], [ -7644973.962899999693036, -3927650.435199998319149 ], [ -7644975.6042, -3927654.977099999785423 ], [ -7644977.2434, -3927659.519400000572205 ], [ -7644978.882500000298023, -3927664.060600001364946 ], [ -7644980.523900000378489, -3927668.59910000115633 ], [ -7644982.169800000265241, -3927673.133299998939037 ], [ -7644983.8224, -3927677.661699999123812 ], [ -7644985.483899999409914, -3927682.182599999010563 ], [ -7644987.156899999827147, -3927686.694499999284744 ], [ -7644988.8432, -3927691.195900000631809 ], [ -7644990.545299999415874, -3927695.685199998319149 ], [ -7644992.235500000417233, -3927700.173900000751019 ], [ -7644993.845200000330806, -3927704.692200001329184 ], [ -7644995.390799999237061, -3927709.234700001776218 ], [ -7644996.892400000244379, -3927713.793400000780821 ], [ -7644998.370500000193715, -3927718.360599998384714 ], [ -7644999.846000000834465, -3927722.928899999707937 ], [ -7645001.338899999856949, -3927727.490699999034405 ], [ -7645002.869999999180436, -3927732.037799999117851 ], [ -7645004.459899999201298, -3927736.563000001013279 ], [ -7645006.115000000223517, -3927741.065400000661612 ], [ -7645007.810799999162555, -3927745.557100001722574 ], [ -7645009.560599999502301, -3927750.02930000051856 ], [ -7645011.380899999290705, -3927754.471799999475479 ], [ -7645013.288200000301003, -3927758.874200001358986 ], [ -7645015.298800000920892, -3927763.226100001484156 ], [ -7645017.371300000697374, -3927767.551600001752377 ], [ -7645019.430700000375509, -3927771.894400000572205 ], [ -7645021.4869, -3927776.246100001037121 ], [ -7645023.551000000908971, -3927780.598299998790026 ], [ -7645025.634199999272823, -3927784.942099999636412 ], [ -7645027.747300000861287, -3927789.269000001251698 ], [ -7645029.901100000366569, -3927793.5702 ], [ -7645032.107100000604987, -3927797.837000001221895 ], [ -7645034.375900000333786, -3927802.0608000010252 ], [ -7645036.718699999153614, -3927806.232900001108646 ], [ -7645039.146500000730157, -3927810.344700001180172 ], [ -7645041.670199999585748, -3927814.387499999254942 ], [ -7645044.327299999073148, -3927818.340199999511242 ], [ -7645047.167099999263883, -3927822.178399998694658 ], [ -7645050.164300000295043, -3927825.91499999910593 ], [ -7645053.290999999269843, -3927829.563200000673532 ], [ -7645056.519300000742078, -3927833.136900000274181 ], [ -7645059.82120000012219, -3927836.649599999189377 ], [ -7645063.168700000271201, -3927840.1151 ], [ -7645066.534, -3927843.5471 ], [ -7645069.8902000002563, -3927846.958299998193979 ], [ -7645073.381300000473857, -3927850.214099999517202 ], [ -7645077.066700000315905, -3927853.269099999219179 ], [ -7645080.862199999392033, -3927856.207800000905991 ], [ -7645084.683900000527501, -3927859.1151 ], [ -7645088.459799999371171, -3927862.063000001013279 ], [ -7645092.264000000432134, -3927864.973299998790026 ], [ -7645096.107300000265241, -3927867.837799999862909 ], [ -7645099.963300000876188, -3927870.686999998986721 ], [ -7645103.80519999936223, -3927873.551199998706579 ], [ -7645107.606899999082088, -3927876.461100000888109 ], [ -7645111.341700000688434, -3927879.4474 ], [ -7645114.983200000599027, -3927882.540100000798702 ], [ -7645118.546299999579787, -3927885.731899999082088 ], [ -7645122.108200000599027, -3927888.950599998235703 ], [ -7645125.653400000184774, -3927892.203200001269579 ], [ -7645129.162499999627471, -3927895.500100001692772 ], [ -7645132.6162, -3927898.851599998772144 ], [ -7645135.994899999350309, -3927902.268300000578165 ], [ -7645139.278999999165535, -3927905.760800000280142 ], [ -7645142.449400000274181, -3927909.339400000870228 ], [ -7645145.486500000581145, -3927913.014600001275539 ], [ -7645148.385700000450015, -3927916.793699998408556 ], [ -7645151.185900000855327, -3927920.667399998754263 ], [ -7645153.892400000244379, -3927924.6261 ], [ -7645156.50760000012815, -3927928.660500001162291 ], [ -7645158.602700000628829, -3927933.375599998980761 ], [ -7642727.876900000497699, -3926211.266800001263618 ], [ -7641378.364399999380112, -3925924.958500001579523 ], [ -7640335.38880000077188, -3925434.663699999451637 ], [ -7639522.3355, -3924791.4695999994874 ], [ -7638682.879200000315905, -3924429.862799998372793 ], [ -7636695.512000000104308, -3924473.617800001055002 ], [ -7635930.110600000247359, -3924752.378100000321865 ], [ -7633453.699899999424815, -3925997.455800000578165 ], [ -7631819.952600000426173, -3926707.825199998915195 ], [ -7631248.9956, -3926907.645199999213219 ], [ -7630913.900900000706315, -3925581.647399999201298 ], [ -7630409.939799999818206, -3925703.165800001472235 ], [ -7629906.055299999192357, -3925802.154199998825788 ], [ -7629026.937899999320507, -3922371.598499998450279 ], [ -7628983.106499999761581, -3922030.133900001645088 ], [ -7629222.897399999201298, -3921993.569299999624491 ], [ -7629480.825899999588728, -3921837.328099999576807 ], [ -7629738.649000000208616, -3921703.560400001704693 ], [ -7630085.780999999493361, -3921603.922600001096725 ], [ -7630511.3531, -3921470.878400001674891 ], [ -7630645.799799999222159, -3921415.248500000685453 ], [ -7631305.7631, -3921384.379099998623133 ], [ -7631336.736999999731779, -3921385.311500001698732 ] ] ] } },
{ "type": "Feature", "properties": { "fid": 129, "departamen": "RIVADAVIA", "codigo_dep": "10", "distrito": "LA LIBERTAD", "codigo_dis": "07", "globalid": "{3C8567A9-5334-4ED1-B6D3-2B5B8860E1A4}", "created_date": 1739199530000, "created_user": "ugdt_admin", "last_edited_date": 1739199530000, "last_edited_user": "ugdt_admin", "shape_Length": 31035.941640664038, "shape_Area": 48322142.139104433 }, "geometry": { "type": "Polygon", "coordinates": [ [ [ -7626309.75620000064373, -3922645.043800000101328 ], [ -7626693.545700000599027, -3922364.221599999815226 ], [ -7626984.906600000336766, -3922241.906399998813868 ], [ -7627376.770500000566244, -3922153.793800000101328 ], [ -7627824.291300000622869, -3922122.133000001311302 ], [ -7628506.976399999111891, -3922024.067200001329184 ], [ -7628864.761399999260902, -3922048.177799999713898 ], [ -7628983.106499999761581, -3922030.133900001645088 ], [ -7629026.937899999320507, -3922371.598499998450279 ], [ -7629906.055299999192357, -3925802.154199998825788 ], [ -7630409.939799999818206, -3925703.165800001472235 ], [ -7630913.900900000706315, -3925581.647399999201298 ], [ -7631248.9956, -3926907.645199999213219 ], [ -7630952.268500000238419, -3927011.479299999773502 ], [ -7630313.9824, -3927290.47749999910593 ], [ -7629673.75929999910295, -3928004.94310000166297 ], [ -7627963.990499999374151, -3928509.585999999195337 ], [ -7627169.209300000220537, -3929530.71229999884963 ], [ -7625503.1283, -3931495.843100000172853 ], [ -7624725.154699999839067, -3932270.383699998259544 ], [ -7624052.545099999755621, -3929737.433200001716614 ], [ -7622618.932900000363588, -3924429.569200001657009 ], [ -7622420.987999999895692, -3923761.576400000602007 ], [ -7622513.085699999704957, -3923756.284800000488758 ], [ -7622731.685900000855327, -3923656.211399998515844 ], [ -7623000.428999999538064, -3923590.108199998736382 ], [ -7623135.217700000852346, -3923472.728500001132488 ], [ -7623286.7906, -3923355.444200001657009 ], [ -7623523.053899999707937, -3923069.942200001329184 ], [ -7623909.531199999153614, -3922936.954100001603365 ], [ -7624195.037599999457598, -3922870.90989999845624 ], [ -7624529.137599999085069, -3923159.223700001835823 ], [ -7624780.44649999961257, -3923227.903000000864267 ], [ -7625217.07799999974668, -3923128.846000000834465 ], [ -7625536.372099999338388, -3923012.332499999552965 ], [ -7625788.310599999502301, -3922946.08729999884963 ], [ -7626309.75620000064373, -3922645.043800000101328 ] ] ] } },
{ "type": "Feature", "properties": { "fid": 130, "departamen": "RIVADAVIA", "codigo_dep": "10", "distrito": "LA CENTRAL", "codigo_dis": "03", "globalid": "{4E0C5C2F-E305-4A76-B5E1-18C9A97F8D57}", "created_date": 1739199530000, "created_user": "ugdt_admin", "last_edited_date": 1739199530000, "last_edited_user": "ugdt_admin", "shape_Length": 42782.896109694368, "shape_Area": 101001366.5723035 }, "geometry": { "type": "Polygon", "coordinates": [ [ [ -7611800.9638, -3923088.678100001066923 ], [ -7612180.567900000140071, -3923970.084899999201298 ], [ -7612544.011600000783801, -3924893.648400001227856 ], [ -7612564.25870000012219, -3924954.4243 ], [ -7612697.811699999496341, -3925355.300200000405312 ], [ -7612997.2182, -3925772.855700001120567 ], [ -7613750.526900000870228, -3928878.331399999558926 ], [ -7612009.792400000616908, -3930138.3585 ], [ -7611048.7522, -3930375.563799999654293 ], [ -7611649.788699999451637, -3932740.334100000560284 ], [ -7611630.19400000013411, -3932745.155799999833107 ], [ -7607057.705700000748038, -3933869.384700000286102 ], [ -7601634.32179999910295, -3935213.649900000542402 ], [ -7601629.990000000223517, -3928360.052700001746416 ], [ -7601645.149399999529123, -3927097.594999998807907 ], [ -7601639.466900000348687, -3926932.200399998575449 ], [ -7601619.29079999960959, -3926275.258299998939037 ], [ -7601874.689600000157952, -3926279.01410000026226 ], [ -7605996.943, -3925219.331500001251698 ], [ -7606091.305400000885129, -3925197.027800001204014 ], [ -7606135.034199999645352, -3925156.278499998152256 ], [ -7606545.037100000306964, -3924530.857799999415874 ], [ -7607891.908700000494719, -3924007.152499999850988 ], [ -7607772.998700000345707, -3923643.026000000536442 ], [ -7609198.475700000301003, -3923459.420899998396635 ], [ -7609252.4923, -3923451.804000001400709 ], [ -7609425.030500000342727, -3923952.5669 ], [ -7609456.0767, -3923941.865699999034405 ], [ -7610707.45920000039041, -3923510.452599998563528 ], [ -7611562.381100000813603, -3923218.33729999884963 ], [ -7611684.095200000330806, -3923176.743700001388788 ], [ -7611800.9638, -3923088.678100001066923 ] ] ] } },
{ "type": "Feature", "properties": { "fid": 131, "departamen": "RIVADAVIA", "codigo_dep": "10", "distrito": "EL MIRADOR", "codigo_dis": "06", "globalid": "{F6A20E10-EA1F-4F0F-BAC5-368B183EB893}", "created_date": 1739199530000, "created_user": "ugdt_admin", "last_edited_date": 1739199530000, "last_edited_user": "ugdt_admin", "shape_Length": 42329.713022616415, "shape_Area": 113812449.76789545 }, "geometry": { "type": "Polygon", "coordinates": [ [ [ -7611630.19400000013411, -3932745.155799999833107 ], [ -7613298.708000000566244, -3939449.088899999856949 ], [ -7613380.244799999520183, -3939827.096900001168251 ], [ -7611769.022700000554323, -3940739.95719999819994 ], [ -7611513.905999999493361, -3940738.420899998396635 ], [ -7609124.866900000721216, -3945224.199400000274181 ], [ -7601630.668800000101328, -3945268.448899999260902 ], [ -7601636.702299999073148, -3939021.963799998164177 ], [ -7601634.32179999910295, -3935213.649900000542402 ], [ -7607057.705700000748038, -3933869.384700000286102 ], [ -7611630.19400000013411, -3932745.155799999833107 ] ] ] } },
{ "type": "Feature", "properties": { "fid": 142, "departamen": "RIVADAVIA", "codigo_dep": "10", "distrito": "SAN ISIDRO", "codigo_dis": "17", "globalid": "{B8C16714-20B7-486A-9DC3-D34ED3093806}", "created_date": 1739199530000, "created_user": "ugdt_admin", "last_edited_date": 1739199530000, "last_edited_user": "ugdt_admin", "shape_Length": 179942.20544138431, "shape_Area": 1473675030.8189313 }, "geometry": { "type": "Polygon", "coordinates": [ [ [ -7660489.275499999523163, -3949737.361699998378754 ], [ -7660852.399599999189377, -3949918.992800001055002 ], [ -7661288.215500000864267, -3949460.253199998289347 ], [ -7661521.2072, -3949813.774399999529123 ], [ -7662209.161599999293685, -3949794.704599998891354 ], [ -7662269.942099999636412, -3949333.30290000140667 ], [ -7662942.757099999114871, -3949735.894799999892712 ], [ -7663049.957699999213219, -3950004.875199999660254 ], [ -7663196.231499999761581, -3950106.094399999827147 ], [ -7663492.341399999335408, -3949753.63120000064373 ], [ -7664311.096300000324845, -3950406.156899999827147 ], [ -7664666.873299999162555, -3950846.529100000858307 ], [ -7664841.311000000685453, -3951312.125599998980761 ], [ -7665165.918600000441074, -3951153.812699999660254 ], [ -7666212.54450000077486, -3952116.527399998158216 ], [ -7666709.363299999386072, -3952794.930500000715256 ], [ -7666996.011099999770522, -3953100.665100000798702 ], [ -7667311.267799999564886, -3953196.175500001758337 ], [ -7667225.329299999400973, -3953511.525299999862909 ], [ -7667244.364900000393391, -3953836.35530000180006 ], [ -7667183.470599999651313, -3953942.575199998915195 ], [ -7667106.212899999693036, -3954066.497400000691414 ], [ -7666879.125600000843406, -3954446.020100001245737 ], [ -7667225.329299999400973, -3954476.437399998307228 ], [ -7668177.9978, -3956071.040199998766184 ], [ -7669674.798900000751019, -3956393.479299999773502 ], [ -7670647.397700000554323, -3956376.933699999004602 ], [ -7671027.999099999666214, -3956793.114399999380112 ], [ -7671579.364800000563264, -3957233.3293999992311 ], [ -7672102.344000000506639, -3957535.311299998313189 ], [ -7672287.690999999642372, -3957532.24210000038147 ], [ -7672491.850999999791384, -3957787.391600001603365 ], [ -7673149.192800000309944, -3957633.927700001746416 ], [ -7673547.71680000051856, -3957983.294700000435114 ], [ -7673757.554199999198318, -3958023.463199999183416 ], [ -7673899.709100000560284, -3958701.679099999368191 ], [ -7674400.4244, -3958641.489500001072884 ], [ -7674773.986600000411272, -3958538.628899998962879 ], [ -7674945.556099999696016, -3958492.151200000196695 ], [ -7674948.116499999538064, -3958780.686799999326468 ], [ -7675031.874099999666214, -3958791.736600000411272 ], [ -7675671.5822, -3958876.110500000417233 ], [ -7676216.157299999147654, -3959258.213899999856949 ], [ -7676521.951999999582767, -3959697.722100000828505 ], [ -7676923.259099999442697, -3960041.679200001060963 ], [ -7677429.651599999517202, -3960204.118099998682737 ], [ -7677746.578299999237061, -3960744.03999999910593 ], [ -7677922.713500000536442, -3961105.350299999117851 ], [ -7678132.472400000318885, -3961164.721799999475479 ], [ -7678186.453099999576807, -3961242.28940000012517 ], [ -7678237.162900000810623, -3961302.686900001019239 ], [ -7678671.7544, -3961238.612700000405312 ], [ -7678881.925699999555945, -3961420.157299999147654 ], [ -7679008.162100000306964, -3961865.087400000542402 ], [ -7679359.70920000039041, -3961926.495299998670816 ], [ -7679482.606100000441074, -3962355.424800001084805 ], [ -7679663.834300000220537, -3962847.117899999022484 ], [ -7679616.8575, -3963301.715700000524521 ], [ -7679430.95380000025034, -3963616.006299998611212 ], [ -7679635.3366, -3964232.328600000590086 ], [ -7679640.011900000274181, -3964382.008099999278784 ], [ -7679421.380400000140071, -3964552.386100001633167 ], [ -7679321.192700000479817, -3965490.444200001657009 ], [ -7679487.726700000464916, -3965552.672600001096725 ], [ -7679497.300200000405312, -3965720.129900000989437 ], [ -7679610.401000000536442, -3965965.711599998176098 ], [ -7679516.224500000476837, -3966221.581500001251698 ], [ -7679534.57909999974072, -3966256.082899998873472 ], [ -7679709.475299999117851, -3966584.83049999922514 ], [ -7679662.05320000089705, -3966890.662799999117851 ], [ -7679809.885600000619888, -3966940.0777000002563 ], [ -7679876.454600000753999, -3967061.211399998515844 ], [ -7679902.392100000753999, -3967232.430300001055002 ], [ -7679928.329500000923872, -3967379.7445 ], [ -7680089.965500000864267, -3967269.826200000941753 ], [ -7680206.874600000679493, -3967314.776700001209974 ], [ -7680251.490199999883771, -3967331.930500000715256 ], [ -7680350.898600000888109, -3967451.065099999308586 ], [ -7680455.2051, -3967422.082699999213219 ], [ -7680519.389799999073148, -3967336.117199998348951 ], [ -7680534.989099999889731, -3967315.22410000115633 ], [ -7680549.937999999150634, -3967295.202199999243021 ], [ -7680697.10249999910593, -3967268.624200001358986 ], [ -7680908.721000000834465, -3967539.615299999713898 ], [ -7680947.870500000193715, -3967543.083099998533726 ], [ -7680922.716399999335408, -3967551.408300001174212 ], [ -7680996.526699999347329, -3967700.88060000166297 ], [ -7681054.416300000622869, -3967770.675200000405312 ], [ -7681123.884999999776483, -3967859.869300000369549 ], [ -7681193.366399999707937, -3967980.071699999272823 ], [ -7681301.432, -3968053.75620000064373 ], [ -7681363.184800000861287, -3968123.551100000739098 ], [ -7681432.670199999585748, -3968228.2566 ], [ -7681428.8125, -3968313.563999999314547 ], [ -7681446.185000000521541, -3968497.089600000530481 ], [ -7681477.064500000327826, -3968597.969200000166893 ], [ -7681554.262299999594688, -3968737.661899998784065 ], [ -7681560.153999999165535, -3968850.129200000315905 ], [ -7681561.9868, -3968885.113800000399351 ], [ -7681523.392300000414252, -3968986.010600000619888 ], [ -7681500.236700000241399, -3969094.663600001484156 ], [ -7681515.678400000557303, -3969180.037200000137091 ], [ -7681531.120500000193715, -3969265.411100000143051 ], [ -7681507.964500000700355, -3969381.822700001299381 ], [ -7681484.8092, -3969537.0515 ], [ -7681507.972699999809265, -3969661.232700001448393 ], [ -7681585.188300000503659, -3969754.364500001072884 ], [ -7681600.6316, -3969839.742499999701977 ], [ -7681562.027499999850988, -3970095.871599998325109 ], [ -7681569.754000000655651, -3970274.390700001269579 ], [ -7681600.653799999505281, -3970437.386599998921156 ], [ -7681654.7028, -3970561.575899999588728 ], [ -7681677.868599999696016, -3970654.7162000015378 ], [ -7681716.477099999785423, -3970763.382399998605251 ], [ -7681662.435200000181794, -3970841.013799998909235 ], [ -7681493.854800000786781, -3971078.739900000393391 ], [ -7681362.588400000706315, -3971202.940600000321865 ], [ -7681208.167600000277162, -3971311.614799998700619 ], [ -7681169.550100000575185, -3971428.046 ], [ -7681169.550100000575185, -3971505.679499998688698 ], [ -7681115.500600000843406, -3971637.6393 ], [ -7681092.335999999195337, -3971715.261900000274181 ], [ -7681100.057, -3971792.89750000089407 ], [ -7681123.221000000834465, -3971870.52140000090003 ], [ -7681138.663599999621511, -3972018.0132 ], [ -7681153.039300000295043, -3972234.869300000369549 ], [ -7680965.409700000658631, -3972313.644299998879433 ], [ -7673210.780899999663234, -3975566.219700001180172 ], [ -7632487.935200000181794, -3993054.863400001078844 ], [ -7635797.768799999728799, -3960771.695500001311302 ], [ -7635661.000700000673532, -3960756.456999998539686 ], [ -7646767.147700000554323, -3938862.054000001400709 ], [ -7648654.728199999779463, -3933353.605500001460314 ], [ -7648755.022299999371171, -3933370.699400000274181 ], [ -7648838.155600000172853, -3933406.783599998801947 ], [ -7649004.597400000318885, -3933407.247999999672174 ], [ -7649111.414200000464916, -3933479.259799998253584 ], [ -7649194.373800000175834, -3933575.122400000691414 ], [ -7649253.291899999603629, -3933766.529100000858307 ], [ -7649253.063200000673532, -3933850.192400000989437 ], [ -7649252.899700000882149, -3933909.962799999862909 ], [ -7649311.93019999936223, -3934065.521499998867512 ], [ -7649311.669199999421835, -3934161.146200001239777 ], [ -7649347.147299999371171, -3934232.963500000536442 ], [ -7649453.961799999698997, -3934304.977299999445677 ], [ -7649632.17850000038743, -3934353.2787000015378 ], [ -7649715.321599999442697, -3934389.371599998325109 ], [ -7649774.573799999430776, -3934461.253899998962879 ], [ -7649893.44480000063777, -3934473.523699998855591 ], [ -7649917.003699999302626, -3934557.2685999982059 ], [ -7649880.988399999216199, -3934688.667899999767542 ], [ -7649915.915400000289083, -3934963.6963 ], [ -7649903.607200000435114, -3935119.072799999266863 ], [ -7649903.543099999427795, -3935142.980999998748302 ], [ -7649903.511099999770522, -3935154.941300000995398 ], [ -7650072.009500000625849, -3935720.675500001758337 ], [ -7650519.443600000813603, -3936398.878400001674891 ], [ -7650891.75730000063777, -3937189.755199998617172 ], [ -7650739.16330000013113, -3938280.257399998605251 ], [ -7650737.29839999973774, -3938995.028799999505281 ], [ -7650773.371300000697374, -3939521.834600001573563 ], [ -7651070.706199999898672, -3940387.971200000494719 ], [ -7651218.960999999195337, -3940990.3871 ], [ -7651479.965099999681115, -3941442.601399999111891 ], [ -7651966.003599999472499, -3941782.505199998617172 ], [ -7652526.797499999403954, -3942197.848900001496077 ], [ -7653087.256799999624491, -3942763.715599998831749 ], [ -7653968.466700000688434, -3942934.581999998539686 ], [ -7654068.325400000438094, -3943050.97859999909997 ], [ -7654114.215600000694394, -3943190.47690000012517 ], [ -7654198.5954, -3943345.544199999421835 ], [ -7654252.208799999207258, -3943477.324700001627207 ], [ -7654282.822499999776483, -3943562.583299998193979 ], [ -7654282.6081000007689, -3943655.509700000286102 ], [ -7654243.718800000846386, -3943818.045800000429153 ], [ -7654228.18779999949038, -3943872.219000000506639 ], [ -7654243.503900000825524, -3943910.97410000115633 ], [ -7654281.093299999833107, -3943835.831900000572205 ], [ -7654282.197000000625849, -3943833.625599998980761 ], [ -7654374.535900000482798, -3943880.2989999987185 ], [ -7654497.621799999848008, -3943950.284299999475479 ], [ -7654597.559499999508262, -3944043.445099998265505 ], [ -7654605.8311, -3944128.578899998217821 ], [ -7654612.612299999222159, -3944198.372600000351667 ], [ -7654666.3224, -3944291.427999999374151 ], [ -7654719.9221, -3944438.707699999213219 ], [ -7654735.135199999436736, -3944523.925000000745058 ], [ -7654750.348500000312924, -3944609.154800001531839 ], [ -7654766.575099999085069, -3944670.899700000882149 ], [ -7654780.898600000888109, -3944725.402800001204014 ], [ -7654842.245899999514222, -3944849.461899999529123 ], [ -7654895.943199999630451, -3944950.261300001293421 ], [ -7654926.490199999883771, -3945074.2522 ], [ -7654972.398399999365211, -3945213.771000001579523 ], [ -7654987.64919999986887, -3945283.513599999248981 ], [ -7654987.422800000756979, -3945384.205699998885393 ], [ -7654979.579700000584126, -3945446.144600000232458 ], [ -7654971.80599999986589, -3945477.111600000411272 ], [ -7655002.5, -3945531.398299999535084 ], [ -7655133.375099999830127, -3945578.159800000488758 ], [ -7655155.857200000435114, -3945686.739700000733137 ], [ -7655163.862299999222159, -3945725.401399999856949 ], [ -7655197.869599999859929, -3945844.852299999445677 ], [ -7655220.947699999436736, -3945860.396999999880791 ], [ -7655290.417500000447035, -3945806.334600001573563 ], [ -7655305.894500000402331, -3945775.38399999961257 ], [ -7655375.265799999237061, -3945760.058800000697374 ], [ -7655406.133600000292063, -3945736.882800001651049 ], [ -7655459.9543999992311, -3945791.2212999984622 ], [ -7655552.216299999505281, -3945876.630800001323223 ], [ -7655582.914000000804663, -3945930.917899999767542 ], [ -7655636.758400000631809, -3945969.7635000012815 ], [ -7655713.728199999779463, -3946008.660300001502037 ], [ -7655806.044299999251962, -3946070.835799999535084 ], [ -7656090.94400000013411, -3946156.665300000458956 ], [ -7656198.738600000739098, -3946187.8739 ], [ -7656252.54869999922812, -3946249.963300000876188 ], [ -7656329.477299999445677, -3946304.350099999457598 ], [ -7656491.069399999454618, -3946405.398499999195337 ], [ -7656583.360200000926852, -3946483.051600001752377 ], [ -7656614.145899999886751, -3946498.610800001770258 ], [ -7656729.612999999895692, -3946553.078200001269579 ], [ -7656798.873400000855327, -3946591.953099999576807 ], [ -7656860.441800000146031, -3946630.811599999666214 ], [ -7656968.0658, -3946747.236299999058247 ], [ -7657067.886800000444055, -3946917.856199998408556 ], [ -7657044.531500000506639, -3947034.008299998939037 ], [ -7657059.7489, -3947126.99439999833703 ], [ -7657090.520899999886751, -3947150.29450000077486 ], [ -7657182.965199999511242, -3947158.240499999374151 ], [ -7657229.079900000244379, -3947220.302700001746416 ], [ -7657259.74100000038743, -3947297.827500000596046 ], [ -7657351.996500000357628, -3947398.728399999439716 ], [ -7657428.886600000783801, -3947484.102800000458956 ], [ -7657505.797399999573827, -3947553.982500001788139 ], [ -7657598.0099, -3947678.120400000363588 ], [ -7657698.035499999299645, -3947755.788800001144409 ], [ -7657713.337200000882149, -3947810.047499999403954 ], [ -7657728.638900000602007, -3947864.306600000709295 ], [ -7657774.653799999505281, -3947972.856699999421835 ], [ -7657782.1570999994874, -3948073.587499998509884 ], [ -7657812.80519999936223, -3948166.612399999052286 ], [ -7657912.793500000610948, -3948259.778000000864267 ], [ -7658066.859200000762939, -3948291.079999998211861 ], [ -7658182.384700000286102, -3948322.302999999374151 ], [ -7658328.852600000798702, -3948299.344399999827147 ], [ -7658459.878000000491738, -3948291.8614999987185 ], [ -7658483.070900000631809, -3948253.173099998384714 ], [ -7658714.360300000756979, -3948199.396699998527765 ], [ -7658791.548599999397993, -3948137.5636 ], [ -7658830.131899999454618, -3948110.521800000220537 ], [ -7658868.709300000220537, -3948083.484000001102686 ], [ -7658992.100199999287724, -3948037.247099999338388 ], [ -7659084.597100000828505, -3948021.929200001060963 ], [ -7659167.089400000870228, -3947809.482599999755621 ], [ -7660221.774800000712276, -3948753.243099998682737 ], [ -7660489.275499999523163, -3949737.361699998378754 ] ] ] } }
]
}
